time,iso,open,high,low,close,tick_volume,spread
1750629600,2025-06-22T22:00:00+00:00,3383.61,3388.92,3372.65,3379.05,6261,17
1750633200,2025-06-22T23:00:00+00:00,3379.05,3380.52,3371.29,3372.73,4345,17
1750636800,2025-06-23T00:00:00+00:00,3372.73,3373.59,3359.23,3365.6,7518,17
1750640400,2025-06-23T01:00:00+00:00,3365.6,3368.07,3351.84,3355.16,8575,17
1750644000,2025-06-23T02:00:00+00:00,3355.16,3364.84,3354.77,3361.49,5931,17
1750647600,2025-06-23T03:00:00+00:00,3361.47,3366.33,3360.38,3363.33,5018,17
1750651200,2025-06-23T04:00:00+00:00,3363.33,3364.94,3356.79,3358.46,3269,17
1750654800,2025-06-23T05:00:00+00:00,3358.46,3360.58,3346.98,3356.76,6365,17
1750658400,2025-06-23T06:00:00+00:00,3356.83,3359.84,3352.6,3357.59,5675,17
1750662000,2025-06-23T07:00:00+00:00,3357.59,3358.76,3351.62,3357.53,5509,17
1750665600,2025-06-23T08:00:00+00:00,3357.53,3362.3,3357.53,3361.84,5147,17
1750669200,2025-06-23T09:00:00+00:00,3361.84,3369.01,3361.61,3366.52,5626,17
1750672800,2025-06-23T10:00:00+00:00,3366.52,3368.2,3363.93,3367.72,3951,17
1750676400,2025-06-23T11:00:00+00:00,3367.82,3382.0,3367.82,3380.66,7112,17
1750680000,2025-06-23T12:00:00+00:00,3380.72,3381.01,3355.89,3360.37,8261,17
1750683600,2025-06-23T13:00:00+00:00,3360.44,3387.74,3359.87,3380.54,10743,17
1750687200,2025-06-23T14:00:00+00:00,3380.58,3386.69,3369.92,3386.43,11395,17
1750690800,2025-06-23T15:00:00+00:00,3386.43,3389.81,3384.52,3387.13,6761,17
1750694400,2025-06-23T16:00:00+00:00,3387.13,3393.5,3380.45,3389.82,8484,17
1750698000,2025-06-23T17:00:00+00:00,3389.82,3391.45,3375.51,3382.46,8723,17
1750701600,2025-06-23T18:00:00+00:00,3382.52,3387.84,3376.82,3378.62,6222,17
1750705200,2025-06-23T19:00:00+00:00,3378.55,3382.06,3375.56,3376.38,5518,17
1750708800,2025-06-23T20:00:00+00:00,3376.2,3377.27,3367.13,3368.99,3219,17
1750716000,2025-06-23T22:00:00+00:00,3368.89,3368.89,3350.38,3355.37,4836,17
1750719600,2025-06-23T23:00:00+00:00,3355.37,3357.37,3342.64,3344.17,5879,17
1750723200,2025-06-24T00:00:00+00:00,3344.24,3355.2,3333.11,3351.03,8321,17
1750726800,2025-06-24T01:00:00+00:00,3351.08,3354.31,3342.12,3347.7,8354,17
1750730400,2025-06-24T02:00:00+00:00,3347.7,3352.79,3345.87,3351.85,6010,17
1750734000,2025-06-24T03:00:00+00:00,3351.85,3357.82,3351.55,3352.43,4672,17
1750737600,2025-06-24T04:00:00+00:00,3352.43,3353.29,3347.03,3348.53,3703,17
1750741200,2025-06-24T05:00:00+00:00,3348.53,3348.72,3326.67,3332.01,7923,17
1750744800,2025-06-24T06:00:00+00:00,3332.01,3333.12,3316.03,3322.77,9811,17
1750748400,2025-06-24T07:00:00+00:00,3322.72,3331.66,3316.54,3329.7,8489,17
1750752000,2025-06-24T08:00:00+00:00,3329.61,3332.36,3324.63,3327.34,5974,17
1750755600,2025-06-24T09:00:00+00:00,3327.34,3328.72,3317.91,3318.57,5552,17
1750759200,2025-06-24T10:00:00+00:00,3318.57,3327.64,3318.51,3325.58,4545,17
1750762800,2025-06-24T11:00:00+00:00,3325.58,3328.91,3317.88,3321.14,5611,17
1750766400,2025-06-24T12:00:00+00:00,3321.14,3321.14,3304.56,3314.74,11866,12
1750770000,2025-06-24T13:00:00+00:00,3314.74,3317.96,3295.49,3302.07,13352,12
1750773600,2025-06-24T14:00:00+00:00,3302.08,3310.32,3299.23,3304.61,12088,12
1750777200,2025-06-24T15:00:00+00:00,3304.61,3317.11,3299.79,3313.24,9975,12
1750780800,2025-06-24T16:00:00+00:00,3313.24,3320.36,3311.32,3318.39,6580,12
1750784400,2025-06-24T17:00:00+00:00,3318.39,3321.24,3317.94,3318.01,6095,12
1750788000,2025-06-24T18:00:00+00:00,3318.01,3319.0,3315.76,3317.19,5033,12
1750791600,2025-06-24T19:00:00+00:00,3317.19,3325.23,3316.03,3323.62,5427,12
1750795200,2025-06-24T20:00:00+00:00,3323.61,3324.46,3321.57,3323.05,2767,12
1750802400,2025-06-24T22:00:00+00:00,3324.6,3324.6,3320.89,3321.52,2012,12
1750806000,2025-06-24T23:00:00+00:00,3321.52,3324.84,3321.52,3324.17,2410,12
1750809600,2025-06-25T00:00:00+00:00,3324.17,3330.05,3323.62,3326.96,5867,12
1750813200,2025-06-25T01:00:00+00:00,3326.96,3334.9,3326.4,3334.69,7280,12
1750816800,2025-06-25T02:00:00+00:00,3334.71,3335.23,3327.84,3329.44,5907,12
1750820400,2025-06-25T03:00:00+00:00,3329.44,3332.05,3327.24,3328.38,4515,12
1750824000,2025-06-25T04:00:00+00:00,3328.37,3329.32,3325.83,3327.51,3211,12
1750827600,2025-06-25T05:00:00+00:00,3327.57,3333.73,3326.78,3331.64,4941,12
1750831200,2025-06-25T06:00:00+00:00,3331.64,3333.42,3329.09,3331.52,5683,12
1750834800,2025-06-25T07:00:00+00:00,3331.75,3337.11,3326.77,3330.63,7098,12
1750838400,2025-06-25T08:00:00+00:00,3330.63,3332.39,3326.55,3327.33,6803,12
1750842000,2025-06-25T09:00:00+00:00,3327.33,3327.33,3321.42,3325.32,6097,12
1750845600,2025-06-25T10:00:00+00:00,3325.32,3329.52,3324.16,3324.52,5891,12
1750849200,2025-06-25T11:00:00+00:00,3324.47,3329.54,3322.16,3322.64,6989,12
1750852800,2025-06-25T12:00:00+00:00,3322.64,3329.49,3318.2,3320.69,7885,12
1750856400,2025-06-25T13:00:00+00:00,3320.69,3321.63,3311.98,3314.59,9903,12
1750860000,2025-06-25T14:00:00+00:00,3314.59,3326.29,3312.31,3323.47,9802,12
1750863600,2025-06-25T15:00:00+00:00,3323.44,3327.18,3321.68,3325.62,6793,12
1750867200,2025-06-25T16:00:00+00:00,3325.62,3335.14,3324.18,3334.79,6653,12
1750870800,2025-06-25T17:00:00+00:00,3334.79,3335.37,3324.8,3327.98,7483,12
1750874400,2025-06-25T18:00:00+00:00,3327.98,3331.79,3326.27,3331.64,5581,12
1750878000,2025-06-25T19:00:00+00:00,3331.64,3336.13,3330.45,3333.67,5663,12
1750881600,2025-06-25T20:00:00+00:00,3333.68,3335.66,3331.38,3332.22,3172,12
1750888800,2025-06-25T22:00:00+00:00,3335.05,3335.39,3331.32,3333.23,2280,12
1750892400,2025-06-25T23:00:00+00:00,3333.23,3340.21,3332.85,3339.02,4151,12
1750896000,2025-06-26T00:00:00+00:00,3339.02,3339.33,3332.13,3334.0,5463,12
1750899600,2025-06-26T01:00:00+00:00,3334.01,3336.82,3329.38,3330.19,7088,12
1750903200,2025-06-26T02:00:00+00:00,3330.17,3341.82,3329.26,3339.53,6092,12
1750906800,2025-06-26T03:00:00+00:00,3339.53,3343.15,3336.37,3337.99,4883,12
1750910400,2025-06-26T04:00:00+00:00,3337.98,3338.09,3333.38,3333.97,4037,12
1750914000,2025-06-26T05:00:00+00:00,3333.97,3338.27,3332.43,3334.15,5284,12
1750917600,2025-06-26T06:00:00+00:00,3334.15,3340.44,3331.06,3339.77,7160,12
1750921200,2025-06-26T07:00:00+00:00,3339.83,3347.2,3339.68,3346.12,7162,12
1750924800,2025-06-26T08:00:00+00:00,3346.12,3350.34,3344.41,3348.23,7362,12
1750928400,2025-06-26T09:00:00+00:00,3348.18,3348.78,3338.77,3340.58,8325,12
1750932000,2025-06-26T10:00:00+00:00,3340.59,3343.47,3337.99,3343.3,4974,12
1750935600,2025-06-26T11:00:00+00:00,3343.3,3344.11,3331.57,3332.94,7126,12
1750939200,2025-06-26T12:00:00+00:00,3332.94,3344.07,3321.66,3322.03,10606,12
1750942800,2025-06-26T13:00:00+00:00,3322.09,3328.69,3309.95,3319.88,14922,12
1750946400,2025-06-26T14:00:00+00:00,3319.88,3323.85,3312.01,3318.35,12375,12
1750950000,2025-06-26T15:00:00+00:00,3318.34,3324.96,3318.34,3324.85,7971,12
1750953600,2025-06-26T16:00:00+00:00,3324.85,3333.3,3323.8,3331.37,7407,12
1750957200,2025-06-26T17:00:00+00:00,3331.35,3336.45,3331.24,3332.72,6836,12
1750960800,2025-06-26T18:00:00+00:00,3332.75,3334.84,3331.31,3334.11,4977,12
1750964400,2025-06-26T19:00:00+00:00,3334.11,3334.33,3328.33,3331.33,4923,12
1750968000,2025-06-26T20:00:00+00:00,3331.34,3332.37,3327.78,3327.85,2577,12
1750975200,2025-06-26T22:00:00+00:00,3327.2,3327.39,3318.89,3321.49,3054,12
1750978800,2025-06-26T23:00:00+00:00,3321.49,3323.7,3316.3,3318.77,3682,12
1750982400,2025-06-27T00:00:00+00:00,3318.77,3319.96,3313.25,3318.84,6120,12
1750986000,2025-06-27T01:00:00+00:00,3318.84,3322.05,3314.91,3316.51,7720,12
1750989600,2025-06-27T02:00:00+00:00,3316.51,3320.38,3308.58,3308.88,7068,12
1750993200,2025-06-27T03:00:00+00:00,3308.87,3311.0,3292.6,3294.36,8986,12
1750996800,2025-06-27T04:00:00+00:00,3294.36,3297.6,3291.06,3293.96,5513,12
1751000400,2025-06-27T05:00:00+00:00,3293.96,3300.96,3289.34,3297.23,7457,12
1751004000,2025-06-27T06:00:00+00:00,3297.42,3299.92,3286.91,3294.92,9300,12
1751007600,2025-06-27T07:00:00+00:00,3294.94,3295.35,3283.62,3284.42,9032,12
1751011200,2025-06-27T08:00:00+00:00,3284.42,3291.1,3281.88,3289.47,8710,12
1751014800,2025-06-27T09:00:00+00:00,3289.46,3289.84,3282.17,3282.78,7861,12
1751018400,2025-06-27T10:00:00+00:00,3282.78,3290.93,3279.73,3285.68,7323,12
1751022000,2025-06-27T11:00:00+00:00,3285.68,3287.97,3276.08,3281.4,7991,12
1751025600,2025-06-27T12:00:00+00:00,3281.36,3282.32,3269.55,3270.09,11904,12
1751029200,2025-06-27T13:00:00+00:00,3270.17,3274.51,3256.06,3274.24,14642,12
1751032800,2025-06-27T14:00:00+00:00,3274.26,3278.06,3263.68,3272.46,12916,12
1751036400,2025-06-27T15:00:00+00:00,3272.45,3277.5,3270.99,3274.6,9194,12
1751040000,2025-06-27T16:00:00+00:00,3274.59,3278.6,3273.4,3277.63,6825,12
1751043600,2025-06-27T17:00:00+00:00,3277.63,3282.82,3272.75,3277.39,7682,12
1751047200,2025-06-27T18:00:00+00:00,3277.42,3278.38,3270.53,3275.82,7512,12
1751050800,2025-06-27T19:00:00+00:00,3275.81,3276.56,3268.4,3270.61,6660,12
1751054400,2025-06-27T20:00:00+00:00,3270.61,3275.49,3270.36,3273.46,2605,12
1751234400,2025-06-29T22:00:00+00:00,3272.35,3274.2,3247.87,3263.78,7055,12
1751238000,2025-06-29T23:00:00+00:00,3263.78,3270.82,3262.91,3263.91,5463,12
1751241600,2025-06-30T00:00:00+00:00,3263.83,3269.65,3262.73,3264.65,6012,12
1751245200,2025-06-30T01:00:00+00:00,3264.6,3275.89,3259.47,3273.92,8895,12
1751248800,2025-06-30T02:00:00+00:00,3273.92,3283.31,3273.68,3280.3,6828,12
1751252400,2025-06-30T03:00:00+00:00,3280.29,3282.84,3277.96,3279.05,4765,12
1751256000,2025-06-30T04:00:00+00:00,3279.05,3286.29,3277.03,3285.61,3711,12
1751259600,2025-06-30T05:00:00+00:00,3285.61,3291.47,3284.69,3289.05,5166,12
1751263200,2025-06-30T06:00:00+00:00,3289.05,3295.55,3287.97,3292.07,6049,12
1751266800,2025-06-30T07:00:00+00:00,3292.07,3296.8,3290.77,3292.97,6171,12
1751270400,2025-06-30T08:00:00+00:00,3292.96,3296.57,3288.13,3289.17,6464,12
1751274000,2025-06-30T09:00:00+00:00,3289.17,3289.17,3277.57,3287.87,7810,12
1751277600,2025-06-30T10:00:00+00:00,3287.87,3288.78,3282.52,3283.48,4740,12
1751281200,2025-06-30T11:00:00+00:00,3283.53,3283.71,3274.6,3277.92,6661,12
1751284800,2025-06-30T12:00:00+00:00,3277.92,3289.0,3277.92,3282.13,7622,12
1751288400,2025-06-30T13:00:00+00:00,3282.08,3287.1,3277.98,3284.8,9946,12
1751292000,2025-06-30T14:00:00+00:00,3284.79,3289.6,3279.29,3287.72,9924,12
1751295600,2025-06-30T15:00:00+00:00,3287.74,3290.74,3283.73,3289.6,8074,12
1751299200,2025-06-30T16:00:00+00:00,3289.6,3297.44,3289.19,3297.26,6507,12
1751302800,2025-06-30T17:00:00+00:00,3297.25,3298.47,3292.14,3294.02,6504,12
1751306400,2025-06-30T18:00:00+00:00,3294.02,3299.56,3292.65,3298.49,4983,12
1751310000,2025-06-30T19:00:00+00:00,3298.49,3309.48,3298.06,3308.64,6360,12
1751313600,2025-06-30T20:00:00+00:00,3308.65,3309.27,3302.2,3302.98,3195,12
1751320800,2025-06-30T22:00:00+00:00,3303.2,3314.6,3302.32,3311.44,3701,12
1751324400,2025-06-30T23:00:00+00:00,3311.44,3312.5,3308.61,3312.5,3897,12
1751328000,2025-07-01T00:00:00+00:00,3312.5,3314.84,3309.92,3314.75,5001,12
1751331600,2025-07-01T01:00:00+00:00,3314.75,3321.02,3313.99,3317.88,8361,12
1751335200,2025-07-01T02:00:00+00:00,3317.8,3319.35,3314.44,3316.08,6599,12
1751338800,2025-07-01T03:00:00+00:00,3316.07,3322.63,3315.78,3321.11,4850,12
1751342400,2025-07-01T04:00:00+00:00,3321.11,3323.1,3318.97,3322.98,3910,12
1751346000,2025-07-01T05:00:00+00:00,3322.98,3332.34,3322.96,3328.65,7367,12
1751349600,2025-07-01T06:00:00+00:00,3328.63,3334.49,3325.08,3331.36,7452,12
1751353200,2025-07-01T07:00:00+00:00,3331.36,3339.89,3330.84,3339.55,8322,12
1751356800,2025-07-01T08:00:00+00:00,3339.55,3342.45,3336.87,3339.57,6014,12
1751360400,2025-07-01T09:00:00+00:00,3339.57,3348.08,3338.27,3345.76,8124,12
1751364000,2025-07-01T10:00:00+00:00,3345.76,3349.7,3344.45,3348.62,6427,12
1751367600,2025-07-01T11:00:00+00:00,3348.63,3353.07,3346.98,3349.03,7682,12
1751371200,2025-07-01T12:00:00+00:00,3349.04,3358.06,3348.36,3354.55,9847,12
1751374800,2025-07-01T13:00:00+00:00,3354.6,3355.57,3344.51,3351.82,12001,12
1751378400,2025-07-01T14:00:00+00:00,3351.8,3354.4,3343.68,3345.83,12194,12
1751382000,2025-07-01T15:00:00+00:00,3345.82,3346.7,3337.05,3340.27,10680,12
1751385600,2025-07-01T16:00:00+00:00,3340.28,3343.51,3337.64,3341.74,7430,12
1751389200,2025-07-01T17:00:00+00:00,3341.76,3342.18,3336.97,3339.72,6365,12
1751392800,2025-07-01T18:00:00+00:00,3339.72,3339.91,3336.9,3337.99,4534,12
1751396400,2025-07-01T19:00:00+00:00,3337.99,3340.09,3336.91,3338.08,5469,12
1751400000,2025-07-01T20:00:00+00:00,3338.09,3340.34,3336.83,3338.95,2681,12
1751407200,2025-07-01T22:00:00+00:00,3337.97,3343.67,3336.86,3341.54,3303,12
1751410800,2025-07-01T23:00:00+00:00,3341.54,3341.81,3336.82,3338.15,3519,12
1751414400,2025-07-02T00:00:00+00:00,3338.15,3344.99,3335.02,3338.97,6537,12
1751418000,2025-07-02T01:00:00+00:00,3338.97,3342.91,3331.0,3332.18,7476,12
1751421600,2025-07-02T02:00:00+00:00,3332.24,3338.2,3328.55,3336.68,6218,12
1751425200,2025-07-02T03:00:00+00:00,3336.7,3342.12,3334.95,3339.94,5313,12
1751428800,2025-07-02T04:00:00+00:00,3339.94,3342.01,3339.51,3340.12,3408,12
1751432400,2025-07-02T05:00:00+00:00,3340.12,3343.86,3336.58,3338.75,6086,12
1751436000,2025-07-02T06:00:00+00:00,3338.78,3339.36,3329.88,3333.51,6450,12
1751439600,2025-07-02T07:00:00+00:00,3333.44,3336.66,3327.58,3334.74,7042,12
1751443200,2025-07-02T08:00:00+00:00,3334.74,3338.01,3332.96,3333.57,5399,12
1751446800,2025-07-02T09:00:00+00:00,3333.57,3342.24,3333.12,3341.69,6036,12
1751450400,2025-07-02T10:00:00+00:00,3341.69,3345.67,3340.6,3344.35,4583,12
1751454000,2025-07-02T11:00:00+00:00,3344.35,3347.73,3339.81,3342.28,6279,12
1751457600,2025-07-02T12:00:00+00:00,3342.28,3351.14,3337.92,3346.64,10457,12
1751461200,2025-07-02T13:00:00+00:00,3346.64,3346.65,3334.99,3337.42,11245,12
1751464800,2025-07-02T14:00:00+00:00,3337.42,3343.53,3333.91,3342.99,9430,12
1751468400,2025-07-02T15:00:00+00:00,3342.99,3343.76,3338.74,3341.04,8203,12
1751472000,2025-07-02T16:00:00+00:00,3341.01,3349.2,3340.96,3348.74,7132,12
1751475600,2025-07-02T17:00:00+00:00,3348.72,3350.55,3347.43,3349.71,5303,12
1751479200,2025-07-02T18:00:00+00:00,3349.71,3355.16,3348.54,3354.94,4565,12
1751482800,2025-07-02T19:00:00+00:00,3354.94,3359.55,3354.6,3358.22,5488,12
1751486400,2025-07-02T20:00:00+00:00,3358.22,3359.98,3355.6,3357.09,2410,12
1751493600,2025-07-02T22:00:00+00:00,3359.34,3365.71,3357.62,3361.91,3113,12
1751497200,2025-07-02T23:00:00+00:00,3361.91,3362.25,3348.86,3349.34,5285,12
1751500800,2025-07-03T00:00:00+00:00,3349.34,3349.84,3343.58,3344.75,5701,12
1751504400,2025-07-03T01:00:00+00:00,3344.74,3348.24,3341.93,3346.0,6879,12
1751508000,2025-07-03T02:00:00+00:00,3346.03,3351.42,3345.78,3351.0,5202,12
1751511600,2025-07-03T03:00:00+00:00,3351.0,3351.49,3345.52,3347.52,3980,12
1751515200,2025-07-03T04:00:00+00:00,3347.52,3351.85,3347.45,3350.78,3694,12
1751518800,2025-07-03T05:00:00+00:00,3350.78,3360.45,3350.16,3359.43,6492,12
1751522400,2025-07-03T06:00:00+00:00,3359.41,3363.7,3356.6,3361.88,6669,12
1751526000,2025-07-03T07:00:00+00:00,3361.88,3363.08,3352.6,3353.06,6518,12
1751529600,2025-07-03T08:00:00+00:00,3353.06,3358.33,3351.71,3356.18,5420,12
1751533200,2025-07-03T09:00:00+00:00,3356.18,3356.36,3343.93,3345.71,6416,12
1751536800,2025-07-03T10:00:00+00:00,3345.71,3355.46,3344.83,3353.13,5692,12
1751540400,2025-07-03T11:00:00+00:00,3353.14,3353.76,3343.1,3346.06,6325,12
1751544000,2025-07-03T12:00:00+00:00,3346.02,3352.3,3311.67,3324.5,13584,12
1751547600,2025-07-03T13:00:00+00:00,3324.5,3338.47,3322.15,3332.23,13256,12
1751551200,2025-07-03T14:00:00+00:00,3332.17,3334.68,3323.5,3324.64,11696,12
1751554800,2025-07-03T15:00:00+00:00,3324.63,3331.46,3323.1,3328.05,7988,12
1751558400,2025-07-03T16:00:00+00:00,3328.05,3334.67,3325.7,3333.93,6379,12
1751562000,2025-07-03T17:00:00+00:00,3333.97,3334.87,3328.87,3329.09,3368,12
1751565600,2025-07-03T18:00:00+00:00,3329.09,3330.22,3327.95,3329.06,1765,12
1751569200,2025-07-03T19:00:00+00:00,3329.06,3329.51,3327.06,3328.75,1801,12
1751572800,2025-07-03T20:00:00+00:00,3328.75,3328.9,3325.37,3326.01,1477,12
1751580000,2025-07-03T22:00:00+00:00,3326.42,3329.6,3323.58,3329.1,2064,12
1751583600,2025-07-03T23:00:00+00:00,3329.07,3332.03,3328.47,3330.84,3229,12
1751587200,2025-07-04T00:00:00+00:00,3330.84,3331.12,3325.88,3329.01,4232,12
1751590800,2025-07-04T01:00:00+00:00,3329.01,3334.32,3326.46,3330.1,6030,12
1751594400,2025-07-04T02:00:00+00:00,3330.1,3332.44,3327.13,3327.35,5172,12
1751598000,2025-07-04T03:00:00+00:00,3327.35,3338.86,3326.16,3338.39,5274,12
1751601600,2025-07-04T04:00:00+00:00,3338.39,3342.3,3338.02,3340.88,4345,12
1751605200,2025-07-04T05:00:00+00:00,3340.88,3342.22,3338.43,3339.54,4285,12
1751608800,2025-07-04T06:00:00+00:00,3339.54,3345.1,3339.25,3342.37,6221,12
1751612400,2025-07-04T07:00:00+00:00,3342.56,3343.73,3336.48,3342.92,6886,12
1751616000,2025-07-04T08:00:00+00:00,3342.92,3344.21,3340.92,3342.84,4881,12
1751619600,2025-07-04T09:00:00+00:00,3342.84,3343.06,3333.0,3334.53,5857,12
1751623200,2025-07-04T10:00:00+00:00,3334.53,3338.08,3331.56,3336.84,5410,12
1751626800,2025-07-04T11:00:00+00:00,3336.84,3337.86,3334.46,3334.74,4296,12
1751630400,2025-07-04T12:00:00+00:00,3334.74,3337.83,3331.43,3333.94,6219,12
1751634000,2025-07-04T13:00:00+00:00,3333.93,3337.99,3332.3,3333.88,6784,12
1751637600,2025-07-04T14:00:00+00:00,3333.86,3334.22,3330.92,3333.27,5730,12
1751641200,2025-07-04T15:00:00+00:00,3333.27,3333.98,3330.86,3332.41,3264,12
1751644800,2025-07-04T16:00:00+00:00,3332.41,3337.42,3332.32,3337.01,3049,12
1751839200,2025-07-06T22:00:00+00:00,3341.41,3341.97,3332.49,3333.49,3269,12
1751842800,2025-07-06T23:00:00+00:00,3333.49,3334.62,3326.3,3328.92,3854,12
1751846400,2025-07-07T00:00:00+00:00,3328.92,3329.73,3321.77,3326.57,6597,12
1751850000,2025-07-07T01:00:00+00:00,3326.57,3327.7,3306.75,3316.57,10067,12
1751853600,2025-07-07T02:00:00+00:00,3316.57,3317.77,3306.0,3308.87,7253,12
1751857200,2025-07-07T03:00:00+00:00,3308.87,3315.29,3307.15,3310.97,6111,12
1751860800,2025-07-07T04:00:00+00:00,3310.97,3312.37,3305.33,3307.79,6232,12
1751864400,2025-07-07T05:00:00+00:00,3307.79,3315.14,3307.07,3313.41,7447,12
1751868000,2025-07-07T06:00:00+00:00,3313.36,3315.26,3308.38,3309.96,7297,12
1751871600,2025-07-07T07:00:00+00:00,3309.96,3313.29,3300.68,3302.24,7444,12
1751875200,2025-07-07T08:00:00+00:00,3302.24,3312.81,3301.27,3310.19,7332,12
1751878800,2025-07-07T09:00:00+00:00,3310.17,3311.93,3306.19,3308.98,6880,12
1751882400,2025-07-07T10:00:00+00:00,3308.98,3310.7,3296.43,3302.07,7811,12
1751886000,2025-07-07T11:00:00+00:00,3302.07,3307.57,3299.81,3301.95,8761,12
1751889600,2025-07-07T12:00:00+00:00,3301.88,3312.67,3300.49,3309.63,10246,12
1751893200,2025-07-07T13:00:00+00:00,3309.63,3317.1,3306.23,3316.38,10607,12
1751896800,2025-07-07T14:00:00+00:00,3316.39,3321.32,3313.26,3318.01,9465,12
1751900400,2025-07-07T15:00:00+00:00,3317.99,3321.99,3316.18,3320.87,6290,12
1751904000,2025-07-07T16:00:00+00:00,3320.87,3328.08,3320.12,3327.43,9641,12
1751907600,2025-07-07T17:00:00+00:00,3327.44,3335.83,3327.4,3331.98,9090,12
1751911200,2025-07-07T18:00:00+00:00,3331.99,3335.74,3328.57,3334.39,6726,12
1751914800,2025-07-07T19:00:00+00:00,3334.4,3340.37,3334.32,3337.01,6241,12
1751918400,2025-07-07T20:00:00+00:00,3337.14,3338.0,3335.43,3336.36,2897,12
1751925600,2025-07-07T22:00:00+00:00,3339.67,3345.81,3338.96,3339.79,3117,12
1751929200,2025-07-07T23:00:00+00:00,3339.79,3340.1,3333.89,3334.6,3702,12
1751932800,2025-07-08T00:00:00+00:00,3334.6,3337.24,3331.21,3334.28,6713,12
1751936400,2025-07-08T01:00:00+00:00,3334.28,3336.95,3329.67,3334.77,8039,12
1751940000,2025-07-08T02:00:00+00:00,3334.82,3338.04,3332.82,3334.46,5801,12
1751943600,2025-07-08T03:00:00+00:00,3334.46,3335.48,3329.63,3331.57,4174,12
1751947200,2025-07-08T04:00:00+00:00,3331.57,3332.8,3327.44,3329.65,4481,12
1751950800,2025-07-08T05:00:00+00:00,3329.66,3336.54,3329.53,3334.05,5394,12
1751954400,2025-07-08T06:00:00+00:00,3334.05,3336.06,3330.76,3335.75,5744,12
1751958000,2025-07-08T07:00:00+00:00,3335.8,3339.49,3330.51,3333.92,6075,12
1751961600,2025-07-08T08:00:00+00:00,3333.92,3333.92,3323.32,3323.68,8225,12
1751965200,2025-07-08T09:00:00+00:00,3323.68,3326.8,3321.16,3322.07,6372,12
1751968800,2025-07-08T10:00:00+00:00,3322.07,3327.12,3320.52,3324.64,4782,12
1751972400,2025-07-08T11:00:00+00:00,3324.64,3327.55,3319.99,3325.0,6077,12
1751976000,2025-07-08T12:00:00+00:00,3325.01,3329.84,3324.77,3328.19,7444,12
1751979600,2025-07-08T13:00:00+00:00,3328.19,3328.7,3314.82,3315.29,11683,12
1751983200,2025-07-08T14:00:00+00:00,3315.21,3315.86,3294.35,3296.57,14547,12
1751986800,2025-07-08T15:00:00+00:00,3296.57,3300.27,3287.19,3298.19,11365,12
1751990400,2025-07-08T16:00:00+00:00,3298.19,3301.59,3295.88,3300.45,9145,12
1751994000,2025-07-08T17:00:00+00:00,3300.49,3310.36,3299.39,3306.4,10700,12
1751997600,2025-07-08T18:00:00+00:00,3306.41,3308.18,3300.65,3305.39,6703,12
1752001200,2025-07-08T19:00:00+00:00,3305.41,3306.17,3302.4,3302.92,5148,12
1752004800,2025-07-08T20:00:00+00:00,3302.95,3303.76,3299.45,3301.69,2787,12
1752012000,2025-07-08T22:00:00+00:00,3303.29,3304.09,3300.44,3301.6,2754,12
1752015600,2025-07-08T23:00:00+00:00,3301.6,3303.97,3297.25,3302.31,4194,12
1752019200,2025-07-09T00:00:00+00:00,3302.33,3307.93,3301.87,3307.06,5149,12
1752022800,2025-07-09T01:00:00+00:00,3307.06,3307.27,3299.33,3301.86,7412,12
1752026400,2025-07-09T02:00:00+00:00,3301.85,3302.91,3286.73,3288.51,7631,12
1752030000,2025-07-09T03:00:00+00:00,3288.51,3294.74,3285.04,3293.35,6409,12
1752033600,2025-07-09T04:00:00+00:00,3293.35,3296.39,3291.18,3293.96,3900,12
1752037200,2025-07-09T05:00:00+00:00,3293.96,3297.84,3289.01,3289.43,6309,12
1752040800,2025-07-09T06:00:00+00:00,3289.44,3292.72,3285.61,3292.3,6819,12
1752044400,2025-07-09T07:00:00+00:00,3292.3,3296.0,3288.32,3291.96,7062,12
1752048000,2025-07-09T08:00:00+00:00,3291.88,3292.68,3282.72,3285.01,8045,12
1752051600,2025-07-09T09:00:00+00:00,3285.03,3290.43,3284.39,3289.22,5864,12
1752055200,2025-07-09T10:00:00+00:00,3289.22,3295.92,3288.28,3295.5,5227,12
1752058800,2025-07-09T11:00:00+00:00,3295.5,3295.92,3283.23,3284.92,6884,12
1752062400,2025-07-09T12:00:00+00:00,3284.91,3297.52,3284.91,3296.42,8810,12
1752066000,2025-07-09T13:00:00+00:00,3296.44,3305.24,3291.96,3300.29,11792,12
1752069600,2025-07-09T14:00:00+00:00,3300.29,3312.9,3299.89,3312.33,10849,12
1752073200,2025-07-09T15:00:00+00:00,3312.34,3312.91,3306.38,3309.69,7797,12
1752076800,2025-07-09T16:00:00+00:00,3309.66,3313.29,3307.93,3311.87,5757,12
1752080400,2025-07-09T17:00:00+00:00,3311.87,3314.64,3308.18,3309.56,6307,12
1752084000,2025-07-09T18:00:00+00:00,3309.58,3313.72,3308.08,3311.43,5664,12
1752087600,2025-07-09T19:00:00+00:00,3311.42,3316.84,3310.98,3315.69,5141,12
1752091200,2025-07-09T20:00:00+00:00,3315.73,3315.86,3311.58,3313.61,2571,12
1752098400,2025-07-09T22:00:00+00:00,3314.21,3321.12,3313.78,3319.52,2598,12
1752102000,2025-07-09T23:00:00+00:00,3319.52,3319.69,3315.75,3317.63,2915,12
1752105600,2025-07-10T00:00:00+00:00,3317.66,3321.82,3316.61,3317.69,5189,12
1752109200,2025-07-10T01:00:00+00:00,3317.69,3326.32,3316.47,3322.21,6764,12
1752112800,2025-07-10T02:00:00+00:00,3322.2,3323.63,3318.18,3319.23,4537,12
1752116400,2025-07-10T03:00:00+00:00,3319.23,3320.19,3315.46,3315.74,4138,12
1752120000,2025-07-10T04:00:00+00:00,3315.74,3322.51,3314.89,3322.21,3367,12
1752123600,2025-07-10T05:00:00+00:00,3322.22,3325.07,3320.66,3321.17,4585,12
1752127200,2025-07-10T06:00:00+00:00,3321.14,3328.4,3320.94,3325.3,5399,12
1752130800,2025-07-10T07:00:00+00:00,3325.3,3329.46,3319.9,3321.1,5327,12
1752134400,2025-07-10T08:00:00+00:00,3321.14,3330.16,3319.95,3328.7,4603,12
1752138000,2025-07-10T09:00:00+00:00,3328.7,3330.3,3323.25,3326.45,4877,12
1752141600,2025-07-10T10:00:00+00:00,3326.52,3328.8,3322.26,3325.27,5266,12
1752145200,2025-07-10T11:00:00+00:00,3325.28,3330.26,3318.35,3320.46,6577,12
1752148800,2025-07-10T12:00:00+00:00,3320.45,3326.09,3317.94,3323.79,7239,12
1752152400,2025-07-10T13:00:00+00:00,3323.77,3329.46,3311.98,3312.83,12031,12
1752156000,2025-07-10T14:00:00+00:00,3312.83,3321.6,3310.18,3314.97,10715,12
1752159600,2025-07-10T15:00:00+00:00,3314.97,3321.54,3314.65,3319.65,5921,12
1752163200,2025-07-10T16:00:00+00:00,3319.65,3319.97,3312.19,3315.12,5798,12
1752166800,2025-07-10T17:00:00+00:00,3315.12,3318.57,3314.72,3317.36,4940,12
1752170400,2025-07-10T18:00:00+00:00,3317.36,3321.87,3316.47,3321.5,4791,12
1752174000,2025-07-10T19:00:00+00:00,3321.5,3325.96,3321.46,3324.84,5733,12
1752177600,2025-07-10T20:00:00+00:00,3324.84,3325.32,3323.33,3323.98,2152,12
1752184800,2025-07-10T22:00:00+00:00,3325.02,3326.5,3321.84,3323.46,3282,12
1752188400,2025-07-10T23:00:00+00:00,3323.46,3326.41,3323.05,3323.83,2508,12
1752192000,2025-07-11T00:00:00+00:00,3323.83,3336.16,3323.61,3330.69,8108,12
1752195600,2025-07-11T01:00:00+00:00,3330.57,3331.51,3325.23,3329.57,8220,12
1752199200,2025-07-11T02:00:00+00:00,3329.59,3335.06,3327.18,3332.54,5558,12
1752202800,2025-07-11T03:00:00+00:00,3332.53,3336.02,3332.12,3333.75,3956,12
1752206400,2025-07-11T04:00:00+00:00,3333.75,3335.35,3329.67,3331.99,3625,12
1752210000,2025-07-11T05:00:00+00:00,3331.99,3341.64,3331.99,3334.19,7621,12
1752213600,2025-07-11T06:00:00+00:00,3334.18,3343.88,3332.19,3332.55,8610,12
1752217200,2025-07-11T07:00:00+00:00,3332.4,3342.23,3331.16,3341.96,7852,12
1752220800,2025-07-11T08:00:00+00:00,3341.98,3343.78,3332.91,3333.14,8262,12
1752224400,2025-07-11T09:00:00+00:00,3333.15,3339.99,3332.82,3339.48,6318,12
1752228000,2025-07-11T10:00:00+00:00,3339.48,3348.25,3339.46,3344.98,7259,12
1752231600,2025-07-11T11:00:00+00:00,3344.98,3350.27,3342.06,3347.51,7195,12
1752235200,2025-07-11T12:00:00+00:00,3347.51,3357.12,3344.27,3355.1,10464,12
1752238800,2025-07-11T13:00:00+00:00,3355.1,3359.24,3350.15,3351.86,13562,12
1752242400,2025-07-11T14:00:00+00:00,3351.86,3363.77,3350.35,3361.22,12841,12
1752246000,2025-07-11T15:00:00+00:00,3361.25,3368.68,3356.98,3358.88,11106,12
1752249600,2025-07-11T16:00:00+00:00,3358.87,3359.64,3352.84,3353.89,8980,12
1752253200,2025-07-11T17:00:00+00:00,3353.88,3354.13,3349.29,3353.4,7683,12
1752256800,2025-07-11T18:00:00+00:00,3353.4,3358.51,3353.34,3356.1,6219,12
1752260400,2025-07-11T19:00:00+00:00,3356.1,3359.76,3355.63,3356.41,6483,12
1752264000,2025-07-11T20:00:00+00:00,3356.43,3357.97,3353.57,3357.92,2363,12
1752444000,2025-07-13T22:00:00+00:00,3361.18,3371.13,3359.82,3369.33,5467,12
1752447600,2025-07-13T23:00:00+00:00,3369.48,3374.03,3366.4,3367.77,5153,12
1752451200,2025-07-14T00:00:00+00:00,3367.76,3373.25,3364.85,3367.56,7214,12
1752454800,2025-07-14T01:00:00+00:00,3367.56,3370.18,3357.03,3358.69,9339,12
1752458400,2025-07-14T02:00:00+00:00,3358.63,3359.55,3354.03,3357.33,6734,12
1752462000,2025-07-14T03:00:00+00:00,3357.42,3359.64,3355.45,3357.02,5120,12
1752465600,2025-07-14T04:00:00+00:00,3357.02,3361.7,3353.87,3359.7,5966,12
1752469200,2025-07-14T05:00:00+00:00,3359.58,3360.4,3353.9,3357.64,6502,12
1752472800,2025-07-14T06:00:00+00:00,3357.64,3369.75,3356.66,3368.96,7834,12
1752476400,2025-07-14T07:00:00+00:00,3368.98,3375.0,3366.65,3371.93,8223,12
1752480000,2025-07-14T08:00:00+00:00,3371.93,3372.63,3365.41,3365.99,6281,12
1752483600,2025-07-14T09:00:00+00:00,3365.99,3370.41,3364.05,3370.26,4685,12
1752487200,2025-07-14T10:00:00+00:00,3370.26,3374.64,3369.75,3372.02,5541,12
1752490800,2025-07-14T11:00:00+00:00,3372.02,3373.09,3363.92,3364.11,5991,12
1752494400,2025-07-14T12:00:00+00:00,3364.11,3366.63,3349.41,3350.08,10287,12
1752498000,2025-07-14T13:00:00+00:00,3350.08,3359.03,3347.24,3355.32,10587,12
1752501600,2025-07-14T14:00:00+00:00,3355.32,3356.33,3341.04,3343.03,12039,12
1752505200,2025-07-14T15:00:00+00:00,3343.07,3349.7,3342.47,3345.11,8857,12
1752508800,2025-07-14T16:00:00+00:00,3345.11,3349.27,3343.13,3347.8,7189,12
1752512400,2025-07-14T17:00:00+00:00,3347.8,3351.7,3347.39,3351.05,6078,12
1752516000,2025-07-14T18:00:00+00:00,3351.05,3351.23,3347.93,3348.94,4426,12
1752519600,2025-07-14T19:00:00+00:00,3348.94,3350.51,3343.19,3344.15,6116,12
1752523200,2025-07-14T20:00:00+00:00,3344.15,3345.63,3341.27,3343.43,3004,12
1752530400,2025-07-14T22:00:00+00:00,3343.87,3345.76,3341.38,3345.76,2060,12
1752534000,2025-07-14T23:00:00+00:00,3345.7,3346.49,3343.97,3345.32,2216,12
1752537600,2025-07-15T00:00:00+00:00,3345.33,3349.36,3344.77,3347.61,4034,12
1752541200,2025-07-15T01:00:00+00:00,3347.61,3350.66,3346.07,3346.55,5486,12
1752544800,2025-07-15T02:00:00+00:00,3346.6,3352.07,3345.83,3350.88,5209,12
1752548400,2025-07-15T03:00:00+00:00,3350.93,3358.36,3350.81,3357.89,5141,12
1752552000,2025-07-15T04:00:00+00:00,3357.89,3361.37,3357.67,3360.23,3865,12
1752555600,2025-07-15T05:00:00+00:00,3360.23,3365.17,3360.23,3362.15,4847,12
1752559200,2025-07-15T06:00:00+00:00,3362.16,3364.14,3357.67,3358.18,5966,12
1752562800,2025-07-15T07:00:00+00:00,3358.22,3365.16,3357.44,3364.35,5234,12
1752566400,2025-07-15T08:00:00+00:00,3364.33,3365.63,3356.61,3361.08,6992,12
1752570000,2025-07-15T09:00:00+00:00,3361.08,3364.73,3358.62,3363.38,5255,12
1752573600,2025-07-15T10:00:00+00:00,3363.38,3366.36,3361.21,3361.33,4427,12
1752577200,2025-07-15T11:00:00+00:00,3361.44,3361.98,3354.22,3354.9,6094,12
1752580800,2025-07-15T12:00:00+00:00,3354.9,3360.48,3346.48,3348.87,10540,12
1752584400,2025-07-15T13:00:00+00:00,3348.87,3352.43,3334.4,3346.76,14250,12
1752588000,2025-07-15T14:00:00+00:00,3346.58,3352.13,3342.52,3347.95,11598,12
1752591600,2025-07-15T15:00:00+00:00,3347.95,3349.9,3325.45,3328.97,11747,12
1752595200,2025-07-15T16:00:00+00:00,3328.93,3330.29,3320.24,3329.31,8914,12
1752598800,2025-07-15T17:00:00+00:00,3329.32,3331.34,3325.86,3328.17,7093,12
1752602400,2025-07-15T18:00:00+00:00,3328.17,3331.93,3325.87,3328.87,5333,12
1752606000,2025-07-15T19:00:00+00:00,3328.87,3331.27,3326.57,3330.46,4971,12
1752609600,2025-07-15T20:00:00+00:00,3330.48,3331.02,3324.9,3324.9,2500,12
1752616800,2025-07-15T22:00:00+00:00,3323.96,3327.74,3323.96,3326.61,1859,12
1752620400,2025-07-15T23:00:00+00:00,3326.61,3331.79,3326.28,3331.06,2410,12
1752624000,2025-07-16T00:00:00+00:00,3331.06,3332.64,3328.95,3330.5,4300,12
1752627600,2025-07-16T01:00:00+00:00,3330.5,3335.05,3328.88,3330.92,6525,12
1752631200,2025-07-16T02:00:00+00:00,3330.92,3331.55,3325.11,3326.2,5018,12
1752634800,2025-07-16T03:00:00+00:00,3326.2,3335.1,3325.93,3334.37,4742,12
1752638400,2025-07-16T04:00:00+00:00,3334.37,3338.61,3332.82,3338.29,3992,12
1752642000,2025-07-16T05:00:00+00:00,3338.27,3339.93,3335.69,3338.08,4314,12
1752645600,2025-07-16T06:00:00+00:00,3338.08,3342.03,3337.71,3339.17,5143,12
1752649200,2025-07-16T07:00:00+00:00,3339.15,3340.15,3336.02,3337.88,4543,12
1752652800,2025-07-16T08:00:00+00:00,3337.88,3342.67,3337.79,3342.04,4501,12
1752656400,2025-07-16T09:00:00+00:00,3342.04,3343.03,3339.13,3340.02,4715,12
1752660000,2025-07-16T10:00:00+00:00,3340.02,3340.39,3334.05,3334.98,4662,12
1752663600,2025-07-16T11:00:00+00:00,3334.98,3340.19,3333.8,3339.31,5502,12
1752667200,2025-07-16T12:00:00+00:00,3339.32,3340.92,3330.99,3334.58,9421,12
1752670800,2025-07-16T13:00:00+00:00,3334.58,3339.45,3322.03,3326.85,11701,12
1752674400,2025-07-16T14:00:00+00:00,3326.76,3342.53,3319.65,3338.11,12712,12
1752678000,2025-07-16T15:00:00+00:00,3338.09,3377.31,3336.35,3344.06,20024,12
1752681600,2025-07-16T16:00:00+00:00,3343.6,3355.19,3339.21,3349.11,13162,12
1752685200,2025-07-16T17:00:00+00:00,3349.11,3357.23,3348.85,3354.79,8637,12
1752688800,2025-07-16T18:00:00+00:00,3354.79,3357.42,3349.11,3350.36,6373,12
1752692400,2025-07-16T19:00:00+00:00,3350.36,3350.57,3346.06,3347.15,7096,12
1752696000,2025-07-16T20:00:00+00:00,3347.15,3349.43,3346.33,3347.51,3656,12
1752703200,2025-07-16T22:00:00+00:00,3349.85,3352.16,3348.33,3349.61,2530,12
1752706800,2025-07-16T23:00:00+00:00,3349.61,3350.17,3345.33,3346.52,2393,12
1752710400,2025-07-17T00:00:00+00:00,3346.52,3347.36,3339.75,3340.81,4798,12
1752714000,2025-07-17T01:00:00+00:00,3340.81,3344.52,3337.21,3344.0,6331,12
1752717600,2025-07-17T02:00:00+00:00,3343.99,3344.67,3337.81,3341.38,4746,12
1752721200,2025-07-17T03:00:00+00:00,3341.38,3342.4,3336.36,3341.51,4263,12
1752724800,2025-07-17T04:00:00+00:00,3341.51,3344.73,3338.38,3342.72,3427,12
1752728400,2025-07-17T05:00:00+00:00,3342.72,3342.92,3335.97,3339.41,4769,12
1752732000,2025-07-17T06:00:00+00:00,3339.41,3339.84,3328.21,3335.43,7812,12
1752735600,2025-07-17T07:00:00+00:00,3335.45,3336.18,3325.2,3325.82,6816,12
1752739200,2025-07-17T08:00:00+00:00,3325.82,3332.07,3325.58,3328.81,4728,12
1752742800,2025-07-17T09:00:00+00:00,3328.81,3332.49,3324.73,3325.64,5242,12
1752746400,2025-07-17T10:00:00+00:00,3325.61,3331.16,3324.98,3325.82,5265,12
1752750000,2025-07-17T11:00:00+00:00,3325.81,3328.52,3322.37,3324.26,5948,12
1752753600,2025-07-17T12:00:00+00:00,3324.26,3328.55,3309.83,3313.13,12075,12
1752757200,2025-07-17T13:00:00+00:00,3313.12,3321.79,3311.32,3319.09,13221,12
1752760800,2025-07-17T14:00:00+00:00,3319.04,3335.14,3318.31,3334.19,11462,12
1752764400,2025-07-17T15:00:00+00:00,3334.17,3338.42,3331.34,3336.8,8645,12
1752768000,2025-07-17T16:00:00+00:00,3336.78,3339.96,3335.5,3338.82,7283,12
1752771600,2025-07-17T17:00:00+00:00,3338.81,3341.11,3336.34,3337.48,6548,12
1752775200,2025-07-17T18:00:00+00:00,3337.48,3338.94,3335.69,3338.53,5035,12
1752778800,2025-07-17T19:00:00+00:00,3338.56,3340.79,3338.23,3339.75,4898,12
1752782400,2025-07-17T20:00:00+00:00,3339.79,3340.26,3337.4,3339.15,2392,12
1752789600,2025-07-17T22:00:00+00:00,3339.86,3344.02,3338.28,3343.33,3170,12
1752793200,2025-07-17T23:00:00+00:00,3343.3,3343.45,3339.5,3340.26,2566,12
1752796800,2025-07-18T00:00:00+00:00,3340.31,3341.47,3338.01,3339.88,3862,12
1752800400,2025-07-18T01:00:00+00:00,3339.88,3343.01,3335.35,3337.75,6474,12
1752804000,2025-07-18T02:00:00+00:00,3337.75,3344.23,3336.89,3337.76,6097,12
1752807600,2025-07-18T03:00:00+00:00,3337.76,3338.47,3334.11,3334.64,4148,12
1752811200,2025-07-18T04:00:00+00:00,3334.64,3337.1,3333.85,3337.1,3238,12
1752814800,2025-07-18T05:00:00+00:00,3337.1,3340.2,3333.42,3333.49,5432,12
1752818400,2025-07-18T06:00:00+00:00,3333.48,3342.72,3331.85,3342.13,6623,12
1752822000,2025-07-18T07:00:00+00:00,3342.12,3350.1,3340.7,3349.86,6052,12
1752825600,2025-07-18T08:00:00+00:00,3349.88,3350.4,3346.24,3347.52,5330,12
1752829200,2025-07-18T09:00:00+00:00,3347.51,3354.89,3347.49,3352.41,5448,12
1752832800,2025-07-18T10:00:00+00:00,3352.35,3352.74,3347.93,3351.45,5412,12
1752836400,2025-07-18T11:00:00+00:00,3351.44,3357.67,3350.83,3354.34,5624,12
1752840000,2025-07-18T12:00:00+00:00,3354.32,3361.25,3354.21,3359.95,8088,12
1752843600,2025-07-18T13:00:00+00:00,3359.95,3360.3,3352.35,3355.63,11162,12
1752847200,2025-07-18T14:00:00+00:00,3355.63,3359.08,3351.25,3354.72,10640,12
1752850800,2025-07-18T15:00:00+00:00,3354.72,3356.39,3352.37,3353.69,7876,12
1752854400,2025-07-18T16:00:00+00:00,3353.69,3357.45,3351.2,3353.66,7058,12
1752858000,2025-07-18T17:00:00+00:00,3353.66,3353.74,3350.53,3352.26,5925,12
1752861600,2025-07-18T18:00:00+00:00,3352.26,3353.37,3350.17,3351.38,4413,12
1752865200,2025-07-18T19:00:00+00:00,3351.36,3352.76,3347.68,3348.31,5314,12
1752868800,2025-07-18T20:00:00+00:00,3348.3,3351.53,3347.78,3351.13,1967,12
1753048800,2025-07-20T22:00:00+00:00,3348.8,3350.07,3345.03,3347.83,2568,12
1753052400,2025-07-20T23:00:00+00:00,3347.83,3349.51,3345.49,3349.13,2640,12
1753056000,2025-07-21T00:00:00+00:00,3349.13,3354.54,3347.68,3352.28,4028,12
1753059600,2025-07-21T01:00:00+00:00,3352.28,3358.59,3351.92,3356.52,6056,12
1753063200,2025-07-21T02:00:00+00:00,3356.52,3357.42,3352.33,3354.15,4589,12
1753066800,2025-07-21T03:00:00+00:00,3354.17,3356.89,3351.06,3351.3,3811,12
1753070400,2025-07-21T04:00:00+00:00,3351.3,3358.75,3350.7,3357.84,2991,12
1753074000,2025-07-21T05:00:00+00:00,3357.84,3369.65,3357.69,3366.65,6934,12
1753077600,2025-07-21T06:00:00+00:00,3366.65,3370.73,3365.36,3368.32,6145,12
1753081200,2025-07-21T07:00:00+00:00,3368.32,3370.49,3363.91,3364.74,5981,12
1753084800,2025-07-21T08:00:00+00:00,3364.74,3366.86,3363.08,3365.99,5485,12
1753088400,2025-07-21T09:00:00+00:00,3365.99,3366.47,3362.74,3366.1,4324,12
1753092000,2025-07-21T10:00:00+00:00,3366.1,3368.11,3362.87,3366.14,4822,12
1753095600,2025-07-21T11:00:00+00:00,3366.14,3375.64,3365.24,3375.39,7325,12
1753099200,2025-07-21T12:00:00+00:00,3375.29,3388.62,3374.57,3387.26,9918,12
1753102800,2025-07-21T13:00:00+00:00,3387.26,3395.27,3383.62,3388.69,12106,12
1753106400,2025-07-21T14:00:00+00:00,3388.63,3401.47,3386.29,3400.36,13542,12
1753110000,2025-07-21T15:00:00+00:00,3400.3,3400.98,3395.61,3398.01,10192,12
1753113600,2025-07-21T16:00:00+00:00,3398.01,3399.1,3393.88,3395.65,7481,12
1753117200,2025-07-21T17:00:00+00:00,3395.65,3395.83,3391.46,3393.31,6931,12
1753120800,2025-07-21T18:00:00+00:00,3393.31,3395.79,3393.08,3395.41,5606,12
1753124400,2025-07-21T19:00:00+00:00,3395.41,3399.73,3395.16,3398.85,7213,12
1753128000,2025-07-21T20:00:00+00:00,3398.84,3399.27,3396.76,3397.08,3116,12
1753135200,2025-07-21T22:00:00+00:00,3398.31,3401.09,3397.98,3399.44,1849,12
1753138800,2025-07-21T23:00:00+00:00,3399.44,3402.72,3393.26,3396.49,3225,12
1753142400,2025-07-22T00:00:00+00:00,3396.49,3397.7,3390.55,3394.49,5079,12
1753146000,2025-07-22T01:00:00+00:00,3394.49,3395.91,3385.14,3385.99,6736,12
1753149600,2025-07-22T02:00:00+00:00,3385.99,3391.99,3385.39,3391.65,5795,12
1753153200,2025-07-22T03:00:00+00:00,3391.62,3393.64,3388.83,3392.53,4042,12
1753156800,2025-07-22T04:00:00+00:00,3392.53,3392.53,3388.02,3391.07,3189,12
1753160400,2025-07-22T05:00:00+00:00,3391.09,3391.89,3384.74,3385.55,5347,12
1753164000,2025-07-22T06:00:00+00:00,3385.55,3388.03,3384.38,3384.74,5615,12
1753167600,2025-07-22T07:00:00+00:00,3384.74,3387.57,3383.32,3387.57,4896,12
1753171200,2025-07-22T08:00:00+00:00,3387.57,3390.11,3386.2,3389.02,5796,12
1753174800,2025-07-22T09:00:00+00:00,3389.03,3390.64,3384.67,3386.18,5731,12
1753178400,2025-07-22T10:00:00+00:00,3386.18,3388.7,3385.93,3387.04,3483,12
1753182000,2025-07-22T11:00:00+00:00,3387.04,3391.61,3386.67,3391.35,5083,12
1753185600,2025-07-22T12:00:00+00:00,3391.38,3407.84,3391.03,3407.63,9787,12
1753189200,2025-07-22T13:00:00+00:00,3407.57,3420.07,3406.44,3412.36,13991,12
1753192800,2025-07-22T14:00:00+00:00,3412.38,3427.77,3405.03,3426.38,14763,12
1753196400,2025-07-22T15:00:00+00:00,3426.3,3430.54,3423.64,3426.53,10527,12
1753200000,2025-07-22T16:00:00+00:00,3426.53,3432.9,3426.32,3432.19,8348,12
1753203600,2025-07-22T17:00:00+00:00,3432.19,3433.46,3426.53,3429.34,9059,12
1753207200,2025-07-22T18:00:00+00:00,3429.33,3431.01,3427.89,3429.67,6344,12
1753210800,2025-07-22T19:00:00+00:00,3429.65,3432.47,3428.98,3431.64,6142,12
1753214400,2025-07-22T20:00:00+00:00,3431.59,3432.68,3427.81,3431.7,3874,12
1753221600,2025-07-22T22:00:00+00:00,3431.35,3431.74,3427.54,3427.95,2013,12
1753225200,2025-07-22T23:00:00+00:00,3427.95,3433.33,3426.28,3427.45,4433,12
1753228800,2025-07-23T00:00:00+00:00,3427.43,3438.99,3427.08,3428.76,7618,12
1753232400,2025-07-23T01:00:00+00:00,3428.76,3430.64,3421.05,3421.12,9316,12
1753236000,2025-07-23T02:00:00+00:00,3421.12,3425.0,3419.2,3423.1,8006,12
1753239600,2025-07-23T03:00:00+00:00,3423.1,3428.69,3422.9,3423.13,7352,12
1753243200,2025-07-23T04:00:00+00:00,3423.13,3425.35,3422.04,3423.61,5251,12
1753246800,2025-07-23T05:00:00+00:00,3423.61,3423.84,3416.39,3420.4,7320,12
1753250400,2025-07-23T06:00:00+00:00,3420.44,3425.18,3419.56,3425.11,7610,12
1753254000,2025-07-23T07:00:00+00:00,3425.05,3429.65,3419.99,3420.69,7895,12
1753257600,2025-07-23T08:00:00+00:00,3420.69,3428.78,3420.57,3428.48,6303,12
1753261200,2025-07-23T09:00:00+00:00,3428.48,3433.79,3428.34,3431.13,5698,12
1753264800,2025-07-23T10:00:00+00:00,3431.13,3431.34,3421.23,3422.73,6750,12
1753268400,2025-07-23T11:00:00+00:00,3422.73,3429.8,3420.45,3428.22,6289,12
1753272000,2025-07-23T12:00:00+00:00,3428.22,3429.93,3419.96,3420.03,8824,12
1753275600,2025-07-23T13:00:00+00:00,3420.03,3420.55,3405.67,3413.43,13777,12
1753279200,2025-07-23T14:00:00+00:00,3413.42,3419.87,3410.74,3413.61,11381,12
1753282800,2025-07-23T15:00:00+00:00,3413.61,3415.84,3398.23,3398.23,9960,12
1753286400,2025-07-23T16:00:00+00:00,3398.2,3398.2,3381.51,3387.44,14460,12
1753290000,2025-07-23T17:00:00+00:00,3387.45,3394.9,3385.8,3393.28,9095,12
1753293600,2025-07-23T18:00:00+00:00,3393.28,3395.95,3392.05,3393.65,5955,12
1753297200,2025-07-23T19:00:00+00:00,3393.65,3395.92,3388.56,3390.16,6044,12
1753300800,2025-07-23T20:00:00+00:00,3390.18,3390.46,3386.13,3387.2,3075,12
1753308000,2025-07-23T22:00:00+00:00,3389.97,3392.49,3386.84,3386.9,2017,12
1753311600,2025-07-23T23:00:00+00:00,3386.9,3391.61,3386.57,3390.06,2398,12
1753315200,2025-07-24T00:00:00+00:00,3390.06,3393.3,3388.59,3391.48,3357,12
1753318800,2025-07-24T01:00:00+00:00,3391.48,3393.38,3384.08,3387.64,8649,12
1753322400,2025-07-24T02:00:00+00:00,3387.65,3388.91,3380.68,3383.87,8261,12
1753326000,2025-07-24T03:00:00+00:00,3383.87,3386.03,3374.9,3383.8,7491,12
1753329600,2025-07-24T04:00:00+00:00,3383.81,3385.35,3381.03,3382.6,3939,12
1753333200,2025-07-24T05:00:00+00:00,3382.6,3382.92,3374.54,3379.29,6238,12
1753336800,2025-07-24T06:00:00+00:00,3379.29,3379.71,3370.01,3375.93,8291,12
1753340400,2025-07-24T07:00:00+00:00,3375.93,3377.56,3366.09,3367.73,7209,12
1753344000,2025-07-24T08:00:00+00:00,3367.76,3374.66,3365.88,3369.73,7460,12
1753347600,2025-07-24T09:00:00+00:00,3369.73,3370.12,3362.02,3363.68,6998,12
1753351200,2025-07-24T10:00:00+00:00,3363.68,3367.25,3362.21,3364.34,5411,12
1753354800,2025-07-24T11:00:00+00:00,3364.34,3366.49,3361.35,3362.23,5580,12
1753358400,2025-07-24T12:00:00+00:00,3362.16,3365.52,3352.66,3353.4,10731,12
1753362000,2025-07-24T13:00:00+00:00,3353.49,3372.18,3351.42,3366.73,13552,12
1753365600,2025-07-24T14:00:00+00:00,3366.69,3377.41,3365.8,3373.67,11914,12
1753369200,2025-07-24T15:00:00+00:00,3373.65,3375.24,3370.35,3372.58,9531,12
1753372800,2025-07-24T16:00:00+00:00,3372.58,3373.75,3366.91,3366.94,7469,12
1753376400,2025-07-24T17:00:00+00:00,3366.94,3371.81,3366.3,3370.01,6273,12
1753380000,2025-07-24T18:00:00+00:00,3370.02,3373.46,3367.46,3372.02,5204,12
1753383600,2025-07-24T19:00:00+00:00,3372.02,3373.11,3370.12,3370.47,5047,12
1753387200,2025-07-24T20:00:00+00:00,3370.49,3371.23,3367.31,3368.56,3049,12
1753394400,2025-07-24T22:00:00+00:00,3368.45,3369.94,3365.1,3368.85,2848,12
1753398000,2025-07-24T23:00:00+00:00,3368.85,3371.44,3366.76,3369.45,2999,12
1753401600,2025-07-25T00:00:00+00:00,3369.45,3373.48,3368.43,3372.2,3798,12
1753405200,2025-07-25T01:00:00+00:00,3372.2,3372.68,3366.44,3371.09,5972,12
1753408800,2025-07-25T02:00:00+00:00,3370.47,3370.63,3362.44,3363.11,5320,12
1753412400,2025-07-25T03:00:00+00:00,3363.06,3363.46,3358.82,3359.14,4125,12
1753416000,2025-07-25T04:00:00+00:00,3359.14,3363.46,3357.93,3360.93,3989,12
1753419600,2025-07-25T05:00:00+00:00,3360.93,3362.32,3355.32,3358.72,4565,12
1753423200,2025-07-25T06:00:00+00:00,3358.72,3359.63,3354.79,3359.4,5692,12
1753426800,2025-07-25T07:00:00+00:00,3359.37,3360.11,3352.75,3354.07,5493,12
1753430400,2025-07-25T08:00:00+00:00,3354.07,3355.34,3344.56,3345.48,6068,12
1753434000,2025-07-25T09:00:00+00:00,3345.48,3348.84,3343.15,3345.93,5163,12
1753437600,2025-07-25T10:00:00+00:00,3345.93,3348.06,3341.02,3342.91,4705,12
1753441200,2025-07-25T11:00:00+00:00,3342.94,3345.15,3338.71,3341.09,5589,12
1753444800,2025-07-25T12:00:00+00:00,3341.03,3344.11,3336.49,3340.77,7816,12
1753448400,2025-07-25T13:00:00+00:00,3340.77,3347.53,3336.78,3343.9,12242,12
1753452000,2025-07-25T14:00:00+00:00,3343.93,3344.91,3330.6,3331.88,13212,12
1753455600,2025-07-25T15:00:00+00:00,3331.86,3335.94,3325.08,3327.77,11998,12
1753459200,2025-07-25T16:00:00+00:00,3327.81,3331.38,3326.25,3329.77,7344,12
1753462800,2025-07-25T17:00:00+00:00,3329.82,3336.82,3329.66,3335.97,6001,12
1753466400,2025-07-25T18:00:00+00:00,3335.97,3339.4,3335.89,3338.8,4666,12
1753470000,2025-07-25T19:00:00+00:00,3338.8,3340.3,3337.23,3337.69,5409,12
1753473600,2025-07-25T20:00:00+00:00,3337.68,3339.19,3336.65,3338.81,2103,12
1753653600,2025-07-27T22:00:00+00:00,3329.36,3335.34,3324.1,3329.56,5050,12
1753657200,2025-07-27T23:00:00+00:00,3329.56,3337.36,3329.42,3333.64,4784,12
1753660800,2025-07-28T00:00:00+00:00,3333.64,3336.02,3327.67,3333.41,5735,12
1753664400,2025-07-28T01:00:00+00:00,3333.39,3338.8,3329.94,3332.02,7946,12
1753668000,2025-07-28T02:00:00+00:00,3332.02,3336.51,3330.61,3335.63,5369,12
1753671600,2025-07-28T03:00:00+00:00,3335.63,3343.35,3334.5,3343.24,4896,12
1753675200,2025-07-28T04:00:00+00:00,3343.2,3344.03,3339.48,3339.64,4142,12
1753678800,2025-07-28T05:00:00+00:00,3339.64,3344.15,3338.12,3343.33,4974,12
1753682400,2025-07-28T06:00:00+00:00,3343.32,3345.36,3335.86,3340.13,6652,12
1753686000,2025-07-28T07:00:00+00:00,3340.13,3341.98,3333.94,3335.01,6601,12
1753689600,2025-07-28T08:00:00+00:00,3335.01,3338.81,3332.39,3336.06,5671,12
1753693200,2025-07-28T09:00:00+00:00,3336.06,3340.73,3335.96,3337.81,5610,12
1753696800,2025-07-28T10:00:00+00:00,3337.81,3338.81,3334.23,3335.9,5481,12
1753700400,2025-07-28T11:00:00+00:00,3335.9,3338.32,3334.47,3336.49,5028,12
1753704000,2025-07-28T12:00:00+00:00,3336.59,3338.37,3325.57,3328.42,9123,12
1753707600,2025-07-28T13:00:00+00:00,3328.42,3330.66,3301.81,3302.26,12111,12
1753711200,2025-07-28T14:00:00+00:00,3302.27,3314.81,3301.86,3307.95,12812,12
1753714800,2025-07-28T15:00:00+00:00,3307.95,3317.19,3306.63,3314.79,9275,12
1753718400,2025-07-28T16:00:00+00:00,3314.79,3314.96,3311.48,3312.2,6580,12
1753722000,2025-07-28T17:00:00+00:00,3312.2,3313.21,3308.83,3310.76,7000,12
1753725600,2025-07-28T18:00:00+00:00,3310.76,3315.58,3310.26,3313.63,5578,12
1753729200,2025-07-28T19:00:00+00:00,3313.64,3318.82,3313.05,3317.17,6647,12
1753732800,2025-07-28T20:00:00+00:00,3317.17,3318.47,3314.25,3314.57,3161,12
1753740000,2025-07-28T22:00:00+00:00,3314.45,3315.3,3311.99,3314.63,3654,12
1753743600,2025-07-28T23:00:00+00:00,3314.63,3314.69,3310.47,3312.64,2443,12
1753747200,2025-07-29T00:00:00+00:00,3312.64,3315.89,3308.08,3311.6,5549,12
1753750800,2025-07-29T01:00:00+00:00,3311.6,3320.83,3308.55,3318.97,7311,12
1753754400,2025-07-29T02:00:00+00:00,3318.98,3320.29,3317.54,3318.91,5561,12
1753758000,2025-07-29T03:00:00+00:00,3318.91,3318.91,3311.28,3312.62,4877,12
1753761600,2025-07-29T04:00:00+00:00,3312.62,3317.44,3309.11,3316.5,4509,12
1753765200,2025-07-29T05:00:00+00:00,3316.5,3320.09,3314.32,3319.95,4943,12
1753768800,2025-07-29T06:00:00+00:00,3319.95,3322.35,3316.24,3317.08,8517,12
1753772400,2025-07-29T07:00:00+00:00,3317.28,3318.67,3311.29,3317.15,8088,12
1753776000,2025-07-29T08:00:00+00:00,3317.16,3330.0,3316.73,3326.37,7547,12
1753779600,2025-07-29T09:00:00+00:00,3326.38,3328.23,3320.92,3324.56,7784,12
1753783200,2025-07-29T10:00:00+00:00,3324.55,3326.37,3322.04,3322.12,4585,12
1753786800,2025-07-29T11:00:00+00:00,3322.12,3322.21,3314.97,3315.23,6978,12
1753790400,2025-07-29T12:00:00+00:00,3315.27,3324.59,3315.25,3323.35,8531,12
1753794000,2025-07-29T13:00:00+00:00,3323.34,3324.29,3312.85,3317.64,12154,12
1753797600,2025-07-29T14:00:00+00:00,3317.66,3329.59,3312.08,3328.91,12197,12
1753801200,2025-07-29T15:00:00+00:00,3328.91,3334.1,3319.62,3320.67,10471,12
1753804800,2025-07-29T16:00:00+00:00,3320.68,3324.74,3319.1,3323.15,7302,12
1753808400,2025-07-29T17:00:00+00:00,3323.18,3329.29,3323.02,3328.28,6947,12
1753812000,2025-07-29T18:00:00+00:00,3328.28,3330.89,3325.33,3325.84,5576,12
1753815600,2025-07-29T19:00:00+00:00,3325.83,3328.75,3322.65,3325.04,6564,12
1753819200,2025-07-29T20:00:00+00:00,3325.06,3326.74,3324.72,3326.56,3287,12
1753826400,2025-07-29T22:00:00+00:00,3326.82,3329.2,3326.03,3327.69,1382,12
1753830000,2025-07-29T23:00:00+00:00,3327.69,3328.35,3326.19,3327.6,1726,12
1753833600,2025-07-30T00:00:00+00:00,3327.59,3333.72,3327.28,3330.28,4490,12
1753837200,2025-07-30T01:00:00+00:00,3330.28,3333.27,3321.84,3323.3,7037,12
1753840800,2025-07-30T02:00:00+00:00,3323.25,3332.36,3323.24,3329.42,6161,12
1753844400,2025-07-30T03:00:00+00:00,3329.42,3329.85,3326.24,3328.39,3631,12
1753848000,2025-07-30T04:00:00+00:00,3328.39,3329.79,3325.85,3327.17,3172,12
1753851600,2025-07-30T05:00:00+00:00,3327.18,3330.64,3324.44,3325.0,4724,12
1753855200,2025-07-30T06:00:00+00:00,3324.98,3327.56,3323.14,3327.15,5504,12
1753858800,2025-07-30T07:00:00+00:00,3327.2,3332.19,3325.62,3327.77,5519,12
1753862400,2025-07-30T08:00:00+00:00,3327.77,3333.42,3327.61,3332.24,4529,12
1753866000,2025-07-30T09:00:00+00:00,3332.24,3334.01,3329.42,3331.31,4808,12
1753869600,2025-07-30T10:00:00+00:00,3331.31,3332.93,3326.69,3328.52,6059,12
1753873200,2025-07-30T11:00:00+00:00,3328.53,3331.65,3324.02,3330.84,6791,12
1753876800,2025-07-30T12:00:00+00:00,3330.84,3331.88,3310.71,3313.08,10417,12
1753880400,2025-07-30T13:00:00+00:00,3313.31,3316.12,3298.41,3303.06,14471,12
1753884000,2025-07-30T14:00:00+00:00,3303.06,3308.42,3301.27,3302.15,10168,12
1753887600,2025-07-30T15:00:00+00:00,3302.15,3303.39,3288.79,3290.38,10140,12
1753891200,2025-07-30T16:00:00+00:00,3290.42,3298.55,3289.96,3298.1,6901,12
1753894800,2025-07-30T17:00:00+00:00,3298.11,3302.06,3297.77,3301.48,6076,12
1753898400,2025-07-30T18:00:00+00:00,3301.48,3304.96,3279.61,3280.34,15560,12
1753902000,2025-07-30T19:00:00+00:00,3280.27,3282.7,3268.07,3269.38,13392,12
1753905600,2025-07-30T20:00:00+00:00,3269.39,3276.26,3268.99,3275.01,5919,12
1753912800,2025-07-30T22:00:00+00:00,3275.49,3280.03,3273.9,3278.92,3218,12
1753916400,2025-07-30T23:00:00+00:00,3278.92,3285.84,3277.81,3285.31,3074,12
1753920000,2025-07-31T00:00:00+00:00,3285.31,3288.46,3282.83,3286.42,5697,12
1753923600,2025-07-31T01:00:00+00:00,3286.51,3294.04,3285.09,3293.87,8034,12
1753927200,2025-07-31T02:00:00+00:00,3293.87,3297.49,3290.5,3297.27,5850,12
1753930800,2025-07-31T03:00:00+00:00,3297.33,3298.61,3293.42,3295.11,4949,12
1753934400,2025-07-31T04:00:00+00:00,3295.07,3298.43,3293.71,3298.12,3852,12
1753938000,2025-07-31T05:00:00+00:00,3298.12,3301.61,3294.75,3299.72,4415,12
1753941600,2025-07-31T06:00:00+00:00,3299.69,3304.72,3298.07,3299.1,6542,12
1753945200,2025-07-31T07:00:00+00:00,3299.1,3309.72,3298.12,3303.43,6133,12
1753948800,2025-07-31T08:00:00+00:00,3304.78,3314.85,3303.67,3309.91,6173,12
1753952400,2025-07-31T09:00:00+00:00,3309.9,3313.13,3304.87,3306.65,5995,12
1753956000,2025-07-31T10:00:00+00:00,3306.65,3308.11,3293.8,3296.29,6918,12
1753959600,2025-07-31T11:00:00+00:00,3296.29,3307.78,3295.23,3306.17,8069,12
1753963200,2025-07-31T12:00:00+00:00,3306.19,3311.18,3304.06,3307.63,8832,12
1753966800,2025-07-31T13:00:00+00:00,3307.63,3310.33,3300.59,3301.39,12305,12
1753970400,2025-07-31T14:00:00+00:00,3301.17,3303.07,3291.39,3296.24,12416,12
1753974000,2025-07-31T15:00:00+00:00,3296.24,3299.01,3291.34,3295.55,9823,12
1753977600,2025-07-31T16:00:00+00:00,3295.49,3297.38,3289.72,3295.06,9375,12
1753981200,2025-07-31T17:00:00+00:00,3295.05,3298.45,3294.06,3294.97,7678,12
1753984800,2025-07-31T18:00:00+00:00,3294.98,3297.09,3292.82,3295.74,6148,12
1753988400,2025-07-31T19:00:00+00:00,3295.74,3296.4,3290.54,3291.02,6718,12
1753992000,2025-07-31T20:00:00+00:00,3290.99,3293.7,3289.88,3290.07,3212,12
1753999200,2025-07-31T22:00:00+00:00,3289.95,3295.18,3289.12,3294.99,2025,12
1754002800,2025-07-31T23:00:00+00:00,3294.99,3295.11,3288.09,3288.57,3622,12
1754006400,2025-08-01T00:00:00+00:00,3288.57,3293.79,3286.47,3290.27,5844,12
1754010000,2025-08-01T01:00:00+00:00,3290.27,3293.61,3281.65,3283.74,7250,12
1754013600,2025-08-01T02:00:00+00:00,3283.73,3292.44,3283.37,3291.77,7000,12
1754017200,2025-08-01T03:00:00+00:00,3291.78,3297.13,3290.57,3291.46,5495,12
1754020800,2025-08-01T04:00:00+00:00,3291.46,3295.52,3290.1,3292.13,5020,12
1754024400,2025-08-01T05:00:00+00:00,3292.13,3300.48,3291.81,3296.67,5238,12
1754028000,2025-08-01T06:00:00+00:00,3296.67,3297.41,3290.61,3292.39,6892,12
1754031600,2025-08-01T07:00:00+00:00,3292.4,3293.42,3285.27,3286.83,7180,12
1754035200,2025-08-01T08:00:00+00:00,3286.82,3294.45,3285.42,3294.29,6316,12
1754038800,2025-08-01T09:00:00+00:00,3294.29,3296.38,3292.78,3294.45,5833,12
1754042400,2025-08-01T10:00:00+00:00,3294.45,3303.12,3293.3,3298.32,5459,12
1754046000,2025-08-01T11:00:00+00:00,3298.31,3301.39,3296.87,3300.36,6171,12
1754049600,2025-08-01T12:00:00+00:00,3300.36,3345.19,3297.45,3341.26,14089,12
1754053200,2025-08-01T13:00:00+00:00,3341.26,3354.73,3338.88,3342.06,17548,12
1754056800,2025-08-01T14:00:00+00:00,3342.04,3355.13,3341.38,3345.89,16148,12
1754060400,2025-08-01T15:00:00+00:00,3345.89,3351.21,3341.62,3348.58,11378,12
1754064000,2025-08-01T16:00:00+00:00,3348.58,3349.42,3340.58,3347.33,9312,12
1754067600,2025-08-01T17:00:00+00:00,3347.33,3349.43,3345.62,3348.24,8149,12
1754071200,2025-08-01T18:00:00+00:00,3348.24,3351.28,3345.96,3347.58,6497,12
1754074800,2025-08-01T19:00:00+00:00,3347.58,3361.28,3347.58,3357.23,8716,12
1754078400,2025-08-01T20:00:00+00:00,3357.25,3362.74,3357.08,3362.64,3214,12
1754258400,2025-08-03T22:00:00+00:00,3364.21,3364.59,3357.61,3359.13,4141,12
1754262000,2025-08-03T23:00:00+00:00,3359.13,3362.03,3354.6,3362.0,3847,12
1754265600,2025-08-04T00:00:00+00:00,3362.0,3362.35,3350.33,3352.19,6535,12
1754269200,2025-08-04T01:00:00+00:00,3352.21,3353.62,3345.06,3352.25,8213,12
1754272800,2025-08-04T02:00:00+00:00,3352.25,3355.29,3350.28,3354.32,5288,12
1754276400,2025-08-04T03:00:00+00:00,3354.32,3360.87,3354.31,3360.32,5228,12
1754280000,2025-08-04T04:00:00+00:00,3360.32,3362.16,3358.77,3358.92,3597,12
1754283600,2025-08-04T05:00:00+00:00,3358.92,3361.01,3355.55,3357.57,4445,12
1754287200,2025-08-04T06:00:00+00:00,3357.57,3362.68,3353.59,3362.68,6809,12
1754290800,2025-08-04T07:00:00+00:00,3362.64,3362.64,3351.74,3355.86,7561,12
1754294400,2025-08-04T08:00:00+00:00,3355.97,3359.85,3354.11,3358.48,6098,12
1754298000,2025-08-04T09:00:00+00:00,3358.48,3361.78,3356.89,3357.98,6066,12
1754301600,2025-08-04T10:00:00+00:00,3357.98,3358.91,3352.98,3357.87,5400,12
1754305200,2025-08-04T11:00:00+00:00,3357.88,3370.7,3357.73,3370.35,7537,12
1754308800,2025-08-04T12:00:00+00:00,3370.35,3371.51,3361.08,3367.83,8676,12
1754312400,2025-08-04T13:00:00+00:00,3367.83,3385.4,3367.14,3383.38,11702,12
1754316000,2025-08-04T14:00:00+00:00,3383.42,3384.63,3371.96,3374.02,11522,12
1754319600,2025-08-04T15:00:00+00:00,3374.02,3376.09,3370.72,3374.33,9057,12
1754323200,2025-08-04T16:00:00+00:00,3374.33,3378.18,3370.58,3371.0,7274,12
1754326800,2025-08-04T17:00:00+00:00,3371.0,3374.3,3370.72,3373.98,6051,12
1754330400,2025-08-04T18:00:00+00:00,3373.99,3376.86,3373.26,3375.81,4975,12
1754334000,2025-08-04T19:00:00+00:00,3375.81,3377.14,3374.54,3376.0,5699,12
1754337600,2025-08-04T20:00:00+00:00,3375.97,3376.95,3373.41,3373.65,2613,12
1754344800,2025-08-04T22:00:00+00:00,3374.45,3376.48,3373.74,3374.84,1421,12
1754348400,2025-08-04T23:00:00+00:00,3374.84,3379.68,3374.81,3377.45,3317,12
1754352000,2025-08-05T00:00:00+00:00,3377.45,3381.35,3375.93,3379.85,4390,12
1754355600,2025-08-05T01:00:00+00:00,3379.85,3382.4,3377.97,3379.11,5456,12
1754359200,2025-08-05T02:00:00+00:00,3379.12,3381.38,3373.71,3373.71,5121,12
1754362800,2025-08-05T03:00:00+00:00,3373.71,3375.47,3372.13,3372.17,4067,12
1754366400,2025-08-05T04:00:00+00:00,3372.17,3373.17,3371.04,3371.15,3165,12
1754370000,2025-08-05T05:00:00+00:00,3371.15,3374.1,3367.67,3374.03,5358,12
1754373600,2025-08-05T06:00:00+00:00,3374.03,3374.17,3365.75,3366.25,5531,12
1754377200,2025-08-05T07:00:00+00:00,3366.25,3375.52,3366.1,3373.69,6813,12
1754380800,2025-08-05T08:00:00+00:00,3373.69,3374.65,3366.04,3366.12,6074,12
1754384400,2025-08-05T09:00:00+00:00,3366.14,3366.33,3358.92,3359.67,5907,12
1754388000,2025-08-05T10:00:00+00:00,3359.67,3361.79,3352.96,3353.17,6518,12
1754391600,2025-08-05T11:00:00+00:00,3353.17,3354.35,3349.87,3351.38,6316,12
1754395200,2025-08-05T12:00:00+00:00,3351.38,3367.0,3349.87,3366.12,8699,12
1754398800,2025-08-05T13:00:00+00:00,3366.12,3379.71,3365.92,3373.82,10924,12
1754402400,2025-08-05T14:00:00+00:00,3373.83,3386.57,3370.6,3385.28,13842,12
1754406000,2025-08-05T15:00:00+00:00,3385.28,3390.05,3382.19,3389.5,8729,12
1754409600,2025-08-05T16:00:00+00:00,3389.5,3390.43,3376.99,3382.08,7555,12
1754413200,2025-08-05T17:00:00+00:00,3382.09,3382.8,3379.05,3380.1,5672,12
1754416800,2025-08-05T18:00:00+00:00,3380.11,3381.18,3378.48,3380.06,4654,12
1754420400,2025-08-05T19:00:00+00:00,3380.06,3381.39,3378.12,3379.0,4370,12
1754424000,2025-08-05T20:00:00+00:00,3379.0,3380.89,3378.45,3380.8,2134,12
1754431200,2025-08-05T22:00:00+00:00,3380.95,3381.93,3378.21,3379.71,1509,12
1754434800,2025-08-05T23:00:00+00:00,3379.71,3383.98,3379.02,3383.27,2622,12
1754438400,2025-08-06T00:00:00+00:00,3383.23,3385.31,3380.93,3383.48,4638,12
1754442000,2025-08-06T01:00:00+00:00,3383.48,3383.61,3373.17,3376.14,6509,12
1754445600,2025-08-06T02:00:00+00:00,3376.14,3377.86,3374.2,3376.34,4771,12
1754449200,2025-08-06T03:00:00+00:00,3376.34,3378.32,3373.49,3374.59,3894,12
1754452800,2025-08-06T04:00:00+00:00,3374.59,3376.52,3372.23,3372.44,2562,12
1754456400,2025-08-06T05:00:00+00:00,3372.44,3374.71,3370.71,3374.33,4114,12
1754460000,2025-08-06T06:00:00+00:00,3374.32,3378.62,3373.27,3375.16,4827,12
1754463600,2025-08-06T07:00:00+00:00,3375.16,3377.13,3369.07,3373.61,5496,12
1754467200,2025-08-06T08:00:00+00:00,3373.61,3374.81,3364.82,3365.17,5933,12
1754470800,2025-08-06T09:00:00+00:00,3365.17,3367.8,3358.25,3358.9,5907,12
1754474400,2025-08-06T10:00:00+00:00,3358.9,3365.42,3358.24,3363.65,5920,12
1754478000,2025-08-06T11:00:00+00:00,3363.65,3367.0,3360.72,3365.19,4713,12
1754481600,2025-08-06T12:00:00+00:00,3365.19,3369.28,3360.21,3367.53,7835,12
1754485200,2025-08-06T13:00:00+00:00,3367.55,3373.51,3365.29,3371.71,11447,12
1754488800,2025-08-06T14:00:00+00:00,3371.69,3379.28,3369.6,3379.28,8800,12
1754492400,2025-08-06T15:00:00+00:00,3379.29,3379.91,3370.23,3377.45,9013,12
1754496000,2025-08-06T16:00:00+00:00,3377.45,3379.36,3372.94,3376.07,6625,12
1754499600,2025-08-06T17:00:00+00:00,3376.11,3377.63,3370.84,3374.55,6877,12
1754503200,2025-08-06T18:00:00+00:00,3374.54,3374.6,3369.05,3371.65,6137,12
1754506800,2025-08-06T19:00:00+00:00,3371.65,3373.09,3370.34,3371.71,5709,12
1754510400,2025-08-06T20:00:00+00:00,3371.71,3372.18,3367.18,3369.31,3369,12
1754517600,2025-08-06T22:00:00+00:00,3370.72,3374.76,3369.96,3371.94,3031,12
1754521200,2025-08-06T23:00:00+00:00,3371.94,3371.96,3367.59,3370.2,3767,12
1754524800,2025-08-07T00:00:00+00:00,3370.21,3374.95,3365.25,3372.28,8751,12
1754528400,2025-08-07T01:00:00+00:00,3372.28,3382.53,3370.2,3382.3,9063,12
1754532000,2025-08-07T02:00:00+00:00,3382.3,3384.09,3378.28,3379.61,5585,12
1754535600,2025-08-07T03:00:00+00:00,3379.61,3380.29,3376.53,3379.77,4919,12
1754539200,2025-08-07T04:00:00+00:00,3379.77,3380.7,3376.92,3377.58,4522,12
1754542800,2025-08-07T05:00:00+00:00,3377.58,3381.04,3371.68,3375.52,8250,12
1754546400,2025-08-07T06:00:00+00:00,3375.54,3387.79,3375.1,3387.77,9083,12
1754550000,2025-08-07T07:00:00+00:00,3387.78,3397.35,3386.32,3396.18,9731,12
1754553600,2025-08-07T08:00:00+00:00,3396.18,3396.56,3372.48,3378.15,14107,12
1754557200,2025-08-07T09:00:00+00:00,3378.24,3381.25,3373.37,3376.74,10437,12
1754560800,2025-08-07T10:00:00+00:00,3376.74,3378.84,3371.82,3372.98,7274,12
1754564400,2025-08-07T11:00:00+00:00,3372.98,3383.28,3371.85,3378.22,10833,12
1754568000,2025-08-07T12:00:00+00:00,3378.24,3389.77,3375.32,3380.79,10913,12
1754571600,2025-08-07T13:00:00+00:00,3380.76,3393.84,3380.14,3384.95,14130,12
1754575200,2025-08-07T14:00:00+00:00,3384.96,3390.28,3375.35,3387.82,16610,12
1754578800,2025-08-07T15:00:00+00:00,3387.9,3390.81,3384.47,3390.17,9885,12
1754582400,2025-08-07T16:00:00+00:00,3390.13,3392.62,3387.18,3388.82,7564,12
1754586000,2025-08-07T17:00:00+00:00,3388.82,3393.03,3384.38,3392.25,8549,12
1754589600,2025-08-07T18:00:00+00:00,3392.25,3394.0,3387.63,3388.2,6428,12
1754593200,2025-08-07T19:00:00+00:00,3388.2,3400.71,3387.3,3399.79,9729,12
1754596800,2025-08-07T20:00:00+00:00,3399.75,3401.9,3392.78,3396.03,8192,12
1754604000,2025-08-07T22:00:00+00:00,3401.23,3409.02,3388.72,3404.77,8481,9
1754607600,2025-08-07T23:00:00+00:00,3404.77,3406.61,3397.0,3400.57,4492,12
1754611200,2025-08-08T00:00:00+00:00,3400.57,3402.41,3387.56,3389.71,15057,12
1754614800,2025-08-08T01:00:00+00:00,3389.7,3390.67,3381.13,3383.55,14145,12
1754618400,2025-08-08T02:00:00+00:00,3383.55,3389.79,3383.26,3388.44,10881,12
1754622000,2025-08-08T03:00:00+00:00,3388.44,3397.81,3383.72,3395.86,12012,12
1754625600,2025-08-08T04:00:00+00:00,3395.86,3399.29,3393.43,3394.38,9090,12
1754629200,2025-08-08T05:00:00+00:00,3394.38,3395.83,3390.28,3392.3,9242,12
1754632800,2025-08-08T06:00:00+00:00,3392.3,3397.84,3388.8,3393.55,12284,12
1754636400,2025-08-08T07:00:00+00:00,3393.53,3404.28,3392.06,3401.89,14477,12
1754640000,2025-08-08T08:00:00+00:00,3402.18,3402.62,3394.08,3394.37,13602,12
1754643600,2025-08-08T09:00:00+00:00,3394.43,3401.5,3394.01,3400.68,12941,12
1754647200,2025-08-08T10:00:00+00:00,3400.63,3400.99,3384.38,3385.17,14248,12
1754650800,2025-08-08T11:00:00+00:00,3385.17,3388.54,3380.61,3386.15,15401,12
1754654400,2025-08-08T12:00:00+00:00,3386.15,3401.75,3385.24,3391.57,17888,12
1754658000,2025-08-08T13:00:00+00:00,3391.6,3401.64,3387.64,3400.25,17983,12
1754661600,2025-08-08T14:00:00+00:00,3400.23,3401.19,3381.19,3390.62,15891,12
1754665200,2025-08-08T15:00:00+00:00,3390.63,3395.37,3388.81,3395.34,13449,12
1754668800,2025-08-08T16:00:00+00:00,3395.34,3400.61,3393.61,3397.48,10670,12
1754672400,2025-08-08T17:00:00+00:00,3397.48,3399.48,3385.17,3385.17,9208,12
1754676000,2025-08-08T18:00:00+00:00,3385.09,3404.25,3378.69,3395.49,15210,12
1754679600,2025-08-08T19:00:00+00:00,3395.48,3400.76,3392.33,3398.6,11950,12
1754683200,2025-08-08T20:00:00+00:00,3398.55,3398.97,3392.29,3398.2,5104,12
1754863200,2025-08-10T22:00:00+00:00,3400.55,3401.9,3390.88,3395.3,3569,12
1754866800,2025-08-10T23:00:00+00:00,3395.3,3396.99,3390.14,3391.5,3045,12
1754870400,2025-08-11T00:00:00+00:00,3391.5,3391.65,3381.48,3381.67,8728,12
1754874000,2025-08-11T01:00:00+00:00,3381.65,3383.94,3367.72,3377.58,11344,12
1754877600,2025-08-11T02:00:00+00:00,3377.58,3379.96,3369.77,3377.25,8661,12
1754881200,2025-08-11T03:00:00+00:00,3377.21,3380.18,3374.12,3378.29,6457,12
1754884800,2025-08-11T04:00:00+00:00,3378.29,3379.81,3375.57,3375.87,5138,12
1754888400,2025-08-11T05:00:00+00:00,3375.87,3380.11,3374.07,3377.14,6392,12
1754892000,2025-08-11T06:00:00+00:00,3377.15,3377.19,3363.82,3365.79,9201,12
1754895600,2025-08-11T07:00:00+00:00,3365.73,3366.4,3357.01,3360.22,10544,12
1754899200,2025-08-11T08:00:00+00:00,3360.24,3365.84,3358.89,3361.93,8717,12
1754902800,2025-08-11T09:00:00+00:00,3361.93,3363.74,3352.98,3353.21,9203,12
1754906400,2025-08-11T10:00:00+00:00,3353.26,3363.89,3353.1,3358.49,7722,12
1754910000,2025-08-11T11:00:00+00:00,3358.48,3358.91,3349.93,3355.29,9858,12
1754913600,2025-08-11T12:00:00+00:00,3355.29,3357.55,3344.48,3356.89,11388,12
1754917200,2025-08-11T13:00:00+00:00,3356.89,3362.86,3348.4,3358.62,13406,12
1754920800,2025-08-11T14:00:00+00:00,3358.63,3359.32,3341.54,3346.3,12372,12
1754924400,2025-08-11T15:00:00+00:00,3346.31,3352.25,3344.87,3349.43,9336,12
1754928000,2025-08-11T16:00:00+00:00,3349.43,3350.32,3342.61,3344.1,8579,12
1754931600,2025-08-11T17:00:00+00:00,3344.14,3358.84,3341.23,3357.63,10233,12
1754935200,2025-08-11T18:00:00+00:00,3357.63,3358.67,3352.33,3356.18,6899,12
1754938800,2025-08-11T19:00:00+00:00,3356.18,3356.86,3350.51,3351.59,5498,12
1754942400,2025-08-11T20:00:00+00:00,3351.54,3351.76,3342.25,3342.76,4570,12
1754949600,2025-08-11T22:00:00+00:00,3343.12,3347.25,3342.5,3347.12,2838,12
1754953200,2025-08-11T23:00:00+00:00,3347.12,3349.56,3346.29,3349.04,2759,12
1754956800,2025-08-12T00:00:00+00:00,3349.04,3355.78,3347.43,3354.56,5090,12
1754960400,2025-08-12T01:00:00+00:00,3354.59,3357.47,3346.19,3349.76,7634,12
1754964000,2025-08-12T02:00:00+00:00,3349.76,3354.29,3349.71,3353.02,4935,12
1754967600,2025-08-12T03:00:00+00:00,3353.02,3355.4,3348.15,3349.4,5001,12
1754971200,2025-08-12T04:00:00+00:00,3349.43,3355.7,3348.61,3354.4,4703,12
1754974800,2025-08-12T05:00:00+00:00,3354.45,3355.78,3350.53,3354.6,5228,12
1754978400,2025-08-12T06:00:00+00:00,3354.6,3354.92,3342.33,3345.48,8389,12
1754982000,2025-08-12T07:00:00+00:00,3345.48,3358.12,3343.82,3355.64,7061,12
1754985600,2025-08-12T08:00:00+00:00,3355.64,3355.83,3345.55,3347.92,5749,12
1754989200,2025-08-12T09:00:00+00:00,3347.94,3351.85,3344.47,3345.58,5225,12
1754992800,2025-08-12T10:00:00+00:00,3345.5,3350.54,3343.96,3344.67,6106,12
1754996400,2025-08-12T11:00:00+00:00,3344.69,3348.36,3336.16,3347.52,7812,12
1755000000,2025-08-12T12:00:00+00:00,3347.52,3358.07,3338.58,3349.94,13471,12
1755003600,2025-08-12T13:00:00+00:00,3349.93,3357.09,3340.13,3345.6,15669,12
1755007200,2025-08-12T14:00:00+00:00,3345.58,3346.6,3331.13,3337.45,13742,12
1755010800,2025-08-12T15:00:00+00:00,3337.45,3359.31,3336.94,3349.83,12722,12
1755014400,2025-08-12T16:00:00+00:00,3349.84,3351.22,3345.92,3349.5,9082,12
1755018000,2025-08-12T17:00:00+00:00,3349.48,3350.67,3346.42,3349.04,6708,12
1755021600,2025-08-12T18:00:00+00:00,3349.04,3350.87,3347.53,3349.02,5113,12
1755025200,2025-08-12T19:00:00+00:00,3349.03,3349.32,3345.53,3347.59,5393,12
1755028800,2025-08-12T20:00:00+00:00,3347.6,3350.1,3345.99,3348.11,3552,12
1755036000,2025-08-12T22:00:00+00:00,3349.64,3353.76,3349.27,3350.49,2027,12
1755039600,2025-08-12T23:00:00+00:00,3350.49,3352.08,3349.7,3350.59,2377,12
1755043200,2025-08-13T00:00:00+00:00,3350.59,3350.77,3342.71,3343.55,5332,12
1755046800,2025-08-13T01:00:00+00:00,3343.59,3352.05,3342.71,3350.89,7276,12
1755050400,2025-08-13T02:00:00+00:00,3350.89,3354.35,3346.66,3351.82,6136,12
1755054000,2025-08-13T03:00:00+00:00,3351.82,3352.96,3348.56,3349.65,4425,12
1755057600,2025-08-13T04:00:00+00:00,3349.65,3352.38,3348.23,3351.85,3488,12
1755061200,2025-08-13T05:00:00+00:00,3351.85,3352.17,3345.66,3349.26,4959,12
1755064800,2025-08-13T06:00:00+00:00,3349.25,3357.62,3348.96,3357.16,6793,12
1755068400,2025-08-13T07:00:00+00:00,3357.19,3360.93,3353.95,3354.7,6382,12
1755072000,2025-08-13T08:00:00+00:00,3354.63,3363.49,3352.81,3360.29,7152,12
1755075600,2025-08-13T09:00:00+00:00,3360.32,3366.69,3358.64,3364.64,6553,12
1755079200,2025-08-13T10:00:00+00:00,3364.66,3367.01,3363.08,3366.13,5131,12
1755082800,2025-08-13T11:00:00+00:00,3366.13,3367.08,3358.98,3362.32,7762,12
1755086400,2025-08-13T12:00:00+00:00,3362.32,3363.75,3355.55,3358.11,9403,12
1755090000,2025-08-13T13:00:00+00:00,3358.11,3365.86,3354.2,3365.09,10849,12
1755093600,2025-08-13T14:00:00+00:00,3365.09,3370.77,3361.06,3363.13,10406,12
1755097200,2025-08-13T15:00:00+00:00,3363.16,3363.76,3354.37,3357.77,7575,12
1755100800,2025-08-13T16:00:00+00:00,3357.75,3360.93,3357.06,3357.92,5655,12
1755104400,2025-08-13T17:00:00+00:00,3357.92,3359.38,3352.74,3353.69,5349,12
1755108000,2025-08-13T18:00:00+00:00,3353.71,3354.44,3349.98,3353.75,5307,12
1755111600,2025-08-13T19:00:00+00:00,3353.75,3358.8,3352.64,3357.83,4452,12
1755115200,2025-08-13T20:00:00+00:00,3357.83,3358.27,3355.6,3355.96,2448,12
1755122400,2025-08-13T22:00:00+00:00,3357.25,3359.16,3356.72,3357.61,1566,12
1755126000,2025-08-13T23:00:00+00:00,3357.59,3363.48,3357.57,3362.78,3070,12
1755129600,2025-08-14T00:00:00+00:00,3362.78,3374.77,3362.74,3369.57,6789,12
1755133200,2025-08-14T01:00:00+00:00,3369.57,3370.87,3365.24,3367.43,7526,12
1755136800,2025-08-14T02:00:00+00:00,3367.46,3369.3,3362.78,3362.85,6098,12
1755140400,2025-08-14T03:00:00+00:00,3362.86,3364.12,3355.63,3360.43,7624,12
1755144000,2025-08-14T04:00:00+00:00,3360.41,3361.81,3358.6,3360.49,4534,12
1755147600,2025-08-14T05:00:00+00:00,3360.49,3361.86,3356.27,3358.92,5729,12
1755151200,2025-08-14T06:00:00+00:00,3358.92,3362.44,3356.01,3362.09,7444,12
1755154800,2025-08-14T07:00:00+00:00,3362.07,3366.42,3343.89,3346.04,8998,12
1755158400,2025-08-14T08:00:00+00:00,3346.03,3350.38,3341.52,3346.24,8643,12
1755162000,2025-08-14T09:00:00+00:00,3346.24,3359.14,3345.1,3356.53,8259,12
1755165600,2025-08-14T10:00:00+00:00,3356.53,3359.07,3352.13,3354.98,6062,12
1755169200,2025-08-14T11:00:00+00:00,3354.98,3357.13,3352.56,3355.4,5617,12
1755172800,2025-08-14T12:00:00+00:00,3355.43,3358.41,3342.06,3350.58,11851,12
1755176400,2025-08-14T13:00:00+00:00,3350.56,3356.07,3343.83,3344.14,14271,12
1755180000,2025-08-14T14:00:00+00:00,3344.11,3346.66,3334.34,3340.6,13464,12
1755183600,2025-08-14T15:00:00+00:00,3340.61,3342.86,3335.41,3341.78,9383,12
1755187200,2025-08-14T16:00:00+00:00,3341.78,3342.07,3329.86,3334.4,9624,12
1755190800,2025-08-14T17:00:00+00:00,3334.4,3338.48,3331.9,3337.82,6765,12
1755194400,2025-08-14T18:00:00+00:00,3337.82,3339.35,3336.05,3338.27,4475,12
1755198000,2025-08-14T19:00:00+00:00,3338.25,3341.05,3337.97,3338.01,4356,12
1755201600,2025-08-14T20:00:00+00:00,3338.02,3338.55,3334.49,3335.44,3004,12
1755208800,2025-08-14T22:00:00+00:00,3336.9,3337.74,3332.53,3333.37,2495,12
1755212400,2025-08-14T23:00:00+00:00,3333.37,3336.64,3332.25,3335.57,2578,12
1755216000,2025-08-15T00:00:00+00:00,3335.57,3338.76,3332.42,3337.07,4377,12
1755219600,2025-08-15T01:00:00+00:00,3337.12,3340.34,3333.35,3339.65,6040,12
1755223200,2025-08-15T02:00:00+00:00,3339.65,3340.85,3336.7,3340.53,4835,12
1755226800,2025-08-15T03:00:00+00:00,3340.53,3344.85,3340.15,3343.42,3886,12
1755230400,2025-08-15T04:00:00+00:00,3343.42,3346.66,3343.33,3345.45,4358,12
1755234000,2025-08-15T05:00:00+00:00,3345.45,3348.76,3341.97,3343.81,4759,12
1755237600,2025-08-15T06:00:00+00:00,3343.83,3344.1,3340.2,3340.41,5637,12
1755241200,2025-08-15T07:00:00+00:00,3340.41,3346.59,3340.11,3346.24,6524,12
1755244800,2025-08-15T08:00:00+00:00,3346.24,3348.27,3338.36,3341.31,6497,12
1755248400,2025-08-15T09:00:00+00:00,3341.31,3344.95,3338.51,3342.72,6071,12
1755252000,2025-08-15T10:00:00+00:00,3342.72,3342.73,3336.33,3337.71,5495,12
1755255600,2025-08-15T11:00:00+00:00,3337.71,3344.16,3337.14,3342.34,5890,12
1755259200,2025-08-15T12:00:00+00:00,3342.34,3343.98,3333.56,3342.66,10033,12
1755262800,2025-08-15T13:00:00+00:00,3342.68,3345.98,3332.96,3335.59,11212,12
1755266400,2025-08-15T14:00:00+00:00,3335.59,3343.62,3335.16,3341.79,9064,12
1755270000,2025-08-15T15:00:00+00:00,3341.74,3345.13,3341.39,3342.31,6932,12
1755273600,2025-08-15T16:00:00+00:00,3342.31,3342.44,3335.78,3338.21,6259,12
1755277200,2025-08-15T17:00:00+00:00,3338.22,3338.97,3335.1,3336.05,5319,12
1755280800,2025-08-15T18:00:00+00:00,3336.05,3338.27,3334.79,3335.98,4361,12
1755284400,2025-08-15T19:00:00+00:00,3335.98,3339.62,3334.44,3339.15,4576,12
1755288000,2025-08-15T20:00:00+00:00,3339.05,3339.43,3336.22,3336.37,2210,12
1755468000,2025-08-17T22:00:00+00:00,3334.64,3335.36,3333.03,3334.39,2071,12
1755471600,2025-08-17T23:00:00+00:00,3334.39,3334.48,3323.58,3327.08,4106,12
1755475200,2025-08-18T00:00:00+00:00,3327.08,3342.83,3326.8,3340.64,7095,12
1755478800,2025-08-18T01:00:00+00:00,3340.63,3347.42,3339.66,3346.87,7252,12
1755482400,2025-08-18T02:00:00+00:00,3346.81,3347.56,3342.38,3343.41,4818,12
1755486000,2025-08-18T03:00:00+00:00,3343.41,3351.79,3343.32,3347.12,4995,12
1755489600,2025-08-18T04:00:00+00:00,3347.08,3358.21,3346.8,3357.57,5230,12
1755493200,2025-08-18T05:00:00+00:00,3357.56,3358.44,3346.61,3349.58,7381,12
1755496800,2025-08-18T06:00:00+00:00,3349.58,3351.16,3346.17,3349.5,5843,12
1755500400,2025-08-18T07:00:00+00:00,3349.51,3355.64,3347.2,3349.05,6581,12
1755504000,2025-08-18T08:00:00+00:00,3349.05,3349.9,3344.6,3348.68,5898,12
1755507600,2025-08-18T09:00:00+00:00,3348.68,3351.66,3347.53,3348.13,4955,12
1755511200,2025-08-18T10:00:00+00:00,3348.13,3351.42,3346.54,3346.63,4244,12
1755514800,2025-08-18T11:00:00+00:00,3346.63,3348.74,3344.55,3345.45,4227,12
1755518400,2025-08-18T12:00:00+00:00,3345.45,3348.78,3343.15,3344.76,6932,12
1755522000,2025-08-18T13:00:00+00:00,3344.77,3344.95,3335.75,3336.83,9845,12
1755525600,2025-08-18T14:00:00+00:00,3336.86,3338.71,3332.45,3334.3,9217,12
1755529200,2025-08-18T15:00:00+00:00,3334.31,3336.83,3332.26,3335.61,5793,12
1755532800,2025-08-18T16:00:00+00:00,3335.64,3335.84,3331.72,3334.34,5949,12
1755536400,2025-08-18T17:00:00+00:00,3334.34,3334.88,3331.69,3333.86,5001,12
1755540000,2025-08-18T18:00:00+00:00,3333.67,3333.81,3331.5,3331.9,2925,12
1755543600,2025-08-18T19:00:00+00:00,3331.9,3334.25,3330.31,3333.56,3915,12
1755547200,2025-08-18T20:00:00+00:00,3333.55,3334.3,3332.67,3332.85,1800,12
1755554400,2025-08-18T22:00:00+00:00,3333.85,3334.66,3332.9,3334.45,1445,12
1755558000,2025-08-18T23:00:00+00:00,3334.45,3334.69,3330.57,3330.96,2226,12
1755561600,2025-08-19T00:00:00+00:00,3330.96,3339.19,3326.14,3335.21,6663,12
1755565200,2025-08-19T01:00:00+00:00,3335.21,3335.68,3330.38,3333.01,7555,12
1755568800,2025-08-19T02:00:00+00:00,3332.99,3338.08,3329.55,3338.02,5350,12
1755572400,2025-08-19T03:00:00+00:00,3338.05,3341.62,3337.09,3337.83,5528,12
1755576000,2025-08-19T04:00:00+00:00,3337.83,3338.21,3334.48,3337.71,3610,12
1755579600,2025-08-19T05:00:00+00:00,3337.71,3340.72,3335.8,3336.17,4549,12
1755583200,2025-08-19T06:00:00+00:00,3336.17,3338.81,3334.5,3336.06,5146,12
1755586800,2025-08-19T07:00:00+00:00,3336.05,3341.82,3335.02,3340.76,6170,12
1755590400,2025-08-19T08:00:00+00:00,3340.76,3340.99,3336.49,3338.04,4267,12
1755594000,2025-08-19T09:00:00+00:00,3338.04,3339.66,3336.96,3339.35,3885,12
1755597600,2025-08-19T10:00:00+00:00,3339.35,3345.32,3339.3,3343.64,4737,12
1755601200,2025-08-19T11:00:00+00:00,3343.65,3344.78,3339.27,3339.75,4356,12
1755604800,2025-08-19T12:00:00+00:00,3339.75,3340.57,3334.3,3334.71,7313,12
1755608400,2025-08-19T13:00:00+00:00,3334.76,3339.31,3325.85,3334.03,10946,12
1755612000,2025-08-19T14:00:00+00:00,3333.95,3336.97,3320.98,3325.3,11085,12
1755615600,2025-08-19T15:00:00+00:00,3325.36,3326.73,3321.63,3322.69,8176,12
1755619200,2025-08-19T16:00:00+00:00,3322.68,3324.43,3317.08,3317.47,6839,12
1755622800,2025-08-19T17:00:00+00:00,3317.51,3320.08,3315.01,3317.57,6640,12
1755626400,2025-08-19T18:00:00+00:00,3317.55,3320.19,3316.78,3318.54,3793,12
1755630000,2025-08-19T19:00:00+00:00,3318.54,3318.93,3315.56,3315.89,4572,12
1755633600,2025-08-19T20:00:00+00:00,3315.88,3317.48,3315.05,3315.66,2727,12
1755640800,2025-08-19T22:00:00+00:00,3316.87,3317.57,3315.53,3316.89,1454,12
1755644400,2025-08-19T23:00:00+00:00,3316.89,3316.89,3312.92,3314.26,2775,12
1755648000,2025-08-20T00:00:00+00:00,3314.26,3316.91,3312.87,3316.09,5236,12
1755651600,2025-08-20T01:00:00+00:00,3316.11,3317.8,3311.54,3315.3,7651,12
1755655200,2025-08-20T02:00:00+00:00,3315.3,3317.14,3312.41,3314.08,5913,12
1755658800,2025-08-20T03:00:00+00:00,3314.08,3318.67,3314.06,3317.62,4967,12
1755662400,2025-08-20T04:00:00+00:00,3317.63,3320.95,3317.26,3318.72,3269,12
1755666000,2025-08-20T05:00:00+00:00,3318.72,3323.92,3318.2,3323.43,4475,12
1755669600,2025-08-20T06:00:00+00:00,3323.47,3326.0,3322.29,3323.09,6195,12
1755673200,2025-08-20T07:00:00+00:00,3323.09,3327.51,3321.64,3324.87,5485,12
1755676800,2025-08-20T08:00:00+00:00,3324.87,3325.68,3320.97,3325.01,5273,12
1755680400,2025-08-20T09:00:00+00:00,3325.01,3327.42,3323.58,3326.17,4522,12
1755684000,2025-08-20T10:00:00+00:00,3326.17,3327.88,3323.87,3326.66,4543,12
1755687600,2025-08-20T11:00:00+00:00,3326.5,3332.91,3325.75,3332.32,6896,12
1755691200,2025-08-20T12:00:00+00:00,3332.32,3344.86,3332.14,3342.89,9550,12
1755694800,2025-08-20T13:00:00+00:00,3342.89,3348.31,3338.89,3344.82,10487,12
1755698400,2025-08-20T14:00:00+00:00,3344.96,3350.17,3340.0,3346.95,9840,12
1755702000,2025-08-20T15:00:00+00:00,3346.95,3346.99,3338.87,3340.69,6406,12
1755705600,2025-08-20T16:00:00+00:00,3340.69,3346.05,3340.69,3345.17,5267,12
1755709200,2025-08-20T17:00:00+00:00,3345.17,3348.1,3344.13,3346.94,4729,12
1755712800,2025-08-20T18:00:00+00:00,3346.96,3347.12,3344.03,3345.72,4706,12
1755716400,2025-08-20T19:00:00+00:00,3345.71,3349.24,3345.1,3348.74,4471,12
1755720000,2025-08-20T20:00:00+00:00,3348.74,3349.29,3347.51,3348.43,2390,12
1755727200,2025-08-20T22:00:00+00:00,3350.38,3352.16,3348.72,3349.66,2236,12
1755730800,2025-08-20T23:00:00+00:00,3349.66,3349.66,3346.41,3346.95,2281,12
1755734400,2025-08-21T00:00:00+00:00,3346.95,3346.95,3341.43,3342.35,4037,12
1755738000,2025-08-21T01:00:00+00:00,3342.35,3346.42,3340.8,3342.78,5776,12
1755741600,2025-08-21T02:00:00+00:00,3342.79,3345.05,3340.45,3344.61,4646,12
1755745200,2025-08-21T03:00:00+00:00,3344.62,3344.8,3339.73,3339.9,3647,12
1755748800,2025-08-21T04:00:00+00:00,3339.91,3341.12,3337.99,3338.3,2776,12
1755752400,2025-08-21T05:00:00+00:00,3338.32,3340.73,3337.08,3338.81,3994,12
1755756000,2025-08-21T06:00:00+00:00,3338.81,3339.94,3334.28,3336.65,6216,12
1755759600,2025-08-21T07:00:00+00:00,3336.66,3341.51,3335.43,3339.69,5698,12
1755763200,2025-08-21T08:00:00+00:00,3339.69,3341.4,3337.88,3339.63,4319,12
1755766800,2025-08-21T09:00:00+00:00,3339.63,3342.19,3338.05,3340.66,4464,12
1755770400,2025-08-21T10:00:00+00:00,3340.66,3341.59,3327.54,3328.46,6454,12
1755774000,2025-08-21T11:00:00+00:00,3328.55,3334.4,3325.19,3333.6,7339,12
1755777600,2025-08-21T12:00:00+00:00,3333.6,3345.06,3333.6,3341.91,10035,12
1755781200,2025-08-21T13:00:00+00:00,3341.89,3347.56,3336.12,3339.38,11152,12
1755784800,2025-08-21T14:00:00+00:00,3339.38,3348.15,3337.9,3344.23,10946,12
1755788400,2025-08-21T15:00:00+00:00,3344.22,3346.19,3337.56,3343.64,8642,12
1755792000,2025-08-21T16:00:00+00:00,3343.65,3343.93,3338.34,3339.78,6039,12
1755795600,2025-08-21T17:00:00+00:00,3339.78,3342.02,3337.01,3337.09,4673,12
1755799200,2025-08-21T18:00:00+00:00,3337.13,3339.59,3336.63,3339.33,4175,12
1755802800,2025-08-21T19:00:00+00:00,3339.33,3341.96,3337.92,3338.81,4171,12
1755806400,2025-08-21T20:00:00+00:00,3338.82,3339.24,3337.93,3338.62,1969,12
1755813600,2025-08-21T22:00:00+00:00,3339.23,3340.66,3338.18,3338.91,1711,12
1755817200,2025-08-21T23:00:00+00:00,3338.93,3339.52,3337.39,3338.38,1750,12
1755820800,2025-08-22T00:00:00+00:00,3338.38,3339.81,3335.13,3339.58,3763,12
1755824400,2025-08-22T01:00:00+00:00,3339.58,3340.26,3333.71,3334.12,4807,12
1755828000,2025-08-22T02:00:00+00:00,3334.11,3336.27,3332.83,3334.12,5201,12
1755831600,2025-08-22T03:00:00+00:00,3334.12,3335.38,3331.82,3331.95,3934,12
1755835200,2025-08-22T04:00:00+00:00,3331.95,3332.71,3327.99,3328.42,3493,12
1755838800,2025-08-22T05:00:00+00:00,3328.43,3331.46,3327.2,3330.1,4322,12
1755842400,2025-08-22T06:00:00+00:00,3330.1,3330.4,3325.73,3329.54,5603,12
1755846000,2025-08-22T07:00:00+00:00,3329.54,3335.1,3325.78,3327.5,6698,12
1755849600,2025-08-22T08:00:00+00:00,3327.5,3330.66,3325.41,3328.79,6158,12
1755853200,2025-08-22T09:00:00+00:00,3328.79,3331.66,3328.23,3330.16,4070,12
1755856800,2025-08-22T10:00:00+00:00,3330.16,3331.76,3329.02,3330.97,3548,12
1755860400,2025-08-22T11:00:00+00:00,3330.98,3331.08,3327.72,3329.36,4591,12
1755864000,2025-08-22T12:00:00+00:00,3329.36,3329.98,3321.47,3323.49,9022,12
1755867600,2025-08-22T13:00:00+00:00,3323.49,3336.12,3323.22,3333.82,9284,12
1755871200,2025-08-22T14:00:00+00:00,3333.82,3376.74,3333.82,3373.87,17735,7
1755874800,2025-08-22T15:00:00+00:00,3373.86,3378.83,3367.37,3367.87,11549,12
1755878400,2025-08-22T16:00:00+00:00,3367.87,3374.23,3367.85,3370.54,7799,12
1755882000,2025-08-22T17:00:00+00:00,3370.54,3375.54,3370.45,3374.26,6359,12
1755885600,2025-08-22T18:00:00+00:00,3374.26,3375.05,3371.07,3372.73,4773,12
1755889200,2025-08-22T19:00:00+00:00,3372.73,3373.55,3368.87,3373.19,5453,12
1755892800,2025-08-22T20:00:00+00:00,3373.23,3373.64,3370.17,3371.8,2124,12
1756072800,2025-08-24T22:00:00+00:00,3368.66,3370.08,3365.96,3367.29,2248,12
1756076400,2025-08-24T23:00:00+00:00,3367.29,3371.07,3366.42,3369.11,2706,12
1756080000,2025-08-25T00:00:00+00:00,3369.11,3369.69,3363.33,3364.87,4113,12
1756083600,2025-08-25T01:00:00+00:00,3364.87,3367.82,3360.67,3362.9,5363,12
1756087200,2025-08-25T02:00:00+00:00,3362.9,3365.15,3359.79,3364.47,4367,12
1756090800,2025-08-25T03:00:00+00:00,3364.47,3368.14,3364.22,3367.33,3709,12
1756094400,2025-08-25T04:00:00+00:00,3367.33,3367.62,3363.85,3366.1,2646,12
1756098000,2025-08-25T05:00:00+00:00,3366.09,3366.11,3363.13,3364.62,2819,12
1756101600,2025-08-25T06:00:00+00:00,3364.62,3369.57,3364.52,3368.97,4189,12
1756105200,2025-08-25T07:00:00+00:00,3368.96,3369.84,3366.02,3366.2,3697,12
1756108800,2025-08-25T08:00:00+00:00,3366.23,3366.72,3363.44,3363.96,3851,12
1756112400,2025-08-25T09:00:00+00:00,3363.95,3368.03,3361.99,3367.38,3658,12
1756116000,2025-08-25T10:00:00+00:00,3367.38,3368.51,3365.12,3366.02,3539,12
1756119600,2025-08-25T11:00:00+00:00,3366.02,3371.58,3365.73,3370.58,3880,12
1756123200,2025-08-25T12:00:00+00:00,3370.59,3371.26,3364.25,3364.51,5678,12
1756126800,2025-08-25T13:00:00+00:00,3364.51,3371.32,3362.19,3370.79,8690,12
1756130400,2025-08-25T14:00:00+00:00,3370.78,3375.42,3369.31,3374.37,9147,12
1756134000,2025-08-25T15:00:00+00:00,3374.37,3376.29,3371.91,3374.06,6342,12
1756137600,2025-08-25T16:00:00+00:00,3374.06,3374.36,3371.76,3373.83,4689,12
1756141200,2025-08-25T17:00:00+00:00,3373.84,3374.83,3370.89,3371.09,4869,12
1756144800,2025-08-25T18:00:00+00:00,3371.08,3373.3,3369.85,3370.54,3978,12
1756148400,2025-08-25T19:00:00+00:00,3370.54,3370.85,3365.19,3365.43,4909,12
1756152000,2025-08-25T20:00:00+00:00,3365.43,3366.0,3364.26,3365.72,3004,12
1756159200,2025-08-25T22:00:00+00:00,3365.73,3367.15,3363.73,3364.19,1787,12
1756162800,2025-08-25T23:00:00+00:00,3364.19,3364.24,3351.67,3354.89,4885,12
1756166400,2025-08-26T00:00:00+00:00,3354.89,3386.56,3351.37,3383.19,12855,12
1756170000,2025-08-26T01:00:00+00:00,3383.21,3384.85,3371.79,3376.83,9490,12
1756173600,2025-08-26T02:00:00+00:00,3376.83,3379.09,3372.87,3375.41,5823,12
1756177200,2025-08-26T03:00:00+00:00,3375.41,3375.48,3369.85,3372.22,4370,12
1756180800,2025-08-26T04:00:00+00:00,3372.22,3378.98,3372.11,3377.38,4320,12
1756184400,2025-08-26T05:00:00+00:00,3377.38,3379.02,3372.52,3376.69,5448,12
1756188000,2025-08-26T06:00:00+00:00,3376.69,3377.76,3372.48,3376.3,5834,12
1756191600,2025-08-26T07:00:00+00:00,3376.3,3379.15,3367.3,3376.81,7692,12
1756195200,2025-08-26T08:00:00+00:00,3376.81,3379.86,3375.61,3376.68,5804,12
1756198800,2025-08-26T09:00:00+00:00,3376.68,3378.59,3369.6,3371.95,6566,12
1756202400,2025-08-26T10:00:00+00:00,3371.95,3375.19,3367.26,3372.06,5133,12
1756206000,2025-08-26T11:00:00+00:00,3372.06,3380.43,3370.75,3377.57,6951,12
1756209600,2025-08-26T12:00:00+00:00,3377.57,3379.8,3371.0,3372.04,7838,12
1756213200,2025-08-26T13:00:00+00:00,3372.0,3378.14,3370.53,3375.78,11093,12
1756216800,2025-08-26T14:00:00+00:00,3375.78,3379.6,3370.32,3379.37,9873,12
1756220400,2025-08-26T15:00:00+00:00,3379.37,3389.4,3378.66,3386.64,8435,12
1756224000,2025-08-26T16:00:00+00:00,3386.64,3387.68,3382.52,3383.05,6644,12
1756227600,2025-08-26T17:00:00+00:00,3383.04,3385.88,3381.57,3381.71,5054,12
1756231200,2025-08-26T18:00:00+00:00,3381.71,3385.66,3380.3,3385.63,4966,12
1756234800,2025-08-26T19:00:00+00:00,3385.63,3390.85,3385.16,3389.73,5721,12
1756238400,2025-08-26T20:00:00+00:00,3389.71,3393.66,3389.2,3393.63,2620,12
1756245600,2025-08-26T22:00:00+00:00,3394.14,3394.38,3388.81,3391.09,2504,12
1756249200,2025-08-26T23:00:00+00:00,3391.09,3392.94,3390.01,3390.94,2141,12
1756252800,2025-08-27T00:00:00+00:00,3390.9,3393.51,3388.99,3389.59,4579,12
1756256400,2025-08-27T01:00:00+00:00,3389.59,3390.03,3383.41,3386.25,7084,12
1756260000,2025-08-27T02:00:00+00:00,3386.25,3387.01,3382.18,3384.18,4750,12
1756263600,2025-08-27T03:00:00+00:00,3384.18,3384.56,3380.55,3380.61,4158,12
1756267200,2025-08-27T04:00:00+00:00,3380.62,3381.17,3373.92,3374.98,5184,12
1756270800,2025-08-27T05:00:00+00:00,3374.98,3378.95,3374.08,3377.2,5567,12
1756274400,2025-08-27T06:00:00+00:00,3377.21,3381.98,3376.31,3377.51,5875,12
1756278000,2025-08-27T07:00:00+00:00,3377.5,3381.61,3373.83,3381.51,5645,12
1756281600,2025-08-27T08:00:00+00:00,3381.51,3385.05,3381.06,3384.59,6007,12
1756285200,2025-08-27T09:00:00+00:00,3384.59,3385.49,3377.62,3378.18,5302,12
1756288800,2025-08-27T10:00:00+00:00,3378.18,3379.25,3374.83,3375.63,7217,12
1756292400,2025-08-27T11:00:00+00:00,3375.63,3378.17,3373.8,3376.8,5986,12
1756296000,2025-08-27T12:00:00+00:00,3376.79,3382.89,3374.33,3381.18,8228,12
1756299600,2025-08-27T13:00:00+00:00,3381.22,3384.83,3375.58,3377.88,10769,12
1756303200,2025-08-27T14:00:00+00:00,3377.76,3386.94,3376.12,3386.45,9338,12
1756306800,2025-08-27T15:00:00+00:00,3386.45,3390.39,3385.17,3388.0,7196,12
1756310400,2025-08-27T16:00:00+00:00,3388.0,3398.85,3387.55,3395.54,8485,12
1756314000,2025-08-27T17:00:00+00:00,3395.54,3397.43,3394.94,3395.2,6114,12
1756317600,2025-08-27T18:00:00+00:00,3395.2,3396.3,3392.3,3394.56,4766,12
1756321200,2025-08-27T19:00:00+00:00,3394.57,3396.35,3393.76,3396.2,4670,12
1756324800,2025-08-27T20:00:00+00:00,3396.2,3398.27,3394.18,3397.41,3561,12
1756332000,2025-08-27T22:00:00+00:00,3398.86,3399.17,3394.75,3395.82,2075,12
1756335600,2025-08-27T23:00:00+00:00,3395.82,3399.32,3395.1,3395.74,2809,12
1756339200,2025-08-28T00:00:00+00:00,3395.74,3398.07,3391.28,3392.03,4780,12
1756342800,2025-08-28T01:00:00+00:00,3392.03,3392.88,3385.47,3385.99,8357,12
1756346400,2025-08-28T02:00:00+00:00,3385.99,3391.39,3384.61,3391.37,6390,12
1756350000,2025-08-28T03:00:00+00:00,3391.37,3392.46,3388.94,3390.15,4876,12
1756353600,2025-08-28T04:00:00+00:00,3390.15,3392.27,3388.76,3390.32,3434,12
1756357200,2025-08-28T05:00:00+00:00,3390.32,3390.9,3387.69,3389.21,4508,12
1756360800,2025-08-28T06:00:00+00:00,3389.21,3395.68,3388.83,3395.39,6295,12
1756364400,2025-08-28T07:00:00+00:00,3395.36,3397.64,3393.72,3395.85,6257,12
1756368000,2025-08-28T08:00:00+00:00,3395.8,3401.06,3393.95,3400.71,6671,12
1756371600,2025-08-28T09:00:00+00:00,3400.71,3401.63,3398.49,3399.22,4551,12
1756375200,2025-08-28T10:00:00+00:00,3399.22,3399.26,3393.87,3397.03,6550,12
1756378800,2025-08-28T11:00:00+00:00,3397.03,3407.68,3396.25,3404.08,7139,12
1756382400,2025-08-28T12:00:00+00:00,3404.08,3408.73,3396.84,3397.18,11356,12
1756386000,2025-08-28T13:00:00+00:00,3397.15,3410.36,3394.34,3407.31,12891,12
1756389600,2025-08-28T14:00:00+00:00,3407.34,3413.49,3406.55,3412.23,10459,12
1756393200,2025-08-28T15:00:00+00:00,3412.24,3413.21,3404.45,3410.95,8535,12
1756396800,2025-08-28T16:00:00+00:00,3410.95,3417.77,3409.96,3415.57,8207,12
1756400400,2025-08-28T17:00:00+00:00,3415.56,3418.77,3414.61,3417.97,6876,12
1756404000,2025-08-28T18:00:00+00:00,3417.97,3420.3,3417.35,3420.03,5930,12
1756407600,2025-08-28T19:00:00+00:00,3420.03,3423.08,3417.91,3422.02,7548,12
1756411200,2025-08-28T20:00:00+00:00,3422.01,3422.32,3416.36,3417.07,3702,12
1756418400,2025-08-28T22:00:00+00:00,3417.67,3418.33,3415.77,3416.79,2189,12
1756422000,2025-08-28T23:00:00+00:00,3416.79,3416.79,3414.79,3414.79,1424,12
1756425600,2025-08-29T00:00:00+00:00,3414.78,3417.9,3413.05,3413.51,4480,12
1756429200,2025-08-29T01:00:00+00:00,3413.51,3413.61,3407.92,3409.93,6996,12
1756432800,2025-08-29T02:00:00+00:00,3409.93,3414.0,3409.85,3411.31,5368,12
1756436400,2025-08-29T03:00:00+00:00,3411.32,3413.57,3409.9,3410.89,3809,12
1756440000,2025-08-29T04:00:00+00:00,3410.89,3411.4,3407.5,3408.81,4150,12
1756443600,2025-08-29T05:00:00+00:00,3408.86,3410.82,3407.0,3410.41,3743,12
1756447200,2025-08-29T06:00:00+00:00,3410.41,3412.66,3407.91,3410.23,4310,12
1756450800,2025-08-29T07:00:00+00:00,3410.23,3412.66,3406.53,3412.23,6171,12
1756454400,2025-08-29T08:00:00+00:00,3412.24,3414.81,3409.77,3410.35,6635,12
1756458000,2025-08-29T09:00:00+00:00,3410.35,3411.05,3406.88,3407.41,6384,12
1756461600,2025-08-29T10:00:00+00:00,3407.41,3408.85,3404.72,3405.54,5222,12
1756465200,2025-08-29T11:00:00+00:00,3405.54,3411.34,3404.33,3410.76,5661,12
1756468800,2025-08-29T12:00:00+00:00,3410.74,3416.86,3406.76,3416.5,10035,12
1756472400,2025-08-29T13:00:00+00:00,3416.5,3429.13,3413.62,3428.8,12067,12
1756476000,2025-08-29T14:00:00+00:00,3428.8,3441.1,3428.8,3440.98,15065,12
1756479600,2025-08-29T15:00:00+00:00,3440.92,3447.62,3438.97,3445.52,11929,12
1756483200,2025-08-29T16:00:00+00:00,3445.52,3449.44,3442.3,3449.2,9961,12
1756486800,2025-08-29T17:00:00+00:00,3449.19,3450.17,3441.13,3443.83,9498,12
1756490400,2025-08-29T18:00:00+00:00,3443.83,3445.67,3441.11,3442.92,6678,12
1756494000,2025-08-29T19:00:00+00:00,3442.89,3453.89,3441.57,3452.67,9039,12
1756497600,2025-08-29T20:00:00+00:00,3452.67,3452.75,3445.84,3449.3,4705,12
1756677600,2025-08-31T22:00:00+00:00,3445.84,3452.7,3442.43,3450.29,3841,12
1756681200,2025-08-31T23:00:00+00:00,3450.29,3450.91,3444.82,3447.94,2889,12
1756684800,2025-09-01T00:00:00+00:00,3447.94,3447.94,3442.76,3444.01,5425,12
1756688400,2025-09-01T01:00:00+00:00,3444.03,3459.21,3437.07,3457.32,9899,12
1756692000,2025-09-01T02:00:00+00:00,3457.35,3484.75,3455.19,3483.53,15605,12
1756695600,2025-09-01T03:00:00+00:00,3483.53,3486.05,3469.69,3474.6,10598,12
1756699200,2025-09-01T04:00:00+00:00,3474.6,3479.4,3472.22,3475.13,6078,12
1756702800,2025-09-01T05:00:00+00:00,3475.13,3482.78,3474.35,3477.2,8528,12
1756706400,2025-09-01T06:00:00+00:00,3477.07,3489.86,3476.79,3479.24,9327,12
1756710000,2025-09-01T07:00:00+00:00,3479.24,3480.94,3467.75,3477.88,9908,12
1756713600,2025-09-01T08:00:00+00:00,3477.87,3479.88,3474.56,3476.99,6841,12
1756717200,2025-09-01T09:00:00+00:00,3476.99,3477.11,3467.3,3469.45,7148,12
1756720800,2025-09-01T10:00:00+00:00,3469.48,3473.95,3466.36,3470.57,7634,12
1756724400,2025-09-01T11:00:00+00:00,3470.56,3473.52,3467.66,3470.06,7647,12
1756728000,2025-09-01T12:00:00+00:00,3470.06,3471.68,3467.2,3469.49,6684,12
1756731600,2025-09-01T13:00:00+00:00,3469.5,3479.12,3468.94,3475.32,7195,12
1756735200,2025-09-01T14:00:00+00:00,3475.32,3481.29,3473.66,3475.63,5947,12
1756738800,2025-09-01T15:00:00+00:00,3475.59,3479.11,3473.39,3474.11,3831,12
1756742400,2025-09-01T16:00:00+00:00,3474.11,3477.73,3472.32,3477.38,3257,12
1756746000,2025-09-01T17:00:00+00:00,3477.38,3478.96,3476.22,3477.94,3283,12
1756749600,2025-09-01T18:00:00+00:00,3477.94,3477.99,3475.98,3475.98,1524,12
1756764000,2025-09-01T22:00:00+00:00,3475.46,3480.16,3475.1,3475.36,3754,12
1756767600,2025-09-01T23:00:00+00:00,3475.36,3481.51,3474.59,3479.29,4097,12
1756771200,2025-09-02T00:00:00+00:00,3479.29,3485.11,3478.23,3479.17,7939,12
1756774800,2025-09-02T01:00:00+00:00,3479.17,3508.71,3477.0,3497.78,13590,12
1756778400,2025-09-02T02:00:00+00:00,3497.78,3500.75,3491.47,3496.29,10543,12
1756782000,2025-09-02T03:00:00+00:00,3496.29,3496.29,3490.06,3495.12,7223,12
1756785600,2025-09-02T04:00:00+00:00,3495.1,3498.32,3493.29,3496.71,5499,12
1756789200,2025-09-02T05:00:00+00:00,3496.71,3497.88,3492.11,3493.08,7083,12
1756792800,2025-09-02T06:00:00+00:00,3493.08,3495.8,3483.28,3485.46,9378,12
1756796400,2025-09-02T07:00:00+00:00,3485.62,3488.26,3472.2,3476.92,11269,12
1756800000,2025-09-02T08:00:00+00:00,3476.92,3481.43,3470.14,3477.71,10550,12
1756803600,2025-09-02T09:00:00+00:00,3477.71,3480.41,3476.02,3476.76,8258,12
1756807200,2025-09-02T10:00:00+00:00,3476.74,3485.76,3475.78,3485.67,7958,12
1756810800,2025-09-02T11:00:00+00:00,3485.67,3490.08,3478.58,3489.78,9123,12
1756814400,2025-09-02T12:00:00+00:00,3489.78,3494.21,3474.47,3482.06,14277,12
1756818000,2025-09-02T13:00:00+00:00,3482.09,3493.63,3478.28,3489.7,16134,12
1756821600,2025-09-02T14:00:00+00:00,3489.52,3514.12,3488.74,3511.08,16660,12
1756825200,2025-09-02T15:00:00+00:00,3511.08,3520.41,3509.62,3520.41,13324,12
1756828800,2025-09-02T16:00:00+00:00,3520.43,3528.84,3518.17,3527.75,12197,12
1756832400,2025-09-02T17:00:00+00:00,3527.75,3530.16,3521.92,3529.35,9999,12
1756836000,2025-09-02T18:00:00+00:00,3529.35,3532.05,3525.28,3528.33,8546,12
1756839600,2025-09-02T19:00:00+00:00,3528.34,3539.99,3528.34,3536.91,9620,12
1756843200,2025-09-02T20:00:00+00:00,3536.95,3537.71,3533.26,3533.54,4379,12
1756850400,2025-09-02T22:00:00+00:00,3531.68,3534.99,3529.21,3529.29,3651,12
1756854000,2025-09-02T23:00:00+00:00,3529.29,3533.16,3526.35,3530.02,4637,12
1756857600,2025-09-03T00:00:00+00:00,3530.02,3546.69,3528.07,3536.16,9922,12
1756861200,2025-09-03T01:00:00+00:00,3536.13,3541.71,3531.87,3538.82,10308,12
1756864800,2025-09-03T02:00:00+00:00,3538.82,3545.95,3531.36,3531.84,8756,12
1756868400,2025-09-03T03:00:00+00:00,3531.75,3533.47,3529.4,3530.84,7518,12
1756872000,2025-09-03T04:00:00+00:00,3530.84,3538.29,3530.76,3536.87,5781,12
1756875600,2025-09-03T05:00:00+00:00,3536.87,3538.0,3526.87,3529.95,7160,12
1756879200,2025-09-03T06:00:00+00:00,3529.95,3537.51,3529.88,3535.44,7617,12
1756882800,2025-09-03T07:00:00+00:00,3535.39,3536.84,3529.3,3533.91,7394,12
1756886400,2025-09-03T08:00:00+00:00,3533.91,3541.29,3533.78,3540.09,7738,12
1756890000,2025-09-03T09:00:00+00:00,3540.09,3541.9,3533.89,3534.31,7008,12
1756893600,2025-09-03T10:00:00+00:00,3534.32,3541.71,3532.37,3540.1,7262,12
1756897200,2025-09-03T11:00:00+00:00,3540.1,3549.59,3539.94,3547.6,8412,12
1756900800,2025-09-03T12:00:00+00:00,3547.6,3551.46,3541.39,3550.64,11553,12
1756904400,2025-09-03T13:00:00+00:00,3550.58,3561.41,3549.43,3553.63,15120,12
1756908000,2025-09-03T14:00:00+00:00,3553.68,3565.6,3551.55,3558.45,16060,12
1756911600,2025-09-03T15:00:00+00:00,3558.45,3567.38,3557.46,3563.96,10230,12
1756915200,2025-09-03T16:00:00+00:00,3563.96,3572.59,3562.21,3572.46,8382,12
1756918800,2025-09-03T17:00:00+00:00,3572.45,3575.94,3570.26,3574.43,7569,12
1756922400,2025-09-03T18:00:00+00:00,3574.44,3578.39,3565.58,3570.4,10359,12
1756926000,2025-09-03T19:00:00+00:00,3570.43,3571.54,3561.27,3563.62,10570,12
1756929600,2025-09-03T20:00:00+00:00,3563.62,3565.99,3558.93,3559.09,4490,12
1756936800,2025-09-03T22:00:00+00:00,3560.47,3564.13,3559.63,3561.83,4693,12
1756940400,2025-09-03T23:00:00+00:00,3561.83,3561.86,3554.45,3560.39,5979,12
1756944000,2025-09-04T00:00:00+00:00,3560.39,3562.55,3551.93,3561.54,7363,12
1756947600,2025-09-04T01:00:00+00:00,3561.56,3563.41,3543.8,3546.22,11328,12
1756951200,2025-09-04T02:00:00+00:00,3546.22,3550.57,3526.54,3530.82,12348,12
1756954800,2025-09-04T03:00:00+00:00,3530.82,3531.76,3511.41,3529.06,10342,12
1756958400,2025-09-04T04:00:00+00:00,3529.06,3534.36,3528.81,3533.11,4555,12
1756962000,2025-09-04T05:00:00+00:00,3533.11,3534.14,3525.41,3527.34,7060,12
1756965600,2025-09-04T06:00:00+00:00,3527.34,3541.71,3524.39,3536.06,9138,12
1756969200,2025-09-04T07:00:00+00:00,3536.17,3541.24,3532.73,3541.11,7781,12
1756972800,2025-09-04T08:00:00+00:00,3541.11,3545.61,3537.36,3541.29,8108,12
1756976400,2025-09-04T09:00:00+00:00,3541.29,3544.95,3536.79,3538.74,6932,12
1756980000,2025-09-04T10:00:00+00:00,3538.74,3547.0,3538.43,3540.9,6980,12
1756983600,2025-09-04T11:00:00+00:00,3540.9,3549.93,3536.62,3545.54,8291,12
1756987200,2025-09-04T12:00:00+00:00,3545.53,3552.28,3541.31,3548.33,11623,12
1756990800,2025-09-04T13:00:00+00:00,3548.33,3558.77,3539.88,3546.78,14770,12
1756994400,2025-09-04T14:00:00+00:00,3546.98,3546.98,3535.07,3545.88,15658,12
1756998000,2025-09-04T15:00:00+00:00,3545.89,3553.28,3542.42,3552.83,10027,12
1757001600,2025-09-04T16:00:00+00:00,3552.84,3556.12,3549.26,3552.6,8686,12
1757005200,2025-09-04T17:00:00+00:00,3552.55,3555.44,3542.56,3542.89,8250,12
1757008800,2025-09-04T18:00:00+00:00,3542.89,3548.31,3542.78,3546.34,6957,12
1757012400,2025-09-04T19:00:00+00:00,3546.34,3551.06,3545.65,3549.82,6550,12
1757016000,2025-09-04T20:00:00+00:00,3549.88,3550.5,3544.46,3545.82,3054,12
1757023200,2025-09-04T22:00:00+00:00,3544.35,3545.85,3540.12,3540.97,2556,12
1757026800,2025-09-04T23:00:00+00:00,3540.97,3554.56,3540.92,3552.67,4560,12
1757030400,2025-09-05T00:00:00+00:00,3552.67,3556.63,3549.11,3552.18,7931,12
1757034000,2025-09-05T01:00:00+00:00,3552.2,3556.57,3550.08,3552.49,8676,12
1757037600,2025-09-05T02:00:00+00:00,3552.49,3555.37,3546.0,3550.85,7013,12
1757041200,2025-09-05T03:00:00+00:00,3550.85,3559.08,3548.7,3558.35,5948,12
1757044800,2025-09-05T04:00:00+00:00,3558.35,3559.18,3556.29,3558.49,4241,12
1757048400,2025-09-05T05:00:00+00:00,3558.47,3561.08,3555.72,3557.69,5748,12
1757052000,2025-09-05T06:00:00+00:00,3557.68,3558.0,3548.32,3552.66,7824,12
1757055600,2025-09-05T07:00:00+00:00,3552.71,3554.32,3546.64,3548.19,7874,12
1757059200,2025-09-05T08:00:00+00:00,3548.13,3549.87,3544.85,3546.0,6878,12
1757062800,2025-09-05T09:00:00+00:00,3546.0,3553.78,3545.95,3552.39,5854,12
1757066400,2025-09-05T10:00:00+00:00,3552.39,3552.94,3549.48,3551.84,5178,12
1757070000,2025-09-05T11:00:00+00:00,3551.84,3555.17,3547.93,3553.29,7299,12
1757073600,2025-09-05T12:00:00+00:00,3553.26,3586.89,3548.86,3580.28,15974,12
1757077200,2025-09-05T13:00:00+00:00,3580.29,3595.28,3573.27,3594.39,18371,12
1757080800,2025-09-05T14:00:00+00:00,3594.39,3597.89,3574.17,3590.34,17874,12
1757084400,2025-09-05T15:00:00+00:00,3590.26,3595.4,3581.88,3591.95,13988,12
1757088000,2025-09-05T16:00:00+00:00,3591.96,3600.1,3591.15,3595.2,11487,12
1757091600,2025-09-05T17:00:00+00:00,3595.26,3597.46,3590.47,3596.44,10594,12
1757095200,2025-09-05T18:00:00+00:00,3596.55,3597.3,3592.52,3595.52,8814,12
1757098800,2025-09-05T19:00:00+00:00,3595.53,3596.02,3592.64,3594.73,8637,12
1757102400,2025-09-05T20:00:00+00:00,3594.65,3595.34,3587.34,3589.91,4462,12
1757282400,2025-09-07T22:00:00+00:00,3592.0,3596.83,3587.15,3592.15,8970,12
1757286000,2025-09-07T23:00:00+00:00,3592.24,3593.99,3587.74,3591.23,6049,12
1757289600,2025-09-08T00:00:00+00:00,3591.23,3594.41,3587.03,3594.36,8633,12
1757293200,2025-09-08T01:00:00+00:00,3594.37,3597.14,3584.94,3589.56,12469,12
1757296800,2025-09-08T02:00:00+00:00,3589.56,3594.34,3586.48,3590.67,9983,12
1757300400,2025-09-08T03:00:00+00:00,3590.66,3592.27,3583.02,3583.57,7347,12
1757304000,2025-09-08T04:00:00+00:00,3583.57,3584.82,3579.65,3581.59,5643,12
1757307600,2025-09-08T05:00:00+00:00,3581.6,3591.57,3581.23,3591.23,7215,12
1757311200,2025-09-08T06:00:00+00:00,3591.25,3598.8,3589.49,3598.03,8332,12
1757314800,2025-09-08T07:00:00+00:00,3598.1,3613.57,3596.46,3609.53,9810,12
1757318400,2025-09-08T08:00:00+00:00,3609.49,3616.84,3607.18,3611.24,8389,12
1757322000,2025-09-08T09:00:00+00:00,3611.24,3614.98,3608.7,3613.81,6724,12
1757325600,2025-09-08T10:00:00+00:00,3613.81,3622.47,3613.51,3617.0,7541,12
1757329200,2025-09-08T11:00:00+00:00,3617.0,3619.99,3612.81,3619.91,6431,12
1757332800,2025-09-08T12:00:00+00:00,3619.88,3626.01,3614.66,3624.27,9732,12
1757336400,2025-09-08T13:00:00+00:00,3624.25,3636.88,3620.28,3633.43,16195,12
1757340000,2025-09-08T14:00:00+00:00,3633.4,3640.87,3628.93,3640.72,14460,12
1757343600,2025-09-08T15:00:00+00:00,3640.72,3646.35,3633.21,3639.33,12668,12
1757347200,2025-09-08T16:00:00+00:00,3639.33,3641.7,3635.86,3640.68,9256,12
1757350800,2025-09-08T17:00:00+00:00,3640.69,3641.11,3632.57,3633.42,8386,12
1757354400,2025-09-08T18:00:00+00:00,3633.42,3636.64,3631.95,3636.08,7211,12
1757358000,2025-09-08T19:00:00+00:00,3636.08,3637.66,3632.57,3636.53,7489,12
1757361600,2025-09-08T20:00:00+00:00,3636.51,3637.99,3634.55,3635.81,3379,12
1757368800,2025-09-08T22:00:00+00:00,3634.95,3636.92,3628.94,3629.44,3116,12
1757372400,2025-09-08T23:00:00+00:00,3629.44,3636.24,3628.25,3634.95,4074,12
1757376000,2025-09-09T00:00:00+00:00,3634.95,3640.86,3633.47,3638.54,6746,12
1757379600,2025-09-09T01:00:00+00:00,3638.55,3647.46,3636.05,3646.41,10630,12
1757383200,2025-09-09T02:00:00+00:00,3646.38,3654.51,3644.82,3647.63,10743,12
1757386800,2025-09-09T03:00:00+00:00,3647.59,3652.01,3642.7,3645.94,8329,12
1757390400,2025-09-09T04:00:00+00:00,3645.94,3657.2,3645.78,3654.96,6002,12
1757394000,2025-09-09T05:00:00+00:00,3654.92,3659.28,3652.69,3655.32,7508,12
1757397600,2025-09-09T06:00:00+00:00,3655.32,3656.33,3636.73,3647.64,12696,12
1757401200,2025-09-09T07:00:00+00:00,3647.64,3650.97,3641.65,3644.33,8270,12
1757404800,2025-09-09T08:00:00+00:00,3644.33,3651.07,3641.92,3648.14,8847,12
1757408400,2025-09-09T09:00:00+00:00,3648.14,3656.72,3647.72,3653.6,6635,12
1757412000,2025-09-09T10:00:00+00:00,3653.61,3655.96,3648.78,3651.87,5655,12
1757415600,2025-09-09T11:00:00+00:00,3651.87,3654.21,3646.86,3648.04,6171,12
1757419200,2025-09-09T12:00:00+00:00,3648.04,3655.48,3643.82,3647.5,11665,12
1757422800,2025-09-09T13:00:00+00:00,3647.58,3668.23,3646.41,3665.99,15621,12
1757426400,2025-09-09T14:00:00+00:00,3666.1,3674.71,3636.22,3645.11,19259,12
1757430000,2025-09-09T15:00:00+00:00,3645.06,3646.5,3626.95,3645.6,14818,12
1757433600,2025-09-09T16:00:00+00:00,3645.6,3649.43,3644.2,3645.07,9669,12
1757437200,2025-09-09T17:00:00+00:00,3645.07,3646.5,3641.34,3642.81,7936,12
1757440800,2025-09-09T18:00:00+00:00,3642.81,3645.09,3639.77,3640.39,6484,12
1757444400,2025-09-09T19:00:00+00:00,3640.39,3641.28,3628.58,3629.42,8556,12
1757448000,2025-09-09T20:00:00+00:00,3629.41,3632.84,3626.07,3626.33,4562,12
1757455200,2025-09-09T22:00:00+00:00,3625.55,3635.84,3623.11,3635.49,5684,12
1757458800,2025-09-09T23:00:00+00:00,3635.49,3640.77,3633.4,3633.58,4815,12
1757462400,2025-09-10T00:00:00+00:00,3633.58,3634.41,3621.5,3624.02,7161,12
1757466000,2025-09-10T01:00:00+00:00,3624.06,3632.75,3620.41,3630.71,11033,12
1757469600,2025-09-10T02:00:00+00:00,3630.71,3638.28,3630.12,3636.3,7890,12
1757473200,2025-09-10T03:00:00+00:00,3636.3,3637.05,3633.18,3636.56,5287,12
1757476800,2025-09-10T04:00:00+00:00,3636.56,3643.37,3636.56,3642.92,4502,12
1757480400,2025-09-10T05:00:00+00:00,3642.92,3645.35,3639.98,3643.02,5505,12
1757484000,2025-09-10T06:00:00+00:00,3643.02,3647.65,3640.75,3643.73,7658,12
1757487600,2025-09-10T07:00:00+00:00,3643.82,3648.47,3641.23,3644.02,7755,12
1757491200,2025-09-10T08:00:00+00:00,3644.03,3647.7,3641.93,3645.87,7024,12
1757494800,2025-09-10T09:00:00+00:00,3645.87,3656.05,3644.99,3655.21,6217,12
1757498400,2025-09-10T10:00:00+00:00,3655.21,3657.5,3651.52,3655.31,7385,12
1757502000,2025-09-10T11:00:00+00:00,3655.31,3656.35,3648.49,3649.25,7504,12
1757505600,2025-09-10T12:00:00+00:00,3649.25,3657.34,3640.4,3644.02,12465,12
1757509200,2025-09-10T13:00:00+00:00,3644.02,3654.02,3642.14,3651.27,14007,12
1757512800,2025-09-10T14:00:00+00:00,3651.29,3655.41,3643.9,3647.54,13142,12
1757516400,2025-09-10T15:00:00+00:00,3647.66,3648.57,3638.7,3644.51,10565,12
1757520000,2025-09-10T16:00:00+00:00,3644.52,3646.91,3639.98,3642.8,8122,12
1757523600,2025-09-10T17:00:00+00:00,3642.8,3647.59,3641.72,3647.43,6911,12
1757527200,2025-09-10T18:00:00+00:00,3647.43,3649.7,3644.59,3645.4,5758,12
1757530800,2025-09-10T19:00:00+00:00,3645.4,3646.34,3635.26,3642.0,7639,12
1757534400,2025-09-10T20:00:00+00:00,3641.95,3642.92,3638.08,3640.63,2823,12
1757541600,2025-09-10T22:00:00+00:00,3642.98,3644.48,3637.93,3639.79,2495,12
1757545200,2025-09-10T23:00:00+00:00,3639.82,3645.62,3638.57,3644.92,2933,12
1757548800,2025-09-11T00:00:00+00:00,3644.92,3647.17,3642.56,3643.88,5649,12
1757552400,2025-09-11T01:00:00+00:00,3643.88,3649.19,3639.86,3640.98,6777,12
1757556000,2025-09-11T02:00:00+00:00,3641.08,3643.5,3634.3,3637.32,5843,12
1757559600,2025-09-11T03:00:00+00:00,3637.42,3637.42,3629.9,3631.99,6250,12
1757563200,2025-09-11T04:00:00+00:00,3631.99,3634.4,3630.23,3630.62,3560,12
1757566800,2025-09-11T05:00:00+00:00,3630.65,3633.49,3623.46,3625.12,8081,12
1757570400,2025-09-11T06:00:00+00:00,3625.12,3638.04,3622.85,3633.3,9097,12
1757574000,2025-09-11T07:00:00+00:00,3633.28,3633.38,3623.93,3629.85,8689,12
1757577600,2025-09-11T08:00:00+00:00,3629.85,3631.77,3625.5,3626.24,6313,12
1757581200,2025-09-11T09:00:00+00:00,3626.24,3626.24,3614.21,3621.88,8687,12
1757584800,2025-09-11T10:00:00+00:00,3621.88,3624.9,3619.8,3621.88,6236,12
1757588400,2025-09-11T11:00:00+00:00,3621.88,3622.2,3615.5,3616.82,6809,12
1757592000,2025-09-11T12:00:00+00:00,3616.82,3643.95,3613.94,3629.0,14115,12
1757595600,2025-09-11T13:00:00+00:00,3629.0,3637.11,3618.37,3630.25,16941,12
1757599200,2025-09-11T14:00:00+00:00,3630.24,3637.79,3626.18,3629.53,13446,12
1757602800,2025-09-11T15:00:00+00:00,3629.53,3639.01,3629.53,3633.16,10191,12
1757606400,2025-09-11T16:00:00+00:00,3633.14,3641.95,3633.13,3636.19,9555,12
1757610000,2025-09-11T17:00:00+00:00,3636.22,3636.71,3631.92,3635.08,7363,12
1757613600,2025-09-11T18:00:00+00:00,3635.08,3637.11,3630.48,3632.33,6169,12
1757617200,2025-09-11T19:00:00+00:00,3632.33,3637.49,3632.19,3636.99,5897,12
1757620800,2025-09-11T20:00:00+00:00,3636.99,3637.63,3633.23,3633.98,2263,12
1757628000,2025-09-11T22:00:00+00:00,3634.44,3638.18,3633.17,3634.88,1918,12
1757631600,2025-09-11T23:00:00+00:00,3634.88,3636.09,3631.58,3631.84,2489,12
1757635200,2025-09-12T00:00:00+00:00,3631.84,3638.0,3630.49,3636.6,6455,12
1757638800,2025-09-12T01:00:00+00:00,3636.6,3647.55,3636.6,3646.38,11017,12
1757642400,2025-09-12T02:00:00+00:00,3646.37,3650.95,3644.93,3649.04,7240,12
1757646000,2025-09-12T03:00:00+00:00,3649.05,3653.27,3646.64,3652.91,5781,12
1757649600,2025-09-12T04:00:00+00:00,3652.9,3656.2,3651.56,3654.93,4456,12
1757653200,2025-09-12T05:00:00+00:00,3654.93,3656.63,3652.02,3653.1,5350,12
1757656800,2025-09-12T06:00:00+00:00,3653.11,3654.05,3648.35,3650.6,7011,12
1757660400,2025-09-12T07:00:00+00:00,3650.6,3653.85,3647.83,3648.34,6572,12
1757664000,2025-09-12T08:00:00+00:00,3648.33,3651.25,3639.66,3641.05,8496,12
1757667600,2025-09-12T09:00:00+00:00,3641.05,3647.03,3637.65,3646.5,8025,12
1757671200,2025-09-12T10:00:00+00:00,3646.46,3652.16,3646.34,3651.13,6172,12
1757674800,2025-09-12T11:00:00+00:00,3651.14,3652.03,3646.88,3647.05,6246,12
1757678400,2025-09-12T12:00:00+00:00,3647.05,3648.95,3638.3,3645.4,11310,12
1757682000,2025-09-12T13:00:00+00:00,3645.4,3652.59,3643.35,3650.49,12627,12
1757685600,2025-09-12T14:00:00+00:00,3650.49,3654.39,3647.4,3648.0,11297,12
1757689200,2025-09-12T15:00:00+00:00,3648.03,3648.26,3641.82,3644.49,9752,12
1757692800,2025-09-12T16:00:00+00:00,3644.51,3649.68,3642.66,3649.19,6766,12
1757696400,2025-09-12T17:00:00+00:00,3649.18,3650.7,3647.53,3648.74,5916,12
1757700000,2025-09-12T18:00:00+00:00,3648.74,3649.46,3647.08,3648.47,5150,12
1757703600,2025-09-12T19:00:00+00:00,3648.47,3648.5,3643.57,3644.18,5362,12
1757707200,2025-09-12T20:00:00+00:00,3644.22,3645.37,3641.36,3642.32,3457,12
1757887200,2025-09-14T22:00:00+00:00,3644.56,3645.92,3639.85,3642.16,2760,12
1757890800,2025-09-14T23:00:00+00:00,3642.16,3642.16,3636.86,3638.18,2934,12
1757894400,2025-09-15T00:00:00+00:00,3638.17,3642.67,3632.18,3633.47,5700,12
1757898000,2025-09-15T01:00:00+00:00,3633.46,3634.83,3626.69,3634.44,9246,12
1757901600,2025-09-15T02:00:00+00:00,3634.44,3645.44,3634.41,3641.02,7664,12
1757905200,2025-09-15T03:00:00+00:00,3641.02,3646.42,3640.19,3646.1,5350,12
1757908800,2025-09-15T04:00:00+00:00,3646.1,3646.88,3643.72,3645.67,3415,12
1757912400,2025-09-15T05:00:00+00:00,3645.68,3646.31,3642.35,3643.66,4379,12
1757916000,2025-09-15T06:00:00+00:00,3643.66,3643.87,3636.65,3636.66,6967,12
1757919600,2025-09-15T07:00:00+00:00,3636.63,3645.0,3633.75,3643.85,8368,12
1757923200,2025-09-15T08:00:00+00:00,3643.79,3645.76,3640.87,3645.51,6332,12
1757926800,2025-09-15T09:00:00+00:00,3645.49,3645.99,3635.77,3641.28,6989,12
1757930400,2025-09-15T10:00:00+00:00,3641.28,3646.39,3639.12,3639.92,7152,12
1757934000,2025-09-15T11:00:00+00:00,3639.92,3646.8,3639.07,3642.58,7372,12
1757937600,2025-09-15T12:00:00+00:00,3642.59,3650.98,3636.93,3650.36,10509,12
1757941200,2025-09-15T13:00:00+00:00,3650.36,3664.34,3646.93,3657.16,13064,12
1757944800,2025-09-15T14:00:00+00:00,3657.16,3663.86,3653.91,3663.51,11189,12
1757948400,2025-09-15T15:00:00+00:00,3663.51,3681.87,3663.01,3680.56,10326,12
1757952000,2025-09-15T16:00:00+00:00,3680.51,3685.54,3674.76,3679.2,10990,12
1757955600,2025-09-15T17:00:00+00:00,3679.2,3682.68,3678.59,3681.73,7629,12
1757959200,2025-09-15T18:00:00+00:00,3681.73,3682.07,3675.84,3676.9,6375,12
1757962800,2025-09-15T19:00:00+00:00,3676.9,3682.75,3676.67,3681.02,6930,12
1757966400,2025-09-15T20:00:00+00:00,3681.02,3681.99,3678.7,3678.81,3502,12
1757973600,2025-09-15T22:00:00+00:00,3680.77,3681.12,3676.37,3678.89,2797,12
1757977200,2025-09-15T23:00:00+00:00,3678.89,3680.47,3676.13,3676.92,2634,12
1757980800,2025-09-16T00:00:00+00:00,3676.92,3686.93,3676.36,3686.41,6593,12
1757984400,2025-09-16T01:00:00+00:00,3686.45,3689.51,3677.13,3679.34,8942,12
1757988000,2025-09-16T02:00:00+00:00,3679.34,3682.69,3674.78,3677.71,7930,12
1757991600,2025-09-16T03:00:00+00:00,3677.71,3683.1,3677.01,3681.06,5424,12
1757995200,2025-09-16T04:00:00+00:00,3681.08,3685.33,3680.16,3684.29,4003,12
1757998800,2025-09-16T05:00:00+00:00,3684.29,3684.53,3680.28,3682.78,5007,12
1758002400,2025-09-16T06:00:00+00:00,3682.78,3694.17,3681.69,3693.41,8053,12
1758006000,2025-09-16T07:00:00+00:00,3693.41,3694.07,3686.33,3686.49,8094,12
1758009600,2025-09-16T08:00:00+00:00,3686.49,3697.22,3686.14,3694.29,7544,12
1758013200,2025-09-16T09:00:00+00:00,3694.29,3698.89,3693.0,3698.3,6791,12
1758016800,2025-09-16T10:00:00+00:00,3698.3,3698.8,3692.84,3693.2,6238,12
1758020400,2025-09-16T11:00:00+00:00,3693.2,3699.5,3690.55,3697.17,7982,12
1758024000,2025-09-16T12:00:00+00:00,3697.2,3697.44,3686.48,3689.26,11443,12
1758027600,2025-09-16T13:00:00+00:00,3689.26,3698.57,3685.21,3695.68,13899,12
1758031200,2025-09-16T14:00:00+00:00,3695.71,3703.01,3685.7,3686.35,15749,12
1758034800,2025-09-16T15:00:00+00:00,3686.4,3688.92,3678.87,3686.29,13776,12
1758038400,2025-09-16T16:00:00+00:00,3686.29,3691.21,3684.67,3689.81,9465,12
1758042000,2025-09-16T17:00:00+00:00,3689.79,3691.0,3686.31,3687.71,8373,12
1758045600,2025-09-16T18:00:00+00:00,3687.72,3690.92,3686.46,3690.67,5802,12
1758049200,2025-09-16T19:00:00+00:00,3690.67,3691.07,3687.79,3689.64,4856,12
1758052800,2025-09-16T20:00:00+00:00,3689.64,3693.83,3689.49,3689.74,2913,12
1758060000,2025-09-16T22:00:00+00:00,3689.76,3692.81,3689.59,3691.99,1774,12
1758063600,2025-09-16T23:00:00+00:00,3691.99,3695.22,3691.8,3694.26,2816,12
1758067200,2025-09-17T00:00:00+00:00,3694.26,3695.37,3691.18,3691.31,4637,12
1758070800,2025-09-17T01:00:00+00:00,3691.24,3691.98,3676.15,3679.48,10743,12
1758074400,2025-09-17T02:00:00+00:00,3679.48,3683.88,3674.22,3682.17,9608,12
1758078000,2025-09-17T03:00:00+00:00,3682.17,3683.5,3679.93,3681.73,4930,12
1758081600,2025-09-17T04:00:00+00:00,3681.73,3682.55,3680.47,3680.73,3048,12
1758085200,2025-09-17T05:00:00+00:00,3680.73,3685.88,3675.88,3679.21,7211,12
1758088800,2025-09-17T06:00:00+00:00,3679.21,3680.1,3670.54,3675.06,8659,12
1758092400,2025-09-17T07:00:00+00:00,3675.05,3677.37,3666.67,3667.1,8565,12
1758096000,2025-09-17T08:00:00+00:00,3667.09,3667.95,3662.63,3664.86,8543,12
1758099600,2025-09-17T09:00:00+00:00,3664.86,3670.97,3663.93,3667.87,7771,12
1758103200,2025-09-17T10:00:00+00:00,3667.87,3669.8,3660.53,3661.45,9254,12
1758106800,2025-09-17T11:00:00+00:00,3661.45,3669.92,3660.08,3665.97,9115,12
1758110400,2025-09-17T12:00:00+00:00,3665.98,3679.29,3665.67,3678.71,9413,12
1758114000,2025-09-17T13:00:00+00:00,3678.71,3682.59,3672.85,3678.78,13231,12
1758117600,2025-09-17T14:00:00+00:00,3678.8,3686.12,3676.85,3684.33,11438,12
1758121200,2025-09-17T15:00:00+00:00,3684.32,3687.17,3682.85,3684.17,8157,12
1758124800,2025-09-17T16:00:00+00:00,3684.22,3688.53,3684.05,3684.74,6262,12
1758128400,2025-09-17T17:00:00+00:00,3684.75,3687.73,3678.73,3686.86,8102,12
1758132000,2025-09-17T18:00:00+00:00,3686.83,3707.48,3646.19,3650.36,20797,12
1758135600,2025-09-17T19:00:00+00:00,3650.37,3666.99,3646.26,3661.71,17852,12
1758139200,2025-09-17T20:00:00+00:00,3661.72,3661.72,3656.39,3659.96,5300,12
1758146400,2025-09-17T22:00:00+00:00,3661.11,3665.36,3655.78,3662.92,3908,12
1758150000,2025-09-17T23:00:00+00:00,3662.92,3672.03,3662.08,3669.13,4365,12
1758153600,2025-09-18T00:00:00+00:00,3669.13,3669.9,3658.1,3665.21,7358,12
1758157200,2025-09-18T01:00:00+00:00,3665.21,3668.83,3651.86,3657.11,12711,12
1758160800,2025-09-18T02:00:00+00:00,3657.12,3665.86,3655.44,3664.8,7581,12
1758164400,2025-09-18T03:00:00+00:00,3664.8,3666.03,3657.9,3658.52,4893,12
1758168000,2025-09-18T04:00:00+00:00,3658.52,3659.3,3653.44,3653.58,4913,12
1758171600,2025-09-18T05:00:00+00:00,3653.59,3659.22,3649.52,3651.59,8489,12
1758175200,2025-09-18T06:00:00+00:00,3651.53,3651.93,3633.93,3637.52,12675,12
1758178800,2025-09-18T07:00:00+00:00,3637.5,3659.88,3635.53,3658.97,10878,12
1758182400,2025-09-18T08:00:00+00:00,3658.99,3665.79,3653.73,3665.51,8345,12
1758186000,2025-09-18T09:00:00+00:00,3665.51,3672.97,3664.64,3671.68,8677,12
1758189600,2025-09-18T10:00:00+00:00,3671.68,3672.52,3665.54,3667.1,7347,12
1758193200,2025-09-18T11:00:00+00:00,3667.1,3670.93,3664.45,3667.14,7651,12
1758196800,2025-09-18T12:00:00+00:00,3667.2,3672.38,3663.04,3663.31,10668,12
1758200400,2025-09-18T13:00:00+00:00,3663.33,3664.2,3627.96,3642.19,17198,12
1758204000,2025-09-18T14:00:00+00:00,3642.19,3646.44,3634.32,3638.39,16602,12
1758207600,2025-09-18T15:00:00+00:00,3638.41,3642.32,3636.9,3641.3,11149,12
1758211200,2025-09-18T16:00:00+00:00,3641.29,3647.26,3640.91,3646.34,8758,12
1758214800,2025-09-18T17:00:00+00:00,3646.33,3646.81,3643.36,3643.58,7736,12
1758218400,2025-09-18T18:00:00+00:00,3643.58,3643.62,3640.54,3641.38,6484,12
1758222000,2025-09-18T19:00:00+00:00,3641.38,3647.1,3640.68,3646.73,6540,12
1758225600,2025-09-18T20:00:00+00:00,3646.82,3647.19,3643.92,3644.53,2434,12
1758232800,2025-09-18T22:00:00+00:00,3643.75,3643.97,3639.51,3640.28,1680,12
1758236400,2025-09-18T23:00:00+00:00,3640.28,3641.83,3637.78,3640.21,2610,12
1758240000,2025-09-19T00:00:00+00:00,3640.21,3642.73,3636.28,3640.12,5844,12
1758243600,2025-09-19T01:00:00+00:00,3640.12,3651.19,3632.37,3639.89,10348,12
1758247200,2025-09-19T02:00:00+00:00,3639.89,3650.23,3638.89,3647.42,8313,12
1758250800,2025-09-19T03:00:00+00:00,3647.4,3656.31,3645.39,3653.7,7986,12
1758254400,2025-09-19T04:00:00+00:00,3653.69,3659.98,3653.68,3658.89,6572,12
1758258000,2025-09-19T05:00:00+00:00,3658.89,3661.23,3651.46,3652.5,7652,12
1758261600,2025-09-19T06:00:00+00:00,3652.49,3654.23,3643.35,3646.96,10238,12
1758265200,2025-09-19T07:00:00+00:00,3646.99,3657.53,3644.49,3653.99,8248,12
1758268800,2025-09-19T08:00:00+00:00,3653.93,3656.61,3649.55,3655.66,7487,12
1758272400,2025-09-19T09:00:00+00:00,3655.66,3658.76,3655.26,3658.58,5850,12
1758276000,2025-09-19T10:00:00+00:00,3658.58,3659.17,3655.14,3655.87,4904,12
1758279600,2025-09-19T11:00:00+00:00,3655.91,3655.91,3645.72,3648.46,7902,12
1758283200,2025-09-19T12:00:00+00:00,3648.46,3651.9,3644.56,3649.28,9641,12
1758286800,2025-09-19T13:00:00+00:00,3649.28,3664.41,3643.73,3663.35,13522,12
1758290400,2025-09-19T14:00:00+00:00,3663.37,3669.27,3656.39,3667.03,14374,12
1758294000,2025-09-19T15:00:00+00:00,3667.07,3675.89,3665.39,3670.79,12349,12
1758297600,2025-09-19T16:00:00+00:00,3670.79,3673.31,3666.59,3668.29,9304,12
1758301200,2025-09-19T17:00:00+00:00,3668.29,3679.43,3668.1,3678.65,8879,12
1758304800,2025-09-19T18:00:00+00:00,3678.65,3684.12,3678.19,3683.67,8333,12
1758308400,2025-09-19T19:00:00+00:00,3683.67,3685.2,3681.28,3684.48,7598,12
1758312000,2025-09-19T20:00:00+00:00,3684.41,3685.04,3680.83,3684.64,3044,12
1758492000,2025-09-21T22:00:00+00:00,3687.97,3692.12,3683.73,3688.38,4043,12
1758495600,2025-09-21T23:00:00+00:00,3688.38,3690.49,3685.84,3686.34,3841,12
1758499200,2025-09-22T00:00:00+00:00,3686.31,3690.99,3685.66,3690.84,5780,12
1758502800,2025-09-22T01:00:00+00:00,3690.85,3696.77,3686.71,3689.36,11184,12
1758506400,2025-09-22T02:00:00+00:00,3689.25,3693.37,3685.57,3686.42,7714,12
1758510000,2025-09-22T03:00:00+00:00,3686.42,3697.49,3686.05,3695.47,7078,12
1758513600,2025-09-22T04:00:00+00:00,3695.47,3695.92,3690.06,3692.16,4468,12
1758517200,2025-09-22T05:00:00+00:00,3692.16,3700.29,3691.91,3697.08,6561,12
1758520800,2025-09-22T06:00:00+00:00,3697.08,3719.86,3695.56,3714.37,11133,12
1758524400,2025-09-22T07:00:00+00:00,3714.37,3716.38,3708.64,3713.22,9114,12
1758528000,2025-09-22T08:00:00+00:00,3713.22,3722.47,3712.47,3720.36,7786,12
1758531600,2025-09-22T09:00:00+00:00,3720.35,3726.63,3719.32,3723.27,7724,12
1758535200,2025-09-22T10:00:00+00:00,3723.27,3728.34,3721.07,3727.41,6910,12
1758538800,2025-09-22T11:00:00+00:00,3727.41,3728.29,3721.2,3724.68,7913,12
1758542400,2025-09-22T12:00:00+00:00,3724.68,3725.46,3712.21,3721.65,11635,12
1758546000,2025-09-22T13:00:00+00:00,3721.64,3725.53,3713.79,3722.33,15334,12
1758549600,2025-09-22T14:00:00+00:00,3722.32,3726.3,3716.88,3725.86,14337,12
1758553200,2025-09-22T15:00:00+00:00,3725.91,3736.36,3723.63,3736.14,11371,12
1758556800,2025-09-22T16:00:00+00:00,3736.12,3739.56,3735.25,3737.09,9419,12
1758560400,2025-09-22T17:00:00+00:00,3737.09,3747.22,3737.09,3746.66,9091,12
1758564000,2025-09-22T18:00:00+00:00,3746.67,3748.05,3744.64,3747.67,6711,12
1758567600,2025-09-22T19:00:00+00:00,3747.67,3748.77,3742.46,3747.67,7411,12
1758571200,2025-09-22T20:00:00+00:00,3747.63,3748.6,3745.57,3746.84,3172,12
1758578400,2025-09-22T22:00:00+00:00,3745.28,3747.67,3738.24,3740.07,2674,12
1758582000,2025-09-22T23:00:00+00:00,3740.07,3749.15,3739.05,3747.74,4395,12
1758585600,2025-09-23T00:00:00+00:00,3747.79,3750.6,3744.97,3747.2,6508,12
1758589200,2025-09-23T01:00:00+00:00,3747.21,3759.22,3745.64,3754.63,11945,12
1758592800,2025-09-23T02:00:00+00:00,3754.61,3755.44,3736.78,3741.87,11537,12
1758596400,2025-09-23T03:00:00+00:00,3741.85,3747.17,3739.09,3746.63,7247,12
1758600000,2025-09-23T04:00:00+00:00,3746.63,3747.56,3743.26,3744.75,4823,12
1758603600,2025-09-23T05:00:00+00:00,3744.75,3758.79,3743.31,3753.2,8091,12
1758607200,2025-09-23T06:00:00+00:00,3753.17,3757.42,3751.34,3753.94,9406,12
1758610800,2025-09-23T07:00:00+00:00,3753.92,3757.38,3748.99,3753.36,9307,12
1758614400,2025-09-23T08:00:00+00:00,3753.36,3775.16,3753.09,3774.34,9790,12
1758618000,2025-09-23T09:00:00+00:00,3774.37,3791.13,3774.23,3784.85,11588,12
1758621600,2025-09-23T10:00:00+00:00,3784.85,3787.85,3780.86,3782.97,7770,12
1758625200,2025-09-23T11:00:00+00:00,3782.97,3788.85,3779.78,3783.49,9253,12
1758628800,2025-09-23T12:00:00+00:00,3783.58,3785.38,3777.58,3784.31,10988,12
1758632400,2025-09-23T13:00:00+00:00,3784.37,3788.68,3774.23,3783.83,15233,12
1758636000,2025-09-23T14:00:00+00:00,3783.84,3784.9,3767.71,3774.09,15314,12
1758639600,2025-09-23T15:00:00+00:00,3774.1,3782.01,3772.87,3779.36,10400,12
1758643200,2025-09-23T16:00:00+00:00,3779.36,3782.02,3765.1,3779.27,12440,12
1758646800,2025-09-23T17:00:00+00:00,3779.27,3785.7,3775.85,3777.4,11116,12
1758650400,2025-09-23T18:00:00+00:00,3777.47,3781.42,3756.25,3756.8,9960,12
1758654000,2025-09-23T19:00:00+00:00,3756.79,3768.18,3752.06,3764.37,13069,12
1758657600,2025-09-23T20:00:00+00:00,3764.37,3767.41,3762.58,3764.09,4211,12
1758664800,2025-09-23T22:00:00+00:00,3766.36,3767.42,3761.7,3765.45,2403,12
1758668400,2025-09-23T23:00:00+00:00,3765.45,3770.14,3761.94,3763.83,4332,12
1758672000,2025-09-24T00:00:00+00:00,3763.84,3765.49,3758.95,3765.18,6839,12
1758675600,2025-09-24T01:00:00+00:00,3765.18,3771.74,3755.09,3756.59,11186,12
1758679200,2025-09-24T02:00:00+00:00,3756.59,3759.34,3750.62,3757.02,8376,12
1758682800,2025-09-24T03:00:00+00:00,3757.02,3766.6,3752.36,3765.41,7881,12
1758686400,2025-09-24T04:00:00+00:00,3765.41,3768.31,3763.25,3768.2,5188,12
1758690000,2025-09-24T05:00:00+00:00,3768.2,3777.0,3767.99,3774.9,7573,12
1758693600,2025-09-24T06:00:00+00:00,3774.92,3776.15,3769.26,3771.18,8108,12
1758697200,2025-09-24T07:00:00+00:00,3771.38,3779.26,3770.7,3777.45,7538,12
1758700800,2025-09-24T08:00:00+00:00,3777.45,3777.79,3767.08,3770.09,7223,12
1758704400,2025-09-24T09:00:00+00:00,3770.09,3771.72,3763.21,3768.49,6820,12
1758708000,2025-09-24T10:00:00+00:00,3768.49,3768.67,3759.81,3762.14,6824,12
1758711600,2025-09-24T11:00:00+00:00,3762.14,3769.55,3759.69,3768.99,7244,12
1758715200,2025-09-24T12:00:00+00:00,3769.03,3771.48,3764.06,3768.08,10581,12
1758718800,2025-09-24T13:00:00+00:00,3768.08,3772.92,3759.12,3761.25,13426,12
1758722400,2025-09-24T14:00:00+00:00,3761.24,3765.12,3749.65,3752.71,14854,12
1758726000,2025-09-24T15:00:00+00:00,3752.81,3756.62,3739.75,3741.16,12037,12
1758729600,2025-09-24T16:00:00+00:00,3741.16,3745.25,3732.3,3735.82,11907,12
1758733200,2025-09-24T17:00:00+00:00,3735.74,3738.82,3732.35,3733.14,8107,12
1758736800,2025-09-24T18:00:00+00:00,3733.18,3733.94,3722.83,3724.28,8931,12
1758740400,2025-09-24T19:00:00+00:00,3724.28,3731.78,3717.52,3730.08,9989,12
1758744000,2025-09-24T20:00:00+00:00,3730.08,3737.46,3730.0,3736.07,3828,12
1758751200,2025-09-24T22:00:00+00:00,3739.25,3745.18,3738.96,3741.1,3305,12
1758754800,2025-09-24T23:00:00+00:00,3741.1,3745.33,3739.11,3743.04,3501,12
1758758400,2025-09-25T00:00:00+00:00,3743.04,3751.49,3741.46,3749.02,7305,12
1758762000,2025-09-25T01:00:00+00:00,3749.02,3750.45,3732.98,3736.11,10422,12
1758765600,2025-09-25T02:00:00+00:00,3736.1,3742.43,3729.61,3739.58,8473,12
1758769200,2025-09-25T03:00:00+00:00,3739.58,3739.69,3734.4,3736.65,5914,12
1758772800,2025-09-25T04:00:00+00:00,3736.65,3740.73,3731.9,3738.16,4809,12
1758776400,2025-09-25T05:00:00+00:00,3738.16,3741.33,3734.12,3738.6,6187,12
1758780000,2025-09-25T06:00:00+00:00,3738.69,3748.23,3737.72,3741.04,8063,12
1758783600,2025-09-25T07:00:00+00:00,3741.04,3754.95,3740.02,3752.27,9309,12
1758787200,2025-09-25T08:00:00+00:00,3752.27,3761.6,3751.16,3756.42,10277,12
1758790800,2025-09-25T09:00:00+00:00,3756.42,3761.1,3750.4,3757.03,8502,12
1758794400,2025-09-25T10:00:00+00:00,3757.07,3760.81,3755.65,3757.19,7239,12
1758798000,2025-09-25T11:00:00+00:00,3757.2,3757.57,3741.17,3753.04,10254,12
1758801600,2025-09-25T12:00:00+00:00,3752.93,3755.86,3730.61,3738.8,14078,12
1758805200,2025-09-25T13:00:00+00:00,3738.81,3745.56,3722.14,3733.63,17136,12
1758808800,2025-09-25T14:00:00+00:00,3733.7,3736.44,3723.68,3731.5,15480,12
1758812400,2025-09-25T15:00:00+00:00,3731.52,3738.77,3728.05,3735.89,12085,12
1758816000,2025-09-25T16:00:00+00:00,3735.88,3742.76,3732.69,3733.74,9781,12
1758819600,2025-09-25T17:00:00+00:00,3733.74,3744.26,3732.4,3741.77,9924,12
1758823200,2025-09-25T18:00:00+00:00,3741.86,3758.24,3736.68,3755.2,11200,12
1758826800,2025-09-25T19:00:00+00:00,3755.2,3756.72,3744.71,3746.65,9529,12
1758830400,2025-09-25T20:00:00+00:00,3746.67,3752.51,3746.11,3749.32,4047,12
1758837600,2025-09-25T22:00:00+00:00,3748.72,3751.59,3746.37,3748.83,2643,12
1758841200,2025-09-25T23:00:00+00:00,3748.83,3749.9,3738.05,3744.71,5053,12
1758844800,2025-09-26T00:00:00+00:00,3744.71,3749.6,3740.19,3749.58,7323,12
1758848400,2025-09-26T01:00:00+00:00,3749.58,3753.3,3737.78,3739.07,10821,12
1758852000,2025-09-26T02:00:00+00:00,3739.07,3742.85,3737.74,3738.42,6973,12
1758855600,2025-09-26T03:00:00+00:00,3738.42,3746.07,3734.47,3745.55,6262,12
1758859200,2025-09-26T04:00:00+00:00,3745.59,3747.77,3744.73,3747.7,4389,12
1758862800,2025-09-26T05:00:00+00:00,3747.7,3749.6,3741.88,3741.96,4956,12
1758866400,2025-09-26T06:00:00+00:00,3741.97,3754.08,3741.52,3743.53,10314,12
1758870000,2025-09-26T07:00:00+00:00,3743.56,3749.57,3739.23,3748.03,8654,12
1758873600,2025-09-26T08:00:00+00:00,3748.03,3755.17,3747.11,3752.96,7395,12
1758877200,2025-09-26T09:00:00+00:00,3752.97,3754.46,3747.24,3751.5,6377,12
1758880800,2025-09-26T10:00:00+00:00,3751.5,3755.05,3743.0,3744.61,6318,12
1758884400,2025-09-26T11:00:00+00:00,3744.65,3752.89,3744.46,3748.64,7229,12
1758888000,2025-09-26T12:00:00+00:00,3748.64,3757.4,3746.72,3752.09,11411,12
1758891600,2025-09-26T13:00:00+00:00,3752.16,3766.21,3751.27,3762.03,16406,12
1758895200,2025-09-26T14:00:00+00:00,3762.03,3783.79,3761.7,3778.88,16670,12
1758898800,2025-09-26T15:00:00+00:00,3778.88,3780.98,3773.09,3780.46,11803,12
1758902400,2025-09-26T16:00:00+00:00,3780.46,3781.19,3771.47,3774.23,10992,12
1758906000,2025-09-26T17:00:00+00:00,3774.24,3783.12,3774.13,3782.94,8584,12
1758909600,2025-09-26T18:00:00+00:00,3782.96,3783.22,3774.72,3778.57,7378,12
1758913200,2025-09-26T19:00:00+00:00,3778.57,3778.58,3764.68,3766.8,9275,12
1758916800,2025-09-26T20:00:00+00:00,3766.8,3769.55,3762.32,3762.66,4028,12
1759096800,2025-09-28T22:00:00+00:00,3764.85,3771.05,3763.52,3770.47,4505,12
1759100400,2025-09-28T23:00:00+00:00,3770.47,3772.49,3766.43,3766.9,4518,12
1759104000,2025-09-29T00:00:00+00:00,3766.83,3787.47,3763.93,3787.09,9057,12
1759107600,2025-09-29T01:00:00+00:00,3787.09,3788.7,3767.87,3778.71,15724,12
1759111200,2025-09-29T02:00:00+00:00,3778.69,3798.75,3777.71,3792.91,12188,12
1759114800,2025-09-29T03:00:00+00:00,3792.9,3799.44,3792.22,3794.36,9504,12
1759118400,2025-09-29T04:00:00+00:00,3794.35,3808.97,3792.53,3805.08,8624,12
1759122000,2025-09-29T05:00:00+00:00,3805.07,3814.53,3801.27,3813.6,11061,12
1759125600,2025-09-29T06:00:00+00:00,3813.62,3819.77,3810.92,3817.43,12398,12
1759129200,2025-09-29T07:00:00+00:00,3817.43,3819.35,3805.04,3806.27,11299,12
1759132800,2025-09-29T08:00:00+00:00,3806.27,3819.47,3806.27,3818.79,9293,12
1759136400,2025-09-29T09:00:00+00:00,3818.78,3819.67,3806.98,3807.52,8010,12
1759140000,2025-09-29T10:00:00+00:00,3807.51,3818.5,3806.5,3817.93,8882,12
1759143600,2025-09-29T11:00:00+00:00,3817.94,3831.36,3816.46,3828.95,9854,12
1759147200,2025-09-29T12:00:00+00:00,3828.95,3830.42,3811.75,3813.65,14001,12
1759150800,2025-09-29T13:00:00+00:00,3813.72,3828.09,3809.39,3821.4,15831,12
1759154400,2025-09-29T14:00:00+00:00,3821.36,3830.61,3816.68,3828.22,15312,12
1759158000,2025-09-29T15:00:00+00:00,3828.22,3833.22,3821.65,3830.4,12539,12
1759161600,2025-09-29T16:00:00+00:00,3830.4,3833.52,3828.17,3830.33,8569,12
1759165200,2025-09-29T17:00:00+00:00,3830.34,3832.87,3824.1,3828.91,9616,12
1759168800,2025-09-29T18:00:00+00:00,3828.91,3830.67,3823.37,3824.51,7786,12
1759172400,2025-09-29T19:00:00+00:00,3824.51,3829.77,3822.58,3828.74,8528,12
1759176000,2025-09-29T20:00:00+00:00,3828.77,3834.21,3827.79,3833.88,4370,12
1759183200,2025-09-29T22:00:00+00:00,3830.74,3833.09,3825.68,3830.7,2682,12
1759186800,2025-09-29T23:00:00+00:00,3830.7,3833.41,3828.1,3832.88,3190,12
1759190400,2025-09-30T00:00:00+00:00,3832.88,3840.7,3831.1,3839.06,8240,12
1759194000,2025-09-30T01:00:00+00:00,3839.06,3850.85,3838.0,3848.12,11173,12
1759197600,2025-09-30T02:00:00+00:00,3848.12,3852.01,3842.57,3848.07,9610,12
1759201200,2025-09-30T03:00:00+00:00,3848.07,3867.16,3845.92,3864.72,9249,12
1759204800,2025-09-30T04:00:00+00:00,3864.72,3867.11,3862.04,3867.05,6141,12
1759208400,2025-09-30T05:00:00+00:00,3867.05,3870.37,3862.63,3869.72,9030,12
1759212000,2025-09-30T06:00:00+00:00,3869.72,3871.7,3854.84,3855.73,11512,12
1759215600,2025-09-30T07:00:00+00:00,3855.73,3859.41,3839.63,3843.83,12190,12
1759219200,2025-09-30T08:00:00+00:00,3843.83,3847.21,3807.75,3816.27,15756,12
1759222800,2025-09-30T09:00:00+00:00,3816.27,3821.49,3793.18,3798.78,13911,12
1759226400,2025-09-30T10:00:00+00:00,3798.78,3814.61,3798.22,3812.16,10343,12
1759230000,2025-09-30T11:00:00+00:00,3812.16,3817.8,3804.49,3815.3,10113,12
1759233600,2025-09-30T12:00:00+00:00,3815.26,3821.64,3808.96,3819.32,11735,12
1759237200,2025-09-30T13:00:00+00:00,3819.28,3829.91,3811.72,3824.42,14425,12
1759240800,2025-09-30T14:00:00+00:00,3824.05,3854.47,3820.4,3854.11,16171,12
1759244400,2025-09-30T15:00:00+00:00,3854.11,3854.18,3831.35,3839.07,14922,12
1759248000,2025-09-30T16:00:00+00:00,3838.92,3847.95,3837.88,3845.98,10255,12
1759251600,2025-09-30T17:00:00+00:00,3846.01,3849.31,3842.73,3844.04,8659,12
1759255200,2025-09-30T18:00:00+00:00,3844.05,3849.0,3839.73,3848.0,7206,12
1759258800,2025-09-30T19:00:00+00:00,3847.98,3860.79,3847.16,3858.98,8356,12
1759262400,2025-09-30T20:00:00+00:00,3858.98,3860.1,3850.71,3858.4,6112,12
1759269600,2025-09-30T22:00:00+00:00,3858.05,3861.41,3854.71,3860.01,4588,12
1759273200,2025-09-30T23:00:00+00:00,3860.01,3863.06,3860.01,3862.88,3667,12
1759276800,2025-10-01T00:00:00+00:00,3862.9,3865.32,3858.76,3860.68,6935,12
1759280400,2025-10-01T01:00:00+00:00,3860.35,3868.97,3859.22,3868.95,7313,12
1759284000,2025-10-01T02:00:00+00:00,3868.94,3875.49,3858.29,3863.47,10147,12
1759287600,2025-10-01T03:00:00+00:00,3863.47,3866.42,3855.66,3862.05,8554,12
1759291200,2025-10-01T04:00:00+00:00,3862.05,3865.0,3857.5,3864.92,6589,12
1759294800,2025-10-01T05:00:00+00:00,3864.88,3869.84,3862.15,3863.47,7312,12
1759298400,2025-10-01T06:00:00+00:00,3863.47,3864.89,3853.44,3859.19,9872,12
1759302000,2025-10-01T07:00:00+00:00,3859.17,3879.7,3858.99,3879.23,11833,12
1759305600,2025-10-01T08:00:00+00:00,3879.22,3895.29,3879.09,3893.0,12270,12
1759309200,2025-10-01T09:00:00+00:00,3893.0,3895.1,3883.77,3889.0,9840,12
1759312800,2025-10-01T10:00:00+00:00,3889.0,3889.62,3885.26,3887.55,8283,12
1759316400,2025-10-01T11:00:00+00:00,3887.58,3888.48,3878.08,3883.61,8470,12
1759320000,2025-10-01T12:00:00+00:00,3883.61,3891.12,3864.59,3870.41,15323,12
1759323600,2025-10-01T13:00:00+00:00,3870.44,3877.03,3863.76,3872.96,15076,12
1759327200,2025-10-01T14:00:00+00:00,3872.96,3878.68,3856.55,3873.04,15968,12
1759330800,2025-10-01T15:00:00+00:00,3873.04,3876.81,3858.07,3868.61,15333,12
1759334400,2025-10-01T16:00:00+00:00,3868.51,3871.56,3860.74,3870.87,10394,12
1759338000,2025-10-01T17:00:00+00:00,3870.88,3871.88,3860.62,3860.83,9007,12
1759341600,2025-10-01T18:00:00+00:00,3860.83,3866.33,3855.07,3862.2,10530,12
1759345200,2025-10-01T19:00:00+00:00,3862.2,3871.02,3861.41,3867.78,8562,12
1759348800,2025-10-01T20:00:00+00:00,3867.78,3867.85,3860.37,3865.64,5113,12
1759356000,2025-10-01T22:00:00+00:00,3869.08,3869.72,3858.76,3862.17,3602,12
1759359600,2025-10-01T23:00:00+00:00,3862.17,3866.64,3857.68,3863.5,5073,12
1759363200,2025-10-02T00:00:00+00:00,3863.49,3863.73,3856.05,3856.11,7484,12
1759366800,2025-10-02T01:00:00+00:00,3856.11,3865.12,3852.88,3865.03,7998,12
1759370400,2025-10-02T02:00:00+00:00,3865.02,3870.06,3861.66,3866.23,6863,12
1759374000,2025-10-02T03:00:00+00:00,3866.21,3869.46,3864.0,3866.54,4951,12
1759377600,2025-10-02T04:00:00+00:00,3866.56,3867.69,3862.01,3864.23,3570,12
1759381200,2025-10-02T05:00:00+00:00,3864.23,3871.25,3864.23,3867.89,5364,12
1759384800,2025-10-02T06:00:00+00:00,3867.89,3874.24,3862.01,3864.16,7785,12
1759388400,2025-10-02T07:00:00+00:00,3864.16,3874.86,3861.76,3868.56,10644,12
1759392000,2025-10-02T08:00:00+00:00,3868.56,3878.7,3864.71,3874.55,8309,12
1759395600,2025-10-02T09:00:00+00:00,3874.55,3879.77,3873.39,3879.13,7803,12
1759399200,2025-10-02T10:00:00+00:00,3879.13,3883.87,3875.84,3881.78,6894,12
1759402800,2025-10-02T11:00:00+00:00,3881.8,3886.66,3879.79,3886.34,7802,12
1759406400,2025-10-02T12:00:00+00:00,3886.34,3892.04,3880.14,3884.38,12086,12
1759410000,2025-10-02T13:00:00+00:00,3884.5,3896.85,3873.63,3875.21,15653,12
1759413600,2025-10-02T14:00:00+00:00,3875.23,3876.8,3825.42,3839.92,19251,12
1759417200,2025-10-02T15:00:00+00:00,3839.92,3844.78,3819.41,3828.3,17668,12
1759420800,2025-10-02T16:00:00+00:00,3828.31,3845.29,3827.25,3844.86,13759,12
1759424400,2025-10-02T17:00:00+00:00,3844.86,3847.71,3840.61,3844.27,10019,12
1759428000,2025-10-02T18:00:00+00:00,3844.27,3851.48,3843.49,3850.91,6973,12
1759431600,2025-10-02T19:00:00+00:00,3850.91,3859.1,3850.68,3855.66,8679,12
1759435200,2025-10-02T20:00:00+00:00,3855.73,3859.37,3853.58,3856.54,3516,12
1759442400,2025-10-02T22:00:00+00:00,3857.43,3858.46,3852.11,3857.11,3160,12
1759446000,2025-10-02T23:00:00+00:00,3857.09,3863.73,3856.9,3862.45,3944,12
1759449600,2025-10-03T00:00:00+00:00,3862.45,3862.65,3856.44,3856.96,6199,12
1759453200,2025-10-03T01:00:00+00:00,3856.96,3862.71,3847.45,3858.49,9786,12
1759456800,2025-10-03T02:00:00+00:00,3858.49,3859.07,3847.66,3848.17,6656,12
1759460400,2025-10-03T03:00:00+00:00,3848.17,3850.98,3838.04,3842.72,8340,12
1759464000,2025-10-03T04:00:00+00:00,3842.72,3848.32,3841.66,3844.04,5482,12
1759467600,2025-10-03T05:00:00+00:00,3844.04,3859.24,3843.98,3855.13,7380,12
1759471200,2025-10-03T06:00:00+00:00,3855.13,3861.0,3850.98,3859.16,7733,12
1759474800,2025-10-03T07:00:00+00:00,3859.17,3865.2,3857.05,3864.23,7126,12
1759478400,2025-10-03T08:00:00+00:00,3864.25,3865.69,3860.16,3864.84,6570,12
1759482000,2025-10-03T09:00:00+00:00,3864.84,3864.92,3857.0,3864.31,6230,12
1759485600,2025-10-03T10:00:00+00:00,3864.31,3867.66,3862.11,3865.75,7210,12
1759489200,2025-10-03T11:00:00+00:00,3865.75,3867.13,3854.93,3862.1,9438,12
1759492800,2025-10-03T12:00:00+00:00,3862.1,3875.04,3860.59,3873.91,10661,12
1759496400,2025-10-03T13:00:00+00:00,3873.91,3890.78,3870.15,3882.85,15365,12
1759500000,2025-10-03T14:00:00+00:00,3882.87,3885.8,3866.4,3879.7,17182,12
1759503600,2025-10-03T15:00:00+00:00,3879.67,3891.67,3873.9,3889.49,13234,12
1759507200,2025-10-03T16:00:00+00:00,3889.49,3889.78,3880.62,3883.92,10543,12
1759510800,2025-10-03T17:00:00+00:00,3883.73,3885.98,3876.99,3881.82,11136,12
1759514400,2025-10-03T18:00:00+00:00,3881.81,3889.23,3880.06,3886.1,9309,12
1759518000,2025-10-03T19:00:00+00:00,3886.08,3889.13,3883.55,3885.84,8271,12
1759521600,2025-10-03T20:00:00+00:00,3885.82,3887.22,3882.91,3884.91,2991,12
1759701600,2025-10-05T22:00:00+00:00,3888.61,3900.02,3884.32,3899.31,6311,12
1759705200,2025-10-05T23:00:00+00:00,3899.43,3920.58,3898.39,3909.65,10669,12
1759708800,2025-10-06T00:00:00+00:00,3909.66,3910.05,3899.0,3900.48,11740,12
1759712400,2025-10-06T01:00:00+00:00,3900.5,3918.34,3899.78,3918.02,9473,12
1759716000,2025-10-06T02:00:00+00:00,3918.04,3924.71,3917.6,3921.04,8293,12
1759719600,2025-10-06T03:00:00+00:00,3920.98,3932.0,3919.98,3929.51,8615,12
1759723200,2025-10-06T04:00:00+00:00,3929.51,3940.34,3928.84,3938.67,9031,12
1759726800,2025-10-06T05:00:00+00:00,3938.68,3945.15,3927.34,3932.61,10602,12
1759730400,2025-10-06T06:00:00+00:00,3932.58,3934.83,3922.49,3934.36,11100,12
1759734000,2025-10-06T07:00:00+00:00,3934.36,3943.91,3929.32,3941.61,12319,12
1759737600,2025-10-06T08:00:00+00:00,3941.66,3949.54,3935.42,3942.49,12015,12
1759741200,2025-10-06T09:00:00+00:00,3942.49,3944.89,3936.65,3942.36,8207,12
1759744800,2025-10-06T10:00:00+00:00,3942.36,3946.65,3932.65,3942.25,8803,12
1759748400,2025-10-06T11:00:00+00:00,3942.25,3942.76,3931.12,3938.3,11223,12
1759752000,2025-10-06T12:00:00+00:00,3938.24,3941.27,3926.48,3934.16,14687,12
1759755600,2025-10-06T13:00:00+00:00,3934.34,3947.08,3927.32,3944.65,15248,12
1759759200,2025-10-06T14:00:00+00:00,3944.66,3958.79,3940.36,3955.04,15765,12
1759762800,2025-10-06T15:00:00+00:00,3955.04,3964.06,3948.33,3962.5,13644,12
1759766400,2025-10-06T16:00:00+00:00,3962.51,3970.15,3946.0,3954.05,13412,12
1759770000,2025-10-06T17:00:00+00:00,3954.08,3958.98,3951.21,3957.9,10497,12
1759773600,2025-10-06T18:00:00+00:00,3957.9,3960.6,3955.86,3958.46,7607,12
1759777200,2025-10-06T19:00:00+00:00,3958.46,3964.97,3958.27,3959.5,8047,12
1759780800,2025-10-06T20:00:00+00:00,3959.4,3962.37,3957.42,3960.99,3843,12
1759788000,2025-10-06T22:00:00+00:00,3958.84,3976.19,3958.52,3963.49,8628,12
1759791600,2025-10-06T23:00:00+00:00,3963.49,3972.66,3961.76,3969.5,6476,12
1759795200,2025-10-07T00:00:00+00:00,3969.5,3977.39,3961.51,3962.73,11304,12
1759798800,2025-10-07T01:00:00+00:00,3962.76,3963.79,3955.93,3958.15,9777,12
1759802400,2025-10-07T02:00:00+00:00,3958.14,3966.99,3957.42,3964.94,6864,12
1759806000,2025-10-07T03:00:00+00:00,3964.94,3974.71,3960.92,3973.32,8274,12
1759809600,2025-10-07T04:00:00+00:00,3973.44,3976.96,3971.55,3976.12,6661,12
1759813200,2025-10-07T05:00:00+00:00,3975.95,3976.85,3960.56,3964.78,10134,12
1759816800,2025-10-07T06:00:00+00:00,3964.77,3966.32,3953.86,3955.06,10007,12
1759820400,2025-10-07T07:00:00+00:00,3955.07,3956.18,3943.38,3946.0,14619,12
1759824000,2025-10-07T08:00:00+00:00,3945.92,3953.93,3940.92,3951.34,11167,12
1759827600,2025-10-07T09:00:00+00:00,3951.34,3963.48,3951.12,3955.17,9595,12
1759831200,2025-10-07T10:00:00+00:00,3955.19,3962.78,3954.09,3960.07,7489,12
1759834800,2025-10-07T11:00:00+00:00,3960.07,3969.07,3956.37,3967.02,8516,12
1759838400,2025-10-07T12:00:00+00:00,3966.86,3980.01,3964.43,3979.48,12581,12
1759842000,2025-10-07T13:00:00+00:00,3979.48,3985.63,3970.45,3979.22,15722,12
1759845600,2025-10-07T14:00:00+00:00,3979.23,3986.69,3969.06,3985.63,16579,12
1759849200,2025-10-07T15:00:00+00:00,3985.6,3991.04,3961.88,3966.11,17286,12
1759852800,2025-10-07T16:00:00+00:00,3966.11,3979.51,3963.12,3976.65,15668,12
1759856400,2025-10-07T17:00:00+00:00,3976.69,3987.7,3976.51,3980.89,12196,12
1759860000,2025-10-07T18:00:00+00:00,3980.93,3983.9,3974.24,3981.08,11116,12
1759863600,2025-10-07T19:00:00+00:00,3981.08,3983.37,3978.63,3980.12,8949,12
1759867200,2025-10-07T20:00:00+00:00,3980.15,3986.58,3980.15,3984.49,4095,12
1759874400,2025-10-07T22:00:00+00:00,3984.92,3990.62,3983.29,3989.56,3588,12
1759878000,2025-10-07T23:00:00+00:00,3989.56,3995.97,3988.39,3994.37,5010,12
1759881600,2025-10-08T00:00:00+00:00,3994.37,3999.33,3989.5,3992.39,8780,12
1759885200,2025-10-08T01:00:00+00:00,3992.39,4000.77,3984.47,4000.77,11226,12
1759888800,2025-10-08T02:00:00+00:00,4000.58,4011.74,3995.69,4011.68,9430,12
1759892400,2025-10-08T03:00:00+00:00,4011.68,4016.57,4008.88,4014.69,8109,12
1759896000,2025-10-08T04:00:00+00:00,4014.69,4027.27,4014.64,4026.79,8613,12
1759899600,2025-10-08T05:00:00+00:00,4026.79,4037.06,4024.62,4029.14,10146,12
1759903200,2025-10-08T06:00:00+00:00,4029.13,4033.06,4021.36,4031.61,11449,12
1759906800,2025-10-08T07:00:00+00:00,4031.61,4039.04,4030.16,4034.28,11261,12
1759910400,2025-10-08T08:00:00+00:00,4034.19,4040.49,4033.2,4036.38,9222,12
1759914000,2025-10-08T09:00:00+00:00,4036.38,4049.61,4030.78,4049.3,9768,12
1759917600,2025-10-08T10:00:00+00:00,4049.28,4049.61,4033.52,4037.1,10581,12
1759921200,2025-10-08T11:00:00+00:00,4037.1,4038.11,4032.05,4038.07,9535,12
1759924800,2025-10-08T12:00:00+00:00,4038.01,4046.44,4031.09,4040.04,13124,12
1759928400,2025-10-08T13:00:00+00:00,4040.01,4049.41,4026.32,4038.27,16219,12
1759932000,2025-10-08T14:00:00+00:00,4038.18,4049.17,4035.62,4048.18,15217,12
1759935600,2025-10-08T15:00:00+00:00,4048.16,4050.52,4037.24,4045.69,14328,12
1759939200,2025-10-08T16:00:00+00:00,4045.7,4059.19,4044.35,4056.59,12665,12
1759942800,2025-10-08T17:00:00+00:00,4056.61,4058.03,4043.08,4051.26,11420,12
1759946400,2025-10-08T18:00:00+00:00,4051.31,4053.22,4038.71,4049.94,12358,12
1759950000,2025-10-08T19:00:00+00:00,4049.96,4054.64,4032.1,4044.94,14326,12
1759953600,2025-10-08T20:00:00+00:00,4044.89,4046.63,4038.66,4041.6,5429,12
1759960800,2025-10-08T22:00:00+00:00,4040.31,4041.29,4015.33,4021.37,6695,12
1759964400,2025-10-08T23:00:00+00:00,4021.36,4021.94,4001.38,4011.71,10694,12
1759968000,2025-10-09T00:00:00+00:00,4011.71,4028.1,4008.73,4023.0,11813,12
1759971600,2025-10-09T01:00:00+00:00,4022.95,4036.41,4008.22,4019.69,16566,12
1759975200,2025-10-09T02:00:00+00:00,4019.69,4021.33,4002.64,4018.63,13094,12
1759978800,2025-10-09T03:00:00+00:00,4018.6,4029.54,4017.25,4026.84,9043,12
1759982400,2025-10-09T04:00:00+00:00,4026.84,4041.11,4026.84,4038.97,7193,12
1759986000,2025-10-09T05:00:00+00:00,4038.97,4043.71,4034.42,4039.74,9755,12
1759989600,2025-10-09T06:00:00+00:00,4039.73,4040.96,4022.67,4026.08,12613,12
1759993200,2025-10-09T07:00:00+00:00,4026.0,4032.78,4024.8,4031.56,11478,12
1759996800,2025-10-09T08:00:00+00:00,4031.56,4040.37,4030.3,4038.21,8969,12
1760000400,2025-10-09T09:00:00+00:00,4038.21,4042.1,4034.24,4037.49,8507,12
1760004000,2025-10-09T10:00:00+00:00,4037.49,4044.27,4036.39,4044.23,6361,12
1760007600,2025-10-09T11:00:00+00:00,4044.21,4046.67,4033.57,4044.44,9851,12
1760011200,2025-10-09T12:00:00+00:00,4044.44,4053.71,4037.46,4053.44,12395,12
1760014800,2025-10-09T13:00:00+00:00,4053.48,4057.9,4017.34,4017.34,19195,12
1760018400,2025-10-09T14:00:00+00:00,4017.46,4029.22,4004.08,4024.15,20288,12
1760022000,2025-10-09T15:00:00+00:00,4024.07,4028.64,4006.5,4014.61,18310,12
1760025600,2025-10-09T16:00:00+00:00,4014.46,4021.71,3964.05,3968.49,17784,12
1760029200,2025-10-09T17:00:00+00:00,3968.98,3974.34,3944.81,3950.3,18464,12
1760032800,2025-10-09T18:00:00+00:00,3950.28,3968.73,3949.61,3957.36,14402,12
1760036400,2025-10-09T19:00:00+00:00,3957.36,3982.05,3955.21,3972.96,13492,12
1760040000,2025-10-09T20:00:00+00:00,3972.94,3979.01,3972.92,3976.22,5176,12
1760047200,2025-10-09T22:00:00+00:00,3980.07,3981.33,3958.82,3975.29,5158,12
1760050800,2025-10-09T23:00:00+00:00,3975.29,3990.95,3974.55,3989.86,6407,12
1760054400,2025-10-10T00:00:00+00:00,3989.86,3994.45,3985.52,3991.06,8720,12
1760058000,2025-10-10T01:00:00+00:00,3991.04,3992.41,3969.98,3973.23,13404,12
1760061600,2025-10-10T02:00:00+00:00,3973.23,3986.82,3973.22,3978.61,9628,12
1760065200,2025-10-10T03:00:00+00:00,3978.61,3979.25,3960.83,3961.91,10733,12
1760068800,2025-10-10T04:00:00+00:00,3961.9,3966.75,3947.03,3966.3,10041,12
1760072400,2025-10-10T05:00:00+00:00,3966.26,3977.81,3965.74,3974.8,11619,12
1760076000,2025-10-10T06:00:00+00:00,3974.77,3976.02,3962.68,3968.34,12420,12
1760079600,2025-10-10T07:00:00+00:00,3968.34,3976.25,3952.66,3971.99,13382,12
1760083200,2025-10-10T08:00:00+00:00,3972.01,3994.66,3970.21,3992.07,12083,12
1760086800,2025-10-10T09:00:00+00:00,3992.16,4006.73,3990.33,3995.7,12785,12
1760090400,2025-10-10T10:00:00+00:00,3995.42,4000.16,3990.85,3993.86,10695,12
1760094000,2025-10-10T11:00:00+00:00,3993.86,3999.85,3983.39,3987.11,11155,12
1760097600,2025-10-10T12:00:00+00:00,3987.12,3993.46,3980.17,3985.7,13443,12
1760101200,2025-10-10T13:00:00+00:00,3985.7,3998.1,3975.53,3980.74,17542,12
1760104800,2025-10-10T14:00:00+00:00,3980.74,3994.2,3970.7,3988.5,17185,12
1760108400,2025-10-10T15:00:00+00:00,3988.42,4022.41,3988.12,3997.95,20746,12
1760112000,2025-10-10T16:00:00+00:00,3997.95,3998.74,3977.46,3983.42,18804,12
1760115600,2025-10-10T17:00:00+00:00,3983.43,3992.03,3975.18,3989.88,16492,12
1760119200,2025-10-10T18:00:00+00:00,3989.99,4009.09,3984.28,3999.08,15062,12
1760122800,2025-10-10T19:00:00+00:00,3999.09,4021.33,3996.09,4010.47,14620,12
1760126400,2025-10-10T20:00:00+00:00,4010.4,4015.71,4005.79,4012.99,5366,12
1760306400,2025-10-12T22:00:00+00:00,4012.81,4045.3,4008.77,4042.41,7465,12
1760310000,2025-10-12T23:00:00+00:00,4042.41,4059.92,4032.2,4035.15,10858,12
1760313600,2025-10-13T00:00:00+00:00,4035.15,4059.64,4024.6,4043.86,14572,12
1760317200,2025-10-13T01:00:00+00:00,4043.85,4055.02,4035.81,4053.11,14066,12
1760320800,2025-10-13T02:00:00+00:00,4053.11,4055.87,4041.74,4048.18,9662,12
1760324400,2025-10-13T03:00:00+00:00,4048.14,4056.36,4046.38,4051.96,8751,12
1760328000,2025-10-13T04:00:00+00:00,4051.96,4059.4,4051.14,4056.27,6235,12
1760331600,2025-10-13T05:00:00+00:00,4056.25,4078.13,4055.21,4063.51,11829,12
1760335200,2025-10-13T06:00:00+00:00,4063.59,4073.53,4059.58,4069.42,11869,12
1760338800,2025-10-13T07:00:00+00:00,4069.02,4077.5,4066.54,4071.17,10045,12
1760342400,2025-10-13T08:00:00+00:00,4071.17,4079.11,4069.05,4077.82,10282,12
1760346000,2025-10-13T09:00:00+00:00,4077.82,4079.81,4070.38,4077.39,8729,12
1760349600,2025-10-13T10:00:00+00:00,4077.39,4085.23,4071.27,4080.96,9170,12
1760353200,2025-10-13T11:00:00+00:00,4080.96,4084.69,4073.66,4073.97,9523,12
1760356800,2025-10-13T12:00:00+00:00,4074.08,4085.97,4073.24,4079.66,12106,12
1760360400,2025-10-13T13:00:00+00:00,4079.68,4095.72,4078.23,4094.18,15553,12
1760364000,2025-10-13T14:00:00+00:00,4094.16,4103.88,4090.73,4097.39,15362,12
1760367600,2025-10-13T15:00:00+00:00,4097.38,4107.42,4091.74,4104.95,13209,12
1760371200,2025-10-13T16:00:00+00:00,4104.92,4117.07,4103.89,4105.71,13537,12
1760374800,2025-10-13T17:00:00+00:00,4105.73,4115.36,4100.29,4103.72,12530,12
1760378400,2025-10-13T18:00:00+00:00,4103.71,4107.53,4099.41,4101.69,9910,12
1760382000,2025-10-13T19:00:00+00:00,4101.73,4110.9,4090.78,4108.75,10917,12
1760385600,2025-10-13T20:00:00+00:00,4108.69,4112.78,4106.1,4110.62,3999,12
1760392800,2025-10-13T22:00:00+00:00,4110.86,4115.72,4106.65,4114.94,4493,12
1760396400,2025-10-13T23:00:00+00:00,4114.94,4131.96,4112.9,4128.0,8154,12
1760400000,2025-10-14T00:00:00+00:00,4127.99,4130.2,4119.56,4124.51,10416,12
1760403600,2025-10-14T01:00:00+00:00,4124.46,4149.91,4123.42,4137.14,15928,12
1760407200,2025-10-14T02:00:00+00:00,4137.14,4149.83,4136.89,4146.01,11660,12
1760410800,2025-10-14T03:00:00+00:00,4146.0,4166.34,4145.24,4163.29,12093,12
1760414400,2025-10-14T04:00:00+00:00,4163.29,4169.97,4155.95,4168.06,10102,12
1760418000,2025-10-14T05:00:00+00:00,4168.11,4179.72,4111.19,4121.19,15804,12
1760421600,2025-10-14T06:00:00+00:00,4121.19,4134.09,4090.56,4112.31,18604,12
1760425200,2025-10-14T07:00:00+00:00,4112.24,4127.91,4102.6,4126.42,14620,12
1760428800,2025-10-14T08:00:00+00:00,4126.42,4145.05,4124.73,4143.99,13225,12
1760432400,2025-10-14T09:00:00+00:00,4143.99,4144.09,4121.84,4127.47,12621,12
1760436000,2025-10-14T10:00:00+00:00,4127.51,4144.38,4124.96,4131.7,12172,12
1760439600,2025-10-14T11:00:00+00:00,4131.7,4137.89,4125.81,4130.48,11224,12
1760443200,2025-10-14T12:00:00+00:00,4130.48,4134.48,4103.45,4106.57,15245,12
1760446800,2025-10-14T13:00:00+00:00,4106.57,4129.48,4097.95,4124.12,18964,12
1760450400,2025-10-14T14:00:00+00:00,4124.13,4137.59,4121.29,4129.19,16901,12
1760454000,2025-10-14T15:00:00+00:00,4129.25,4142.63,4126.26,4138.08,15165,12
1760457600,2025-10-14T16:00:00+00:00,4138.06,4155.29,4127.92,4140.39,15867,12
1760461200,2025-10-14T17:00:00+00:00,4140.39,4152.98,4137.34,4148.18,13909,12
1760464800,2025-10-14T18:00:00+00:00,4148.16,4152.5,4143.18,4148.21,10608,12
1760468400,2025-10-14T19:00:00+00:00,4148.21,4150.55,4134.55,4142.27,11832,12
1760472000,2025-10-14T20:00:00+00:00,4142.27,4146.09,4139.26,4142.08,4975,12
1760479200,2025-10-14T22:00:00+00:00,4143.75,4163.72,4140.59,4158.44,6324,12
1760482800,2025-10-14T23:00:00+00:00,4158.44,4167.13,4157.2,4161.65,5825,12
1760486400,2025-10-15T00:00:00+00:00,4161.6,4169.67,4153.9,4162.49,10027,12
1760490000,2025-10-15T01:00:00+00:00,4162.53,4186.7,4162.14,4181.7,14483,12
1760493600,2025-10-15T02:00:00+00:00,4181.7,4184.58,4167.11,4176.52,11531,12
1760497200,2025-10-15T03:00:00+00:00,4176.52,4190.7,4176.23,4186.99,8697,12
1760500800,2025-10-15T04:00:00+00:00,4187.11,4187.5,4173.29,4179.74,6892,12
1760504400,2025-10-15T05:00:00+00:00,4179.74,4193.67,4176.72,4185.96,10508,12
1760508000,2025-10-15T06:00:00+00:00,4185.95,4200.29,4184.27,4199.5,11021,12
1760511600,2025-10-15T07:00:00+00:00,4199.35,4209.84,4194.54,4207.71,9570,12
1760515200,2025-10-15T08:00:00+00:00,4207.71,4218.21,4207.21,4208.23,9901,12
1760518800,2025-10-15T09:00:00+00:00,4208.24,4212.1,4165.12,4192.51,13236,12
1760522400,2025-10-15T10:00:00+00:00,4192.49,4206.24,4190.83,4202.7,9729,12
1760526000,2025-10-15T11:00:00+00:00,4202.69,4204.21,4193.64,4198.65,8535,12
1760529600,2025-10-15T12:00:00+00:00,4198.7,4202.82,4176.55,4190.69,13620,12
1760533200,2025-10-15T13:00:00+00:00,4190.69,4198.76,4182.96,4192.15,16268,12
1760536800,2025-10-15T14:00:00+00:00,4192.11,4212.31,4191.65,4200.03,15430,12
1760540400,2025-10-15T15:00:00+00:00,4200.03,4203.09,4179.89,4190.55,16090,12
1760544000,2025-10-15T16:00:00+00:00,4190.55,4199.92,4186.39,4199.03,12529,12
1760547600,2025-10-15T17:00:00+00:00,4199.02,4199.66,4182.68,4197.82,13777,12
1760551200,2025-10-15T18:00:00+00:00,4197.8,4204.66,4195.31,4200.82,11759,12
1760554800,2025-10-15T19:00:00+00:00,4200.82,4213.5,4200.53,4210.38,11123,12
1760558400,2025-10-15T20:00:00+00:00,4210.39,4212.74,4206.09,4208.21,5961,12
1760565600,2025-10-15T22:00:00+00:00,4209.28,4215.66,4199.65,4213.32,5869,12
1760569200,2025-10-15T23:00:00+00:00,4213.32,4215.84,4206.28,4209.48,6227,12
1760572800,2025-10-16T00:00:00+00:00,4209.48,4227.27,4204.94,4210.6,11047,12
1760576400,2025-10-16T01:00:00+00:00,4210.58,4232.98,4210.52,4230.28,13285,12
1760580000,2025-10-16T02:00:00+00:00,4230.28,4239.62,4225.99,4239.55,9427,12
1760583600,2025-10-16T03:00:00+00:00,4239.55,4242.12,4229.18,4233.88,10130,12
1760587200,2025-10-16T04:00:00+00:00,4233.88,4239.43,4228.17,4233.59,7842,12
1760590800,2025-10-16T05:00:00+00:00,4233.59,4234.77,4203.63,4204.91,14457,12
1760594400,2025-10-16T06:00:00+00:00,4204.89,4227.32,4203.69,4222.75,13468,12
1760598000,2025-10-16T07:00:00+00:00,4222.74,4234.03,4222.27,4230.6,10339,12
1760601600,2025-10-16T08:00:00+00:00,4230.56,4236.03,4228.63,4232.87,8585,12
1760605200,2025-10-16T09:00:00+00:00,4232.88,4241.88,4222.12,4239.6,9544,12
1760608800,2025-10-16T10:00:00+00:00,4239.54,4246.13,4234.36,4242.74,9151,12
1760612400,2025-10-16T11:00:00+00:00,4242.77,4247.54,4239.62,4240.62,8961,12
1760616000,2025-10-16T12:00:00+00:00,4240.62,4251.01,4227.78,4235.98,12636,12
1760619600,2025-10-16T13:00:00+00:00,4235.98,4258.72,4234.92,4246.35,16337,12
1760623200,2025-10-16T14:00:00+00:00,4245.83,4267.6,4245.43,4263.31,16294,12
1760626800,2025-10-16T15:00:00+00:00,4263.31,4275.99,4261.0,4273.56,14000,12
1760630400,2025-10-16T16:00:00+00:00,4273.56,4292.02,4261.48,4282.67,17746,12
1760634000,2025-10-16T17:00:00+00:00,4282.66,4298.69,4280.13,4293.89,15228,12
1760637600,2025-10-16T18:00:00+00:00,4293.89,4294.91,4273.41,4291.02,14895,12
1760641200,2025-10-16T19:00:00+00:00,4290.97,4312.93,4287.85,4307.78,13377,12
1760644800,2025-10-16T20:00:00+00:00,4307.78,4330.7,4307.16,4326.08,8663,12
1760652000,2025-10-16T22:00:00+00:00,4336.39,4378.68,4332.64,4346.77,12565,12
1760655600,2025-10-16T23:00:00+00:00,4346.77,4379.25,4341.73,4365.75,11459,12
1760659200,2025-10-17T00:00:00+00:00,4365.67,4371.64,4353.62,4358.3,12364,12
1760662800,2025-10-17T01:00:00+00:00,4358.11,4362.2,4278.85,4314.2,18460,12
1760666400,2025-10-17T02:00:00+00:00,4314.2,4348.58,4312.8,4342.5,15445,12
1760670000,2025-10-17T03:00:00+00:00,4342.51,4366.95,4338.81,4366.94,12354,12
1760673600,2025-10-17T04:00:00+00:00,4366.86,4377.12,4355.23,4376.41,11024,12
1760677200,2025-10-17T05:00:00+00:00,4376.41,4378.62,4342.37,4365.53,13530,12
1760680800,2025-10-17T06:00:00+00:00,4365.96,4369.59,4346.73,4360.27,15295,12
1760684400,2025-10-17T07:00:00+00:00,4360.18,4361.88,4317.45,4341.0,16486,12
1760688000,2025-10-17T08:00:00+00:00,4342.99,4349.79,4321.22,4347.85,15763,12
1760691600,2025-10-17T09:00:00+00:00,4347.71,4348.36,4332.38,4340.21,12186,12
1760695200,2025-10-17T10:00:00+00:00,4340.21,4342.16,4319.72,4327.7,12991,12
1760698800,2025-10-17T11:00:00+00:00,4327.69,4335.86,4286.77,4287.37,16234,12
1760702400,2025-10-17T12:00:00+00:00,4287.34,4320.04,4283.59,4314.55,17200,12
1760706000,2025-10-17T13:00:00+00:00,4314.58,4317.82,4258.91,4273.89,19070,12
1760709600,2025-10-17T14:00:00+00:00,4273.92,4274.5,4217.09,4248.93,20346,12
1760713200,2025-10-17T15:00:00+00:00,4248.96,4259.36,4231.15,4237.49,17508,12
1760716800,2025-10-17T16:00:00+00:00,4237.49,4244.86,4200.7,4204.78,18461,12
1760720400,2025-10-17T17:00:00+00:00,4204.92,4228.39,4186.55,4221.1,17708,12
1760724000,2025-10-17T18:00:00+00:00,4221.08,4244.61,4218.16,4235.5,14084,12
1760727600,2025-10-17T19:00:00+00:00,4235.6,4237.89,4212.72,4226.44,13415,12
1760731200,2025-10-17T20:00:00+00:00,4226.43,4248.23,4220.16,4247.38,7067,12
1760911200,2025-10-19T22:00:00+00:00,4264.81,4268.03,4246.76,4255.71,8400,12
1760914800,2025-10-19T23:00:00+00:00,4255.7,4256.17,4234.22,4237.98,9545,12
1760918400,2025-10-20T00:00:00+00:00,4237.98,4250.82,4219.02,4249.58,14563,12
1760922000,2025-10-20T01:00:00+00:00,4249.57,4268.88,4229.46,4262.41,16469,12
1760925600,2025-10-20T02:00:00+00:00,4262.47,4270.99,4253.32,4255.6,12449,12
1760929200,2025-10-20T03:00:00+00:00,4255.63,4265.21,4248.77,4264.64,10520,12
1760932800,2025-10-20T04:00:00+00:00,4264.63,4268.32,4260.51,4266.27,6790,12
1760936400,2025-10-20T05:00:00+00:00,4266.27,4266.72,4239.77,4239.88,12560,12
1760940000,2025-10-20T06:00:00+00:00,4239.88,4245.78,4221.44,4236.2,14897,12
1760943600,2025-10-20T07:00:00+00:00,4236.23,4260.86,4234.88,4255.14,11661,12
1760947200,2025-10-20T08:00:00+00:00,4255.17,4266.13,4252.34,4258.71,10755,12
1760950800,2025-10-20T09:00:00+00:00,4258.71,4263.65,4250.42,4260.74,9777,12
1760954400,2025-10-20T10:00:00+00:00,4260.75,4260.87,4245.91,4254.69,11355,12
1760958000,2025-10-20T11:00:00+00:00,4254.69,4279.41,4250.99,4279.18,10126,12
1760961600,2025-10-20T12:00:00+00:00,4279.08,4327.24,4272.73,4323.54,17257,12
1760965200,2025-10-20T13:00:00+00:00,4323.52,4324.92,4299.47,4300.82,18390,12
1760968800,2025-10-20T14:00:00+00:00,4300.8,4334.68,4292.84,4332.4,17639,12
1760972400,2025-10-20T15:00:00+00:00,4332.41,4355.6,4332.41,4349.16,16033,12
1760976000,2025-10-20T16:00:00+00:00,4349.15,4350.8,4342.78,4347.84,12640,12
1760979600,2025-10-20T17:00:00+00:00,4347.83,4351.18,4337.35,4347.47,12161,12
1760983200,2025-10-20T18:00:00+00:00,4347.88,4364.63,4344.62,4359.42,11111,12
1760986800,2025-10-20T19:00:00+00:00,4359.42,4381.45,4359.28,4378.38,12763,12
1760990400,2025-10-20T20:00:00+00:00,4378.25,4380.02,4346.79,4356.43,9961,12
1760997600,2025-10-20T22:00:00+00:00,4359.03,4375.28,4357.55,4367.47,7977,12
1761001200,2025-10-20T23:00:00+00:00,4367.48,4371.72,4357.11,4360.3,6882,12
1761004800,2025-10-21T00:00:00+00:00,4360.33,4371.13,4356.37,4368.82,10931,12
1761008400,2025-10-21T01:00:00+00:00,4368.77,4372.26,4332.91,4350.92,15807,12
1761012000,2025-10-21T02:00:00+00:00,4350.94,4355.34,4335.36,4338.87,13352,12
1761015600,2025-10-21T03:00:00+00:00,4338.83,4350.82,4338.02,4346.6,9039,12
1761019200,2025-10-21T04:00:00+00:00,4346.6,4347.06,4337.04,4342.06,7258,12
1761022800,2025-10-21T05:00:00+00:00,4342.06,4344.25,4317.47,4323.27,13091,12
1761026400,2025-10-21T06:00:00+00:00,4323.26,4344.2,4317.33,4343.21,13337,12
1761030000,2025-10-21T07:00:00+00:00,4343.21,4343.21,4293.4,4298.56,15450,12
1761033600,2025-10-21T08:00:00+00:00,4298.37,4301.75,4245.08,4273.99,17550,12
1761037200,2025-10-21T09:00:00+00:00,4274.07,4278.0,4254.7,4265.03,14345,12
1761040800,2025-10-21T10:00:00+00:00,4265.29,4266.52,4249.57,4253.69,13618,12
1761044400,2025-10-21T11:00:00+00:00,4253.7,4272.48,4245.75,4253.38,12512,12
1761048000,2025-10-21T12:00:00+00:00,4253.38,4257.59,4206.26,4211.13,17259,12
1761051600,2025-10-21T13:00:00+00:00,4211.12,4225.41,4167.82,4174.13,19845,12
1761055200,2025-10-21T14:00:00+00:00,4173.58,4188.13,4085.36,4138.95,20071,12
1761058800,2025-10-21T15:00:00+00:00,4138.93,4150.26,4120.06,4138.63,18310,12
1761062400,2025-10-21T16:00:00+00:00,4138.63,4143.8,4102.26,4113.51,17167,12
1761066000,2025-10-21T17:00:00+00:00,4113.47,4120.3,4093.98,4111.27,16263,12
1761069600,2025-10-21T18:00:00+00:00,4111.26,4125.77,4106.43,4114.94,13498,12
1761073200,2025-10-21T19:00:00+00:00,4114.96,4122.14,4100.57,4109.05,13892,12
1761076800,2025-10-21T20:00:00+00:00,4109.04,4130.94,4106.26,4125.21,8765,12
1761084000,2025-10-21T22:00:00+00:00,4126.23,4132.41,4113.93,4123.29,6722,12
1761087600,2025-10-21T23:00:00+00:00,4123.4,4127.92,4090.19,4093.1,8203,12
1761091200,2025-10-22T00:00:00+00:00,4093.1,4093.79,4004.42,4075.01,16715,12
1761094800,2025-10-22T01:00:00+00:00,4075.07,4121.05,4065.63,4087.27,15533,12
1761098400,2025-10-22T02:00:00+00:00,4087.39,4117.81,4087.39,4115.17,10864,12
1761102000,2025-10-22T03:00:00+00:00,4115.17,4143.36,4107.27,4128.62,10003,12
1761105600,2025-10-22T04:00:00+00:00,4128.59,4133.37,4107.35,4128.25,9270,12
1761109200,2025-10-22T05:00:00+00:00,4128.22,4147.06,4126.64,4134.98,10972,12
1761112800,2025-10-22T06:00:00+00:00,4135.02,4161.38,4127.77,4156.09,13000,12
1761116400,2025-10-22T07:00:00+00:00,4155.75,4156.41,4129.54,4132.96,14732,12
1761120000,2025-10-22T08:00:00+00:00,4132.96,4135.83,4062.64,4070.56,17333,12
1761123600,2025-10-22T09:00:00+00:00,4070.57,4101.58,4061.69,4069.7,14966,12
1761127200,2025-10-22T10:00:00+00:00,4069.7,4090.81,4024.32,4035.16,14337,12
1761130800,2025-10-22T11:00:00+00:00,4035.12,4045.02,4015.15,4027.65,16068,12
1761134400,2025-10-22T12:00:00+00:00,4027.79,4050.88,4023.3,4033.81,16021,12
1761138000,2025-10-22T13:00:00+00:00,4033.93,4085.29,4033.84,4075.97,18451,12
1761141600,2025-10-22T14:00:00+00:00,4075.85,4078.44,4011.54,4015.21,19283,12
1761145200,2025-10-22T15:00:00+00:00,4014.98,4046.95,4014.98,4037.19,18148,12
1761148800,2025-10-22T16:00:00+00:00,4037.1,4064.16,4023.34,4059.24,16696,12
1761152400,2025-10-22T17:00:00+00:00,4059.23,4071.09,4044.12,4070.07,15622,12
1761156000,2025-10-22T18:00:00+00:00,4070.06,4081.54,4066.77,4076.74,11971,12
1761159600,2025-10-22T19:00:00+00:00,4076.86,4113.54,4076.65,4102.37,14422,12
1761163200,2025-10-22T20:00:00+00:00,4101.97,4107.27,4088.51,4098.53,7987,12
1761170400,2025-10-22T22:00:00+00:00,4106.08,4115.84,4092.5,4102.15,8079,12
1761174000,2025-10-22T23:00:00+00:00,4102.15,4104.86,4080.72,4087.77,9066,12
1761177600,2025-10-23T00:00:00+00:00,4087.68,4096.75,4066.14,4081.82,13369,12
1761181200,2025-10-23T01:00:00+00:00,4081.93,4092.87,4072.39,4073.22,14164,12
1761184800,2025-10-23T02:00:00+00:00,4073.22,4085.44,4072.13,4082.48,11034,12
1761188400,2025-10-23T03:00:00+00:00,4082.54,4100.55,4077.94,4091.22,10151,12
1761192000,2025-10-23T04:00:00+00:00,4091.22,4092.89,4079.76,4089.75,7348,12
1761195600,2025-10-23T05:00:00+00:00,4089.72,4110.47,4084.05,4110.37,9748,12
1761199200,2025-10-23T06:00:00+00:00,4110.37,4137.79,4110.37,4113.62,16027,12
1761202800,2025-10-23T07:00:00+00:00,4113.62,4121.15,4092.01,4094.15,13285,12
1761206400,2025-10-23T08:00:00+00:00,4094.27,4118.95,4094.27,4116.34,11583,12
1761210000,2025-10-23T09:00:00+00:00,4116.34,4125.45,4111.15,4124.65,10145,12
1761213600,2025-10-23T10:00:00+00:00,4124.47,4125.38,4101.79,4109.06,10555,12
1761217200,2025-10-23T11:00:00+00:00,4109.06,4121.02,4107.72,4109.59,10934,12
1761220800,2025-10-23T12:00:00+00:00,4109.6,4129.29,4100.15,4127.35,13066,12
1761224400,2025-10-23T13:00:00+00:00,4127.16,4150.86,4125.83,4144.9,17778,12
1761228000,2025-10-23T14:00:00+00:00,4144.91,4154.68,4136.09,4148.27,16600,12
1761231600,2025-10-23T15:00:00+00:00,4148.27,4151.71,4137.22,4141.91,13476,12
1761235200,2025-10-23T16:00:00+00:00,4141.89,4148.56,4125.48,4132.97,12129,12
1761238800,2025-10-23T17:00:00+00:00,4132.97,4139.29,4125.13,4137.7,12006,12
1761242400,2025-10-23T18:00:00+00:00,4137.72,4143.48,4133.22,4136.0,8588,12
1761246000,2025-10-23T19:00:00+00:00,4136.0,4138.23,4116.43,4118.18,9945,12
1761249600,2025-10-23T20:00:00+00:00,4118.17,4126.0,4107.41,4126.0,6955,12
1761256800,2025-10-23T22:00:00+00:00,4130.4,4132.77,4111.44,4116.11,4582,12
1761260400,2025-10-23T23:00:00+00:00,4116.11,4122.88,4106.17,4121.49,5182,12
1761264000,2025-10-24T00:00:00+00:00,4121.67,4133.67,4117.93,4132.65,7612,12
1761267600,2025-10-24T01:00:00+00:00,4132.65,4144.5,4112.13,4118.82,11872,12
1761271200,2025-10-24T02:00:00+00:00,4118.82,4119.03,4109.41,4109.62,9998,12
1761274800,2025-10-24T03:00:00+00:00,4109.61,4123.52,4107.62,4122.32,7516,12
1761278400,2025-10-24T04:00:00+00:00,4122.32,4123.34,4102.91,4111.67,8259,12
1761282000,2025-10-24T05:00:00+00:00,4111.67,4117.98,4103.02,4104.52,7853,12
1761285600,2025-10-24T06:00:00+00:00,4104.52,4104.86,4081.41,4092.17,12161,12
1761289200,2025-10-24T07:00:00+00:00,4092.09,4095.85,4069.63,4074.26,11017,12
1761292800,2025-10-24T08:00:00+00:00,4074.29,4077.79,4047.54,4065.28,13777,12
1761296400,2025-10-24T09:00:00+00:00,4065.28,4073.57,4054.48,4060.83,10465,12
1761300000,2025-10-24T10:00:00+00:00,4060.83,4070.85,4053.54,4054.78,8630,12
1761303600,2025-10-24T11:00:00+00:00,4054.71,4065.56,4044.53,4061.42,11235,12
1761307200,2025-10-24T12:00:00+00:00,4061.38,4092.81,4059.99,4082.15,14552,12
1761310800,2025-10-24T13:00:00+00:00,4082.15,4121.45,4079.4,4106.43,18334,12
1761314400,2025-10-24T14:00:00+00:00,4106.75,4134.95,4102.25,4117.56,17246,12
1761318000,2025-10-24T15:00:00+00:00,4117.5,4131.81,4113.43,4130.47,14125,12
1761321600,2025-10-24T16:00:00+00:00,4130.46,4138.7,4121.82,4129.31,12433,12
1761325200,2025-10-24T17:00:00+00:00,4129.31,4134.32,4105.76,4107.65,12488,12
1761328800,2025-10-24T18:00:00+00:00,4107.71,4113.67,4101.9,4110.3,11836,12
1761332400,2025-10-24T19:00:00+00:00,4110.3,4117.48,4102.33,4103.21,10353,12
1761336000,2025-10-24T20:00:00+00:00,4103.19,4109.98,4096.64,4109.1,4205,12
1761516000,2025-10-26T22:00:00+00:00,4083.58,4109.11,4071.83,4081.77,9937,12
1761519600,2025-10-26T23:00:00+00:00,4081.8,4088.38,4061.91,4064.55,9260,12
1761523200,2025-10-27T00:00:00+00:00,4064.56,4084.23,4058.27,4081.26,10198,12
1761526800,2025-10-27T01:00:00+00:00,4081.32,4097.7,4075.17,4081.92,13962,12
1761530400,2025-10-27T02:00:00+00:00,4081.92,4082.14,4070.37,4071.69,11010,12
1761534000,2025-10-27T03:00:00+00:00,4071.69,4081.88,4065.44,4069.62,9302,12
1761537600,2025-10-27T04:00:00+00:00,4069.65,4071.05,4053.7,4068.84,10703,12
1761541200,2025-10-27T05:00:00+00:00,4068.84,4084.45,4068.78,4079.63,9434,12
1761544800,2025-10-27T06:00:00+00:00,4079.63,4084.82,4074.03,4078.25,10598,12
1761548400,2025-10-27T07:00:00+00:00,4078.25,4079.81,4064.11,4068.79,9690,12
1761552000,2025-10-27T08:00:00+00:00,4068.79,4070.38,4025.74,4043.35,13017,12
1761555600,2025-10-27T09:00:00+00:00,4043.36,4050.12,4030.11,4039.81,13412,12
1761559200,2025-10-27T10:00:00+00:00,4039.79,4047.79,4028.99,4037.43,10872,12
1761562800,2025-10-27T11:00:00+00:00,4037.43,4041.39,4015.5,4024.01,12938,12
1761566400,2025-10-27T12:00:00+00:00,4024.01,4046.44,4022.38,4045.74,13668,12
1761570000,2025-10-27T13:00:00+00:00,4045.9,4050.4,4013.4,4022.14,16884,12
1761573600,2025-10-27T14:00:00+00:00,4022.11,4023.46,3983.19,3987.99,19344,8
1761577200,2025-10-27T15:00:00+00:00,3988.05,3993.6,3971.52,3989.96,16842,8
1761580800,2025-10-27T16:00:00+00:00,3989.99,4000.38,3984.22,3999.33,12709,8
1761584400,2025-10-27T17:00:00+00:00,3999.33,4009.05,3990.89,4006.57,12194,8
1761588000,2025-10-27T18:00:00+00:00,4006.57,4010.22,3997.92,3999.3,10540,8
1761591600,2025-10-27T19:00:00+00:00,3999.73,4005.65,3985.75,3989.38,12076,8
1761595200,2025-10-27T20:00:00+00:00,3989.76,4000.29,3979.32,3981.44,8072,8
1761602400,2025-10-27T22:00:00+00:00,3981.73,3996.54,3981.34,3990.0,5173,8
1761606000,2025-10-27T23:00:00+00:00,3990.0,4004.5,3983.07,3998.53,7326,8
1761609600,2025-10-28T00:00:00+00:00,3998.51,4009.6,3973.89,4006.78,9902,8
1761613200,2025-10-28T01:00:00+00:00,4006.78,4019.74,4004.46,4011.04,12221,8
1761616800,2025-10-28T02:00:00+00:00,4011.04,4013.9,3980.69,3983.94,11546,8
1761620400,2025-10-28T03:00:00+00:00,3983.83,3994.51,3983.31,3992.93,7992,8
1761624000,2025-10-28T04:00:00+00:00,3992.93,3994.29,3963.96,3973.67,10319,8
1761627600,2025-10-28T05:00:00+00:00,3973.67,3980.11,3959.29,3966.53,10985,8
1761631200,2025-10-28T06:00:00+00:00,3966.53,3968.51,3938.51,3942.58,12679,8
1761634800,2025-10-28T07:00:00+00:00,3942.59,3948.61,3921.84,3932.59,12602,8
1761638400,2025-10-28T08:00:00+00:00,3932.59,3935.92,3896.59,3897.38,15418,8
1761642000,2025-10-28T09:00:00+00:00,3897.46,3911.07,3886.56,3904.8,13325,8
1761645600,2025-10-28T10:00:00+00:00,3904.78,3930.93,3900.12,3926.53,11561,8
1761649200,2025-10-28T11:00:00+00:00,3926.59,3930.09,3911.01,3923.33,11711,8
1761652800,2025-10-28T12:00:00+00:00,3923.31,3929.75,3906.0,3912.85,12691,8
1761656400,2025-10-28T13:00:00+00:00,3912.86,3940.39,3912.37,3938.91,16814,8
1761660000,2025-10-28T14:00:00+00:00,3939.0,3953.92,3934.9,3949.85,15905,8
1761663600,2025-10-28T15:00:00+00:00,3949.81,3969.56,3947.34,3964.88,13606,8
1761667200,2025-10-28T16:00:00+00:00,3964.82,3965.53,3951.07,3958.56,13365,8
1761670800,2025-10-28T17:00:00+00:00,3958.57,3970.37,3955.26,3962.42,11998,8
1761674400,2025-10-28T18:00:00+00:00,3962.42,3964.12,3945.36,3956.47,10436,8
1761678000,2025-10-28T19:00:00+00:00,3956.51,3962.78,3950.85,3960.24,10488,8
1761681600,2025-10-28T20:00:00+00:00,3960.21,3960.98,3949.6,3952.85,4971,8
1761688800,2025-10-28T22:00:00+00:00,3956.55,3960.74,3917.89,3934.06,7156,8
1761692400,2025-10-28T23:00:00+00:00,3934.06,3968.0,3934.06,3964.96,7343,8
1761696000,2025-10-29T00:00:00+00:00,3964.96,3982.35,3959.18,3975.19,11135,8
1761699600,2025-10-29T01:00:00+00:00,3975.3,3979.72,3966.12,3973.73,12416,8
1761703200,2025-10-29T02:00:00+00:00,3973.73,3974.34,3944.45,3961.12,11133,8
1761706800,2025-10-29T03:00:00+00:00,3961.22,3972.19,3958.53,3963.44,8731,8
1761710400,2025-10-29T04:00:00+00:00,3963.45,3964.92,3951.1,3951.99,8590,8
1761714000,2025-10-29T05:00:00+00:00,3952.11,3966.26,3951.11,3962.62,9892,8
1761717600,2025-10-29T06:00:00+00:00,3962.62,3984.82,3959.98,3978.37,11435,8
1761721200,2025-10-29T07:00:00+00:00,3978.28,4001.44,3975.08,4001.44,12781,8
1761724800,2025-10-29T08:00:00+00:00,4001.7,4018.58,4000.42,4016.95,12008,8
1761728400,2025-10-29T09:00:00+00:00,4016.96,4029.68,4013.52,4024.0,11095,8
1761732000,2025-10-29T10:00:00+00:00,4024.0,4029.68,4017.34,4023.46,11058,8
1761735600,2025-10-29T11:00:00+00:00,4023.46,4028.48,4013.56,4016.67,10710,8
1761739200,2025-10-29T12:00:00+00:00,4016.65,4030.1,4013.67,4025.66,12662,8
1761742800,2025-10-29T13:00:00+00:00,4025.62,4025.68,4002.46,4012.48,16225,8
1761746400,2025-10-29T14:00:00+00:00,4012.48,4022.36,4007.55,4008.33,14648,8
1761750000,2025-10-29T15:00:00+00:00,4008.38,4011.89,3989.49,3992.99,14735,8
1761753600,2025-10-29T16:00:00+00:00,3993.02,4001.16,3991.5,3992.92,10237,8
1761757200,2025-10-29T17:00:00+00:00,3992.86,3997.81,3985.85,3994.89,9636,8
1761760800,2025-10-29T18:00:00+00:00,3994.84,4005.94,3943.81,3969.34,19208,8
1761764400,2025-10-29T19:00:00+00:00,3969.32,3979.83,3927.97,3945.34,18933,8
1761768000,2025-10-29T20:00:00+00:00,3945.23,3954.13,3927.9,3930.39,9382,8
1761775200,2025-10-29T22:00:00+00:00,3927.1,3948.58,3917.32,3941.46,8292,12
1761778800,2025-10-29T23:00:00+00:00,3941.41,3954.14,3939.64,3952.89,6143,8
1761782400,2025-10-30T00:00:00+00:00,3952.89,3964.33,3938.84,3950.27,10044,8
1761786000,2025-10-30T01:00:00+00:00,3950.27,3966.57,3945.27,3948.01,13742,8
1761789600,2025-10-30T02:00:00+00:00,3948.03,3948.32,3921.99,3922.1,12541,8
1761793200,2025-10-30T03:00:00+00:00,3922.1,3938.14,3915.52,3938.05,9945,8
1761796800,2025-10-30T04:00:00+00:00,3938.06,3981.89,3934.81,3972.56,14588,8
1761800400,2025-10-30T05:00:00+00:00,3972.56,3978.24,3947.2,3963.82,15517,8
1761804000,2025-10-30T06:00:00+00:00,3963.82,3977.34,3956.47,3977.01,13678,8
1761807600,2025-10-30T07:00:00+00:00,3976.96,3977.47,3955.98,3961.26,12369,8
1761811200,2025-10-30T08:00:00+00:00,3961.3,3976.8,3960.34,3976.49,12321,8
1761814800,2025-10-30T09:00:00+00:00,3976.49,4011.85,3976.07,3999.03,14472,8
1761818400,2025-10-30T10:00:00+00:00,3999.03,4001.04,3973.68,3984.23,12599,8
1761822000,2025-10-30T11:00:00+00:00,3984.22,3985.02,3964.15,3974.47,11746,8
1761825600,2025-10-30T12:00:00+00:00,3974.47,3985.61,3961.12,3961.34,14756,8
1761829200,2025-10-30T13:00:00+00:00,3961.34,3995.44,3960.56,3995.44,16997,8
1761832800,2025-10-30T14:00:00+00:00,3995.46,4014.84,3986.93,3996.48,18601,8
1761836400,2025-10-30T15:00:00+00:00,3996.41,4008.77,3988.39,4001.87,14564,8
1761840000,2025-10-30T16:00:00+00:00,4001.85,4004.1,3991.3,4001.42,12465,8
1761843600,2025-10-30T17:00:00+00:00,4001.46,4017.88,3994.54,4004.46,11149,8
1761847200,2025-10-30T18:00:00+00:00,4004.59,4017.63,4000.18,4016.04,10489,8
1761850800,2025-10-30T19:00:00+00:00,4016.12,4025.83,4015.42,4024.33,12194,8
1761854400,2025-10-30T20:00:00+00:00,4024.24,4027.15,4016.42,4024.37,5543,8
1761861600,2025-10-30T22:00:00+00:00,4023.93,4046.36,4016.29,4037.85,7006,12
1761865200,2025-10-30T23:00:00+00:00,4037.89,4043.07,4019.49,4036.6,10377,8
1761868800,2025-10-31T00:00:00+00:00,4036.6,4036.88,4024.08,4025.19,11135,8
1761872400,2025-10-31T01:00:00+00:00,4025.12,4039.35,4013.17,4018.9,14287,8
1761876000,2025-10-31T02:00:00+00:00,4018.9,4019.26,4001.51,4011.04,14327,8
1761879600,2025-10-31T03:00:00+00:00,4011.04,4013.94,3991.21,3996.31,12188,8
1761883200,2025-10-31T04:00:00+00:00,3996.31,4010.57,3989.1,4005.85,8878,8
1761886800,2025-10-31T05:00:00+00:00,4005.86,4011.28,3994.14,4005.07,11879,8
1761890400,2025-10-31T06:00:00+00:00,4005.08,4015.14,4002.29,4013.19,12196,8
1761894000,2025-10-31T07:00:00+00:00,4013.18,4025.55,4007.69,4021.03,11765,8
1761897600,2025-10-31T08:00:00+00:00,4021.03,4026.66,4006.79,4010.46,10484,8
1761901200,2025-10-31T09:00:00+00:00,4010.48,4014.31,3998.84,4008.43,10678,8
1761904800,2025-10-31T10:00:00+00:00,4008.43,4016.9,4003.73,4007.5,9267,8
1761908400,2025-10-31T11:00:00+00:00,4007.5,4011.2,4001.76,4010.51,8597,8
1761912000,2025-10-31T12:00:00+00:00,4010.49,4036.15,4009.16,4023.02,12267,8
1761915600,2025-10-31T13:00:00+00:00,4023.05,4035.54,4010.4,4016.53,16067,8
1761919200,2025-10-31T14:00:00+00:00,4016.66,4027.23,4011.07,4020.73,15274,8
1761922800,2025-10-31T15:00:00+00:00,4020.62,4022.98,4009.88,4012.88,14402,8
1761926400,2025-10-31T16:00:00+00:00,4012.83,4015.23,3972.46,3980.71,17094,8
1761930000,2025-10-31T17:00:00+00:00,3980.79,4003.68,3980.53,3997.65,13626,8
1761933600,2025-10-31T18:00:00+00:00,3997.67,4009.97,3995.42,3999.96,10722,8
1761937200,2025-10-31T19:00:00+00:00,4000.0,4005.5,3991.32,4001.09,10697,8
1761940800,2025-10-31T20:00:00+00:00,4001.06,4006.66,3996.2,4003.8,2910,8
1762124400,2025-11-02T23:00:00+00:00,3995.57,3999.04,3977.99,3980.57,6891,8
1762128000,2025-11-03T00:00:00+00:00,3979.64,3987.91,3962.7,3969.23,9797,8
1762131600,2025-11-03T01:00:00+00:00,3971.48,4001.87,3965.59,3996.0,13929,8
1762135200,2025-11-03T02:00:00+00:00,3996.0,4006.56,3990.4,4004.1,10932,8
1762138800,2025-11-03T03:00:00+00:00,4004.12,4015.3,4002.32,4011.34,9177,8
1762142400,2025-11-03T04:00:00+00:00,4011.34,4014.38,4001.87,4003.77,8124,8
1762146000,2025-11-03T05:00:00+00:00,4003.77,4018.44,3997.81,4013.95,8974,8
1762149600,2025-11-03T06:00:00+00:00,4013.95,4018.63,4010.05,4017.57,8851,8
1762153200,2025-11-03T07:00:00+00:00,4017.57,4025.92,4013.56,4025.23,9520,8
1762156800,2025-11-03T08:00:00+00:00,4025.24,4028.03,4011.14,4019.72,10787,8
1762160400,2025-11-03T09:00:00+00:00,4019.72,4026.04,3993.27,4000.56,12562,8
1762164000,2025-11-03T10:00:00+00:00,4000.56,4004.93,3994.46,3998.78,9745,8
1762167600,2025-11-03T11:00:00+00:00,3998.78,4008.62,3994.5,4007.62,9894,8
1762171200,2025-11-03T12:00:00+00:00,4007.62,4013.56,4001.99,4013.43,8872,8
1762174800,2025-11-03T13:00:00+00:00,4013.43,4020.39,4010.86,4016.11,13661,8
1762178400,2025-11-03T14:00:00+00:00,4016.1,4026.02,4001.78,4022.78,15113,8
1762182000,2025-11-03T15:00:00+00:00,4022.76,4030.62,4003.54,4008.65,17426,8
1762185600,2025-11-03T16:00:00+00:00,4008.65,4013.48,3995.38,4008.37,14525,8
1762189200,2025-11-03T17:00:00+00:00,4008.37,4012.07,4003.54,4006.18,10108,8
1762192800,2025-11-03T18:00:00+00:00,4006.18,4009.61,3999.54,4006.44,8905,8
1762196400,2025-11-03T19:00:00+00:00,4006.41,4008.13,3995.36,4004.78,10499,8
1762200000,2025-11-03T20:00:00+00:00,4004.7,4014.95,4004.7,4010.22,8651,8
1762203600,2025-11-03T21:00:00+00:00,4010.24,4010.45,4000.0,4001.39,3461,8
1762210800,2025-11-03T23:00:00+00:00,4002.9,4005.75,3984.55,3997.29,5862,8
1762214400,2025-11-04T00:00:00+00:00,3997.29,3999.24,3978.56,3986.44,9896,8
1762218000,2025-11-04T01:00:00+00:00,3986.44,3994.58,3979.73,3987.38,11892,8
1762221600,2025-11-04T02:00:00+00:00,3987.38,3987.38,3975.86,3986.73,10877,8
1762225200,2025-11-04T03:00:00+00:00,3986.73,3999.32,3981.74,3994.58,8845,8
1762228800,2025-11-04T04:00:00+00:00,3994.58,3995.24,3984.12,3985.59,7231,8
1762232400,2025-11-04T05:00:00+00:00,3985.59,3987.16,3972.73,3973.27,11134,8
1762236000,2025-11-04T06:00:00+00:00,3973.27,3988.11,3966.72,3985.06,12104,8
1762239600,2025-11-04T07:00:00+00:00,3985.11,3996.39,3982.35,3993.94,8933,8
1762243200,2025-11-04T08:00:00+00:00,3993.94,4000.7,3990.81,3996.12,9678,8
1762246800,2025-11-04T09:00:00+00:00,3996.11,3999.47,3990.47,3991.18,8732,8
1762250400,2025-11-04T10:00:00+00:00,3991.18,3997.66,3986.0,3993.96,8720,8
1762254000,2025-11-04T11:00:00+00:00,3993.98,4000.06,3991.7,3995.01,6580,8
1762257600,2025-11-04T12:00:00+00:00,3995.01,3997.52,3983.68,3984.99,9114,8
1762261200,2025-11-04T13:00:00+00:00,3984.76,3996.04,3971.87,3975.7,13325,8
1762264800,2025-11-04T14:00:00+00:00,3975.75,3977.76,3928.78,3957.17,17023,8
1762268400,2025-11-04T15:00:00+00:00,3957.12,3968.19,3941.26,3956.84,15386,8
1762272000,2025-11-04T16:00:00+00:00,3956.88,3975.55,3956.76,3969.06,13037,8
1762275600,2025-11-04T17:00:00+00:00,3969.05,3970.96,3952.48,3955.09,11881,8
1762279200,2025-11-04T18:00:00+00:00,3955.11,3956.82,3932.12,3937.91,12828,8
1762282800,2025-11-04T19:00:00+00:00,3937.91,3944.25,3934.61,3937.43,10531,8
1762286400,2025-11-04T20:00:00+00:00,3937.43,3942.17,3931.5,3938.53,10316,8
1762290000,2025-11-04T21:00:00+00:00,3938.56,3939.08,3930.45,3932.0,3962,8
1762297200,2025-11-04T23:00:00+00:00,3934.18,3940.62,3931.08,3934.72,4364,8
1762300800,2025-11-05T00:00:00+00:00,3934.76,3942.97,3929.81,3939.89,8616,8
1762304400,2025-11-05T01:00:00+00:00,3939.89,3949.49,3934.54,3937.07,11414,8
1762308000,2025-11-05T02:00:00+00:00,3937.07,3951.0,3935.64,3948.58,10143,8
1762311600,2025-11-05T03:00:00+00:00,3948.53,3965.31,3947.51,3960.91,8115,8
1762315200,2025-11-05T04:00:00+00:00,3960.91,3973.8,3959.89,3970.33,7873,8
1762318800,2025-11-05T05:00:00+00:00,3970.33,3978.6,3961.91,3964.97,9657,8
1762322400,2025-11-05T06:00:00+00:00,3964.97,3973.59,3961.9,3966.41,8576,8
1762326000,2025-11-05T07:00:00+00:00,3966.42,3974.87,3963.89,3972.64,7649,8
1762329600,2025-11-05T08:00:00+00:00,3972.64,3987.11,3972.62,3979.94,9083,8
1762333200,2025-11-05T09:00:00+00:00,3979.94,3981.32,3963.69,3971.86,7808,8
1762336800,2025-11-05T10:00:00+00:00,3971.86,3971.87,3956.1,3964.52,7247,8
1762340400,2025-11-05T11:00:00+00:00,3964.53,3968.97,3957.63,3966.96,6810,8
1762344000,2025-11-05T12:00:00+00:00,3966.94,3969.87,3962.27,3969.66,6304,8
1762347600,2025-11-05T13:00:00+00:00,3969.67,3979.44,3964.83,3975.94,11024,8
1762351200,2025-11-05T14:00:00+00:00,3975.87,3985.65,3969.65,3973.62,13140,8
1762354800,2025-11-05T15:00:00+00:00,3973.55,3984.35,3964.19,3978.34,15674,8
1762358400,2025-11-05T16:00:00+00:00,3978.38,3990.41,3975.01,3986.91,11072,8
1762362000,2025-11-05T17:00:00+00:00,3986.85,3989.62,3978.7,3982.09,8098,8
1762365600,2025-11-05T18:00:00+00:00,3982.09,3986.02,3979.0,3982.47,7433,8
1762369200,2025-11-05T19:00:00+00:00,3982.47,3988.83,3979.21,3987.83,6516,8
1762372800,2025-11-05T20:00:00+00:00,3987.83,3990.22,3981.54,3983.68,7625,8
1762376400,2025-11-05T21:00:00+00:00,3983.69,3984.97,3977.99,3979.12,3165,8
1762383600,2025-11-05T23:00:00+00:00,3978.04,3980.04,3966.82,3973.76,5069,8
1762387200,2025-11-06T00:00:00+00:00,3973.76,3975.96,3969.66,3975.96,6864,8
1762390800,2025-11-06T01:00:00+00:00,3976.26,3977.3,3964.65,3976.66,8556,8
1762394400,2025-11-06T02:00:00+00:00,3976.66,3985.17,3974.27,3983.38,7656,8
1762398000,2025-11-06T03:00:00+00:00,3983.35,3990.39,3979.52,3987.53,6447,8
1762401600,2025-11-06T04:00:00+00:00,3987.53,3989.79,3984.59,3988.84,4018,8
1762405200,2025-11-06T05:00:00+00:00,3988.84,3990.75,3985.75,3987.62,6255,8
1762408800,2025-11-06T06:00:00+00:00,3987.73,3992.65,3982.35,3991.56,7488,8
1762412400,2025-11-06T07:00:00+00:00,3991.55,4009.34,3991.18,4005.81,9292,8
1762416000,2025-11-06T08:00:00+00:00,4005.81,4016.82,4004.72,4014.94,9503,8
1762419600,2025-11-06T09:00:00+00:00,4014.94,4015.25,4009.35,4011.06,7790,8
1762423200,2025-11-06T10:00:00+00:00,4011.06,4011.2,4004.44,4008.46,7328,8
1762426800,2025-11-06T11:00:00+00:00,4008.47,4019.53,4007.15,4018.17,7416,8
1762430400,2025-11-06T12:00:00+00:00,4018.17,4019.52,4002.99,4005.28,8220,8
1762434000,2025-11-06T13:00:00+00:00,4005.28,4016.23,4003.79,4012.24,10075,8
1762437600,2025-11-06T14:00:00+00:00,4012.24,4013.94,3989.07,3993.35,15048,8
1762441200,2025-11-06T15:00:00+00:00,3993.35,3993.78,3975.18,3980.3,17211,8
1762444800,2025-11-06T16:00:00+00:00,3980.3,3986.38,3976.48,3980.95,14716,8
1762448400,2025-11-06T17:00:00+00:00,3980.95,3988.14,3965.83,3986.24,14994,8
1762452000,2025-11-06T18:00:00+00:00,3986.24,3990.91,3980.19,3987.85,11095,8
1762455600,2025-11-06T19:00:00+00:00,3987.85,3995.27,3983.21,3985.38,9132,8
1762459200,2025-11-06T20:00:00+00:00,3985.38,3987.26,3979.4,3981.0,12055,8
1762462800,2025-11-06T21:00:00+00:00,3980.96,3982.31,3976.79,3977.14,5123,8
1762470000,2025-11-06T23:00:00+00:00,3975.49,3989.79,3975.04,3989.23,3470,8
1762473600,2025-11-07T00:00:00+00:00,3989.23,3994.32,3984.61,3988.67,5244,8
1762477200,2025-11-07T01:00:00+00:00,3988.62,4002.79,3987.29,4001.81,8643,8
1762480800,2025-11-07T02:00:00+00:00,4001.79,4003.28,3991.61,3995.46,7152,8
1762484400,2025-11-07T03:00:00+00:00,3995.47,3996.6,3988.23,3990.44,5689,8
1762488000,2025-11-07T04:00:00+00:00,3990.44,3998.57,3985.6,3998.38,5100,8
1762491600,2025-11-07T05:00:00+00:00,3998.38,3998.84,3992.05,3995.09,5811,8
1762495200,2025-11-07T06:00:00+00:00,3995.09,4008.52,3992.3,4006.78,6866,8
1762498800,2025-11-07T07:00:00+00:00,4006.79,4009.84,4002.91,4007.8,6227,8
1762502400,2025-11-07T08:00:00+00:00,4007.8,4010.42,4003.69,4009.79,6309,8
1762506000,2025-11-07T09:00:00+00:00,4009.8,4014.26,4004.19,4006.7,6596,8
1762509600,2025-11-07T10:00:00+00:00,4006.73,4009.49,4003.21,4007.89,5424,8
1762513200,2025-11-07T11:00:00+00:00,4007.89,4011.94,3993.81,4002.9,8690,8
1762516800,2025-11-07T12:00:00+00:00,4002.95,4008.49,3991.69,3995.94,8479,8
1762520400,2025-11-07T13:00:00+00:00,3995.94,4002.01,3991.83,3997.74,10737,8
1762524000,2025-11-07T14:00:00+00:00,3997.74,4007.31,3984.39,3993.48,13674,8
1762527600,2025-11-07T15:00:00+00:00,3993.48,3999.19,3984.12,3990.96,14342,8
1762531200,2025-11-07T16:00:00+00:00,3990.96,4027.48,3990.03,4007.75,15026,8
1762534800,2025-11-07T17:00:00+00:00,4007.76,4009.85,3992.46,4005.48,13874,8
1762538400,2025-11-07T18:00:00+00:00,4005.48,4009.15,3999.58,4005.54,9851,8
1762542000,2025-11-07T19:00:00+00:00,4005.54,4009.05,4001.84,4006.81,9546,8
1762545600,2025-11-07T20:00:00+00:00,4006.78,4007.02,3994.56,4004.03,11966,8
1762549200,2025-11-07T21:00:00+00:00,4004.03,4005.26,3999.16,4000.26,2099,8
1762729200,2025-11-09T23:00:00+00:00,4006.48,4012.24,4004.37,4011.88,4862,8
1762732800,2025-11-10T00:00:00+00:00,4011.88,4023.93,4011.18,4020.41,6428,8
1762736400,2025-11-10T01:00:00+00:00,4020.41,4053.35,4019.16,4044.16,14149,8
1762740000,2025-11-10T02:00:00+00:00,4044.16,4049.13,4037.82,4048.19,10452,8
1762743600,2025-11-10T03:00:00+00:00,4048.19,4052.81,4044.98,4050.27,6302,8
1762747200,2025-11-10T04:00:00+00:00,4050.12,4056.84,4049.9,4054.2,6066,8
1762750800,2025-11-10T05:00:00+00:00,4054.2,4069.97,4050.2,4069.45,7866,8
1762754400,2025-11-10T06:00:00+00:00,4069.45,4078.5,4066.93,4075.13,9191,8
1762758000,2025-11-10T07:00:00+00:00,4075.12,4079.04,4072.28,4075.29,7587,8
1762761600,2025-11-10T08:00:00+00:00,4075.3,4085.22,4075.08,4082.26,9545,8
1762765200,2025-11-10T09:00:00+00:00,4082.25,4086.35,4071.61,4076.64,8791,8
1762768800,2025-11-10T10:00:00+00:00,4076.6,4083.47,4076.07,4080.94,6503,8
1762772400,2025-11-10T11:00:00+00:00,4080.94,4085.46,4075.82,4085.36,6626,8
1762776000,2025-11-10T12:00:00+00:00,4085.36,4099.97,4084.34,4097.57,9551,8
1762779600,2025-11-10T13:00:00+00:00,4097.57,4105.93,4090.46,4091.71,13765,8
1762783200,2025-11-10T14:00:00+00:00,4091.69,4094.14,4074.38,4083.54,15271,8
1762786800,2025-11-10T15:00:00+00:00,4083.46,4094.36,4077.9,4084.37,15362,8
1762790400,2025-11-10T16:00:00+00:00,4084.33,4095.74,4082.02,4094.98,11840,8
1762794000,2025-11-10T17:00:00+00:00,4095.01,4102.73,4093.39,4102.63,10531,8
1762797600,2025-11-10T18:00:00+00:00,4102.61,4115.81,4101.61,4110.1,11511,8
1762801200,2025-11-10T19:00:00+00:00,4110.17,4115.45,4107.92,4113.23,9194,8
1762804800,2025-11-10T20:00:00+00:00,4113.24,4114.54,4106.7,4111.65,9319,8
1762808400,2025-11-10T21:00:00+00:00,4111.63,4116.6,4110.47,4115.91,2787,8
1762815600,2025-11-10T23:00:00+00:00,4116.83,4122.82,4115.53,4120.0,5191,8
1762819200,2025-11-11T00:00:00+00:00,4120.0,4133.71,4116.31,4130.95,7474,8
1762822800,2025-11-11T01:00:00+00:00,4130.95,4141.26,4128.04,4136.33,12111,8
1762826400,2025-11-11T02:00:00+00:00,4136.33,4139.69,4129.64,4138.14,8933,8
1762830000,2025-11-11T03:00:00+00:00,4138.14,4148.11,4137.19,4146.96,7543,8
1762833600,2025-11-11T04:00:00+00:00,4146.94,4149.05,4142.0,4143.19,6330,8
1762837200,2025-11-11T05:00:00+00:00,4143.19,4144.48,4124.79,4131.11,10250,8
1762840800,2025-11-11T06:00:00+00:00,4131.1,4137.84,4126.81,4130.01,9077,8
1762844400,2025-11-11T07:00:00+00:00,4129.99,4133.05,4125.05,4129.63,8312,8
1762848000,2025-11-11T08:00:00+00:00,4129.63,4137.72,4128.83,4135.63,8828,8
1762851600,2025-11-11T09:00:00+00:00,4135.66,4146.03,4134.42,4141.9,7285,8
1762855200,2025-11-11T10:00:00+00:00,4141.9,4144.22,4136.9,4141.87,6922,8
1762858800,2025-11-11T11:00:00+00:00,4141.87,4144.49,4139.11,4142.87,6548,8
1762862400,2025-11-11T12:00:00+00:00,4142.87,4143.9,4133.22,4134.41,8038,8
1762866000,2025-11-11T13:00:00+00:00,4134.41,4146.69,4133.9,4142.62,10517,8
1762869600,2025-11-11T14:00:00+00:00,4142.62,4143.27,4120.07,4125.06,14882,8
1762873200,2025-11-11T15:00:00+00:00,4125.02,4126.22,4097.12,4106.71,16608,8
1762876800,2025-11-11T16:00:00+00:00,4106.73,4115.77,4105.12,4113.28,12047,8
1762880400,2025-11-11T17:00:00+00:00,4113.25,4117.83,4110.66,4114.34,9085,8
1762884000,2025-11-11T18:00:00+00:00,4114.39,4116.32,4106.7,4113.85,9067,8
1762887600,2025-11-11T19:00:00+00:00,4113.88,4126.18,4112.01,4123.15,7557,8
1762891200,2025-11-11T20:00:00+00:00,4123.14,4131.87,4122.49,4129.72,9101,8
1762894800,2025-11-11T21:00:00+00:00,4129.72,4131.43,4125.69,4126.78,3554,8
1762902000,2025-11-11T23:00:00+00:00,4129.81,4144.73,4129.09,4142.68,7300,8
1762905600,2025-11-12T00:00:00+00:00,4142.65,4145.53,4132.18,4133.03,7248,8
1762909200,2025-11-12T01:00:00+00:00,4133.05,4137.31,4126.45,4131.54,12850,8
1762912800,2025-11-12T02:00:00+00:00,4131.54,4135.44,4118.89,4124.09,9664,8
1762916400,2025-11-12T03:00:00+00:00,4124.09,4125.38,4111.82,4111.99,8694,8
1762920000,2025-11-12T04:00:00+00:00,4111.99,4113.09,4103.71,4110.5,8866,8
1762923600,2025-11-12T05:00:00+00:00,4110.64,4111.09,4098.88,4104.67,8923,8
1762927200,2025-11-12T06:00:00+00:00,4104.67,4119.14,4103.23,4118.55,10797,8
1762930800,2025-11-12T07:00:00+00:00,4118.55,4125.3,4113.44,4117.06,8902,8
1762934400,2025-11-12T08:00:00+00:00,4117.07,4132.88,4112.24,4131.39,10142,8
1762938000,2025-11-12T09:00:00+00:00,4131.32,4133.57,4120.61,4124.7,9562,8
1762941600,2025-11-12T10:00:00+00:00,4124.67,4129.26,4118.02,4127.81,8960,8
1762945200,2025-11-12T11:00:00+00:00,4127.81,4131.24,4123.11,4126.08,8203,8
1762948800,2025-11-12T12:00:00+00:00,4126.08,4139.45,4124.98,4130.12,10535,8
1762952400,2025-11-12T13:00:00+00:00,4130.2,4132.64,4122.79,4127.17,12468,8
1762956000,2025-11-12T14:00:00+00:00,4127.19,4140.06,4125.06,4136.67,15942,8
1762959600,2025-11-12T15:00:00+00:00,4136.67,4185.51,4134.67,4181.44,18553,8
1762963200,2025-11-12T16:00:00+00:00,4181.42,4197.8,4180.25,4196.48,16815,8
1762966800,2025-11-12T17:00:00+00:00,4196.49,4206.54,4192.36,4199.48,15102,8
1762970400,2025-11-12T18:00:00+00:00,4199.5,4211.81,4190.52,4206.88,14041,8
1762974000,2025-11-12T19:00:00+00:00,4206.88,4210.21,4192.18,4197.43,12951,8
1762977600,2025-11-12T20:00:00+00:00,4197.41,4199.72,4190.69,4196.31,11951,8
1762981200,2025-11-12T21:00:00+00:00,4196.28,4202.12,4191.0,4195.66,4870,8
1762988400,2025-11-12T23:00:00+00:00,4203.06,4208.0,4187.27,4191.16,6722,8
1762992000,2025-11-13T00:00:00+00:00,4191.16,4208.96,4186.79,4205.93,10633,8
1762995600,2025-11-13T01:00:00+00:00,4205.92,4209.17,4179.99,4192.43,15315,8
1762999200,2025-11-13T02:00:00+00:00,4192.37,4195.89,4183.52,4190.36,12228,8
1763002800,2025-11-13T03:00:00+00:00,4190.36,4213.17,4190.3,4212.95,11613,8
1763006400,2025-11-13T04:00:00+00:00,4212.95,4219.47,4203.47,4209.4,10123,8
1763010000,2025-11-13T05:00:00+00:00,4209.4,4217.79,4207.49,4212.02,11557,8
1763013600,2025-11-13T06:00:00+00:00,4212.05,4212.05,4203.34,4210.46,10258,8
1763017200,2025-11-13T07:00:00+00:00,4210.47,4220.1,4208.39,4220.05,9249,8
1763020800,2025-11-13T08:00:00+00:00,4220.05,4239.45,4219.18,4232.81,11662,8
1763024400,2025-11-13T09:00:00+00:00,4232.81,4239.49,4225.06,4233.18,10069,8
1763028000,2025-11-13T10:00:00+00:00,4233.18,4240.04,4221.7,4225.6,9564,8
1763031600,2025-11-13T11:00:00+00:00,4225.68,4232.31,4219.29,4230.59,10209,8
1763035200,2025-11-13T12:00:00+00:00,4230.59,4245.13,4230.07,4242.61,9224,8
1763038800,2025-11-13T13:00:00+00:00,4242.59,4243.89,4220.39,4231.82,14733,8
1763042400,2025-11-13T14:00:00+00:00,4231.82,4232.45,4184.48,4195.51,18042,8
1763046000,2025-11-13T15:00:00+00:00,4195.51,4205.09,4186.69,4202.59,18067,8
1763049600,2025-11-13T16:00:00+00:00,4202.59,4210.86,4195.74,4206.8,15911,8
1763053200,2025-11-13T17:00:00+00:00,4206.75,4208.37,4193.39,4201.78,14713,8
1763056800,2025-11-13T18:00:00+00:00,4201.82,4203.28,4145.44,4157.88,16212,8
1763060400,2025-11-13T19:00:00+00:00,4157.88,4170.57,4145.83,4163.97,14574,8
1763064000,2025-11-13T20:00:00+00:00,4163.97,4170.68,4160.36,4164.1,12365,8
1763067600,2025-11-13T21:00:00+00:00,4164.09,4181.34,4161.29,4171.49,5349,8
1763074800,2025-11-13T23:00:00+00:00,4172.6,4186.63,4172.15,4185.92,6940,8
1763078400,2025-11-14T00:00:00+00:00,4186.02,4189.89,4178.24,4183.88,8979,8
1763082000,2025-11-14T01:00:00+00:00,4183.88,4193.83,4173.71,4189.96,14817,8
1763085600,2025-11-14T02:00:00+00:00,4190.03,4210.39,4188.61,4207.05,12362,8
1763089200,2025-11-14T03:00:00+00:00,4207.14,4211.28,4201.41,4204.42,9642,8
1763092800,2025-11-14T04:00:00+00:00,4204.39,4205.81,4197.14,4203.32,8430,8
1763096400,2025-11-14T05:00:00+00:00,4203.32,4203.66,4183.98,4189.91,11460,8
1763100000,2025-11-14T06:00:00+00:00,4189.98,4193.4,4169.75,4175.03,12428,8
1763103600,2025-11-14T07:00:00+00:00,4175.37,4182.4,4158.94,4181.15,12504,8
1763107200,2025-11-14T08:00:00+00:00,4181.15,4187.03,4170.22,4176.1,12818,8
1763110800,2025-11-14T09:00:00+00:00,4176.11,4180.51,4166.7,4169.39,10970,8
1763114400,2025-11-14T10:00:00+00:00,4169.39,4170.99,4159.6,4167.95,9731,8
1763118000,2025-11-14T11:00:00+00:00,4167.99,4170.06,4130.94,4133.04,12481,8
1763121600,2025-11-14T12:00:00+00:00,4133.02,4140.64,4107.89,4116.12,15966,8
1763125200,2025-11-14T13:00:00+00:00,4116.17,4119.0,4041.35,4055.94,18966,8
1763128800,2025-11-14T14:00:00+00:00,4055.93,4084.08,4032.21,4082.74,19088,8
1763132400,2025-11-14T15:00:00+00:00,4082.82,4096.37,4068.59,4093.54,18719,8
1763136000,2025-11-14T16:00:00+00:00,4093.58,4111.24,4081.15,4105.28,15438,8
1763139600,2025-11-14T17:00:00+00:00,4105.17,4110.63,4094.18,4099.95,13889,8
1763143200,2025-11-14T18:00:00+00:00,4099.92,4103.66,4080.9,4098.13,13958,8
1763146800,2025-11-14T19:00:00+00:00,4098.02,4100.09,4087.75,4089.99,10400,8
1763150400,2025-11-14T20:00:00+00:00,4089.99,4092.38,4075.54,4087.1,11450,8
1763154000,2025-11-14T21:00:00+00:00,4087.1,4087.34,4078.04,4080.55,3798,8
1763334000,2025-11-16T23:00:00+00:00,4078.0,4106.7,4077.18,4096.41,7674,8
1763337600,2025-11-17T00:00:00+00:00,4096.41,4098.25,4080.67,4083.26,10112,8
1763341200,2025-11-17T01:00:00+00:00,4083.29,4101.94,4082.66,4091.32,13765,8
1763344800,2025-11-17T02:00:00+00:00,4091.32,4093.78,4080.77,4081.87,11514,8
1763348400,2025-11-17T03:00:00+00:00,4081.86,4085.91,4069.97,4082.93,10702,8
1763352000,2025-11-17T04:00:00+00:00,4082.91,4088.09,4076.89,4078.61,7069,8
1763355600,2025-11-17T05:00:00+00:00,4078.61,4078.74,4049.73,4058.36,11577,8
1763359200,2025-11-17T06:00:00+00:00,4058.36,4072.02,4054.78,4066.07,10642,8
1763362800,2025-11-17T07:00:00+00:00,4066.06,4089.16,4065.22,4088.19,8578,8
1763366400,2025-11-17T08:00:00+00:00,4088.18,4095.95,4072.11,4077.35,10986,8
1763370000,2025-11-17T09:00:00+00:00,4077.43,4088.7,4072.2,4082.14,9548,8
1763373600,2025-11-17T10:00:00+00:00,4082.17,4089.48,4068.47,4070.26,8935,8
1763377200,2025-11-17T11:00:00+00:00,4070.26,4085.89,4061.17,4078.45,9573,8
1763380800,2025-11-17T12:00:00+00:00,4078.49,4085.31,4074.72,4077.23,8008,8
1763384400,2025-11-17T13:00:00+00:00,4077.23,4092.3,4061.1,4065.38,12953,8
1763388000,2025-11-17T14:00:00+00:00,4065.39,4081.98,4060.79,4076.15,15203,8
1763391600,2025-11-17T15:00:00+00:00,4076.27,4077.58,4060.8,4064.39,16651,8
1763395200,2025-11-17T16:00:00+00:00,4064.22,4073.71,4052.26,4070.02,13778,8
1763398800,2025-11-17T17:00:00+00:00,4070.11,4081.0,4069.7,4073.35,11052,8
1763402400,2025-11-17T18:00:00+00:00,4073.41,4076.17,4062.39,4062.68,11125,8
1763406000,2025-11-17T19:00:00+00:00,4062.69,4065.13,4010.98,4011.23,15308,8
1763409600,2025-11-17T20:00:00+00:00,4011.27,4044.15,4006.97,4040.14,14292,8
1763413200,2025-11-17T21:00:00+00:00,4040.14,4046.16,4039.16,4045.67,4249,8
1763420400,2025-11-17T23:00:00+00:00,4051.4,4055.16,4028.75,4036.78,7151,8
1763424000,2025-11-18T00:00:00+00:00,4036.78,4041.26,4027.31,4040.01,9370,8
1763427600,2025-11-18T01:00:00+00:00,4040.14,4045.2,4022.57,4025.0,12438,8
1763431200,2025-11-18T02:00:00+00:00,4024.99,4035.83,4015.33,4017.8,10849,8
1763434800,2025-11-18T03:00:00+00:00,4017.77,4026.44,4008.58,4013.32,10652,8
1763438400,2025-11-18T04:00:00+00:00,4013.32,4018.13,4004.73,4010.44,10043,8
1763442000,2025-11-18T05:00:00+00:00,4010.45,4025.23,4008.21,4018.96,9836,8
1763445600,2025-11-18T06:00:00+00:00,4018.96,4020.51,4007.68,4009.08,10559,8
1763449200,2025-11-18T07:00:00+00:00,4008.92,4017.52,3998.0,4013.72,10738,8
1763452800,2025-11-18T08:00:00+00:00,4013.72,4042.73,4010.66,4036.77,11041,8
1763456400,2025-11-18T09:00:00+00:00,4036.77,4047.25,4030.3,4040.26,9193,8
1763460000,2025-11-18T10:00:00+00:00,4040.26,4050.38,4037.48,4044.2,8891,8
1763463600,2025-11-18T11:00:00+00:00,4044.2,4050.38,4036.97,4039.57,7515,8
1763467200,2025-11-18T12:00:00+00:00,4039.57,4045.1,4029.37,4032.46,10357,8
1763470800,2025-11-18T13:00:00+00:00,4032.59,4070.2,4031.52,4065.29,14261,8
1763474400,2025-11-18T14:00:00+00:00,4065.22,4081.92,4058.18,4065.82,16713,8
1763478000,2025-11-18T15:00:00+00:00,4065.81,4072.45,4049.5,4052.98,18499,8
1763481600,2025-11-18T16:00:00+00:00,4052.99,4069.16,4040.56,4066.87,14723,8
1763485200,2025-11-18T17:00:00+00:00,4066.87,4075.83,4059.72,4071.46,12807,8
1763488800,2025-11-18T18:00:00+00:00,4071.54,4074.74,4063.19,4072.67,11318,8
1763492400,2025-11-18T19:00:00+00:00,4072.67,4081.93,4072.65,4081.12,11169,8
1763496000,2025-11-18T20:00:00+00:00,4081.22,4082.42,4067.41,4068.79,11360,8
1763499600,2025-11-18T21:00:00+00:00,4068.88,4072.3,4064.91,4067.59,3726,8
1763506800,2025-11-18T23:00:00+00:00,4069.34,4077.97,4066.18,4076.83,4018,8
1763510400,2025-11-19T00:00:00+00:00,4076.79,4078.38,4067.57,4069.4,6360,8
1763514000,2025-11-19T01:00:00+00:00,4069.4,4070.38,4056.42,4059.1,11318,8
1763517600,2025-11-19T02:00:00+00:00,4059.1,4080.66,4055.59,4075.63,10881,8
1763521200,2025-11-19T03:00:00+00:00,4075.71,4078.69,4066.19,4066.96,8576,8
1763524800,2025-11-19T04:00:00+00:00,4066.96,4076.88,4064.58,4075.23,7328,8
1763528400,2025-11-19T05:00:00+00:00,4075.23,4097.44,4074.27,4095.54,10958,8
1763532000,2025-11-19T06:00:00+00:00,4095.54,4098.63,4089.17,4091.01,9552,8
1763535600,2025-11-19T07:00:00+00:00,4091.01,4096.87,4084.91,4086.96,8377,8
1763539200,2025-11-19T08:00:00+00:00,4086.96,4088.69,4078.32,4083.52,9639,8
1763542800,2025-11-19T09:00:00+00:00,4083.52,4116.14,4081.18,4113.35,10826,8
1763546400,2025-11-19T10:00:00+00:00,4113.35,4119.08,4107.08,4109.0,10636,8
1763550000,2025-11-19T11:00:00+00:00,4109.0,4117.63,4106.17,4113.0,7844,7
1763553600,2025-11-19T12:00:00+00:00,4113.0,4119.88,4112.23,4114.58,7985,1
1763557200,2025-11-19T13:00:00+00:00,4114.58,4117.75,4100.93,4110.61,13764,0
1763560800,2025-11-19T14:00:00+00:00,4110.65,4129.01,4102.11,4127.98,14994,7
1763564400,2025-11-19T15:00:00+00:00,4127.94,4132.86,4090.12,4096.61,16835,8
1763568000,2025-11-19T16:00:00+00:00,4096.7,4098.49,4067.92,4074.67,17782,0
1763571600,2025-11-19T17:00:00+00:00,4074.66,4081.21,4055.64,4078.92,16425,0
1763575200,2025-11-19T18:00:00+00:00,4078.92,4091.3,4075.77,4087.22,14149,8
1763578800,2025-11-19T19:00:00+00:00,4087.21,4087.24,4069.23,4073.65,13829,0
1763582400,2025-11-19T20:00:00+00:00,4073.69,4082.12,4071.97,4076.39,11335,0
1763586000,2025-11-19T21:00:00+00:00,4076.37,4084.78,4065.7,4077.93,5904,0
1763593200,2025-11-19T23:00:00+00:00,4080.36,4108.25,4079.31,4104.51,6889,0
1763596800,2025-11-20T00:00:00+00:00,4104.53,4110.22,4100.44,4102.99,8318,8
1763600400,2025-11-20T01:00:00+00:00,4103.08,4109.16,4081.08,4081.5,12520,5
1763604000,2025-11-20T02:00:00+00:00,4081.5,4081.64,4043.01,4067.06,13905,0
1763607600,2025-11-20T03:00:00+00:00,4067.06,4085.6,4064.89,4072.36,10717,8
1763611200,2025-11-20T04:00:00+00:00,4072.4,4080.5,4068.35,4075.57,6865,8
1763614800,2025-11-20T05:00:00+00:00,4075.56,4075.94,4064.46,4066.74,9171,0
1763618400,2025-11-20T06:00:00+00:00,4066.74,4077.65,4058.65,4068.57,10951,0
1763622000,2025-11-20T07:00:00+00:00,4068.42,4076.64,4054.31,4060.05,9844,0
1763625600,2025-11-20T08:00:00+00:00,4060.05,4069.43,4038.95,4063.48,13204,0
1763629200,2025-11-20T09:00:00+00:00,4063.5,4072.8,4055.63,4064.19,10544,0
1763632800,2025-11-20T10:00:00+00:00,4064.2,4068.27,4058.22,4060.02,7542,8
1763636400,2025-11-20T11:00:00+00:00,4060.02,4068.41,4051.13,4060.63,8519,5
1763640000,2025-11-20T12:00:00+00:00,4060.81,4082.03,4060.2,4081.82,9094,2
1763643600,2025-11-20T13:00:00+00:00,4081.82,4096.21,4067.49,4080.46,16509,0
1763647200,2025-11-20T14:00:00+00:00,4080.25,4107.16,4072.27,4093.36,17446,0
1763650800,2025-11-20T15:00:00+00:00,4093.36,4098.84,4070.29,4070.31,17423,8
1763654400,2025-11-20T16:00:00+00:00,4070.21,4082.58,4044.84,4049.29,18362,0
1763658000,2025-11-20T17:00:00+00:00,4049.27,4068.21,4043.77,4066.13,18994,0
1763661600,2025-11-20T18:00:00+00:00,4066.13,4072.55,4056.35,4060.64,15739,0
1763665200,2025-11-20T19:00:00+00:00,4060.63,4087.15,4058.98,4084.67,14054,0
1763668800,2025-11-20T20:00:00+00:00,4084.67,4085.12,4073.32,4077.28,11427,0
1763672400,2025-11-20T21:00:00+00:00,4077.28,4081.02,4074.28,4077.32,4032,0
1763679600,2025-11-20T23:00:00+00:00,4075.66,4088.66,4072.94,4078.9,6298,0
1763683200,2025-11-21T00:00:00+00:00,4079.19,4081.26,4071.12,4073.87,6648,0
1763686800,2025-11-21T01:00:00+00:00,4073.87,4074.55,4060.21,4068.56,12158,0
1763690400,2025-11-21T02:00:00+00:00,4068.56,4080.02,4056.7,4057.24,11160,0
1763694000,2025-11-21T03:00:00+00:00,4057.25,4059.5,4049.39,4056.33,11227,0
1763697600,2025-11-21T04:00:00+00:00,4056.3,4062.55,4047.31,4052.18,8852,1
1763701200,2025-11-21T05:00:00+00:00,4052.18,4059.74,4039.98,4058.58,11026,0
1763704800,2025-11-21T06:00:00+00:00,4058.56,4064.1,4030.42,4032.82,12973,0
1763708400,2025-11-21T07:00:00+00:00,4032.82,4039.83,4024.98,4031.61,11765,0
1763712000,2025-11-21T08:00:00+00:00,4031.61,4048.07,4024.22,4041.09,12512,0
1763715600,2025-11-21T09:00:00+00:00,4041.05,4063.47,4040.23,4050.55,11587,5
1763719200,2025-11-21T10:00:00+00:00,4050.61,4052.69,4032.45,4037.26,13518,8
1763722800,2025-11-21T11:00:00+00:00,4037.26,4046.95,4031.1,4036.69,10638,0
1763726400,2025-11-21T12:00:00+00:00,4036.69,4071.54,4034.8,4065.88,14670,0
1763730000,2025-11-21T13:00:00+00:00,4065.88,4081.18,4059.3,4079.67,14969,0
1763733600,2025-11-21T14:00:00+00:00,4079.68,4083.89,4061.66,4071.83,16432,8
1763737200,2025-11-21T15:00:00+00:00,4071.55,4076.87,4055.18,4069.71,18679,8
1763740800,2025-11-21T16:00:00+00:00,4069.71,4100.71,4063.1,4099.99,16523,5
1763744400,2025-11-21T17:00:00+00:00,4099.99,4101.14,4079.1,4085.64,14472,0
1763748000,2025-11-21T18:00:00+00:00,4085.63,4088.32,4076.44,4082.95,13344,0
1763751600,2025-11-21T19:00:00+00:00,4082.91,4092.2,4082.72,4087.65,10994,0
1763755200,2025-11-21T20:00:00+00:00,4087.65,4088.78,4055.27,4067.46,13532,0
1763758800,2025-11-21T21:00:00+00:00,4067.32,4069.09,4054.64,4065.09,4779,0
1763938800,2025-11-23T23:00:00+00:00,4067.51,4077.73,4065.8,4075.12,6200,0
1763942400,2025-11-24T00:00:00+00:00,4075.12,4076.08,4058.32,4067.47,6908,0
1763946000,2025-11-24T01:00:00+00:00,4067.47,4073.26,4042.79,4044.27,12986,0
1763949600,2025-11-24T02:00:00+00:00,4044.24,4051.6,4040.72,4043.66,10315,0
1763953200,2025-11-24T03:00:00+00:00,4043.63,4058.18,4043.63,4050.2,9429,0
1763956800,2025-11-24T04:00:00+00:00,4050.39,4061.23,4042.27,4044.11,9559,8
1763960400,2025-11-24T05:00:00+00:00,4044.17,4049.57,4040.08,4046.41,9954,8
1763964000,2025-11-24T06:00:00+00:00,4046.39,4058.14,4045.56,4053.42,10466,8
1763967600,2025-11-24T07:00:00+00:00,4053.43,4067.75,4051.62,4060.03,9921,8
1763971200,2025-11-24T08:00:00+00:00,4060.04,4066.96,4059.68,4063.45,8458,0
1763974800,2025-11-24T09:00:00+00:00,4063.43,4074.16,4063.04,4071.89,9889,2
1763978400,2025-11-24T10:00:00+00:00,4071.95,4077.29,4063.39,4063.95,8607,7
1763982000,2025-11-24T11:00:00+00:00,4063.95,4071.7,4063.24,4070.03,7214,8
1763985600,2025-11-24T12:00:00+00:00,4070.03,4084.08,4065.77,4080.4,8873,8
1763989200,2025-11-24T13:00:00+00:00,4080.47,4085.9,4073.76,4077.76,11496,8
1763992800,2025-11-24T14:00:00+00:00,4077.76,4086.03,4068.36,4081.38,13988,8
1763996400,2025-11-24T15:00:00+00:00,4081.46,4093.8,4081.25,4091.79,14709,8
1764000000,2025-11-24T16:00:00+00:00,4091.79,4099.0,4089.79,4097.4,11295,8
1764003600,2025-11-24T17:00:00+00:00,4097.43,4100.44,4089.07,4093.11,9595,8
1764007200,2025-11-24T18:00:00+00:00,4093.01,4125.84,4088.08,4120.55,11290,8
1764010800,2025-11-24T19:00:00+00:00,4120.57,4124.13,4113.97,4118.5,9351,8
1764014400,2025-11-24T20:00:00+00:00,4118.5,4133.48,4118.0,4132.68,9386,8
1764018000,2025-11-24T21:00:00+00:00,4132.64,4139.97,4130.12,4134.73,4162,8
1764025200,2025-11-24T23:00:00+00:00,4134.58,4144.24,4125.26,4143.8,6455,8
1764028800,2025-11-25T00:00:00+00:00,4143.8,4144.38,4127.57,4129.55,8916,8
1764032400,2025-11-25T01:00:00+00:00,4129.55,4139.35,4122.7,4134.79,12761,8
1764036000,2025-11-25T02:00:00+00:00,4134.79,4155.95,4132.77,4150.61,11013,8
1764039600,2025-11-25T03:00:00+00:00,4150.71,4150.79,4139.54,4143.24,9707,8
1764043200,2025-11-25T04:00:00+00:00,4143.24,4148.38,4139.63,4140.72,7273,8
1764046800,2025-11-25T05:00:00+00:00,4140.72,4151.92,4140.72,4150.95,8051,8
1764050400,2025-11-25T06:00:00+00:00,4151.03,4152.03,4138.72,4141.63,10248,8
1764054000,2025-11-25T07:00:00+00:00,4141.63,4145.96,4130.41,4132.53,10293,8
1764057600,2025-11-25T08:00:00+00:00,4132.53,4139.41,4109.62,4116.03,10821,8
1764061200,2025-11-25T09:00:00+00:00,4116.05,4131.4,4114.06,4128.43,10001,8
1764064800,2025-11-25T10:00:00+00:00,4128.44,4138.77,4127.49,4131.37,8295,8
1764068400,2025-11-25T11:00:00+00:00,4131.34,4137.34,4127.86,4133.52,7485,8
1764072000,2025-11-25T12:00:00+00:00,4133.53,4138.79,4116.62,4129.94,10354,8
1764075600,2025-11-25T13:00:00+00:00,4129.93,4150.82,4129.51,4147.76,13195,8
1764079200,2025-11-25T14:00:00+00:00,4147.73,4148.66,4111.1,4125.37,15078,8
1764082800,2025-11-25T15:00:00+00:00,4125.39,4133.43,4117.94,4123.07,13450,8
1764086400,2025-11-25T16:00:00+00:00,4123.07,4141.38,4122.11,4136.33,11580,8
1764090000,2025-11-25T17:00:00+00:00,4136.32,4159.29,4136.07,4146.17,13728,8
1764093600,2025-11-25T18:00:00+00:00,4146.13,4150.86,4132.6,4134.52,10399,8
1764097200,2025-11-25T19:00:00+00:00,4134.4,4140.38,4128.54,4133.76,9866,8
1764100800,2025-11-25T20:00:00+00:00,4133.76,4138.43,4130.63,4132.33,8751,8
1764104400,2025-11-25T21:00:00+00:00,4132.38,4132.54,4127.68,4130.75,4070,8
1764111600,2025-11-25T23:00:00+00:00,4133.07,4137.0,4129.91,4133.81,3441,8
1764115200,2025-11-26T00:00:00+00:00,4133.81,4144.39,4132.76,4142.79,6809,8
1764118800,2025-11-26T01:00:00+00:00,4142.85,4152.9,4138.64,4148.43,10341,8
1764122400,2025-11-26T02:00:00+00:00,4148.43,4166.57,4147.34,4161.55,11514,8
1764126000,2025-11-26T03:00:00+00:00,4161.55,4169.36,4160.34,4166.08,8467,8
1764129600,2025-11-26T04:00:00+00:00,4166.08,4167.09,4156.63,4161.97,6772,8
1764133200,2025-11-26T05:00:00+00:00,4161.97,4168.73,4160.36,4162.39,7976,8
1764136800,2025-11-26T06:00:00+00:00,4162.39,4162.87,4146.75,4150.12,9778,8
1764140400,2025-11-26T07:00:00+00:00,4150.12,4161.63,4149.31,4157.45,7956,8
1764144000,2025-11-26T08:00:00+00:00,4157.45,4168.57,4154.89,4161.23,9194,8
1764147600,2025-11-26T09:00:00+00:00,4161.23,4164.62,4156.55,4162.78,7637,8
1764151200,2025-11-26T10:00:00+00:00,4162.78,4165.13,4156.05,4160.02,8040,8
1764154800,2025-11-26T11:00:00+00:00,4160.02,4173.02,4157.78,4171.59,7625,8
1764158400,2025-11-26T12:00:00+00:00,4171.59,4173.43,4149.3,4155.23,10109,8
1764162000,2025-11-26T13:00:00+00:00,4155.23,4166.66,4149.2,4153.31,12122,8
1764165600,2025-11-26T14:00:00+00:00,4153.33,4156.85,4140.33,4142.44,13795,8
1764169200,2025-11-26T15:00:00+00:00,4142.39,4165.76,4137.3,4165.39,14435,8
1764172800,2025-11-26T16:00:00+00:00,4165.38,4168.47,4160.83,4167.14,10654,8
1764176400,2025-11-26T17:00:00+00:00,4167.14,4169.87,4165.05,4167.26,7684,8
1764180000,2025-11-26T18:00:00+00:00,4167.3,4171.68,4158.14,4164.79,9110,8
1764183600,2025-11-26T19:00:00+00:00,4164.79,4169.76,4162.47,4163.38,7094,8
1764187200,2025-11-26T20:00:00+00:00,4163.38,4167.52,4161.41,4164.09,8609,8
1764190800,2025-11-26T21:00:00+00:00,4164.04,4167.46,4162.23,4163.89,3940,8
1764198000,2025-11-26T23:00:00+00:00,4165.39,4168.64,4162.61,4164.62,4395,8
1764201600,2025-11-27T00:00:00+00:00,4164.78,4167.07,4161.88,4164.54,4869,8
1764205200,2025-11-27T01:00:00+00:00,4164.54,4165.37,4148.7,4154.29,11851,8
1764208800,2025-11-27T02:00:00+00:00,4154.27,4156.22,4144.73,4145.57,9295,8
1764212400,2025-11-27T03:00:00+00:00,4145.51,4150.7,4144.39,4147.37,7050,8
1764216000,2025-11-27T04:00:00+00:00,4147.37,4154.67,4142.62,4150.84,7124,8
1764219600,2025-11-27T05:00:00+00:00,4150.82,4154.74,4144.77,4147.1,6968,8
1764223200,2025-11-27T06:00:00+00:00,4147.1,4159.21,4147.02,4157.47,9171,8
1764226800,2025-11-27T07:00:00+00:00,4157.47,4162.38,4155.53,4160.17,8585,8
1764230400,2025-11-27T08:00:00+00:00,4160.18,4167.24,4159.55,4165.83,8254,8
1764234000,2025-11-27T09:00:00+00:00,4165.83,4165.91,4148.48,4158.64,9089,8
1764237600,2025-11-27T10:00:00+00:00,4158.64,4160.52,4152.53,4156.58,7464,8
1764241200,2025-11-27T11:00:00+00:00,4156.58,4162.45,4156.01,4157.39,5902,8
1764244800,2025-11-27T12:00:00+00:00,4157.39,4159.15,4153.67,4154.14,4490,8
1764248400,2025-11-27T13:00:00+00:00,4154.14,4158.01,4149.23,4155.0,9385,8
1764252000,2025-11-27T14:00:00+00:00,4155.01,4160.7,4152.96,4153.3,7933,8
1764255600,2025-11-27T15:00:00+00:00,4153.3,4161.82,4153.06,4158.06,6419,8
1764259200,2025-11-27T16:00:00+00:00,4158.01,4158.36,4151.47,4156.44,4923,8
1764262800,2025-11-27T17:00:00+00:00,4156.44,4159.23,4154.85,4157.84,2900,8
1764266400,2025-11-27T18:00:00+00:00,4157.84,4159.92,4155.77,4159.22,2825,8
1764270000,2025-11-27T19:00:00+00:00,4159.22,4160.42,4156.87,4156.99,1380,8
1764284400,2025-11-27T23:00:00+00:00,4160.4,4163.85,4158.32,4163.29,2404,8
1764288000,2025-11-28T00:00:00+00:00,4163.28,4182.91,4163.1,4180.7,7180,8
1764291600,2025-11-28T01:00:00+00:00,4180.7,4193.16,4180.68,4191.13,10065,8
1764295200,2025-11-28T02:00:00+00:00,4191.13,4191.98,4185.94,4189.51,6585,8
1764298800,2025-11-28T03:00:00+00:00,4189.61,4191.88,4182.75,4184.07,1895,8
1764302400,2025-11-28T04:00:00+00:00,4184.07,4188.87,4178.64,4188.69,3049,8
1764306000,2025-11-28T05:00:00+00:00,4188.69,4188.85,4175.09,4182.58,3308,8
1764309600,2025-11-28T06:00:00+00:00,4182.58,4188.9,4182.08,4187.49,2907,8
1764313200,2025-11-28T07:00:00+00:00,4187.49,4187.9,4174.18,4174.71,2029,8
1764316800,2025-11-28T08:00:00+00:00,4174.71,4174.82,4157.7,4169.57,233,0
1764320400,2025-11-28T09:00:00+00:00,4165.54,4167.49,4160.19,4166.09,2468,8
1764324000,2025-11-28T10:00:00+00:00,4166.09,4178.29,4160.57,4163.48,3782,8
1764327600,2025-11-28T11:00:00+00:00,4163.48,4179.85,4162.64,4171.92,4935,8
1764331200,2025-11-28T12:00:00+00:00,4171.92,4177.51,4168.5,4176.59,2910,8
1764334800,2025-11-28T13:00:00+00:00,4176.59,4183.0,4168.92,4182.58,4399,8
1764338400,2025-11-28T14:00:00+00:00,4182.57,4209.08,4182.57,4198.23,13376,8
1764342000,2025-11-28T15:00:00+00:00,4198.17,4204.0,4185.78,4203.78,12435,8
1764345600,2025-11-28T16:00:00+00:00,4203.7,4210.81,4197.85,4206.3,10850,8
1764349200,2025-11-28T17:00:00+00:00,4206.3,4216.94,4204.49,4216.94,10816,8
1764352800,2025-11-28T18:00:00+00:00,4216.9,4226.69,4211.1,4220.41,9811,8
1764356400,2025-11-28T19:00:00+00:00,4220.41,4221.9,4216.27,4219.34,5306,8
1764543600,2025-11-30T23:00:00+00:00,4225.87,4226.29,4206.43,4222.05,9688,8
1764547200,2025-12-01T00:00:00+00:00,4221.9,4233.66,4218.32,4230.86,10835,8
1764550800,2025-12-01T01:00:00+00:00,4230.84,4256.33,4219.71,4255.58,16245,8
1764554400,2025-12-01T02:00:00+00:00,4255.55,4256.57,4234.39,4242.95,14233,8
1764558000,2025-12-01T03:00:00+00:00,4242.99,4243.96,4232.63,4239.28,12037,8
1764561600,2025-12-01T04:00:00+00:00,4239.28,4247.03,4236.55,4245.61,9002,8
1764565200,2025-12-01T05:00:00+00:00,4245.65,4246.69,4215.55,4229.64,13312,8
1764568800,2025-12-01T06:00:00+00:00,4229.66,4240.52,4226.39,4236.8,11557,8
1764572400,2025-12-01T07:00:00+00:00,4236.8,4246.6,4231.69,4245.43,10274,8
1764576000,2025-12-01T08:00:00+00:00,4245.38,4253.63,4238.46,4244.74,11228,8
1764579600,2025-12-01T09:00:00+00:00,4244.74,4251.83,4243.82,4250.02,9292,8
1764583200,2025-12-01T10:00:00+00:00,4250.02,4262.38,4249.17,4255.6,10362,8
1764586800,2025-12-01T11:00:00+00:00,4255.6,4258.46,4248.31,4254.6,9474,8
1764590400,2025-12-01T12:00:00+00:00,4254.6,4256.62,4244.25,4246.58,11602,8
1764594000,2025-12-01T13:00:00+00:00,4246.58,4264.53,4245.79,4247.38,13660,8
1764597600,2025-12-01T14:00:00+00:00,4247.36,4249.38,4219.72,4240.05,16644,8
1764601200,2025-12-01T15:00:00+00:00,4242.33,4244.91,4219.72,4232.54,17398,8
1764604800,2025-12-01T16:00:00+00:00,4232.55,4242.44,4225.31,4226.24,16486,8
1764608400,2025-12-01T17:00:00+00:00,4226.24,4239.97,4223.43,4232.33,13474,8
1764612000,2025-12-01T18:00:00+00:00,4232.33,4244.65,4232.33,4240.32,11914,8
1764615600,2025-12-01T19:00:00+00:00,4240.32,4243.79,4229.31,4237.05,11693,8
1764619200,2025-12-01T20:00:00+00:00,4237.02,4241.62,4234.6,4237.44,9665,8
1764622800,2025-12-01T21:00:00+00:00,4237.49,4240.51,4230.2,4232.29,5061,8
1764630000,2025-12-01T23:00:00+00:00,4229.38,4236.03,4224.76,4227.52,5555,8
1764633600,2025-12-02T00:00:00+00:00,4227.59,4229.65,4221.62,4226.76,8166,8
1764637200,2025-12-02T01:00:00+00:00,4226.76,4227.07,4200.48,4219.47,14717,8
1764640800,2025-12-02T02:00:00+00:00,4219.48,4224.49,4214.53,4221.66,10716,8
1764644400,2025-12-02T03:00:00+00:00,4221.65,4226.34,4215.86,4216.9,9665,8
1764648000,2025-12-02T04:00:00+00:00,4216.86,4220.6,4214.01,4218.73,7413,8
1764651600,2025-12-02T05:00:00+00:00,4218.72,4225.39,4215.23,4225.07,8946,8
1764655200,2025-12-02T06:00:00+00:00,4225.08,4226.28,4203.42,4212.91,11840,8
1764658800,2025-12-02T07:00:00+00:00,4212.88,4219.4,4209.65,4213.4,7259,8
1764662400,2025-12-02T08:00:00+00:00,4213.46,4217.15,4207.17,4210.25,8434,8
1764666000,2025-12-02T09:00:00+00:00,4210.25,4213.21,4181.28,4192.04,10603,8
1764669600,2025-12-02T10:00:00+00:00,4192.04,4192.41,4182.42,4185.82,8765,8
1764673200,2025-12-02T11:00:00+00:00,4185.82,4205.98,4184.97,4205.49,7978,8
1764676800,2025-12-02T12:00:00+00:00,4205.49,4209.57,4201.07,4208.61,7082,8
1764680400,2025-12-02T13:00:00+00:00,4208.9,4215.29,4202.18,4212.5,12603,8
1764684000,2025-12-02T14:00:00+00:00,4212.47,4230.74,4212.34,4219.07,16717,8
1764687600,2025-12-02T15:00:00+00:00,4218.95,4219.66,4163.9,4169.47,18172,8
1764691200,2025-12-02T16:00:00+00:00,4169.52,4190.24,4167.06,4184.86,15889,8
1764694800,2025-12-02T17:00:00+00:00,4184.86,4196.85,4184.71,4193.88,11100,8
1764698400,2025-12-02T18:00:00+00:00,4193.88,4196.9,4183.3,4190.9,10830,8
1764702000,2025-12-02T19:00:00+00:00,4190.9,4200.48,4190.9,4196.55,8519,8
1764705600,2025-12-02T20:00:00+00:00,4196.54,4212.39,4194.99,4210.31,9065,8
1764709200,2025-12-02T21:00:00+00:00,4210.08,4211.81,4205.3,4205.72,4234,8
1764716400,2025-12-02T23:00:00+00:00,4207.01,4216.11,4202.76,4212.74,6699,8
1764720000,2025-12-03T00:00:00+00:00,4212.74,4212.83,4204.48,4211.93,9499,8
1764723600,2025-12-03T01:00:00+00:00,4212.07,4221.1,4211.75,4214.54,13465,8
1764727200,2025-12-03T02:00:00+00:00,4214.54,4228.91,4214.31,4226.7,10924,8
1764730800,2025-12-03T03:00:00+00:00,4226.7,4227.55,4220.26,4221.14,7668,8
1764734400,2025-12-03T04:00:00+00:00,4221.14,4225.39,4217.46,4222.42,5805,8
1764738000,2025-12-03T05:00:00+00:00,4222.42,4223.94,4203.46,4207.84,11153,8
1764741600,2025-12-03T06:00:00+00:00,4207.84,4211.85,4204.91,4208.3,9811,8
1764745200,2025-12-03T07:00:00+00:00,4208.33,4210.41,4200.2,4206.38,8238,8
1764748800,2025-12-03T08:00:00+00:00,4206.44,4210.1,4203.87,4206.41,8999,8
1764752400,2025-12-03T09:00:00+00:00,4206.41,4207.62,4197.13,4202.21,8224,8
1764756000,2025-12-03T10:00:00+00:00,4202.21,4204.85,4194.67,4200.56,9325,8
1764759600,2025-12-03T11:00:00+00:00,4200.56,4209.26,4197.27,4208.83,8014,8
1764763200,2025-12-03T12:00:00+00:00,4208.83,4214.33,4205.28,4213.45,9163,8
1764766800,2025-12-03T13:00:00+00:00,4213.53,4238.25,4211.41,4237.22,13961,8
1764770400,2025-12-03T14:00:00+00:00,4237.21,4241.52,4205.19,4212.62,18053,8
1764774000,2025-12-03T15:00:00+00:00,4212.14,4229.4,4206.15,4216.35,15836,8
1764777600,2025-12-03T16:00:00+00:00,4216.31,4225.14,4195.9,4200.91,14335,8
1764781200,2025-12-03T17:00:00+00:00,4200.92,4215.43,4200.43,4211.13,11882,8
1764784800,2025-12-03T18:00:00+00:00,4211.11,4211.56,4195.19,4196.9,11300,8
1764788400,2025-12-03T19:00:00+00:00,4196.91,4209.96,4196.9,4207.9,9247,8
1764792000,2025-12-03T20:00:00+00:00,4207.9,4212.85,4203.73,4206.31,9065,8
1764795600,2025-12-03T21:00:00+00:00,4206.32,4210.14,4202.74,4203.16,4911,8
1764802800,2025-12-03T23:00:00+00:00,4204.86,4208.95,4202.78,4207.34,4273,8
1764806400,2025-12-04T00:00:00+00:00,4207.34,4215.84,4204.54,4211.68,7315,8
1764810000,2025-12-04T01:00:00+00:00,4211.67,4216.88,4205.88,4209.29,13382,8
1764813600,2025-12-04T02:00:00+00:00,4209.29,4209.33,4199.0,4200.62,11205,8
1764817200,2025-12-04T03:00:00+00:00,4200.62,4201.57,4187.48,4195.88,10899,8
1764820800,2025-12-04T04:00:00+00:00,4195.88,4199.19,4192.75,4197.05,7420,8
1764824400,2025-12-04T05:00:00+00:00,4197.05,4199.07,4174.94,4181.09,11695,8
1764828000,2025-12-04T06:00:00+00:00,4181.08,4190.31,4178.73,4190.21,13468,8
1764831600,2025-12-04T07:00:00+00:00,4190.21,4195.08,4186.64,4193.84,9543,8
1764835200,2025-12-04T08:00:00+00:00,4193.86,4196.42,4184.94,4184.94,12005,8
1764838800,2025-12-04T09:00:00+00:00,4185.0,4202.31,4183.52,4199.91,10375,8
1764842400,2025-12-04T10:00:00+00:00,4199.91,4202.66,4196.69,4197.36,8151,8
1764846000,2025-12-04T11:00:00+00:00,4197.37,4206.59,4197.22,4198.59,7688,8
1764849600,2025-12-04T12:00:00+00:00,4198.53,4201.79,4188.76,4190.55,9794,8
1764853200,2025-12-04T13:00:00+00:00,4190.56,4198.47,4185.54,4198.37,13639,8
1764856800,2025-12-04T14:00:00+00:00,4198.36,4213.32,4193.65,4201.36,16084,8
1764860400,2025-12-04T15:00:00+00:00,4201.41,4210.15,4191.49,4207.47,15827,8
1764864000,2025-12-04T16:00:00+00:00,4207.47,4219.34,4206.65,4215.71,13000,8
1764867600,2025-12-04T17:00:00+00:00,4215.71,4217.56,4208.85,4216.56,9833,8
1764871200,2025-12-04T18:00:00+00:00,4216.56,4217.43,4207.34,4208.0,10402,8
1764874800,2025-12-04T19:00:00+00:00,4208.0,4210.13,4199.68,4208.98,10844,8
1764878400,2025-12-04T20:00:00+00:00,4208.98,4210.36,4205.48,4209.95,8773,8
1764882000,2025-12-04T21:00:00+00:00,4209.95,4210.27,4207.92,4208.84,3497,8
1764889200,2025-12-04T23:00:00+00:00,4207.38,4209.76,4203.9,4206.15,4114,8
1764892800,2025-12-05T00:00:00+00:00,4206.15,4210.47,4201.27,4201.71,6610,8
1764896400,2025-12-05T01:00:00+00:00,4201.73,4204.55,4194.79,4203.11,12149,8
1764900000,2025-12-05T02:00:00+00:00,4203.1,4208.51,4196.75,4207.27,9856,8
1764903600,2025-12-05T03:00:00+00:00,4207.26,4211.0,4201.88,4209.53,8990,8
1764907200,2025-12-05T04:00:00+00:00,4209.55,4217.51,4207.98,4216.87,7063,8
1764910800,2025-12-05T05:00:00+00:00,4216.87,4221.25,4214.45,4220.48,8686,8
1764914400,2025-12-05T06:00:00+00:00,4220.49,4229.29,4218.75,4224.48,10615,8
1764918000,2025-12-05T07:00:00+00:00,4224.6,4230.75,4222.55,4224.49,7551,8
1764921600,2025-12-05T08:00:00+00:00,4224.47,4227.08,4220.61,4220.66,8328,8
1764925200,2025-12-05T09:00:00+00:00,4220.56,4225.13,4215.94,4223.36,6992,8
1764928800,2025-12-05T10:00:00+00:00,4223.36,4227.54,4222.61,4222.94,5550,8
1764932400,2025-12-05T11:00:00+00:00,4222.94,4225.74,4220.07,4223.69,5137,8
1764936000,2025-12-05T12:00:00+00:00,4223.69,4229.73,4222.96,4228.75,8495,8
1764939600,2025-12-05T13:00:00+00:00,4228.75,4238.89,4221.57,4234.55,13433,8
1764943200,2025-12-05T14:00:00+00:00,4234.53,4245.42,4228.41,4241.86,14654,8
1764946800,2025-12-05T15:00:00+00:00,4242.12,4259.25,4234.17,4243.66,15958,8
1764950400,2025-12-05T16:00:00+00:00,4244.0,4245.73,4198.66,4214.24,17672,8
1764954000,2025-12-05T17:00:00+00:00,4214.16,4219.71,4206.73,4217.63,12545,8
1764957600,2025-12-05T18:00:00+00:00,4217.58,4219.19,4206.8,4208.88,10896,8
1764961200,2025-12-05T19:00:00+00:00,4208.88,4210.9,4202.33,4207.6,8326,8
1764964800,2025-12-05T20:00:00+00:00,4207.6,4207.75,4199.42,4202.04,12092,8
1764968400,2025-12-05T21:00:00+00:00,4202.05,4202.46,4192.04,4194.51,5952,8
1765148400,2025-12-07T23:00:00+00:00,4203.25,4205.02,4196.32,4201.46,2661,8
1765152000,2025-12-08T00:00:00+00:00,4201.46,4211.76,4199.57,4210.87,8886,8
1765155600,2025-12-08T01:00:00+00:00,4210.86,4211.78,4197.45,4201.25,14268,8
1765159200,2025-12-08T02:00:00+00:00,4201.24,4212.43,4198.56,4208.43,11216,8
1765162800,2025-12-08T03:00:00+00:00,4208.44,4213.15,4206.83,4210.05,8651,8
1765166400,2025-12-08T04:00:00+00:00,4210.05,4213.28,4207.13,4208.6,6160,8
1765170000,2025-12-08T05:00:00+00:00,4208.58,4217.19,4204.75,4217.07,8164,8
1765173600,2025-12-08T06:00:00+00:00,4217.07,4219.03,4212.17,4217.09,9552,8
1765177200,2025-12-08T07:00:00+00:00,4217.09,4217.5,4206.35,4206.83,8418,8
1765180800,2025-12-08T08:00:00+00:00,4206.83,4216.57,4203.15,4209.83,8679,8
1765184400,2025-12-08T09:00:00+00:00,4209.83,4212.84,4204.36,4208.02,8580,8
1765188000,2025-12-08T10:00:00+00:00,4208.0,4210.37,4202.17,4203.57,6763,8
1765191600,2025-12-08T11:00:00+00:00,4203.56,4214.27,4199.76,4208.6,7362,8
1765195200,2025-12-08T12:00:00+00:00,4208.75,4215.41,4208.54,4213.8,6891,8
1765198800,2025-12-08T13:00:00+00:00,4213.81,4214.75,4198.0,4201.77,13402,8
1765202400,2025-12-08T14:00:00+00:00,4201.78,4211.68,4195.74,4196.53,14638,8
1765206000,2025-12-08T15:00:00+00:00,4196.58,4196.74,4176.19,4182.94,15748,8
1765209600,2025-12-08T16:00:00+00:00,4182.94,4197.96,4177.17,4191.51,12558,8
1765213200,2025-12-08T17:00:00+00:00,4191.51,4195.67,4185.7,4194.89,9523,8
1765216800,2025-12-08T18:00:00+00:00,4195.03,4195.71,4184.53,4187.31,9101,8
1765220400,2025-12-08T19:00:00+00:00,4187.33,4188.87,4184.28,4187.06,7975,8
1765224000,2025-12-08T20:00:00+00:00,4187.02,4195.6,4184.95,4191.56,8622,8
1765227600,2025-12-08T21:00:00+00:00,4191.56,4193.29,4188.4,4190.66,3444,8
1765234800,2025-12-08T23:00:00+00:00,4191.62,4195.44,4190.62,4194.77,3296,8
1765238400,2025-12-09T00:00:00+00:00,4194.77,4195.69,4189.98,4190.45,5610,8
1765242000,2025-12-09T01:00:00+00:00,4190.5,4197.37,4188.85,4196.33,10583,8
1765245600,2025-12-09T02:00:00+00:00,4196.31,4197.27,4186.05,4190.0,9317,8
1765249200,2025-12-09T03:00:00+00:00,4189.96,4198.81,4189.96,4194.57,7347,8
1765252800,2025-12-09T04:00:00+00:00,4194.56,4195.64,4184.75,4186.9,7280,8
1765256400,2025-12-09T05:00:00+00:00,4186.9,4187.42,4178.11,4179.82,10142,8
1765260000,2025-12-09T06:00:00+00:00,4179.82,4184.16,4170.1,4182.13,11096,8
1765263600,2025-12-09T07:00:00+00:00,4182.17,4185.83,4175.96,4182.41,9719,8
1765267200,2025-12-09T08:00:00+00:00,4182.4,4191.89,4182.4,4191.72,8586,8
1765270800,2025-12-09T09:00:00+00:00,4191.74,4212.91,4190.85,4202.88,12541,8
1765274400,2025-12-09T10:00:00+00:00,4202.83,4208.36,4201.3,4203.97,9328,8
1765278000,2025-12-09T11:00:00+00:00,4203.98,4206.5,4201.21,4203.08,6764,8
1765281600,2025-12-09T12:00:00+00:00,4203.1,4207.52,4198.53,4204.21,7449,8
1765285200,2025-12-09T13:00:00+00:00,4204.2,4208.19,4195.75,4201.37,13163,8
1765288800,2025-12-09T14:00:00+00:00,4201.38,4210.38,4189.55,4204.81,15078,8
1765292400,2025-12-09T15:00:00+00:00,4204.79,4216.4,4190.04,4212.57,16773,8
1765296000,2025-12-09T16:00:00+00:00,4212.64,4221.31,4210.24,4212.38,15145,8
1765299600,2025-12-09T17:00:00+00:00,4212.37,4216.34,4201.67,4203.22,12418,8
1765303200,2025-12-09T18:00:00+00:00,4203.14,4209.77,4201.34,4209.02,10719,8
1765306800,2025-12-09T19:00:00+00:00,4209.02,4214.46,4207.19,4212.55,9079,8
1765310400,2025-12-09T20:00:00+00:00,4212.52,4216.08,4209.03,4212.16,10698,8
1765314000,2025-12-09T21:00:00+00:00,4212.18,4212.96,4207.27,4208.28,7765,8
1765321200,2025-12-09T23:00:00+00:00,4210.23,4213.02,4207.89,4210.82,3255,8
1765324800,2025-12-10T00:00:00+00:00,4210.82,4212.66,4207.07,4208.4,5205,8
1765328400,2025-12-10T01:00:00+00:00,4208.4,4218.04,4206.94,4213.85,12403,8
1765332000,2025-12-10T02:00:00+00:00,4213.83,4218.77,4211.68,4217.17,9192,8
1765335600,2025-12-10T03:00:00+00:00,4217.14,4217.24,4203.71,4206.38,8651,8
1765339200,2025-12-10T04:00:00+00:00,4206.38,4209.64,4205.51,4207.07,4284,8
1765342800,2025-12-10T05:00:00+00:00,4207.07,4214.52,4201.83,4211.38,8654,8
1765346400,2025-12-10T06:00:00+00:00,4211.38,4211.7,4203.08,4207.41,10009,8
1765350000,2025-12-10T07:00:00+00:00,4207.45,4209.27,4203.23,4203.38,7304,8
1765353600,2025-12-10T08:00:00+00:00,4203.39,4206.51,4197.14,4198.03,8836,8
1765357200,2025-12-10T09:00:00+00:00,4198.02,4200.55,4192.65,4194.4,9573,8
1765360800,2025-12-10T10:00:00+00:00,4194.4,4196.4,4187.89,4193.27,9491,8
1765364400,2025-12-10T11:00:00+00:00,4193.27,4197.82,4192.63,4197.35,7057,8
1765368000,2025-12-10T12:00:00+00:00,4197.39,4202.22,4195.35,4196.39,8254,8
1765371600,2025-12-10T13:00:00+00:00,4196.43,4205.13,4193.05,4200.7,12753,8
1765375200,2025-12-10T14:00:00+00:00,4200.71,4207.05,4191.48,4192.53,14395,8
1765378800,2025-12-10T15:00:00+00:00,4192.52,4201.22,4188.97,4193.77,14378,8
1765382400,2025-12-10T16:00:00+00:00,4193.77,4205.06,4193.0,4204.76,10808,8
1765386000,2025-12-10T17:00:00+00:00,4204.76,4204.78,4196.97,4199.75,9144,8
1765389600,2025-12-10T18:00:00+00:00,4199.75,4200.8,4192.07,4194.56,8517,8
1765393200,2025-12-10T19:00:00+00:00,4194.46,4219.8,4182.03,4216.59,18679,8
1765396800,2025-12-10T20:00:00+00:00,4216.18,4238.73,4211.27,4229.9,16981,8
1765400400,2025-12-10T21:00:00+00:00,4229.71,4232.47,4221.32,4228.67,6217,8
1765407600,2025-12-10T23:00:00+00:00,4230.12,4234.16,4224.13,4232.44,4661,8
1765411200,2025-12-11T00:00:00+00:00,4232.44,4245.2,4231.44,4237.22,8274,8
1765414800,2025-12-11T01:00:00+00:00,4237.2,4247.65,4233.08,4238.39,13316,8
1765418400,2025-12-11T02:00:00+00:00,4238.39,4240.87,4220.58,4222.3,11560,8
1765422000,2025-12-11T03:00:00+00:00,4222.3,4225.05,4209.45,4216.86,11172,8
1765425600,2025-12-11T04:00:00+00:00,4216.71,4218.3,4208.56,4213.58,7968,8
1765429200,2025-12-11T05:00:00+00:00,4213.58,4216.29,4206.13,4207.52,8767,8
1765432800,2025-12-11T06:00:00+00:00,4207.52,4215.41,4204.41,4214.5,9928,8
1765436400,2025-12-11T07:00:00+00:00,4214.5,4218.48,4210.6,4215.98,7325,8
1765440000,2025-12-11T08:00:00+00:00,4215.98,4219.74,4212.94,4216.58,8421,8
1765443600,2025-12-11T09:00:00+00:00,4216.6,4221.52,4210.5,4218.47,8261,8
1765447200,2025-12-11T10:00:00+00:00,4218.47,4225.91,4211.83,4217.01,8610,8
1765450800,2025-12-11T11:00:00+00:00,4217.01,4219.09,4209.83,4211.37,6200,8
1765454400,2025-12-11T12:00:00+00:00,4211.27,4220.52,4208.82,4220.51,8107,8
1765458000,2025-12-11T13:00:00+00:00,4220.51,4223.37,4205.3,4220.96,12932,8
1765461600,2025-12-11T14:00:00+00:00,4220.96,4244.52,4218.0,4230.22,15815,8
1765465200,2025-12-11T15:00:00+00:00,4230.16,4261.42,4226.17,4255.96,16737,8
1765468800,2025-12-11T16:00:00+00:00,4256.02,4278.92,4250.15,4273.57,15430,8
1765472400,2025-12-11T17:00:00+00:00,4273.61,4281.79,4272.26,4278.74,13533,8
1765476000,2025-12-11T18:00:00+00:00,4278.72,4285.91,4266.72,4268.18,11631,8
1765479600,2025-12-11T19:00:00+00:00,4268.19,4277.63,4263.15,4273.63,10417,8
1765483200,2025-12-11T20:00:00+00:00,4273.61,4276.39,4264.36,4276.26,10703,8
1765486800,2025-12-11T21:00:00+00:00,4276.25,4283.68,4272.57,4279.67,4531,8
1765494000,2025-12-11T23:00:00+00:00,4281.99,4283.48,4272.65,4276.45,4534,8
1765497600,2025-12-12T00:00:00+00:00,4276.45,4280.17,4268.93,4269.48,6963,8
1765501200,2025-12-12T01:00:00+00:00,4269.48,4276.21,4264.59,4271.08,13224,8
1765504800,2025-12-12T02:00:00+00:00,4271.03,4276.84,4269.41,4270.45,10453,8
1765508400,2025-12-12T03:00:00+00:00,4270.46,4274.67,4268.76,4270.6,7602,8
1765512000,2025-12-12T04:00:00+00:00,4270.6,4271.04,4266.37,4266.41,6090,8
1765515600,2025-12-12T05:00:00+00:00,4266.41,4280.58,4266.09,4278.97,8579,8
1765519200,2025-12-12T06:00:00+00:00,4278.97,4283.3,4276.7,4282.93,9321,8
1765522800,2025-12-12T07:00:00+00:00,4282.88,4290.41,4281.56,4287.16,8229,8
1765526400,2025-12-12T08:00:00+00:00,4287.09,4309.45,4286.98,4308.07,10411,8
1765530000,2025-12-12T09:00:00+00:00,4308.07,4320.28,4306.99,4318.31,11211,8
1765533600,2025-12-12T10:00:00+00:00,4318.38,4330.96,4314.76,4329.88,10519,8
1765537200,2025-12-12T11:00:00+00:00,4329.88,4339.26,4327.06,4336.39,10467,8
1765540800,2025-12-12T12:00:00+00:00,4336.39,4339.19,4324.88,4325.92,10744,8
1765544400,2025-12-12T13:00:00+00:00,4325.83,4346.18,4321.51,4341.08,14930,8
1765548000,2025-12-12T14:00:00+00:00,4341.07,4353.55,4330.96,4347.1,16512,8
1765551600,2025-12-12T15:00:00+00:00,4347.07,4351.49,4283.3,4290.61,19774,8
1765555200,2025-12-12T16:00:00+00:00,4290.51,4296.49,4257.92,4281.9,20199,8
1765558800,2025-12-12T17:00:00+00:00,4281.91,4298.35,4271.21,4294.37,16037,8
1765562400,2025-12-12T18:00:00+00:00,4294.5,4303.64,4290.62,4294.91,13218,8
1765566000,2025-12-12T19:00:00+00:00,4295.1,4299.78,4289.87,4296.6,10704,8
1765569600,2025-12-12T20:00:00+00:00,4296.55,4302.96,4288.6,4299.39,11029,8
1765573200,2025-12-12T21:00:00+00:00,4299.38,4304.23,4298.33,4301.53,3972,8
1765753200,2025-12-14T23:00:00+00:00,4303.38,4308.52,4301.62,4302.55,5988,8
1765756800,2025-12-15T00:00:00+00:00,4302.55,4308.04,4300.24,4307.54,6042,8
1765760400,2025-12-15T01:00:00+00:00,4307.54,4325.7,4305.71,4322.58,12966,8
1765764000,2025-12-15T02:00:00+00:00,4322.48,4329.29,4320.89,4326.44,10159,8
1765767600,2025-12-15T03:00:00+00:00,4326.42,4329.74,4319.43,4327.3,9939,8
1765771200,2025-12-15T04:00:00+00:00,4327.3,4330.05,4323.18,4326.06,7247,8
1765774800,2025-12-15T05:00:00+00:00,4326.06,4344.43,4324.93,4343.64,9641,8
1765778400,2025-12-15T06:00:00+00:00,4343.64,4347.33,4339.71,4343.61,10035,8
1765782000,2025-12-15T07:00:00+00:00,4343.6,4344.71,4333.6,4339.2,8709,8
1765785600,2025-12-15T08:00:00+00:00,4339.2,4348.94,4338.88,4347.06,8688,8
1765789200,2025-12-15T09:00:00+00:00,4346.95,4350.25,4342.4,4342.54,8395,8
1765792800,2025-12-15T10:00:00+00:00,4342.52,4348.18,4337.77,4339.71,7169,8
1765796400,2025-12-15T11:00:00+00:00,4339.72,4343.73,4335.37,4342.86,6407,8
1765800000,2025-12-15T12:00:00+00:00,4342.86,4348.29,4342.7,4345.76,7872,8
1765803600,2025-12-15T13:00:00+00:00,4345.73,4346.26,4330.86,4332.18,13311,8
1765807200,2025-12-15T14:00:00+00:00,4332.2,4336.76,4317.52,4323.8,16404,8
1765810800,2025-12-15T15:00:00+00:00,4323.87,4327.85,4311.74,4318.29,17736,8
1765814400,2025-12-15T16:00:00+00:00,4318.27,4318.9,4285.35,4297.63,17279,8
1765818000,2025-12-15T17:00:00+00:00,4297.63,4306.63,4290.92,4304.54,13589,8
1765821600,2025-12-15T18:00:00+00:00,4304.56,4313.63,4300.07,4313.12,10675,8
1765825200,2025-12-15T19:00:00+00:00,4313.12,4317.74,4307.97,4314.17,9910,8
1765828800,2025-12-15T20:00:00+00:00,4314.21,4314.45,4299.87,4304.47,10246,8
1765832400,2025-12-15T21:00:00+00:00,4304.44,4305.87,4300.74,4305.12,3659,8
1765839600,2025-12-15T23:00:00+00:00,4307.66,4309.7,4303.34,4304.2,4605,8
1765843200,2025-12-16T00:00:00+00:00,4304.2,4313.3,4302.91,4307.96,7385,8
1765846800,2025-12-16T01:00:00+00:00,4307.97,4317.95,4299.3,4308.88,13613,8
1765850400,2025-12-16T02:00:00+00:00,4308.88,4312.24,4286.62,4289.72,12428,8
1765854000,2025-12-16T03:00:00+00:00,4289.76,4294.53,4280.82,4290.98,12397,8
1765857600,2025-12-16T04:00:00+00:00,4290.98,4292.36,4286.67,4289.15,7664,8
1765861200,2025-12-16T05:00:00+00:00,4289.16,4292.35,4271.67,4284.09,11234,8
1765864800,2025-12-16T06:00:00+00:00,4284.14,4292.13,4282.69,4289.26,10020,8
1765868400,2025-12-16T07:00:00+00:00,4289.29,4289.91,4279.75,4287.64,8577,8
1765872000,2025-12-16T08:00:00+00:00,4287.67,4289.41,4275.52,4284.68,9138,8
1765875600,2025-12-16T09:00:00+00:00,4284.68,4285.92,4276.48,4280.4,7549,8
1765879200,2025-12-16T10:00:00+00:00,4280.47,4284.36,4274.9,4277.41,7783,8
1765882800,2025-12-16T11:00:00+00:00,4277.38,4279.61,4273.87,4278.5,6977,8
1765886400,2025-12-16T12:00:00+00:00,4278.54,4294.89,4276.88,4294.53,9289,8
1765890000,2025-12-16T13:00:00+00:00,4294.53,4313.36,4290.96,4313.12,14288,8
1765893600,2025-12-16T14:00:00+00:00,4313.1,4332.11,4311.42,4324.53,16496,8
1765897200,2025-12-16T15:00:00+00:00,4324.54,4335.03,4312.56,4319.8,17238,8
1765900800,2025-12-16T16:00:00+00:00,4319.67,4323.19,4291.36,4300.62,15469,8
1765904400,2025-12-16T17:00:00+00:00,4300.62,4310.92,4300.17,4303.63,11966,8
1765908000,2025-12-16T18:00:00+00:00,4303.61,4313.53,4298.21,4311.29,12382,8
1765911600,2025-12-16T19:00:00+00:00,4311.29,4315.91,4297.22,4310.66,11219,8
1765915200,2025-12-16T20:00:00+00:00,4310.67,4314.46,4302.82,4304.74,8157,8
1765918800,2025-12-16T21:00:00+00:00,4304.69,4305.54,4300.74,4302.3,3469,8
1765926000,2025-12-16T23:00:00+00:00,4301.53,4309.17,4301.53,4307.81,3686,8
1765929600,2025-12-17T00:00:00+00:00,4307.76,4315.09,4307.44,4313.21,4452,8
1765933200,2025-12-17T01:00:00+00:00,4313.21,4326.76,4311.46,4326.69,14123,8
1765936800,2025-12-17T02:00:00+00:00,4326.69,4327.84,4311.25,4314.23,11585,8
1765940400,2025-12-17T03:00:00+00:00,4314.31,4325.13,4312.74,4323.73,9915,8
1765944000,2025-12-17T04:00:00+00:00,4323.73,4331.45,4320.65,4329.6,7212,8
1765947600,2025-12-17T05:00:00+00:00,4329.61,4342.32,4328.05,4333.95,11108,8
1765951200,2025-12-17T06:00:00+00:00,4333.95,4337.71,4324.85,4328.69,10374,8
1765954800,2025-12-17T07:00:00+00:00,4328.69,4328.75,4315.61,4317.97,9600,8
1765958400,2025-12-17T08:00:00+00:00,4317.86,4320.89,4309.37,4319.15,9831,8
1765962000,2025-12-17T09:00:00+00:00,4319.15,4323.3,4316.0,4316.93,7244,8
1765965600,2025-12-17T10:00:00+00:00,4316.93,4322.24,4306.83,4317.71,7868,8
1765969200,2025-12-17T11:00:00+00:00,4317.72,4320.49,4315.19,4316.43,6378,8
1765972800,2025-12-17T12:00:00+00:00,4316.4,4323.18,4314.99,4317.51,7318,8
1765976400,2025-12-17T13:00:00+00:00,4317.52,4344.08,4315.11,4342.13,14200,8
1765980000,2025-12-17T14:00:00+00:00,4342.1,4346.01,4323.12,4338.31,18187,8
1765983600,2025-12-17T15:00:00+00:00,4338.32,4348.94,4324.41,4330.28,18387,8
1765987200,2025-12-17T16:00:00+00:00,4330.28,4337.64,4320.86,4333.61,16768,8
1765990800,2025-12-17T17:00:00+00:00,4333.56,4342.47,4328.57,4342.47,14190,8
1765994400,2025-12-17T18:00:00+00:00,4342.52,4346.44,4328.94,4336.1,14075,8
1765998000,2025-12-17T19:00:00+00:00,4336.11,4341.01,4330.38,4337.1,10236,8
1766001600,2025-12-17T20:00:00+00:00,4337.1,4346.09,4335.23,4341.46,9690,8
1766005200,2025-12-17T21:00:00+00:00,4341.4,4346.23,4337.62,4338.31,4154,8
1766012400,2025-12-17T23:00:00+00:00,4339.53,4343.09,4335.72,4339.1,4321,8
1766016000,2025-12-18T00:00:00+00:00,4339.11,4342.97,4333.06,4334.87,7090,8
1766019600,2025-12-18T01:00:00+00:00,4334.86,4337.06,4324.53,4331.62,13497,8
1766023200,2025-12-18T02:00:00+00:00,4331.62,4337.81,4330.0,4333.28,10854,8
1766026800,2025-12-18T03:00:00+00:00,4333.28,4336.81,4330.92,4333.21,9527,8
1766030400,2025-12-18T04:00:00+00:00,4333.24,4333.57,4328.63,4331.96,7199,8
1766034000,2025-12-18T05:00:00+00:00,4331.96,4337.51,4331.11,4333.34,9630,8
1766037600,2025-12-18T06:00:00+00:00,4333.34,4336.07,4330.77,4334.01,10750,8
1766041200,2025-12-18T07:00:00+00:00,4334.0,4337.76,4330.15,4331.51,6949,8
1766044800,2025-12-18T08:00:00+00:00,4331.5,4332.66,4323.38,4326.55,7846,8
1766048400,2025-12-18T09:00:00+00:00,4326.55,4328.63,4320.89,4323.52,7811,8
1766052000,2025-12-18T10:00:00+00:00,4323.52,4327.68,4322.09,4325.49,6709,8
1766055600,2025-12-18T11:00:00+00:00,4325.51,4328.77,4324.57,4325.62,5732,8
1766059200,2025-12-18T12:00:00+00:00,4325.62,4326.69,4317.38,4320.88,7621,8
1766062800,2025-12-18T13:00:00+00:00,4320.88,4343.04,4314.7,4336.6,14736,8
1766066400,2025-12-18T14:00:00+00:00,4336.56,4341.41,4308.86,4328.52,17588,8
1766070000,2025-12-18T15:00:00+00:00,4328.54,4341.58,4325.09,4338.17,17359,8
1766073600,2025-12-18T16:00:00+00:00,4338.17,4374.62,4337.85,4360.38,16361,8
1766077200,2025-12-18T17:00:00+00:00,4360.38,4363.53,4322.18,4333.28,17514,8
1766080800,2025-12-18T18:00:00+00:00,4333.33,4341.29,4325.75,4331.82,13356,8
1766084400,2025-12-18T19:00:00+00:00,4331.82,4334.74,4322.92,4325.0,12092,8
1766088000,2025-12-18T20:00:00+00:00,4325.01,4338.31,4324.65,4334.93,12236,8
1766091600,2025-12-18T21:00:00+00:00,4334.93,4334.93,4328.62,4332.72,4113,8
1766098800,2025-12-18T23:00:00+00:00,4334.65,4336.98,4333.66,4335.19,3019,8
1766102400,2025-12-19T00:00:00+00:00,4335.19,4335.73,4325.85,4326.16,4755,8
1766106000,2025-12-19T01:00:00+00:00,4326.16,4328.49,4309.27,4323.35,12848,8
1766109600,2025-12-19T02:00:00+00:00,4323.36,4327.96,4314.26,4316.8,8261,8
1766113200,2025-12-19T03:00:00+00:00,4316.8,4322.51,4312.74,4318.09,8009,8
1766116800,2025-12-19T04:00:00+00:00,4318.09,4322.98,4317.0,4322.81,6025,8
1766120400,2025-12-19T05:00:00+00:00,4322.81,4328.98,4317.68,4326.02,8263,8
1766124000,2025-12-19T06:00:00+00:00,4326.02,4329.46,4321.72,4326.44,9628,8
1766127600,2025-12-19T07:00:00+00:00,4326.4,4329.63,4321.57,4322.71,7373,8
1766131200,2025-12-19T08:00:00+00:00,4322.62,4331.06,4321.11,4325.95,7268,8
1766134800,2025-12-19T09:00:00+00:00,4325.95,4333.68,4324.46,4329.47,6358,8
1766138400,2025-12-19T10:00:00+00:00,4329.47,4331.73,4322.54,4327.73,6485,10
1766142000,2025-12-19T11:00:00+00:00,4327.73,4329.4,4325.18,4327.26,7588,10
1766145600,2025-12-19T12:00:00+00:00,4327.26,4328.8,4320.76,4326.69,7495,10
1766149200,2025-12-19T13:00:00+00:00,4326.69,4335.15,4326.0,4328.35,11029,10
1766152800,2025-12-19T14:00:00+00:00,4328.37,4337.9,4319.82,4332.48,14834,10
1766156400,2025-12-19T15:00:00+00:00,4332.46,4349.09,4332.0,4347.79,14868,10
1766160000,2025-12-19T16:00:00+00:00,4347.73,4354.68,4342.07,4349.78,12582,10
1766163600,2025-12-19T17:00:00+00:00,4349.46,4355.98,4347.04,4353.44,9349,10
1766167200,2025-12-19T18:00:00+00:00,4353.39,4356.47,4343.13,4348.66,9206,10
1766170800,2025-12-19T19:00:00+00:00,4348.66,4350.72,4345.21,4345.32,5778,10
1766174400,2025-12-19T20:00:00+00:00,4345.32,4346.42,4336.87,4339.53,7440,10
1766178000,2025-12-19T21:00:00+00:00,4339.53,4340.22,4336.59,4338.19,2178,10
1766358000,2025-12-21T23:00:00+00:00,4340.8,4356.17,4340.08,4355.3,4322,10
1766361600,2025-12-22T00:00:00+00:00,4355.3,4366.19,4355.24,4364.97,5961,10
1766365200,2025-12-22T01:00:00+00:00,4365.08,4384.9,4361.31,4383.06,11687,10
1766368800,2025-12-22T02:00:00+00:00,4383.06,4388.72,4378.57,4385.93,8848,10
1766372400,2025-12-22T03:00:00+00:00,4385.99,4394.94,4384.29,4392.61,6787,10
1766376000,2025-12-22T04:00:00+00:00,4392.65,4400.77,4391.31,4398.42,4867,10
1766379600,2025-12-22T05:00:00+00:00,4398.16,4409.52,4396.82,4400.04,8776,10
1766383200,2025-12-22T06:00:00+00:00,4400.17,4420.13,4398.92,4419.61,9341,10
1766386800,2025-12-22T07:00:00+00:00,4419.62,4420.53,4410.22,4414.44,6312,10
1766390400,2025-12-22T08:00:00+00:00,4414.4,4414.94,4406.47,4408.27,6462,10
1766394000,2025-12-22T09:00:00+00:00,4408.3,4414.83,4408.02,4411.11,4404,10
1766397600,2025-12-22T10:00:00+00:00,4411.12,4415.97,4406.12,4408.74,5041,10
1766401200,2025-12-22T11:00:00+00:00,4408.74,4411.71,4406.18,4410.43,5571,10
1766404800,2025-12-22T12:00:00+00:00,4409.93,4416.09,4406.24,4415.83,7778,10
1766408400,2025-12-22T13:00:00+00:00,4415.87,4427.4,4413.11,4423.83,11867,10
1766412000,2025-12-22T14:00:00+00:00,4423.82,4429.04,4414.82,4419.31,13210,10
1766415600,2025-12-22T15:00:00+00:00,4419.37,4435.6,4412.04,4431.85,13150,10
1766419200,2025-12-22T16:00:00+00:00,4431.79,4442.16,4428.17,4438.82,10144,10
1766422800,2025-12-22T17:00:00+00:00,4438.8,4442.1,4432.11,4438.47,7206,10
1766426400,2025-12-22T18:00:00+00:00,4438.47,4439.02,4429.55,4435.35,6051,10
1766430000,2025-12-22T19:00:00+00:00,4435.35,4436.07,4428.84,4433.83,5457,10
1766433600,2025-12-22T20:00:00+00:00,4433.82,4439.34,4431.88,4438.67,5423,10
1766437200,2025-12-22T21:00:00+00:00,4438.71,4448.94,4438.58,4443.82,4903,10
1766444400,2025-12-22T23:00:00+00:00,4448.07,4461.65,4447.55,4460.09,5114,10
1766448000,2025-12-23T00:00:00+00:00,4460.04,4470.59,4458.13,4470.59,5101,10
1766451600,2025-12-23T01:00:00+00:00,4470.59,4490.83,4470.07,4486.73,12846,10
1766455200,2025-12-23T02:00:00+00:00,4486.7,4497.63,4481.24,4493.44,8742,10
1766458800,2025-12-23T03:00:00+00:00,4493.41,4496.62,4482.96,4486.89,10214,10
1766462400,2025-12-23T04:00:00+00:00,4486.92,4488.31,4478.63,4482.59,6496,10
1766466000,2025-12-23T05:00:00+00:00,4482.59,4485.66,4474.83,4475.14,9839,10
1766469600,2025-12-23T06:00:00+00:00,4475.14,4481.65,4469.42,4481.58,8721,10
1766473200,2025-12-23T07:00:00+00:00,4481.59,4489.79,4478.55,4486.79,7506,10
1766476800,2025-12-23T08:00:00+00:00,4486.73,4493.14,4484.79,4489.75,7410,10
1766480400,2025-12-23T09:00:00+00:00,4489.75,4491.12,4478.21,4480.47,7273,10
1766484000,2025-12-23T10:00:00+00:00,4480.47,4487.66,4479.5,4484.29,6606,10
1766487600,2025-12-23T11:00:00+00:00,4484.37,4494.41,4483.06,4493.51,5891,10
1766491200,2025-12-23T12:00:00+00:00,4493.49,4493.66,4483.49,4486.54,6906,10
1766494800,2025-12-23T13:00:00+00:00,4486.53,4497.37,4473.36,4479.2,13680,10
1766498400,2025-12-23T14:00:00+00:00,4479.17,4479.89,4441.52,4446.34,17119,10
1766502000,2025-12-23T15:00:00+00:00,4446.19,4459.23,4430.65,4458.42,16616,10
1766505600,2025-12-23T16:00:00+00:00,4458.42,4476.5,4455.93,4474.27,11421,10
1766509200,2025-12-23T17:00:00+00:00,4474.32,4479.84,4470.02,4472.76,10670,10
1766512800,2025-12-23T18:00:00+00:00,4472.98,4485.14,4472.72,4484.44,8151,10
1766516400,2025-12-23T19:00:00+00:00,4484.47,4496.27,4484.22,4490.82,7676,10
1766520000,2025-12-23T20:00:00+00:00,4490.82,4499.77,4489.41,4497.46,7097,10
1766523600,2025-12-23T21:00:00+00:00,4497.51,4499.01,4483.61,4484.8,4983,10
1766530800,2025-12-23T23:00:00+00:00,4486.71,4510.29,4486.48,4503.39,6051,10
1766534400,2025-12-24T00:00:00+00:00,4503.39,4518.07,4500.85,4511.94,7826,10
1766538000,2025-12-24T01:00:00+00:00,4512.02,4525.91,4507.27,4518.7,13414,10
1766541600,2025-12-24T02:00:00+00:00,4518.72,4519.15,4474.59,4477.69,11606,10
1766545200,2025-12-24T03:00:00+00:00,4477.61,4498.2,4471.05,4493.33,10604,10
1766548800,2025-12-24T04:00:00+00:00,4493.33,4501.44,4491.43,4499.13,6089,10
1766552400,2025-12-24T05:00:00+00:00,4499.08,4500.53,4485.13,4488.42,10191,10
1766556000,2025-12-24T06:00:00+00:00,4488.43,4498.38,4485.47,4493.7,9203,10
1766559600,2025-12-24T07:00:00+00:00,4493.7,4495.2,4483.41,4483.86,7448,10
1766563200,2025-12-24T08:00:00+00:00,4483.84,4492.88,4478.31,4482.49,9597,10
1766566800,2025-12-24T09:00:00+00:00,4482.49,4496.11,4482.27,4494.66,7847,10
1766570400,2025-12-24T10:00:00+00:00,4494.66,4499.82,4482.43,4489.37,6626,10
1766574000,2025-12-24T11:00:00+00:00,4489.37,4491.9,4483.24,4491.58,7109,10
1766577600,2025-12-24T12:00:00+00:00,4491.58,4495.92,4489.84,4490.67,8214,10
1766581200,2025-12-24T13:00:00+00:00,4490.69,4493.34,4474.68,4487.92,12486,10
1766584800,2025-12-24T14:00:00+00:00,4488.01,4489.44,4461.1,4464.76,15740,10
1766588400,2025-12-24T15:00:00+00:00,4464.82,4476.43,4448.83,4458.46,16352,10
1766592000,2025-12-24T16:00:00+00:00,4458.44,4478.16,4456.05,4476.89,13110,10
1766595600,2025-12-24T17:00:00+00:00,4476.89,4487.76,4475.48,4480.66,11724,10
1766599200,2025-12-24T18:00:00+00:00,4480.66,4482.42,4477.22,4479.2,2987,10
1766703600,2025-12-25T23:00:00+00:00,4465.37,4500.07,4461.29,4495.21,5624,10
1766707200,2025-12-26T00:00:00+00:00,4495.14,4518.41,4492.44,4518.2,7945,10
1766710800,2025-12-26T01:00:00+00:00,4518.2,4531.16,4498.67,4503.94,14455,10
1766714400,2025-12-26T02:00:00+00:00,4503.94,4509.84,4492.28,4508.77,11716,10
1766718000,2025-12-26T03:00:00+00:00,4508.76,4513.47,4497.57,4501.82,10206,10
1766721600,2025-12-26T04:00:00+00:00,4501.78,4511.71,4500.47,4509.09,7815,10
1766725200,2025-12-26T05:00:00+00:00,4509.04,4514.89,4505.88,4510.09,9761,10
1766728800,2025-12-26T06:00:00+00:00,4510.1,4519.6,4508.21,4511.94,11153,10
1766732400,2025-12-26T07:00:00+00:00,4511.79,4515.63,4507.17,4511.07,7622,10
1766736000,2025-12-26T08:00:00+00:00,4511.07,4519.65,4509.81,4518.67,6537,10
1766739600,2025-12-26T09:00:00+00:00,4518.74,4520.51,4511.82,4512.71,6384,10
1766743200,2025-12-26T10:00:00+00:00,4512.71,4523.66,4511.11,4514.52,6839,10
1766746800,2025-12-26T11:00:00+00:00,4514.52,4515.2,4503.06,4509.86,9105,10
1766750400,2025-12-26T12:00:00+00:00,4509.86,4515.01,4506.77,4509.04,7722,10
1766754000,2025-12-26T13:00:00+00:00,4509.04,4528.86,4503.94,4525.3,12931,10
1766757600,2025-12-26T14:00:00+00:00,4525.15,4533.3,4512.77,4521.13,14687,10
1766761200,2025-12-26T15:00:00+00:00,4521.11,4547.34,4519.71,4546.34,14214,10
1766764800,2025-12-26T16:00:00+00:00,4546.43,4550.04,4531.43,4536.42,13227,10
1766768400,2025-12-26T17:00:00+00:00,4536.52,4537.62,4510.17,4519.32,13041,10
1766772000,2025-12-26T18:00:00+00:00,4519.38,4532.59,4514.97,4530.97,12259,10
1766775600,2025-12-26T19:00:00+00:00,4530.97,4535.6,4520.32,4523.84,8633,10
1766779200,2025-12-26T20:00:00+00:00,4523.92,4535.21,4521.8,4531.1,11040,10
1766782800,2025-12-26T21:00:00+00:00,4531.04,4534.75,4527.16,4532.34,5015,10
1766962800,2025-12-28T23:00:00+00:00,4541.79,4546.32,4523.4,4527.13,10004,10
1766966400,2025-12-29T00:00:00+00:00,4527.13,4528.17,4472.72,4497.35,13685,10
1766970000,2025-12-29T01:00:00+00:00,4497.33,4517.58,4492.53,4497.5,14115,10
1766973600,2025-12-29T02:00:00+00:00,4497.51,4515.89,4496.62,4512.68,10245,10
1766977200,2025-12-29T03:00:00+00:00,4512.64,4520.4,4509.62,4516.38,10062,10
1766980800,2025-12-29T04:00:00+00:00,4516.33,4519.71,4508.4,4515.66,7256,10
1766984400,2025-12-29T05:00:00+00:00,4515.66,4519.37,4504.89,4506.37,8789,10
1766988000,2025-12-29T06:00:00+00:00,4506.49,4510.66,4471.34,4475.37,13940,10
1766991600,2025-12-29T07:00:00+00:00,4475.18,4481.65,4447.48,4474.5,11431,10
1766995200,2025-12-29T08:00:00+00:00,4474.3,4488.37,4452.91,4461.19,11708,10
1766998800,2025-12-29T09:00:00+00:00,4461.21,4476.43,4459.35,4472.05,9906,10
1767002400,2025-12-29T10:00:00+00:00,4472.05,4474.44,4456.99,4460.92,8204,10
1767006000,2025-12-29T11:00:00+00:00,4460.92,4467.79,4435.27,4446.91,9772,10
1767009600,2025-12-29T12:00:00+00:00,4446.92,4464.71,4445.67,4464.24,9158,10
1767013200,2025-12-29T13:00:00+00:00,4464.24,4467.41,4407.2,4421.79,15820,10
1767016800,2025-12-29T14:00:00+00:00,4421.76,4421.76,4356.92,4360.38,17083,10
1767020400,2025-12-29T15:00:00+00:00,4360.38,4360.67,4304.06,4325.31,17353,10
1767024000,2025-12-29T16:00:00+00:00,4325.29,4347.52,4323.45,4341.72,14261,10
1767027600,2025-12-29T17:00:00+00:00,4341.8,4343.21,4315.08,4328.19,12878,10
1767031200,2025-12-29T18:00:00+00:00,4328.16,4334.55,4322.77,4331.04,11173,10
1767034800,2025-12-29T19:00:00+00:00,4331.18,4337.79,4327.65,4336.72,7991,10
1767038400,2025-12-29T20:00:00+00:00,4336.72,4344.43,4326.08,4334.72,9397,10
1767042000,2025-12-29T21:00:00+00:00,4334.83,4339.57,4327.71,4331.96,5942,10
1767049200,2025-12-29T23:00:00+00:00,4336.35,4347.02,4323.83,4345.81,6426,10
1767052800,2025-12-30T00:00:00+00:00,4345.73,4350.6,4334.72,4339.8,8409,10
1767056400,2025-12-30T01:00:00+00:00,4339.8,4360.22,4324.52,4360.21,13212,10
1767060000,2025-12-30T02:00:00+00:00,4360.21,4365.06,4348.78,4362.76,11954,10
1767063600,2025-12-30T03:00:00+00:00,4362.75,4369.37,4356.23,4359.31,9603,10
1767067200,2025-12-30T04:00:00+00:00,4359.34,4369.69,4357.43,4363.52,4531,10
1767070800,2025-12-30T05:00:00+00:00,4363.85,4380.36,4358.94,4377.84,10168,10
1767074400,2025-12-30T06:00:00+00:00,4377.74,4378.59,4359.78,4364.88,12299,10
1767078000,2025-12-30T07:00:00+00:00,4364.83,4383.49,4359.45,4372.47,10419,10
1767081600,2025-12-30T08:00:00+00:00,4372.48,4373.71,4350.33,4365.1,9667,10
1767085200,2025-12-30T09:00:00+00:00,4365.06,4376.78,4364.35,4371.99,9454,10
1767088800,2025-12-30T10:00:00+00:00,4372.01,4391.69,4367.63,4384.79,9547,10
1767092400,2025-12-30T11:00:00+00:00,4385.49,4390.32,4381.22,4384.48,8192,10
1767096000,2025-12-30T12:00:00+00:00,4384.49,4402.7,4383.58,4401.13,10843,10
1767099600,2025-12-30T13:00:00+00:00,4401.15,4404.47,4376.38,4388.38,15364,10
1767103200,2025-12-30T14:00:00+00:00,4388.41,4392.18,4356.01,4366.24,15756,10
1767106800,2025-12-30T15:00:00+00:00,4366.27,4377.59,4359.53,4365.06,15521,10
1767110400,2025-12-30T16:00:00+00:00,4365.09,4379.81,4354.85,4377.73,14459,10
1767114000,2025-12-30T17:00:00+00:00,4377.73,4381.74,4364.46,4370.33,11712,10
1767117600,2025-12-30T18:00:00+00:00,4370.32,4378.64,4362.65,4364.74,11282,10
1767121200,2025-12-30T19:00:00+00:00,4364.74,4367.99,4338.12,4348.58,10099,10
1767124800,2025-12-30T20:00:00+00:00,4348.58,4355.58,4338.28,4341.43,11568,10
1767128400,2025-12-30T21:00:00+00:00,4341.79,4350.37,4335.31,4338.65,5122,10
1767135600,2025-12-30T23:00:00+00:00,4343.25,4346.35,4328.96,4339.06,6487,10
1767139200,2025-12-31T00:00:00+00:00,4339.12,4346.57,4332.67,4342.43,7570,10
1767142800,2025-12-31T01:00:00+00:00,4342.36,4373.69,4336.88,4366.32,13289,10
1767146400,2025-12-31T02:00:00+00:00,4366.41,4371.35,4346.85,4348.81,11899,10
1767150000,2025-12-31T03:00:00+00:00,4348.83,4360.1,4341.14,4348.68,13088,10
1767153600,2025-12-31T04:00:00+00:00,4348.52,4351.52,4330.69,4332.77,9770,10
1767157200,2025-12-31T05:00:00+00:00,4332.77,4342.87,4277.18,4286.05,12055,10
1767160800,2025-12-31T06:00:00+00:00,4286.05,4329.13,4273.94,4328.01,11608,10
1767164400,2025-12-31T07:00:00+00:00,4328.28,4334.83,4323.65,4331.25,8589,10
1767168000,2025-12-31T08:00:00+00:00,4331.05,4332.82,4303.3,4307.44,8829,10
1767171600,2025-12-31T09:00:00+00:00,4307.48,4337.32,4307.31,4325.69,9593,10
1767175200,2025-12-31T10:00:00+00:00,4325.7,4331.32,4303.81,4306.5,8146,10
1767178800,2025-12-31T11:00:00+00:00,4306.46,4316.38,4303.97,4310.96,7858,10
1767182400,2025-12-31T12:00:00+00:00,4310.96,4318.09,4303.08,4313.67,8786,10
1767186000,2025-12-31T13:00:00+00:00,4313.67,4348.24,4308.09,4345.81,12178,10
1767189600,2025-12-31T14:00:00+00:00,4345.87,4353.38,4332.99,4346.06,14809,10
1767193200,2025-12-31T15:00:00+00:00,4346.1,4346.42,4327.2,4337.37,15175,10
1767196800,2025-12-31T16:00:00+00:00,4337.4,4339.78,4317.09,4322.96,12046,10
1767200400,2025-12-31T17:00:00+00:00,4322.92,4329.42,4318.15,4321.94,10581,10
1767204000,2025-12-31T18:00:00+00:00,4321.92,4331.58,4315.83,4319.69,9658,10
1767207600,2025-12-31T19:00:00+00:00,4319.69,4322.88,4307.93,4311.34,9654,10
1767211200,2025-12-31T20:00:00+00:00,4311.34,4324.12,4304.45,4313.15,9735,10
1767214800,2025-12-31T21:00:00+00:00,4313.37,4319.02,4306.94,4319.0,4299,10
1767308400,2026-01-01T23:00:00+00:00,4328.86,4351.32,4324.44,4348.29,4516,10
1767312000,2026-01-02T00:00:00+00:00,4348.28,4356.02,4341.45,4354.19,6083,10
1767315600,2026-01-02T01:00:00+00:00,4354.1,4356.0,4344.59,4348.1,8543,10
1767319200,2026-01-02T02:00:00+00:00,4348.06,4363.33,4345.15,4363.07,7546,10
1767322800,2026-01-02T03:00:00+00:00,4363.07,4375.58,4362.4,4375.13,7954,10
1767326400,2026-01-02T04:00:00+00:00,4375.13,4378.46,4371.32,4373.22,6656,10
1767330000,2026-01-02T05:00:00+00:00,4373.56,4381.66,4371.16,4380.78,6518,10
1767333600,2026-01-02T06:00:00+00:00,4380.8,4381.06,4373.31,4374.72,7782,10
1767337200,2026-01-02T07:00:00+00:00,4374.89,4383.36,4372.08,4382.87,8873,10
1767340800,2026-01-02T08:00:00+00:00,4382.83,4397.5,4380.73,4387.01,8500,10
1767344400,2026-01-02T09:00:00+00:00,4387.01,4391.7,4383.3,4385.45,8413,10
1767348000,2026-01-02T10:00:00+00:00,4385.5,4398.54,4384.6,4396.11,8362,10
1767351600,2026-01-02T11:00:00+00:00,4396.12,4399.33,4390.77,4393.02,7539,10
1767355200,2026-01-02T12:00:00+00:00,4393.02,4398.28,4385.09,4394.46,9158,10
1767358800,2026-01-02T13:00:00+00:00,4394.46,4402.36,4362.05,4366.06,12303,10
1767362400,2026-01-02T14:00:00+00:00,4366.04,4373.69,4348.02,4353.44,14778,10
1767366000,2026-01-02T15:00:00+00:00,4353.44,4357.04,4330.41,4335.38,16806,10
1767369600,2026-01-02T16:00:00+00:00,4335.31,4337.51,4315.13,4326.54,15866,10
1767373200,2026-01-02T17:00:00+00:00,4326.12,4333.56,4322.72,4323.08,13097,10
1767376800,2026-01-02T18:00:00+00:00,4322.86,4323.71,4310.01,4315.1,11962,10
1767380400,2026-01-02T19:00:00+00:00,4315.5,4326.32,4315.5,4318.11,10650,10
1767384000,2026-01-02T20:00:00+00:00,4318.13,4331.58,4317.27,4331.53,9763,10
1767387600,2026-01-02T21:00:00+00:00,4331.53,4331.82,4327.06,4328.59,3174,10
1767567600,2026-01-04T23:00:00+00:00,4356.71,4375.8,4349.79,4372.52,7660,10
1767571200,2026-01-05T00:00:00+00:00,4372.52,4396.43,4370.31,4394.8,9839,10
1767574800,2026-01-05T01:00:00+00:00,4395.17,4420.05,4391.27,4401.72,16218,10
1767578400,2026-01-05T02:00:00+00:00,4401.87,4409.82,4388.71,4405.66,13664,10
1767582000,2026-01-05T03:00:00+00:00,4405.56,4414.23,4399.7,4400.12,12214,10
1767585600,2026-01-05T04:00:00+00:00,4399.9,4408.29,4397.33,4404.31,6130,10
1767589200,2026-01-05T05:00:00+00:00,4404.23,4414.38,4401.11,4412.68,8856,10
1767592800,2026-01-05T06:00:00+00:00,4412.61,4426.3,4411.46,4420.31,11136,10
1767596400,2026-01-05T07:00:00+00:00,4420.3,4425.14,4416.71,4421.82,8490,10
1767600000,2026-01-05T08:00:00+00:00,4421.82,4433.77,4419.44,4430.06,8900,10
1767603600,2026-01-05T09:00:00+00:00,4430.04,4437.97,4426.16,4434.8,9093,10
1767607200,2026-01-05T10:00:00+00:00,4434.82,4439.93,4430.83,4436.29,7537,10
1767610800,2026-01-05T11:00:00+00:00,4436.29,4437.49,4411.53,4419.38,10955,10
1767614400,2026-01-05T12:00:00+00:00,4419.29,4421.47,4405.59,4409.69,10871,10
1767618000,2026-01-05T13:00:00+00:00,4409.71,4418.98,4396.26,4416.92,14785,10
1767621600,2026-01-05T14:00:00+00:00,4416.95,4442.76,4416.95,4436.77,16671,10
1767625200,2026-01-05T15:00:00+00:00,4436.89,4455.8,4435.73,4448.59,15657,10
1767628800,2026-01-05T16:00:00+00:00,4448.6,4454.43,4438.73,4441.86,11349,10
1767632400,2026-01-05T17:00:00+00:00,4441.86,4449.07,4432.35,4443.5,12201,10
1767636000,2026-01-05T18:00:00+00:00,4443.75,4448.55,4439.78,4448.33,8946,10
1767639600,2026-01-05T19:00:00+00:00,4448.67,4449.37,4435.14,4439.77,8977,10
1767643200,2026-01-05T20:00:00+00:00,4439.72,4447.04,4438.03,4444.91,9848,10
1767646800,2026-01-05T21:00:00+00:00,4444.91,4449.32,4443.3,4449.05,3900,10
1767654000,2026-01-05T23:00:00+00:00,4450.27,4460.14,4437.16,4440.55,5047,10
1767657600,2026-01-06T00:00:00+00:00,4440.55,4444.82,4430.49,4436.5,7217,10
1767661200,2026-01-06T01:00:00+00:00,4436.5,4452.35,4428.05,4450.68,13871,10
1767664800,2026-01-06T02:00:00+00:00,4450.63,4461.16,4448.73,4454.98,11978,10
1767668400,2026-01-06T03:00:00+00:00,4454.97,4468.09,4454.21,4467.65,8910,10
1767672000,2026-01-06T04:00:00+00:00,4467.65,4468.65,4462.12,4467.46,6428,10
1767675600,2026-01-06T05:00:00+00:00,4467.28,4474.24,4449.33,4452.24,11580,10
1767679200,2026-01-06T06:00:00+00:00,4452.7,4467.2,4451.67,4465.88,11200,10
1767682800,2026-01-06T07:00:00+00:00,4465.68,4470.36,4457.19,4459.48,8452,10
1767686400,2026-01-06T08:00:00+00:00,4459.44,4475.89,4457.35,4468.44,8730,10
1767690000,2026-01-06T09:00:00+00:00,4468.21,4468.39,4444.88,4446.41,9524,10
1767693600,2026-01-06T10:00:00+00:00,4446.41,4455.95,4442.58,4451.7,7938,10
1767697200,2026-01-06T11:00:00+00:00,4451.7,4464.52,4448.79,4463.35,7481,10
1767700800,2026-01-06T12:00:00+00:00,4463.33,4466.4,4458.92,4463.69,8409,10
1767704400,2026-01-06T13:00:00+00:00,4463.67,4470.38,4454.98,4468.05,13986,10
1767708000,2026-01-06T14:00:00+00:00,4468.14,4489.6,4464.54,4487.25,14542,10
1767711600,2026-01-06T15:00:00+00:00,4487.41,4490.96,4463.69,4478.5,16050,10
1767715200,2026-01-06T16:00:00+00:00,4478.47,4488.86,4471.67,4488.36,12779,10
1767718800,2026-01-06T17:00:00+00:00,4488.61,4491.63,4481.67,4489.46,11159,10
1767722400,2026-01-06T18:00:00+00:00,4489.46,4494.03,4482.19,4488.56,10447,10
1767726000,2026-01-06T19:00:00+00:00,4488.59,4489.5,4477.29,4481.35,9555,10
1767729600,2026-01-06T20:00:00+00:00,4481.35,4497.12,4480.34,4493.77,8370,10
1767733200,2026-01-06T21:00:00+00:00,4493.77,4497.33,4491.83,4494.8,3503,10
1767740400,2026-01-06T23:00:00+00:00,4496.52,4500.47,4492.21,4493.41,4633,10
1767744000,2026-01-07T00:00:00+00:00,4493.68,4494.67,4482.44,4492.34,7472,10
1767747600,2026-01-07T01:00:00+00:00,4492.14,4495.87,4461.17,4465.63,15297,10
1767751200,2026-01-07T02:00:00+00:00,4465.63,4478.63,4459.76,4474.77,11825,10
1767754800,2026-01-07T03:00:00+00:00,4474.75,4480.34,4472.04,4474.87,10781,10
1767758400,2026-01-07T04:00:00+00:00,4474.74,4476.09,4463.61,4464.84,7692,10
1767762000,2026-01-07T05:00:00+00:00,4464.84,4470.59,4443.4,4454.48,11458,10
1767765600,2026-01-07T06:00:00+00:00,4454.48,4460.41,4441.47,4444.22,11696,10
1767769200,2026-01-07T07:00:00+00:00,4444.22,4465.17,4441.85,4461.2,9101,10
1767772800,2026-01-07T08:00:00+00:00,4460.95,4474.95,4459.37,4468.39,7909,10
1767776400,2026-01-07T09:00:00+00:00,4468.38,4468.69,4459.62,4463.46,7794,10
1767780000,2026-01-07T10:00:00+00:00,4463.42,4467.75,4458.92,4464.33,7008,10
1767783600,2026-01-07T11:00:00+00:00,4464.32,4464.94,4446.58,4447.35,7507,10
1767787200,2026-01-07T12:00:00+00:00,4447.35,4455.0,4439.5,4445.23,10553,10
1767790800,2026-01-07T13:00:00+00:00,4445.17,4453.09,4427.8,4452.98,15790,10
1767794400,2026-01-07T14:00:00+00:00,4452.98,4454.3,4435.77,4445.33,15959,10
1767798000,2026-01-07T15:00:00+00:00,4443.32,4452.21,4423.56,4446.21,15890,10
1767801600,2026-01-07T16:00:00+00:00,4446.16,4468.36,4443.94,4464.15,13324,10
1767805200,2026-01-07T17:00:00+00:00,4464.16,4465.37,4449.93,4451.8,9732,10
1767808800,2026-01-07T18:00:00+00:00,4451.93,4458.87,4447.18,4452.11,10734,10
1767812400,2026-01-07T19:00:00+00:00,4452.08,4457.97,4445.4,4456.99,9423,10
1767816000,2026-01-07T20:00:00+00:00,4456.97,4461.64,4450.63,4452.06,9507,10
1767819600,2026-01-07T21:00:00+00:00,4452.02,4456.55,4449.94,4456.53,3644,10
1767826800,2026-01-07T23:00:00+00:00,4459.73,4463.99,4458.55,4463.48,3612,10
1767830400,2026-01-08T00:00:00+00:00,4463.48,4466.4,4446.83,4450.31,8170,10
1767834000,2026-01-08T01:00:00+00:00,4450.31,4460.3,4441.85,4448.53,13397,10
1767837600,2026-01-08T02:00:00+00:00,4448.52,4449.67,4433.27,4441.13,13721,10
1767841200,2026-01-08T03:00:00+00:00,4441.13,4446.35,4437.38,4440.36,11487,10
1767844800,2026-01-08T04:00:00+00:00,4440.34,4440.57,4430.25,4431.64,7751,10
1767848400,2026-01-08T05:00:00+00:00,4431.63,4432.37,4415.8,4425.56,13281,10
1767852000,2026-01-08T06:00:00+00:00,4425.55,4437.85,4415.98,4433.2,14239,10
1767855600,2026-01-08T07:00:00+00:00,4433.23,4439.66,4428.51,4431.08,8806,10
1767859200,2026-01-08T08:00:00+00:00,4431.08,4433.38,4419.93,4431.62,10069,10
1767862800,2026-01-08T09:00:00+00:00,4431.59,4435.48,4426.14,4432.66,8858,10
1767866400,2026-01-08T10:00:00+00:00,4432.67,4434.78,4422.9,4433.22,7452,10
1767870000,2026-01-08T11:00:00+00:00,4433.03,4433.03,4422.31,4422.87,8052,10
1767873600,2026-01-08T12:00:00+00:00,4422.89,4431.4,4407.94,4427.67,11709,10
1767877200,2026-01-08T13:00:00+00:00,4427.7,4435.97,4417.33,4423.81,14316,10
1767880800,2026-01-08T14:00:00+00:00,4423.78,4439.46,4419.13,4433.07,16108,10
1767884400,2026-01-08T15:00:00+00:00,4433.06,4456.37,4427.89,4454.13,15945,10
1767888000,2026-01-08T16:00:00+00:00,4454.21,4464.45,4447.01,4463.31,13615,10
1767891600,2026-01-08T17:00:00+00:00,4463.28,4465.24,4457.59,4463.49,9868,10
1767895200,2026-01-08T18:00:00+00:00,4463.16,4463.16,4447.93,4449.64,10284,10
1767898800,2026-01-08T19:00:00+00:00,4449.64,4452.95,4444.89,4452.21,8007,10
1767902400,2026-01-08T20:00:00+00:00,4452.2,4478.07,4451.62,4476.18,9959,10
1767906000,2026-01-08T21:00:00+00:00,4476.18,4479.5,4472.67,4477.46,4720,10
1767913200,2026-01-08T23:00:00+00:00,4483.13,4483.97,4472.88,4475.63,3951,10
1767916800,2026-01-09T00:00:00+00:00,4475.61,4476.74,4459.9,4461.39,6442,10
1767920400,2026-01-09T01:00:00+00:00,4462.28,4470.09,4452.94,4468.99,12931,10
1767924000,2026-01-09T02:00:00+00:00,4468.87,4476.43,4465.66,4469.56,10041,10
1767927600,2026-01-09T03:00:00+00:00,4469.56,4470.02,4460.6,4464.15,9373,10
1767931200,2026-01-09T04:00:00+00:00,4464.13,4466.93,4460.82,4464.66,5101,10
1767934800,2026-01-09T05:00:00+00:00,4464.66,4471.67,4458.31,4468.13,7639,10
1767938400,2026-01-09T06:00:00+00:00,4468.56,4477.52,4466.08,4473.95,9332,10
1767942000,2026-01-09T07:00:00+00:00,4474.04,4475.44,4468.5,4470.21,5902,10
1767945600,2026-01-09T08:00:00+00:00,4470.21,4476.83,4464.09,4468.64,7985,10
1767949200,2026-01-09T09:00:00+00:00,4468.62,4477.5,4468.5,4471.27,7179,10
1767952800,2026-01-09T10:00:00+00:00,4471.23,4474.21,4467.09,4472.61,5226,10
1767956400,2026-01-09T11:00:00+00:00,4472.71,4476.17,4468.76,4475.47,5779,10
1767960000,2026-01-09T12:00:00+00:00,4475.41,4480.6,4461.17,4465.98,8269,10
1767963600,2026-01-09T13:00:00+00:00,4466.1,4491.83,4460.78,4482.72,15693,10
1767967200,2026-01-09T14:00:00+00:00,4482.72,4498.13,4479.18,4494.55,16881,10
1767970800,2026-01-09T15:00:00+00:00,4494.56,4517.09,4490.47,4512.26,15753,10
1767974400,2026-01-09T16:00:00+00:00,4512.26,4514.25,4499.76,4506.43,12294,10
1767978000,2026-01-09T17:00:00+00:00,4506.84,4511.53,4482.13,4484.68,11294,10
1767981600,2026-01-09T18:00:00+00:00,4484.25,4504.61,4483.05,4496.32,10210,10
1767985200,2026-01-09T19:00:00+00:00,4496.28,4501.94,4492.84,4499.46,7296,10
1767988800,2026-01-09T20:00:00+00:00,4499.34,4510.14,4497.86,4507.69,8795,10
1767992400,2026-01-09T21:00:00+00:00,4507.54,4511.42,4505.01,4510.45,2476,10
1768172400,2026-01-11T23:00:00+00:00,4521.42,4545.06,4521.2,4540.13,6732,10
1768176000,2026-01-12T00:00:00+00:00,4540.1,4600.77,4536.38,4588.91,12857,10
1768179600,2026-01-12T01:00:00+00:00,4588.9,4594.69,4570.44,4570.61,15996,10
1768183200,2026-01-12T02:00:00+00:00,4570.1,4582.12,4561.63,4577.58,13340,10
1768186800,2026-01-12T03:00:00+00:00,4577.56,4581.45,4567.7,4570.61,9856,10
1768190400,2026-01-12T04:00:00+00:00,4570.63,4572.12,4563.48,4568.64,8128,10
1768194000,2026-01-12T05:00:00+00:00,4568.66,4585.0,4566.3,4580.79,9320,10
1768197600,2026-01-12T06:00:00+00:00,4580.79,4580.79,4569.86,4578.53,9782,10
1768201200,2026-01-12T07:00:00+00:00,4578.7,4589.64,4574.86,4587.72,9731,10
1768204800,2026-01-12T08:00:00+00:00,4587.72,4598.45,4579.39,4596.78,9723,10
1768208400,2026-01-12T09:00:00+00:00,4596.78,4599.37,4587.76,4589.1,9401,10
1768212000,2026-01-12T10:00:00+00:00,4589.09,4595.44,4586.05,4594.3,7577,10
1768215600,2026-01-12T11:00:00+00:00,4594.27,4595.0,4581.84,4585.35,7388,10
1768219200,2026-01-12T12:00:00+00:00,4585.03,4590.65,4578.47,4590.49,9308,10
1768222800,2026-01-12T13:00:00+00:00,4590.48,4620.27,4588.52,4615.8,14051,10
1768226400,2026-01-12T14:00:00+00:00,4615.81,4617.11,4585.11,4602.2,18058,10
1768230000,2026-01-12T15:00:00+00:00,4602.01,4627.53,4601.89,4621.34,15130,10
1768233600,2026-01-12T16:00:00+00:00,4621.34,4630.15,4607.82,4616.9,12161,10
1768237200,2026-01-12T17:00:00+00:00,4616.9,4620.47,4610.73,4616.36,10274,10
1768240800,2026-01-12T18:00:00+00:00,4616.36,4618.53,4600.63,4610.84,10735,10
1768244400,2026-01-12T19:00:00+00:00,4610.85,4618.91,4608.7,4611.17,8012,10
1768248000,2026-01-12T20:00:00+00:00,4611.21,4611.69,4591.53,4593.47,11007,10
1768251600,2026-01-12T21:00:00+00:00,4593.55,4597.69,4589.35,4597.56,5256,10
1768258800,2026-01-12T23:00:00+00:00,4607.38,4607.38,4578.09,4599.43,7805,10
1768262400,2026-01-13T00:00:00+00:00,4599.72,4599.83,4584.48,4587.31,6088,10
1768266000,2026-01-13T01:00:00+00:00,4587.51,4595.73,4575.54,4577.97,14023,10
1768269600,2026-01-13T02:00:00+00:00,4577.96,4594.96,4576.78,4594.27,11524,10
1768273200,2026-01-13T03:00:00+00:00,4594.12,4599.6,4592.58,4594.18,8084,10
1768276800,2026-01-13T04:00:00+00:00,4594.17,4599.83,4594.03,4596.47,6069,10
1768280400,2026-01-13T05:00:00+00:00,4596.13,4602.08,4585.82,4592.16,8842,10
1768284000,2026-01-13T06:00:00+00:00,4592.15,4592.55,4574.33,4581.56,11292,10
1768287600,2026-01-13T07:00:00+00:00,4581.85,4587.04,4577.58,4580.72,6682,10
1768291200,2026-01-13T08:00:00+00:00,4580.73,4597.22,4579.77,4592.77,7909,10
1768294800,2026-01-13T09:00:00+00:00,4592.74,4595.6,4585.64,4586.15,6529,10
1768298400,2026-01-13T10:00:00+00:00,4586.17,4588.26,4580.44,4586.38,5841,10
1768302000,2026-01-13T11:00:00+00:00,4586.38,4592.1,4582.23,4588.61,6434,10
1768305600,2026-01-13T12:00:00+00:00,4588.62,4595.2,4577.83,4593.27,6842,10
1768309200,2026-01-13T13:00:00+00:00,4593.24,4620.85,4590.79,4611.57,15394,10
1768312800,2026-01-13T14:00:00+00:00,4611.4,4634.57,4609.14,4629.82,15861,10
1768316400,2026-01-13T15:00:00+00:00,4629.82,4630.11,4600.82,4619.26,16257,10
1768320000,2026-01-13T16:00:00+00:00,4619.2,4620.75,4593.13,4613.42,12703,10
1768323600,2026-01-13T17:00:00+00:00,4613.43,4615.97,4586.78,4590.47,11268,10
1768327200,2026-01-13T18:00:00+00:00,4590.46,4601.94,4581.21,4594.13,13319,10
1768330800,2026-01-13T19:00:00+00:00,4594.13,4599.07,4584.34,4597.53,9618,10
1768334400,2026-01-13T20:00:00+00:00,4597.55,4597.88,4570.45,4586.12,11072,10
1768338000,2026-01-13T21:00:00+00:00,4586.09,4589.95,4582.9,4586.59,5005,10
1768345200,2026-01-13T23:00:00+00:00,4591.5,4598.86,4589.33,4597.08,4615,10
1768348800,2026-01-14T00:00:00+00:00,4597.08,4610.72,4597.08,4608.97,7449,10
1768352400,2026-01-14T01:00:00+00:00,4609.12,4619.95,4606.12,4619.23,12487,10
1768356000,2026-01-14T02:00:00+00:00,4619.29,4623.67,4614.29,4620.52,9978,10
1768359600,2026-01-14T03:00:00+00:00,4620.52,4629.81,4613.42,4628.1,8612,10
1768363200,2026-01-14T04:00:00+00:00,4628.1,4630.55,4625.31,4629.42,7485,10
1768366800,2026-01-14T05:00:00+00:00,4629.42,4639.68,4617.85,4619.57,10719,10
1768370400,2026-01-14T06:00:00+00:00,4619.55,4637.22,4618.3,4637.22,12173,10
1768374000,2026-01-14T07:00:00+00:00,4637.22,4639.63,4631.63,4632.57,7154,10
1768377600,2026-01-14T08:00:00+00:00,4632.53,4637.99,4622.28,4635.03,9577,10
1768381200,2026-01-14T09:00:00+00:00,4634.85,4639.59,4627.05,4630.48,7816,10
1768384800,2026-01-14T10:00:00+00:00,4630.47,4638.31,4627.79,4633.11,6861,10
1768388400,2026-01-14T11:00:00+00:00,4633.04,4637.47,4626.05,4630.35,7436,10
1768392000,2026-01-14T12:00:00+00:00,4630.53,4641.57,4630.31,4638.65,9122,10
1768395600,2026-01-14T13:00:00+00:00,4638.71,4641.58,4625.14,4635.76,14548,10
1768399200,2026-01-14T14:00:00+00:00,4635.78,4638.98,4606.98,4617.65,16217,10
1768402800,2026-01-14T15:00:00+00:00,4617.67,4626.57,4599.56,4617.93,17267,10
1768406400,2026-01-14T16:00:00+00:00,4617.95,4624.8,4608.66,4617.02,13996,10
1768410000,2026-01-14T17:00:00+00:00,4617.02,4619.13,4601.24,4614.34,13899,10
1768413600,2026-01-14T18:00:00+00:00,4614.34,4637.26,4612.86,4635.11,11949,10
1768417200,2026-01-14T19:00:00+00:00,4635.12,4642.9,4633.34,4639.14,10809,10
1768420800,2026-01-14T20:00:00+00:00,4639.12,4641.53,4625.85,4632.62,13154,10
1768424400,2026-01-14T21:00:00+00:00,4632.61,4632.99,4617.82,4626.61,5970,10
1768431600,2026-01-14T23:00:00+00:00,4631.49,4632.9,4602.85,4615.37,8858,10
1768435200,2026-01-15T00:00:00+00:00,4615.37,4618.14,4610.31,4615.22,7736,10
1768438800,2026-01-15T01:00:00+00:00,4615.22,4617.49,4583.64,4600.05,16361,10
1768442400,2026-01-15T02:00:00+00:00,4600.07,4614.65,4595.42,4602.86,12926,10
1768446000,2026-01-15T03:00:00+00:00,4602.91,4604.23,4581.16,4592.33,13149,10
1768449600,2026-01-15T04:00:00+00:00,4592.37,4597.32,4586.96,4592.16,8455,10
1768453200,2026-01-15T05:00:00+00:00,4592.24,4598.89,4581.26,4595.25,10348,10
1768456800,2026-01-15T06:00:00+00:00,4595.25,4611.9,4593.69,4610.19,11928,10
1768460400,2026-01-15T07:00:00+00:00,4610.29,4613.56,4599.31,4601.8,7696,10
1768464000,2026-01-15T08:00:00+00:00,4601.67,4607.19,4597.83,4604.31,9157,10
1768467600,2026-01-15T09:00:00+00:00,4604.31,4613.16,4600.77,4612.66,8146,10
1768471200,2026-01-15T10:00:00+00:00,4612.66,4620.27,4609.29,4619.89,7609,10
1768474800,2026-01-15T11:00:00+00:00,4619.94,4623.17,4615.59,4619.2,6247,13
1768478400,2026-01-15T12:00:00+00:00,4619.18,4620.82,4611.75,4614.03,8086,13
1768482000,2026-01-15T13:00:00+00:00,4614.03,4616.11,4582.03,4587.95,16068,13
1768485600,2026-01-15T14:00:00+00:00,4588.32,4615.17,4583.53,4611.05,15503,11
1768489200,2026-01-15T15:00:00+00:00,4611.08,4618.04,4603.91,4615.64,13925,13
1768492800,2026-01-15T16:00:00+00:00,4615.46,4624.82,4601.29,4605.61,13850,13
1768496400,2026-01-15T17:00:00+00:00,4605.66,4616.91,4605.6,4616.56,10631,13
1768500000,2026-01-15T18:00:00+00:00,4616.56,4621.24,4613.7,4617.57,9983,13
1768503600,2026-01-15T19:00:00+00:00,4617.62,4621.52,4612.77,4615.94,8297,13
1768507200,2026-01-15T20:00:00+00:00,4615.94,4616.35,4600.82,4605.8,11812,13
1768510800,2026-01-15T21:00:00+00:00,4605.83,4616.34,4604.54,4615.96,4886,13
1768518000,2026-01-15T23:00:00+00:00,4617.81,4620.95,4606.48,4610.31,6020,13
1768521600,2026-01-16T00:00:00+00:00,4610.23,4611.49,4598.39,4599.95,8332,13
1768525200,2026-01-16T01:00:00+00:00,4599.95,4608.59,4593.87,4600.67,12955,13
1768528800,2026-01-16T02:00:00+00:00,4600.49,4604.44,4591.24,4595.05,12565,13
1768532400,2026-01-16T03:00:00+00:00,4595.04,4599.68,4592.79,4596.34,8721,13
1768536000,2026-01-16T04:00:00+00:00,4596.34,4602.05,4596.1,4601.21,5394,13
1768539600,2026-01-16T05:00:00+00:00,4601.26,4616.25,4595.3,4611.49,8763,13
1768543200,2026-01-16T06:00:00+00:00,4611.49,4612.33,4594.19,4598.02,11157,13
1768546800,2026-01-16T07:00:00+00:00,4598.05,4612.03,4596.82,4607.59,8039,13
1768550400,2026-01-16T08:00:00+00:00,4607.58,4610.7,4601.31,4603.35,6858,13
1768554000,2026-01-16T09:00:00+00:00,4603.35,4608.47,4598.92,4600.83,5472,13
1768557600,2026-01-16T10:00:00+00:00,4600.82,4611.18,4599.76,4600.21,5143,13
1768561200,2026-01-16T11:00:00+00:00,4600.21,4615.98,4598.6,4612.58,6156,13
1768564800,2026-01-16T12:00:00+00:00,4612.62,4612.98,4597.98,4601.83,6950,13
1768568400,2026-01-16T13:00:00+00:00,4601.93,4605.62,4582.75,4601.95,15285,13
1768572000,2026-01-16T14:00:00+00:00,4601.95,4614.66,4596.3,4607.82,14101,13
1768575600,2026-01-16T15:00:00+00:00,4607.82,4620.19,4537.53,4571.08,17892,13
1768579200,2026-01-16T16:00:00+00:00,4571.05,4599.03,4568.36,4591.3,15052,13
1768582800,2026-01-16T17:00:00+00:00,4591.24,4593.17,4576.8,4581.41,11479,13
1768586400,2026-01-16T18:00:00+00:00,4581.41,4596.0,4580.09,4582.7,10831,13
1768590000,2026-01-16T19:00:00+00:00,4582.66,4592.4,4580.98,4590.57,8719,13
1768593600,2026-01-16T20:00:00+00:00,4590.57,4595.87,4580.81,4582.23,9085,13
1768597200,2026-01-16T21:00:00+00:00,4581.95,4598.35,4581.95,4594.58,3668,13
1768777200,2026-01-18T23:00:00+00:00,4648.93,4690.69,4647.14,4672.73,11047,13
1768780800,2026-01-19T00:00:00+00:00,4672.71,4681.94,4663.36,4675.24,9312,13
1768784400,2026-01-19T01:00:00+00:00,4675.46,4678.65,4656.24,4657.19,14620,13
1768788000,2026-01-19T02:00:00+00:00,4657.18,4664.98,4653.23,4662.47,10750,13
1768791600,2026-01-19T03:00:00+00:00,4662.47,4669.72,4658.16,4658.4,8908,13
1768795200,2026-01-19T04:00:00+00:00,4658.4,4666.14,4658.13,4663.31,5154,13
1768798800,2026-01-19T05:00:00+00:00,4663.29,4674.45,4663.17,4670.01,7592,13
1768802400,2026-01-19T06:00:00+00:00,4670.01,4679.2,4666.76,4678.18,7908,13
1768806000,2026-01-19T07:00:00+00:00,4677.92,4678.8,4661.82,4665.19,7071,13
1768809600,2026-01-19T08:00:00+00:00,4665.19,4673.78,4661.81,4663.65,7570,13
1768813200,2026-01-19T09:00:00+00:00,4663.51,4673.0,4662.04,4668.49,6669,13
1768816800,2026-01-19T10:00:00+00:00,4668.49,4671.35,4661.28,4663.73,5810,13
1768820400,2026-01-19T11:00:00+00:00,4663.73,4667.52,4659.77,4660.63,5808,13
1768824000,2026-01-19T12:00:00+00:00,4660.63,4673.83,4660.15,4671.92,6616,13
1768827600,2026-01-19T13:00:00+00:00,4671.94,4673.76,4664.5,4666.17,8250,13
1768831200,2026-01-19T14:00:00+00:00,4666.17,4670.42,4661.59,4666.58,7747,13
1768834800,2026-01-19T15:00:00+00:00,4666.59,4676.15,4664.28,4674.41,8269,13
1768838400,2026-01-19T16:00:00+00:00,4674.41,4675.58,4670.39,4672.2,6181,13
1768842000,2026-01-19T17:00:00+00:00,4672.21,4678.84,4669.22,4676.24,5519,13
1768845600,2026-01-19T18:00:00+00:00,4676.24,4680.3,4673.77,4676.57,4528,13
1768849200,2026-01-19T19:00:00+00:00,4676.57,4676.68,4667.08,4670.86,2864,13
1768863600,2026-01-19T23:00:00+00:00,4675.2,4677.02,4664.42,4665.37,4297,13
1768867200,2026-01-20T00:00:00+00:00,4665.37,4668.05,4659.61,4660.39,5694,13
1768870800,2026-01-20T01:00:00+00:00,4660.4,4676.14,4659.93,4669.78,11192,13
1768874400,2026-01-20T02:00:00+00:00,4669.78,4674.93,4665.53,4668.73,9828,13
1768878000,2026-01-20T03:00:00+00:00,4668.84,4681.59,4666.12,4680.22,8235,13
1768881600,2026-01-20T04:00:00+00:00,4680.22,4697.1,4679.62,4695.2,7925,13
1768885200,2026-01-20T05:00:00+00:00,4695.21,4716.72,4694.3,4714.52,10522,13
1768888800,2026-01-20T06:00:00+00:00,4714.52,4717.26,4705.59,4712.49,11940,13
1768892400,2026-01-20T07:00:00+00:00,4712.49,4722.83,4711.43,4715.87,8445,13
1768896000,2026-01-20T08:00:00+00:00,4716.17,4731.5,4715.07,4729.39,9505,13
1768899600,2026-01-20T09:00:00+00:00,4729.39,4737.44,4721.22,4732.49,8855,13
1768903200,2026-01-20T10:00:00+00:00,4732.49,4734.97,4723.17,4726.48,8121,13
1768906800,2026-01-20T11:00:00+00:00,4726.48,4735.29,4721.7,4733.22,7615,13
1768910400,2026-01-20T12:00:00+00:00,4733.23,4733.23,4724.07,4727.82,9016,13
1768914000,2026-01-20T13:00:00+00:00,4727.67,4738.41,4715.42,4737.27,14717,13
1768917600,2026-01-20T14:00:00+00:00,4737.14,4751.24,4728.68,4741.29,16881,13
1768921200,2026-01-20T15:00:00+00:00,4741.26,4748.63,4722.41,4737.51,15953,13
1768924800,2026-01-20T16:00:00+00:00,4737.51,4757.77,4729.27,4753.58,12601,13
1768928400,2026-01-20T17:00:00+00:00,4753.58,4762.59,4746.12,4759.08,10796,13
1768932000,2026-01-20T18:00:00+00:00,4759.12,4766.18,4752.61,4759.38,10958,13
1768935600,2026-01-20T19:00:00+00:00,4759.38,4766.41,4756.46,4760.71,8507,13
1768939200,2026-01-20T20:00:00+00:00,4760.71,4761.18,4747.54,4756.71,10039,13
1768942800,2026-01-20T21:00:00+00:00,4756.71,4763.96,4756.33,4763.63,5707,13
1768950000,2026-01-20T23:00:00+00:00,4760.89,4781.19,4757.9,4775.88,5136,13
1768953600,2026-01-21T00:00:00+00:00,4775.88,4787.08,4770.81,4784.64,6922,13
1768957200,2026-01-21T01:00:00+00:00,4784.63,4844.34,4783.77,4835.28,15622,13
1768960800,2026-01-21T02:00:00+00:00,4835.37,4842.29,4817.17,4836.72,12705,13
1768964400,2026-01-21T03:00:00+00:00,4836.69,4849.88,4826.82,4844.96,10645,13
1768968000,2026-01-21T04:00:00+00:00,4844.96,4870.92,4838.02,4866.01,9015,13
1768971600,2026-01-21T05:00:00+00:00,4866.02,4878.24,4858.9,4869.74,10684,13
1768975200,2026-01-21T06:00:00+00:00,4869.99,4888.59,4845.85,4847.6,12998,13
1768978800,2026-01-21T07:00:00+00:00,4847.63,4857.12,4832.58,4855.36,11789,13
1768982400,2026-01-21T08:00:00+00:00,4855.36,4869.67,4851.61,4854.75,8735,13
1768986000,2026-01-21T09:00:00+00:00,4854.75,4877.14,4852.42,4860.47,8640,13
1768989600,2026-01-21T10:00:00+00:00,4860.47,4866.69,4859.55,4862.1,7207,13
1768993200,2026-01-21T11:00:00+00:00,4862.11,4871.39,4855.06,4866.85,6921,13
1768996800,2026-01-21T12:00:00+00:00,4866.85,4870.97,4855.52,4865.05,8681,13
1769000400,2026-01-21T13:00:00+00:00,4865.05,4880.26,4858.44,4879.35,12626,13
1769004000,2026-01-21T14:00:00+00:00,4879.34,4880.92,4839.31,4851.95,17196,13
1769007600,2026-01-21T15:00:00+00:00,4851.84,4868.64,4813.31,4847.77,18001,13
1769011200,2026-01-21T16:00:00+00:00,4847.77,4855.7,4819.89,4833.31,16321,13
1769014800,2026-01-21T17:00:00+00:00,4833.42,4834.3,4802.6,4826.36,16374,13
1769018400,2026-01-21T18:00:00+00:00,4826.15,4850.75,4819.8,4850.35,13725,13
1769022000,2026-01-21T19:00:00+00:00,4850.35,4853.96,4756.36,4781.39,15119,13
1769025600,2026-01-21T20:00:00+00:00,4781.37,4827.66,4773.04,4826.87,15509,13
1769029200,2026-01-21T21:00:00+00:00,4826.57,4839.87,4813.15,4831.32,7366,13
1769036400,2026-01-21T23:00:00+00:00,4832.57,4833.21,4777.6,4778.35,8143,13
1769040000,2026-01-22T00:00:00+00:00,4778.3,4798.84,4778.23,4798.25,8732,13
1769043600,2026-01-22T01:00:00+00:00,4797.96,4809.62,4772.54,4797.99,13362,13
1769047200,2026-01-22T02:00:00+00:00,4797.99,4798.2,4774.89,4788.97,11443,13
1769050800,2026-01-22T03:00:00+00:00,4788.97,4796.74,4784.38,4796.7,9629,13
1769054400,2026-01-22T04:00:00+00:00,4796.7,4800.44,4794.03,4797.58,8244,13
1769058000,2026-01-22T05:00:00+00:00,4797.55,4821.57,4793.8,4821.42,9407,13
1769061600,2026-01-22T06:00:00+00:00,4821.39,4829.31,4816.35,4826.48,10043,13
1769065200,2026-01-22T07:00:00+00:00,4826.66,4838.19,4825.74,4832.61,7853,13
1769068800,2026-01-22T08:00:00+00:00,4832.62,4835.57,4822.16,4830.68,8617,13
1769072400,2026-01-22T09:00:00+00:00,4830.7,4837.95,4813.99,4823.14,8472,13
1769076000,2026-01-22T10:00:00+00:00,4823.14,4831.63,4819.46,4828.88,6889,13
1769079600,2026-01-22T11:00:00+00:00,4828.88,4836.29,4824.57,4831.04,7113,14
1769083200,2026-01-22T12:00:00+00:00,4831.04,4832.48,4818.63,4819.71,8059,14
1769086800,2026-01-22T13:00:00+00:00,4819.89,4835.32,4810.78,4822.28,12881,14
1769090400,2026-01-22T14:00:00+00:00,4822.21,4847.54,4820.47,4835.15,13153,14
1769094000,2026-01-22T15:00:00+00:00,4835.21,4873.78,4827.12,4871.82,15318,14
1769097600,2026-01-22T16:00:00+00:00,4871.84,4885.21,4868.08,4878.04,13016,14
1769101200,2026-01-22T17:00:00+00:00,4878.09,4906.23,4871.12,4904.54,13448,14
1769104800,2026-01-22T18:00:00+00:00,4904.5,4919.47,4901.32,4916.0,11662,14
1769108400,2026-01-22T19:00:00+00:00,4916.0,4924.29,4905.92,4911.86,10338,14
1769112000,2026-01-22T20:00:00+00:00,4911.91,4928.33,4911.62,4917.03,10087,14
1769115600,2026-01-22T21:00:00+00:00,4916.91,4940.66,4914.65,4936.43,6454,14
1769122800,2026-01-22T23:00:00+00:00,4944.31,4960.64,4930.83,4959.11,8324,14
1769126400,2026-01-23T00:00:00+00:00,4959.11,4965.44,4947.56,4965.11,7225,14
1769130000,2026-01-23T01:00:00+00:00,4965.11,4967.38,4936.93,4953.61,12546,14
1769133600,2026-01-23T02:00:00+00:00,4953.6,4962.27,4946.99,4955.6,7835,14
1769137200,2026-01-23T03:00:00+00:00,4955.62,4959.04,4938.22,4952.04,7736,14
1769140800,2026-01-23T04:00:00+00:00,4952.04,4958.44,4950.29,4956.36,4058,14
1769144400,2026-01-23T05:00:00+00:00,4956.36,4967.41,4954.67,4960.78,5783,14
1769148000,2026-01-23T06:00:00+00:00,4960.78,4963.24,4945.47,4953.74,9407,14
1769151600,2026-01-23T07:00:00+00:00,4953.74,4959.61,4943.16,4944.49,7757,14
1769155200,2026-01-23T08:00:00+00:00,4944.49,4947.69,4901.25,4913.98,11602,14
1769158800,2026-01-23T09:00:00+00:00,4913.85,4921.65,4899.78,4918.78,10342,14
1769162400,2026-01-23T10:00:00+00:00,4918.73,4932.59,4915.69,4929.9,7201,14
1769166000,2026-01-23T11:00:00+00:00,4929.88,4929.92,4912.04,4922.86,7226,14
1769169600,2026-01-23T12:00:00+00:00,4922.86,4942.63,4918.37,4939.43,8937,14
1769173200,2026-01-23T13:00:00+00:00,4939.43,4948.03,4923.79,4939.08,14430,14
1769176800,2026-01-23T14:00:00+00:00,4939.05,4956.59,4932.82,4943.39,14139,14
1769180400,2026-01-23T15:00:00+00:00,4943.39,4963.39,4938.3,4960.49,14328,14
1769184000,2026-01-23T16:00:00+00:00,4960.49,4988.09,4959.09,4980.36,14485,14
1769187600,2026-01-23T17:00:00+00:00,4980.36,4988.02,4962.06,4965.63,12114,14
1769191200,2026-01-23T18:00:00+00:00,4965.6,4984.11,4958.38,4966.56,12403,14
1769194800,2026-01-23T19:00:00+00:00,4966.9,4989.93,4966.9,4984.33,8993,14
1769198400,2026-01-23T20:00:00+00:00,4984.14,4985.64,4970.7,4981.45,10247,14
1769202000,2026-01-23T21:00:00+00:00,4981.29,4986.04,4978.03,4982.47,3692,14
1769382000,2026-01-25T23:00:00+00:00,5014.32,5040.16,5003.69,5039.76,10902,14
1769385600,2026-01-26T00:00:00+00:00,5039.82,5052.02,5030.62,5041.68,11994,14
1769389200,2026-01-26T01:00:00+00:00,5041.72,5085.55,5029.03,5070.88,16655,14
1769392800,2026-01-26T02:00:00+00:00,5070.95,5093.03,5066.94,5080.98,14166,14
1769396400,2026-01-26T03:00:00+00:00,5081.07,5087.99,5069.96,5076.7,12163,14
1769400000,2026-01-26T04:00:00+00:00,5076.7,5078.13,5058.31,5070.38,8973,14
1769403600,2026-01-26T05:00:00+00:00,5070.27,5076.73,5052.38,5074.54,12938,14
1769407200,2026-01-26T06:00:00+00:00,5074.54,5111.28,5065.36,5077.99,14390,14
1769410800,2026-01-26T07:00:00+00:00,5077.57,5095.74,5073.91,5089.17,9599,14
1769414400,2026-01-26T08:00:00+00:00,5088.88,5098.28,5080.11,5083.47,10876,14
1769418000,2026-01-26T09:00:00+00:00,5083.36,5098.48,5075.42,5084.1,10963,14
1769421600,2026-01-26T10:00:00+00:00,5084.1,5095.04,5078.63,5091.7,9205,14
1769425200,2026-01-26T11:00:00+00:00,5091.7,5092.83,5078.48,5091.47,9589,14
1769428800,2026-01-26T12:00:00+00:00,5091.47,5096.95,5077.28,5078.98,10941,14
1769432400,2026-01-26T13:00:00+00:00,5078.98,5083.21,5054.61,5068.68,15487,14
1769436000,2026-01-26T14:00:00+00:00,5068.75,5096.94,5058.51,5096.2,16038,14
1769439600,2026-01-26T15:00:00+00:00,5096.2,5097.35,5074.19,5091.09,17087,14
1769443200,2026-01-26T16:00:00+00:00,5090.95,5104.98,5065.46,5089.49,16969,14
1769446800,2026-01-26T17:00:00+00:00,5089.51,5104.78,5080.95,5100.94,16044,14
1769450400,2026-01-26T18:00:00+00:00,5100.99,5103.23,5058.94,5068.9,19414,14
1769454000,2026-01-26T19:00:00+00:00,5068.92,5069.63,5008.51,5028.78,19299,14
1769457600,2026-01-26T20:00:00+00:00,5029.08,5062.24,5026.29,5054.92,17099,14
1769461200,2026-01-26T21:00:00+00:00,5055.13,5059.17,4990.03,5008.23,13996,14
1769468400,2026-01-26T23:00:00+00:00,5020.6,5061.51,5019.41,5043.75,9931,14
1769472000,2026-01-27T00:00:00+00:00,5043.73,5054.02,5013.85,5032.91,10436,14
1769475600,2026-01-27T01:00:00+00:00,5032.91,5075.9,5018.59,5060.46,16222,14
1769479200,2026-01-27T02:00:00+00:00,5060.12,5080.01,5049.61,5072.48,12364,14
1769482800,2026-01-27T03:00:00+00:00,5072.48,5079.15,5060.32,5076.84,11285,14
1769486400,2026-01-27T04:00:00+00:00,5076.84,5078.69,5061.65,5067.87,10634,14
1769490000,2026-01-27T05:00:00+00:00,5067.78,5085.35,5057.25,5082.93,12278,14
1769493600,2026-01-27T06:00:00+00:00,5082.93,5094.09,5076.69,5085.85,11517,14
1769497200,2026-01-27T07:00:00+00:00,5085.86,5100.66,5081.44,5085.85,12236,14
1769500800,2026-01-27T08:00:00+00:00,5085.85,5088.21,5073.48,5079.5,11170,14
1769504400,2026-01-27T09:00:00+00:00,5079.5,5099.5,5078.04,5098.67,9942,14
1769508000,2026-01-27T10:00:00+00:00,5098.4,5098.4,5081.96,5086.4,9302,14
1769511600,2026-01-27T11:00:00+00:00,5086.4,5090.85,5067.11,5077.06,9389,14
1769515200,2026-01-27T12:00:00+00:00,5077.05,5091.22,5073.56,5085.08,12102,14
1769518800,2026-01-27T13:00:00+00:00,5085.03,5092.93,5069.67,5077.58,15902,14
1769522400,2026-01-27T14:00:00+00:00,5077.64,5082.17,5046.88,5054.04,19281,14
1769526000,2026-01-27T15:00:00+00:00,5054.8,5090.97,5048.17,5090.97,18053,14
1769529600,2026-01-27T16:00:00+00:00,5090.92,5103.29,5083.13,5087.51,16263,14
1769533200,2026-01-27T17:00:00+00:00,5087.48,5094.16,5076.94,5081.27,15472,14
1769536800,2026-01-27T18:00:00+00:00,5081.28,5095.53,5076.46,5087.97,14504,14
1769540400,2026-01-27T19:00:00+00:00,5087.97,5100.04,5081.18,5098.93,10035,14
1769544000,2026-01-27T20:00:00+00:00,5098.97,5182.05,5097.96,5176.6,17866,14
1769547600,2026-01-27T21:00:00+00:00,5176.81,5190.29,5169.47,5181.13,11266,14
1769554800,2026-01-27T23:00:00+00:00,5169.72,5184.06,5159.13,5172.31,11021,14
1769558400,2026-01-28T00:00:00+00:00,5172.31,5180.3,5157.42,5172.14,11048,14
1769562000,2026-01-28T01:00:00+00:00,5171.91,5225.14,5168.65,5204.9,17668,14
1769565600,2026-01-28T02:00:00+00:00,5204.89,5234.55,5201.85,5232.05,14851,14
1769569200,2026-01-28T03:00:00+00:00,5232.05,5247.53,5224.59,5235.14,14243,14
1769572800,2026-01-28T04:00:00+00:00,5235.13,5248.9,5232.3,5245.55,9377,14
1769576400,2026-01-28T05:00:00+00:00,5245.55,5266.26,5241.56,5261.24,12300,14
1769580000,2026-01-28T06:00:00+00:00,5261.21,5271.45,5251.99,5269.76,12328,14
1769583600,2026-01-28T07:00:00+00:00,5269.74,5292.74,5263.1,5290.47,11519,14
1769587200,2026-01-28T08:00:00+00:00,5290.48,5311.47,5280.73,5293.77,13286,14
1769590800,2026-01-28T09:00:00+00:00,5293.75,5297.41,5263.59,5278.21,11985,14
1769594400,2026-01-28T10:00:00+00:00,5278.22,5285.98,5269.48,5270.06,9333,14
1769598000,2026-01-28T11:00:00+00:00,5270.12,5270.76,5239.04,5261.52,11233,14
1769601600,2026-01-28T12:00:00+00:00,5261.54,5279.38,5251.82,5279.31,11444,14
1769605200,2026-01-28T13:00:00+00:00,5279.31,5289.56,5256.96,5266.55,15724,14
1769608800,2026-01-28T14:00:00+00:00,5266.54,5288.34,5248.69,5286.14,16961,14
1769612400,2026-01-28T15:00:00+00:00,5285.73,5298.29,5236.85,5278.19,16750,14
1769616000,2026-01-28T16:00:00+00:00,5278.26,5299.71,5274.5,5299.71,15875,14
1769619600,2026-01-28T17:00:00+00:00,5299.65,5306.93,5283.2,5298.07,14538,14
1769623200,2026-01-28T18:00:00+00:00,5298.07,5325.68,5269.26,5282.57,17425,14
1769626800,2026-01-28T19:00:00+00:00,5281.73,5331.71,5269.59,5325.56,17234,14
1769630400,2026-01-28T20:00:00+00:00,5325.62,5391.34,5321.27,5376.56,18043,14
1769634000,2026-01-28T21:00:00+00:00,5376.71,5419.21,5376.71,5417.78,11091,14
1769641200,2026-01-28T23:00:00+00:00,5422.08,5596.24,5422.08,5512.84,13064,14
1769644800,2026-01-29T00:00:00+00:00,5512.79,5527.48,5453.21,5520.31,15228,14
1769648400,2026-01-29T01:00:00+00:00,5520.4,5551.91,5446.84,5545.68,17451,14
1769652000,2026-01-29T02:00:00+00:00,5545.68,5550.09,5504.51,5535.78,16799,14
1769655600,2026-01-29T03:00:00+00:00,5535.78,5548.96,5509.73,5545.88,14739,14
1769659200,2026-01-29T04:00:00+00:00,5545.83,5564.56,5533.53,5558.18,11875,14
1769662800,2026-01-29T05:00:00+00:00,5558.18,5564.31,5516.75,5562.49,13342,14
1769666400,2026-01-29T06:00:00+00:00,5562.5,5595.51,5554.75,5561.64,16050,14
1769670000,2026-01-29T07:00:00+00:00,5561.65,5574.96,5536.87,5549.04,14447,14
1769673600,2026-01-29T08:00:00+00:00,5549.04,5554.73,5474.92,5509.89,15359,14
1769677200,2026-01-29T09:00:00+00:00,5509.87,5529.72,5498.13,5514.12,13031,14
1769680800,2026-01-29T10:00:00+00:00,5514.15,5525.23,5482.4,5483.35,11652,14
1769684400,2026-01-29T11:00:00+00:00,5483.36,5528.94,5470.91,5522.72,12589,14
1769688000,2026-01-29T12:00:00+00:00,5522.69,5543.04,5518.59,5534.21,13240,14
1769691600,2026-01-29T13:00:00+00:00,5534.23,5541.16,5500.64,5510.38,16498,14
1769695200,2026-01-29T14:00:00+00:00,5510.59,5549.37,5491.11,5496.88,18395,14
1769698800,2026-01-29T15:00:00+00:00,5496.86,5496.86,5099.28,5182.88,11116,14
1769702400,2026-01-29T16:00:00+00:00,5182.7,5311.11,5172.11,5263.88,14162,14
1769706000,2026-01-29T17:00:00+00:00,5264.21,5375.63,5264.21,5334.94,16616,23
1769709600,2026-01-29T18:00:00+00:00,5335.0,5362.05,5309.27,5338.83,16520,23
1769713200,2026-01-29T19:00:00+00:00,5338.88,5345.36,5290.0,5305.58,16729,23
1769716800,2026-01-29T20:00:00+00:00,5305.63,5407.01,5282.52,5394.34,16233,14
1769720400,2026-01-29T21:00:00+00:00,5394.34,5425.75,5369.93,5370.9,10674,15
1769727600,2026-01-29T23:00:00+00:00,5399.23,5448.43,5390.68,5438.54,11468,28
1769731200,2026-01-30T00:00:00+00:00,5438.4,5450.96,5390.04,5407.16,13564,14
1769734800,2026-01-30T01:00:00+00:00,5407.22,5407.36,5290.81,5301.37,16872,14
1769738400,2026-01-30T02:00:00+00:00,5301.21,5312.44,5113.67,5227.08,14186,14
1769742000,2026-01-30T03:00:00+00:00,5226.13,5229.23,5152.12,5196.68,14114,14
1769745600,2026-01-30T04:00:00+00:00,5196.53,5230.55,5194.26,5214.98,12259,14
1769749200,2026-01-30T05:00:00+00:00,5214.1,5241.23,5179.98,5185.1,13560,14
1769752800,2026-01-30T06:00:00+00:00,5184.86,5205.53,5145.93,5155.87,14653,14
1769756400,2026-01-30T07:00:00+00:00,5155.87,5186.56,5117.89,5181.16,13735,14
1769760000,2026-01-30T08:00:00+00:00,5181.16,5181.16,5056.86,5117.49,14287,14
1769763600,2026-01-30T09:00:00+00:00,5117.49,5131.61,4943.36,5014.18,12609,14
1769767200,2026-01-30T10:00:00+00:00,5013.93,5122.85,5002.02,5120.21,13594,14
1769770800,2026-01-30T11:00:00+00:00,5120.08,5144.61,5090.38,5135.86,13015,14
1769774400,2026-01-30T12:00:00+00:00,5135.9,5145.75,5056.62,5064.95,12881,14
1769778000,2026-01-30T13:00:00+00:00,5064.88,5099.86,4992.92,5018.9,15016,14
1769781600,2026-01-30T14:00:00+00:00,5019.55,5112.97,5015.59,5032.9,16252,14
1769785200,2026-01-30T15:00:00+00:00,5033.0,5073.93,4982.25,5050.56,17009,14
1769788800,2026-01-30T16:00:00+00:00,5050.71,5051.69,4944.01,4985.56,17338,14
1769792400,2026-01-30T17:00:00+00:00,4985.33,4985.9,4801.41,4849.81,15871,14
1769796000,2026-01-30T18:00:00+00:00,4849.47,4892.65,4617.63,4880.35,10165,14
1769799600,2026-01-30T19:00:00+00:00,4880.62,4947.51,4835.32,4932.94,14240,14
1769803200,2026-01-30T20:00:00+00:00,4932.94,4932.98,4810.01,4852.61,14099,14
1769806800,2026-01-30T21:00:00+00:00,4848.97,4889.76,4831.89,4860.15,7974,15
1769986800,2026-02-01T23:00:00+00:00,4827.05,4827.05,4692.46,4740.29,8484,28
1769990400,2026-02-02T00:00:00+00:00,4742.32,4884.77,4740.23,4766.44,13845,14
1769994000,2026-02-02T01:00:00+00:00,4766.18,4784.2,4583.79,4737.59,12491,14
1769997600,2026-02-02T02:00:00+00:00,4737.59,4772.39,4699.4,4711.43,14863,14
1770001200,2026-02-02T03:00:00+00:00,4711.27,4729.15,4630.76,4643.62,15728,14
1770004800,2026-02-02T04:00:00+00:00,4647.12,4712.95,4603.75,4680.13,13501,14
1770008400,2026-02-02T05:00:00+00:00,4680.07,4695.61,4499.61,4547.26,13362,14
1770012000,2026-02-02T06:00:00+00:00,4549.3,4573.3,4403.37,4502.97,11951,14
1770015600,2026-02-02T07:00:00+00:00,4503.66,4619.07,4490.04,4586.92,12789,14
1770019200,2026-02-02T08:00:00+00:00,4586.95,4651.08,4564.49,4641.32,13184,15
1770022800,2026-02-02T09:00:00+00:00,4641.34,4731.68,4604.44,4720.24,14060,15
1770026400,2026-02-02T10:00:00+00:00,4719.92,4733.86,4657.65,4705.83,12863,15
1770030000,2026-02-02T11:00:00+00:00,4705.87,4779.14,4703.6,4766.66,12778,15
1770033600,2026-02-02T12:00:00+00:00,4766.2,4812.35,4744.86,4794.26,12776,15
1770037200,2026-02-02T13:00:00+00:00,4794.26,4803.36,4669.82,4706.16,15223,15
1770040800,2026-02-02T14:00:00+00:00,4706.16,4793.45,4680.03,4721.73,15541,15
1770044400,2026-02-02T15:00:00+00:00,4708.22,4745.41,4617.58,4620.02,15955,15
1770048000,2026-02-02T16:00:00+00:00,4620.03,4708.62,4598.21,4665.96,16418,15
1770051600,2026-02-02T17:00:00+00:00,4665.93,4713.85,4655.58,4674.5,14928,15
1770055200,2026-02-02T18:00:00+00:00,4674.07,4674.21,4618.67,4657.92,14170,15
1770058800,2026-02-02T19:00:00+00:00,4657.93,4712.15,4631.57,4685.49,13593,15
1770062400,2026-02-02T20:00:00+00:00,4685.6,4700.74,4647.67,4652.23,14072,15
1770066000,2026-02-02T21:00:00+00:00,4652.81,4686.83,4644.08,4660.33,8409,15
1770073200,2026-02-02T23:00:00+00:00,4675.75,4775.82,4675.75,4774.49,9642,28
1770076800,2026-02-03T00:00:00+00:00,4774.49,4830.58,4765.8,4780.24,12496,15
1770080400,2026-02-03T01:00:00+00:00,4780.21,4856.16,4766.4,4841.53,16140,15
1770084000,2026-02-03T02:00:00+00:00,4841.53,4841.79,4745.76,4783.8,14706,15
1770087600,2026-02-03T03:00:00+00:00,4783.8,4813.28,4751.85,4809.88,14409,15
1770091200,2026-02-03T04:00:00+00:00,4809.33,4825.25,4800.96,4809.22,11002,15
1770094800,2026-02-03T05:00:00+00:00,4809.22,4841.68,4809.22,4825.17,11386,15
1770098400,2026-02-03T06:00:00+00:00,4825.21,4893.83,4817.2,4881.58,14637,15
1770102000,2026-02-03T07:00:00+00:00,4881.34,4933.65,4872.07,4917.3,11685,15
1770105600,2026-02-03T08:00:00+00:00,4917.22,4946.18,4898.28,4912.55,11859,15
1770109200,2026-02-03T09:00:00+00:00,4912.58,4926.11,4884.75,4916.18,11022,15
1770112800,2026-02-03T10:00:00+00:00,4916.18,4929.58,4901.75,4902.41,8777,15
1770116400,2026-02-03T11:00:00+00:00,4902.34,4919.24,4883.78,4915.49,9799,15
1770120000,2026-02-03T12:00:00+00:00,4915.2,4935.51,4892.55,4913.75,10764,15
1770123600,2026-02-03T13:00:00+00:00,4913.86,4951.01,4904.41,4932.58,15836,15
1770127200,2026-02-03T14:00:00+00:00,4932.78,4935.45,4895.34,4917.17,17385,15
1770130800,2026-02-03T15:00:00+00:00,4917.17,4948.64,4905.05,4935.35,16185,15
1770134400,2026-02-03T16:00:00+00:00,4935.35,4993.66,4929.89,4955.5,16035,15
1770138000,2026-02-03T17:00:00+00:00,4955.5,4969.41,4907.88,4929.31,16772,15
1770141600,2026-02-03T18:00:00+00:00,4929.2,4953.96,4885.77,4908.3,16141,15
1770145200,2026-02-03T19:00:00+00:00,4908.42,4948.79,4880.85,4927.26,14849,15
1770148800,2026-02-03T20:00:00+00:00,4927.2,4956.63,4902.99,4944.35,13903,15
1770152400,2026-02-03T21:00:00+00:00,4944.23,4964.13,4933.89,4947.09,6285,15
1770159600,2026-02-03T23:00:00+00:00,4962.87,4972.3,4910.13,4947.65,9203,28
1770163200,2026-02-04T00:00:00+00:00,4947.65,5016.26,4946.19,5015.91,12593,15
1770166800,2026-02-04T01:00:00+00:00,5015.91,5053.5,4987.4,5046.87,14501,15
1770170400,2026-02-04T02:00:00+00:00,5046.87,5065.85,5035.54,5040.5,11320,15
1770174000,2026-02-04T03:00:00+00:00,5040.26,5073.62,5035.94,5069.84,9992,15
1770177600,2026-02-04T04:00:00+00:00,5069.82,5081.44,5056.24,5080.58,6241,15
1770181200,2026-02-04T05:00:00+00:00,5080.58,5090.48,5069.18,5079.48,7979,15
1770184800,2026-02-04T06:00:00+00:00,5079.51,5082.91,5051.21,5077.06,11442,15
1770188400,2026-02-04T07:00:00+00:00,5077.06,5091.26,5062.17,5084.71,9371,15
1770192000,2026-02-04T08:00:00+00:00,5084.68,5091.77,5068.99,5083.51,7987,15
1770195600,2026-02-04T09:00:00+00:00,5083.48,5086.82,5043.56,5060.11,9952,15
1770199200,2026-02-04T10:00:00+00:00,5060.06,5064.3,5041.88,5048.55,8132,15
1770202800,2026-02-04T11:00:00+00:00,5048.55,5053.26,5013.43,5047.49,9525,15
1770206400,2026-02-04T12:00:00+00:00,5047.49,5063.42,5037.31,5041.04,8502,15
1770210000,2026-02-04T13:00:00+00:00,5041.04,5063.27,5023.51,5053.94,13342,15
1770213600,2026-02-04T14:00:00+00:00,5053.96,5058.69,4967.3,4985.92,15210,15
1770217200,2026-02-04T15:00:00+00:00,4985.92,5007.74,4887.42,4917.86,17046,15
1770220800,2026-02-04T16:00:00+00:00,4920.32,4939.99,4856.15,4904.51,16412,15
1770224400,2026-02-04T17:00:00+00:00,4904.5,4929.61,4888.65,4898.06,15746,15
1770228000,2026-02-04T18:00:00+00:00,4898.06,4934.56,4873.27,4927.38,13915,15
1770231600,2026-02-04T19:00:00+00:00,4927.48,4957.65,4915.61,4941.84,13221,15
1770235200,2026-02-04T20:00:00+00:00,4942.02,4951.23,4914.93,4938.4,12327,15
1770238800,2026-02-04T21:00:00+00:00,4938.64,4970.87,4937.6,4964.93,5570,14
1770246000,2026-02-04T23:00:00+00:00,4978.49,5023.91,4967.11,5012.46,8398,14
1770249600,2026-02-05T00:00:00+00:00,5012.54,5020.37,4997.57,5006.75,9368,14
1770253200,2026-02-05T01:00:00+00:00,5006.79,5012.23,4935.92,4958.67,16576,15
1770256800,2026-02-05T02:00:00+00:00,4958.67,4960.87,4808.16,4811.32,14680,15
1770260400,2026-02-05T03:00:00+00:00,4811.6,4888.91,4790.22,4880.8,13818,15
1770264000,2026-02-05T04:00:00+00:00,4880.75,4891.14,4863.76,4863.99,11650,15
1770267600,2026-02-05T05:00:00+00:00,4864.13,4906.53,4825.15,4896.24,12996,15
1770271200,2026-02-05T06:00:00+00:00,4896.27,4933.8,4878.57,4920.74,14529,15
1770274800,2026-02-05T07:00:00+00:00,4920.57,4940.55,4896.08,4915.14,12846,15
1770278400,2026-02-05T08:00:00+00:00,4915.67,4943.73,4901.2,4912.01,12031,15
1770282000,2026-02-05T09:00:00+00:00,4911.88,4913.04,4849.83,4855.23,13498,15
1770285600,2026-02-05T10:00:00+00:00,4855.21,4886.84,4848.98,4877.1,11324,15
1770289200,2026-02-05T11:00:00+00:00,4877.13,4894.67,4864.51,4868.43,9340,15
1770292800,2026-02-05T12:00:00+00:00,4868.41,4878.15,4810.95,4853.79,15454,15
1770296400,2026-02-05T13:00:00+00:00,4854.02,4867.45,4802.37,4835.61,14742,15
1770300000,2026-02-05T14:00:00+00:00,4835.61,4869.98,4806.3,4847.01,16836,15
1770303600,2026-02-05T15:00:00+00:00,4846.12,4863.79,4800.68,4818.01,17252,15
1770307200,2026-02-05T16:00:00+00:00,4817.93,4906.47,4812.68,4889.03,16308,15
1770310800,2026-02-05T17:00:00+00:00,4888.94,4890.47,4859.28,4869.1,14989,15
1770314400,2026-02-05T18:00:00+00:00,4869.11,4875.18,4851.5,4858.25,13496,15
1770318000,2026-02-05T19:00:00+00:00,4858.22,4865.32,4823.74,4829.4,12103,15
1770321600,2026-02-05T20:00:00+00:00,4829.38,4843.36,4794.27,4811.15,13033,15
1770325200,2026-02-05T21:00:00+00:00,4811.43,4826.4,4760.22,4779.74,8263,14
1770332400,2026-02-05T23:00:00+00:00,4760.97,4782.16,4703.5,4703.84,11611,14
1770336000,2026-02-06T00:00:00+00:00,4703.82,4764.89,4654.86,4763.3,15019,14
1770339600,2026-02-06T01:00:00+00:00,4763.17,4784.78,4693.47,4774.45,13810,15
1770343200,2026-02-06T02:00:00+00:00,4774.32,4846.31,4761.62,4817.21,14560,15
1770346800,2026-02-06T03:00:00+00:00,4817.05,4839.06,4801.14,4824.25,11522,15
1770350400,2026-02-06T04:00:00+00:00,4824.25,4831.8,4807.4,4813.8,7822,15
1770354000,2026-02-06T05:00:00+00:00,4813.97,4898.03,4807.84,4897.69,11209,15
1770357600,2026-02-06T06:00:00+00:00,4897.69,4903.06,4826.35,4846.31,12889,15
1770361200,2026-02-06T07:00:00+00:00,4846.38,4861.81,4838.76,4840.89,8828,15
1770364800,2026-02-06T08:00:00+00:00,4840.83,4881.96,4829.59,4861.92,9746,15
1770368400,2026-02-06T09:00:00+00:00,4861.92,4872.65,4840.12,4866.77,7880,15
1770372000,2026-02-06T10:00:00+00:00,4866.77,4880.17,4852.05,4878.63,7108,15
1770375600,2026-02-06T11:00:00+00:00,4878.63,4895.88,4863.75,4887.1,7924,15
1770379200,2026-02-06T12:00:00+00:00,4887.58,4903.42,4874.03,4900.33,8445,15
1770382800,2026-02-06T13:00:00+00:00,4900.45,4938.27,4897.32,4928.91,13185,15
1770386400,2026-02-06T14:00:00+00:00,4928.91,4949.46,4894.4,4947.21,13670,15
1770390000,2026-02-06T15:00:00+00:00,4947.21,4964.77,4928.68,4943.77,15377,15
1770393600,2026-02-06T16:00:00+00:00,4943.77,4953.45,4923.42,4951.84,13454,15
1770397200,2026-02-06T17:00:00+00:00,4951.84,4968.29,4948.26,4960.41,9662,15
1770400800,2026-02-06T18:00:00+00:00,4960.41,4971.27,4945.78,4962.47,8639,15
1770404400,2026-02-06T19:00:00+00:00,4962.47,4963.33,4949.12,4957.16,6207,15
1770408000,2026-02-06T20:00:00+00:00,4957.18,4959.12,4936.63,4953.37,8526,15
1770411600,2026-02-06T21:00:00+00:00,4953.4,4964.28,4946.34,4960.24,2693,15
1770591600,2026-02-08T23:00:00+00:00,4988.0,5046.75,4965.04,5036.0,9777,28
1770595200,2026-02-09T00:00:00+00:00,5036.0,5044.31,5012.1,5019.86,10447,15
1770598800,2026-02-09T01:00:00+00:00,5019.86,5042.03,4976.18,4982.44,13184,15
1770602400,2026-02-09T02:00:00+00:00,4982.44,5017.13,4969.67,5007.06,11204,15
1770606000,2026-02-09T03:00:00+00:00,5007.06,5031.29,5005.6,5016.08,8920,15
1770609600,2026-02-09T04:00:00+00:00,5016.19,5024.59,5007.52,5011.93,6766,15
1770613200,2026-02-09T05:00:00+00:00,5011.93,5041.49,5011.25,5036.65,9477,15
1770616800,2026-02-09T06:00:00+00:00,5036.21,5045.71,5013.94,5031.24,11935,15
1770620400,2026-02-09T07:00:00+00:00,5031.24,5031.26,4998.02,5006.38,9645,15
1770624000,2026-02-09T08:00:00+00:00,5006.35,5035.32,5002.75,5027.4,8050,15
1770627600,2026-02-09T09:00:00+00:00,5027.4,5041.2,5002.77,5007.88,7172,15
1770631200,2026-02-09T10:00:00+00:00,5007.88,5015.25,4982.44,4991.03,8964,15
1770634800,2026-02-09T11:00:00+00:00,4991.03,5015.39,4988.78,5010.82,6430,15
1770638400,2026-02-09T12:00:00+00:00,5010.82,5021.17,5007.33,5013.33,6867,15
1770642000,2026-02-09T13:00:00+00:00,5013.33,5024.45,4995.09,5007.07,12153,15
1770645600,2026-02-09T14:00:00+00:00,5007.07,5040.65,5004.0,5038.14,13757,15
1770649200,2026-02-09T15:00:00+00:00,5037.86,5060.15,5023.72,5058.86,12437,15
1770652800,2026-02-09T16:00:00+00:00,5058.86,5080.34,5057.25,5073.38,10853,15
1770656400,2026-02-09T17:00:00+00:00,5073.38,5075.53,5041.01,5046.38,9430,15
1770660000,2026-02-09T18:00:00+00:00,5046.42,5064.05,5044.39,5062.79,9325,15
1770663600,2026-02-09T19:00:00+00:00,5062.79,5079.95,5062.49,5074.54,7342,15
1770667200,2026-02-09T20:00:00+00:00,5074.58,5086.02,5072.23,5079.45,8758,15
1770670800,2026-02-09T21:00:00+00:00,5079.53,5083.03,5048.82,5058.52,4823,15
1770678000,2026-02-09T23:00:00+00:00,5067.07,5075.28,4987.48,5031.78,8643,28
1770681600,2026-02-10T00:00:00+00:00,5031.78,5047.72,5010.4,5019.1,8655,15
1770685200,2026-02-10T01:00:00+00:00,5019.11,5037.71,5013.9,5032.94,13165,15
1770688800,2026-02-10T02:00:00+00:00,5032.94,5056.15,5031.73,5038.43,10914,15
1770692400,2026-02-10T03:00:00+00:00,5038.4,5038.4,5016.74,5030.25,9659,15
1770696000,2026-02-10T04:00:00+00:00,5030.25,5033.94,5017.71,5031.73,6381,15
1770699600,2026-02-10T05:00:00+00:00,5031.73,5040.64,5011.62,5039.37,8817,15
1770703200,2026-02-10T06:00:00+00:00,5039.26,5045.32,5018.98,5024.65,10440,15
1770706800,2026-02-10T07:00:00+00:00,5024.67,5036.09,5018.88,5034.05,7444,15
1770710400,2026-02-10T08:00:00+00:00,5034.05,5055.1,5029.03,5039.74,8549,15
1770714000,2026-02-10T09:00:00+00:00,5041.58,5063.35,5040.64,5046.96,7547,15
1770717600,2026-02-10T10:00:00+00:00,5046.96,5058.24,5037.16,5046.99,6721,15
1770721200,2026-02-10T11:00:00+00:00,5046.99,5057.47,5044.6,5056.04,5369,15
1770724800,2026-02-10T12:00:00+00:00,5056.04,5057.15,5019.89,5032.31,8531,15
1770728400,2026-02-10T13:00:00+00:00,5032.31,5058.54,5026.83,5051.03,10349,15
1770732000,2026-02-10T14:00:00+00:00,5051.03,5078.6,5020.79,5039.62,13005,15
1770735600,2026-02-10T15:00:00+00:00,5039.63,5047.77,4999.06,5019.63,14635,15
1770739200,2026-02-10T16:00:00+00:00,5019.63,5026.53,5005.87,5023.93,13459,15
1770742800,2026-02-10T17:00:00+00:00,5023.97,5040.07,5020.94,5026.34,8039,15
1770746400,2026-02-10T18:00:00+00:00,5026.34,5027.98,5004.8,5013.14,9685,15
1770750000,2026-02-10T19:00:00+00:00,5013.13,5030.22,5009.02,5028.09,6608,15
1770753600,2026-02-10T20:00:00+00:00,5028.04,5045.1,5020.47,5030.42,6130,15
1770757200,2026-02-10T21:00:00+00:00,5030.41,5032.81,5020.26,5025.33,4126,15
1770764400,2026-02-10T23:00:00+00:00,5027.29,5054.72,5027.09,5041.77,4977,28
1770768000,2026-02-11T00:00:00+00:00,5041.77,5049.49,5028.49,5037.84,5929,15
1770771600,2026-02-11T01:00:00+00:00,5038.26,5053.02,5030.89,5052.68,8665,15
1770775200,2026-02-11T02:00:00+00:00,5052.68,5057.73,5032.67,5055.2,8499,15
1770778800,2026-02-11T03:00:00+00:00,5055.55,5060.76,5044.95,5054.36,5959,15
1770782400,2026-02-11T04:00:00+00:00,5054.36,5059.65,5045.72,5046.37,4101,15
1770786000,2026-02-11T05:00:00+00:00,5046.37,5064.01,5043.62,5052.93,6701,15
1770789600,2026-02-11T06:00:00+00:00,5052.93,5064.6,5049.53,5064.17,7581,15
1770793200,2026-02-11T07:00:00+00:00,5064.17,5069.21,5049.16,5055.54,8149,15
1770796800,2026-02-11T08:00:00+00:00,5055.54,5060.47,5045.91,5053.86,5775,15
1770800400,2026-02-11T09:00:00+00:00,5053.86,5072.02,5047.24,5062.78,6394,15
1770804000,2026-02-11T10:00:00+00:00,5062.78,5101.24,5062.54,5092.93,8322,15
1770807600,2026-02-11T11:00:00+00:00,5092.93,5117.01,5082.35,5111.94,7495,15
1770811200,2026-02-11T12:00:00+00:00,5111.97,5119.52,5052.64,5083.92,10737,15
1770814800,2026-02-11T13:00:00+00:00,5083.54,5090.22,5021.69,5065.78,14762,15
1770818400,2026-02-11T14:00:00+00:00,5065.78,5082.71,5036.08,5059.56,15347,15
1770822000,2026-02-11T15:00:00+00:00,5059.57,5081.68,5039.26,5060.2,17339,15
1770825600,2026-02-11T16:00:00+00:00,5060.12,5078.27,5043.01,5075.16,12675,14
1770829200,2026-02-11T17:00:00+00:00,5075.18,5098.04,5069.58,5091.43,10288,15
1770832800,2026-02-11T18:00:00+00:00,5091.43,5092.6,5067.4,5082.58,10582,15
1770836400,2026-02-11T19:00:00+00:00,5082.57,5094.19,5077.07,5081.77,8505,15
1770840000,2026-02-11T20:00:00+00:00,5081.77,5089.67,5078.14,5086.47,7593,15
1770843600,2026-02-11T21:00:00+00:00,5086.59,5092.72,5069.88,5084.52,4767,15
1770850800,2026-02-11T23:00:00+00:00,5096.81,5100.12,5054.1,5061.2,7231,28
1770854400,2026-02-12T00:00:00+00:00,5061.31,5067.73,5049.98,5063.16,8829,15
1770858000,2026-02-12T01:00:00+00:00,5063.16,5064.17,5045.2,5064.06,10411,15
1770861600,2026-02-12T02:00:00+00:00,5064.06,5072.93,5055.03,5065.97,7944,15
1770865200,2026-02-12T03:00:00+00:00,5065.97,5074.73,5054.83,5056.92,6210,15
1770868800,2026-02-12T04:00:00+00:00,5056.88,5070.26,5051.1,5069.63,4328,15
1770872400,2026-02-12T05:00:00+00:00,5069.6,5078.16,5064.7,5075.82,6605,15
1770876000,2026-02-12T06:00:00+00:00,5075.82,5076.5,5047.26,5059.89,8695,15
1770879600,2026-02-12T07:00:00+00:00,5059.88,5066.31,5052.01,5063.97,5556,15
1770883200,2026-02-12T08:00:00+00:00,5063.94,5073.57,5052.34,5068.5,6548,15
1770886800,2026-02-12T09:00:00+00:00,5068.5,5080.73,5066.21,5073.05,5413,15
1770890400,2026-02-12T10:00:00+00:00,5073.05,5076.9,5056.05,5062.46,5412,15
1770894000,2026-02-12T11:00:00+00:00,5062.46,5068.51,5059.65,5063.88,4278,15
1770897600,2026-02-12T12:00:00+00:00,5063.88,5068.66,5049.03,5052.72,6038,15
1770901200,2026-02-12T13:00:00+00:00,5052.72,5083.63,5051.41,5075.3,8920,15
1770904800,2026-02-12T14:00:00+00:00,5075.26,5077.68,5039.54,5044.47,12576,15
1770908400,2026-02-12T15:00:00+00:00,5044.51,5074.78,5040.31,5060.46,11395,15
1770912000,2026-02-12T16:00:00+00:00,5060.45,5068.2,4878.56,4955.07,15964,15
1770915600,2026-02-12T17:00:00+00:00,4955.07,4982.1,4939.96,4941.48,15821,15
1770919200,2026-02-12T18:00:00+00:00,4941.45,4952.15,4906.83,4935.71,15664,15
1770922800,2026-02-12T19:00:00+00:00,4935.7,4957.94,4928.87,4945.74,13250,15
1770926400,2026-02-12T20:00:00+00:00,4945.78,4948.65,4911.76,4915.25,12366,15
1770930000,2026-02-12T21:00:00+00:00,4914.93,4926.69,4912.13,4921.87,5488,15
1770937200,2026-02-12T23:00:00+00:00,4887.54,4929.0,4887.54,4920.48,7188,28
1770940800,2026-02-13T00:00:00+00:00,4920.47,4949.04,4914.07,4928.16,8862,15
1770944400,2026-02-13T01:00:00+00:00,4928.16,4988.8,4927.75,4981.26,11978,15
1770948000,2026-02-13T02:00:00+00:00,4981.26,4991.3,4972.11,4988.52,8382,15
1770951600,2026-02-13T03:00:00+00:00,4988.58,4989.61,4973.93,4981.34,6105,15
1770955200,2026-02-13T04:00:00+00:00,4981.34,4997.31,4973.07,4976.82,5461,15
1770958800,2026-02-13T05:00:00+00:00,4976.85,4986.51,4945.25,4946.62,8463,15
1770962400,2026-02-13T06:00:00+00:00,4946.85,4968.95,4946.47,4967.4,10587,15
1770966000,2026-02-13T07:00:00+00:00,4967.4,4982.8,4951.24,4974.62,7975,15
1770969600,2026-02-13T08:00:00+00:00,4974.89,4989.52,4972.19,4982.64,8773,15
1770973200,2026-02-13T09:00:00+00:00,4982.68,4982.83,4961.41,4970.35,6707,15
1770976800,2026-02-13T10:00:00+00:00,4970.35,4980.73,4947.72,4949.91,5983,15
1770980400,2026-02-13T11:00:00+00:00,4949.91,4955.26,4934.15,4953.9,7712,15
1770984000,2026-02-13T12:00:00+00:00,4954.05,4974.08,4952.48,4969.68,7151,15
1770987600,2026-02-13T13:00:00+00:00,4969.68,4999.25,4957.6,4987.1,10859,15
1770991200,2026-02-13T14:00:00+00:00,4987.1,5010.6,4964.64,4995.56,14491,15
1770994800,2026-02-13T15:00:00+00:00,4995.57,5020.5,4974.21,4976.9,16777,15
1770998400,2026-02-13T16:00:00+00:00,4976.91,5033.09,4975.85,5007.83,12882,15
1771002000,2026-02-13T17:00:00+00:00,5007.83,5029.08,5006.1,5021.03,9497,14
1771005600,2026-02-13T18:00:00+00:00,5021.03,5035.39,5015.44,5031.08,8999,15
1771009200,2026-02-13T19:00:00+00:00,5031.1,5046.23,5027.07,5027.07,8879,15
1771012800,2026-02-13T20:00:00+00:00,5024.37,5034.74,5022.36,5032.27,10226,15
1771016400,2026-02-13T21:00:00+00:00,5032.33,5039.43,5029.72,5038.98,2673,15
1771196400,2026-02-15T23:00:00+00:00,5015.16,5031.79,5007.28,5020.15,6844,28
1771200000,2026-02-16T00:00:00+00:00,5020.15,5022.42,5004.95,5015.54,6026,15
1771203600,2026-02-16T01:00:00+00:00,5015.54,5031.29,5007.11,5028.91,6495,15
1771207200,2026-02-16T02:00:00+00:00,5028.91,5031.45,4992.27,4994.67,6950,15
1771210800,2026-02-16T03:00:00+00:00,4994.68,4999.91,4978.85,4987.49,6619,14
1771214400,2026-02-16T04:00:00+00:00,4987.47,4992.25,4972.86,4977.52,6127,15
1771218000,2026-02-16T05:00:00+00:00,4977.86,4990.77,4966.33,4990.75,5304,15
1771221600,2026-02-16T06:00:00+00:00,4990.76,5003.24,4984.81,4994.84,5210,15
1771225200,2026-02-16T07:00:00+00:00,4994.84,5009.93,4989.36,5007.2,4801,15
1771228800,2026-02-16T08:00:00+00:00,5007.2,5013.22,4995.7,5008.09,6330,14
1771232400,2026-02-16T09:00:00+00:00,5008.09,5017.2,5008.0,5013.59,4749,14
1771236000,2026-02-16T10:00:00+00:00,5013.57,5017.21,5000.56,5005.9,4667,15
1771239600,2026-02-16T11:00:00+00:00,5005.9,5008.12,4999.08,5004.33,4104,15
1771243200,2026-02-16T12:00:00+00:00,5004.33,5008.18,4992.97,5002.23,5150,15
1771246800,2026-02-16T13:00:00+00:00,5002.23,5003.73,4989.55,4997.39,5213,15
1771250400,2026-02-16T14:00:00+00:00,4997.39,4999.57,4981.77,4988.38,6688,14
1771254000,2026-02-16T15:00:00+00:00,4988.38,4988.38,4969.12,4979.52,6589,15
1771257600,2026-02-16T16:00:00+00:00,4979.52,4990.39,4972.97,4988.1,5736,14
1771261200,2026-02-16T17:00:00+00:00,4988.1,4996.07,4988.09,4991.66,3373,14
1771264800,2026-02-16T18:00:00+00:00,4991.66,4997.88,4988.79,4994.6,4840,15
1771268400,2026-02-16T19:00:00+00:00,4994.6,4996.33,4990.59,4993.61,2643,14
1771282800,2026-02-16T23:00:00+00:00,4992.27,5000.74,4985.29,4989.76,3965,28
1771286400,2026-02-17T00:00:00+00:00,4989.76,4991.4,4932.24,4935.6,6946,15
1771290000,2026-02-17T01:00:00+00:00,4935.71,4963.8,4922.99,4957.79,8381,15
1771293600,2026-02-17T02:00:00+00:00,4957.33,4971.03,4954.65,4967.24,5460,15
1771297200,2026-02-17T03:00:00+00:00,4967.24,4970.17,4950.23,4956.7,5610,15
1771300800,2026-02-17T04:00:00+00:00,4956.7,4960.52,4946.57,4953.22,4200,14
1771304400,2026-02-17T05:00:00+00:00,4953.22,4954.49,4862.02,4888.92,10579,15
1771308000,2026-02-17T06:00:00+00:00,4888.92,4914.02,4886.94,4910.4,6755,15
1771311600,2026-02-17T07:00:00+00:00,4910.4,4921.74,4904.13,4917.21,6425,15
1771315200,2026-02-17T08:00:00+00:00,4917.21,4930.53,4916.41,4920.87,6663,15
1771318800,2026-02-17T09:00:00+00:00,4920.97,4931.06,4913.88,4926.05,6149,14
1771322400,2026-02-17T10:00:00+00:00,4926.05,4939.22,4907.68,4913.27,6183,15
1771326000,2026-02-17T11:00:00+00:00,4913.27,4930.76,4913.27,4929.29,5441,15
1771329600,2026-02-17T12:00:00+00:00,4929.29,4944.02,4928.37,4932.21,6397,14
1771333200,2026-02-17T13:00:00+00:00,4932.26,4933.39,4870.65,4872.67,9931,15
1771336800,2026-02-17T14:00:00+00:00,4869.51,4907.08,4843.77,4863.04,14739,15
1771340400,2026-02-17T15:00:00+00:00,4863.33,4882.14,4849.28,4878.44,16099,15
1771344000,2026-02-17T16:00:00+00:00,4878.42,4893.46,4868.66,4869.25,12927,14
1771347600,2026-02-17T17:00:00+00:00,4869.31,4871.27,4850.16,4865.07,11109,15
1771351200,2026-02-17T18:00:00+00:00,4865.07,4910.58,4862.48,4898.91,10407,15
1771354800,2026-02-17T19:00:00+00:00,4899.0,4901.16,4877.27,4880.52,9479,15
1771358400,2026-02-17T20:00:00+00:00,4880.45,4884.24,4873.54,4878.06,9616,15
1771362000,2026-02-17T21:00:00+00:00,4878.03,4886.61,4875.31,4877.38,3181,15
1771369200,2026-02-17T23:00:00+00:00,4860.81,4884.59,4854.16,4859.56,6146,28
1771372800,2026-02-18T00:00:00+00:00,4859.54,4881.86,4858.5,4874.91,6697,15
1771376400,2026-02-18T01:00:00+00:00,4874.89,4892.67,4874.64,4889.88,6229,15
1771380000,2026-02-18T02:00:00+00:00,4889.88,4907.42,4886.49,4905.5,4417,15
1771383600,2026-02-18T03:00:00+00:00,4905.5,4922.25,4904.33,4920.81,4818,15
1771387200,2026-02-18T04:00:00+00:00,4920.81,4939.58,4918.43,4933.92,4809,15
1771390800,2026-02-18T05:00:00+00:00,4933.92,4939.83,4929.68,4933.57,4000,15
1771394400,2026-02-18T06:00:00+00:00,4933.57,4936.01,4925.0,4930.58,4696,15
1771398000,2026-02-18T07:00:00+00:00,4930.58,4941.96,4929.15,4930.22,4485,15
1771401600,2026-02-18T08:00:00+00:00,4930.23,4932.33,4916.72,4917.23,5235,15
1771405200,2026-02-18T09:00:00+00:00,4917.14,4923.27,4912.82,4917.48,5166,15
1771408800,2026-02-18T10:00:00+00:00,4917.5,4924.54,4909.56,4914.6,6255,15
1771412400,2026-02-18T11:00:00+00:00,4914.59,4917.72,4906.43,4913.17,4510,15
1771416000,2026-02-18T12:00:00+00:00,4913.17,4947.3,4912.22,4943.09,6915,15
1771419600,2026-02-18T13:00:00+00:00,4943.22,4969.21,4943.14,4954.45,9181,15
1771423200,2026-02-18T14:00:00+00:00,4954.47,4994.26,4952.37,4991.78,11976,15
1771426800,2026-02-18T15:00:00+00:00,4991.81,5008.9,4991.59,4997.8,12002,15
1771430400,2026-02-18T16:00:00+00:00,4997.9,5010.97,4991.5,5000.43,10406,14
1771434000,2026-02-18T17:00:00+00:00,5000.45,5001.64,4993.41,4999.18,7799,14
1771437600,2026-02-18T18:00:00+00:00,4999.2,5003.15,4980.54,4987.49,9945,15
1771441200,2026-02-18T19:00:00+00:00,4987.55,4995.43,4972.95,4980.71,10782,15
1771444800,2026-02-18T20:00:00+00:00,4980.69,4987.48,4975.6,4984.97,9891,15
1771448400,2026-02-18T21:00:00+00:00,4985.03,4986.2,4975.35,4977.31,2618,15
1771455600,2026-02-18T23:00:00+00:00,4977.1,4988.74,4961.86,4976.07,5105,28
1771459200,2026-02-19T00:00:00+00:00,4976.07,4976.32,4960.47,4961.35,5370,15
1771462800,2026-02-19T01:00:00+00:00,4961.35,4975.48,4960.64,4972.94,4772,15
1771466400,2026-02-19T02:00:00+00:00,4972.94,4977.37,4965.8,4968.3,4390,15
1771470000,2026-02-19T03:00:00+00:00,4968.1,4983.51,4966.37,4981.65,4467,15
1771473600,2026-02-19T04:00:00+00:00,4981.54,4985.63,4977.15,4984.44,3831,15
1771477200,2026-02-19T05:00:00+00:00,4984.44,4998.73,4984.42,4997.2,3635,15
1771480800,2026-02-19T06:00:00+00:00,4997.2,5020.23,4996.96,5018.57,4794,15
1771484400,2026-02-19T07:00:00+00:00,5018.57,5021.79,5008.79,5010.38,4669,14
1771488000,2026-02-19T08:00:00+00:00,5010.27,5021.83,5006.32,5017.23,5976,15
1771491600,2026-02-19T09:00:00+00:00,5017.39,5020.43,4993.83,4995.8,6073,15
1771495200,2026-02-19T10:00:00+00:00,4995.8,4996.2,4981.5,4993.27,6582,15
1771498800,2026-02-19T11:00:00+00:00,4993.27,4996.35,4978.03,4984.69,5542,14
1771502400,2026-02-19T12:00:00+00:00,4984.69,4992.88,4980.71,4985.06,5527,15
1771506000,2026-02-19T13:00:00+00:00,4985.06,4998.45,4974.66,4997.08,8507,14
1771509600,2026-02-19T14:00:00+00:00,4997.08,5010.45,4963.63,5005.71,12899,14
1771513200,2026-02-19T15:00:00+00:00,5005.71,5022.23,4996.16,5013.84,15464,15
1771516800,2026-02-19T16:00:00+00:00,5013.88,5014.34,4990.81,4995.34,11749,14
1771520400,2026-02-19T17:00:00+00:00,4995.26,5001.81,4983.0,4984.92,9322,15
1771524000,2026-02-19T18:00:00+00:00,4984.93,4989.55,4975.41,4981.85,8571,15
1771527600,2026-02-19T19:00:00+00:00,4981.85,4990.41,4978.38,4987.94,6842,15
1771531200,2026-02-19T20:00:00+00:00,4987.94,5003.51,4987.94,5001.69,8669,15
1771534800,2026-02-19T21:00:00+00:00,5001.84,5004.31,4992.1,4996.28,3080,15
1771542000,2026-02-19T23:00:00+00:00,5002.99,5008.07,4987.11,4987.64,4686,28
1771545600,2026-02-20T00:00:00+00:00,4987.66,5006.96,4985.39,5006.43,4227,15
1771549200,2026-02-20T01:00:00+00:00,5006.41,5014.73,4994.82,4996.96,6166,15
1771552800,2026-02-20T02:00:00+00:00,4996.97,5007.52,4992.85,4996.31,4795,15
1771556400,2026-02-20T03:00:00+00:00,4996.31,4999.16,4981.7,4988.08,4799,15
1771560000,2026-02-20T04:00:00+00:00,4988.38,5003.27,4986.77,4999.85,3502,15
1771563600,2026-02-20T05:00:00+00:00,4999.85,5011.92,4998.02,5011.91,4357,15
1771567200,2026-02-20T06:00:00+00:00,5012.19,5030.13,5011.98,5020.65,5911,15
1771570800,2026-02-20T07:00:00+00:00,5020.65,5028.19,5006.21,5006.49,5962,15
1771574400,2026-02-20T08:00:00+00:00,5006.64,5030.88,5004.93,5028.94,6725,15
1771578000,2026-02-20T09:00:00+00:00,5028.96,5042.7,5027.36,5027.67,6958,15
1771581600,2026-02-20T10:00:00+00:00,5027.67,5038.67,5020.47,5034.7,6635,15
1771585200,2026-02-20T11:00:00+00:00,5034.73,5034.87,5015.6,5017.33,6025,15
1771588800,2026-02-20T12:00:00+00:00,5017.31,5026.52,5006.99,5025.2,6640,14
1771592400,2026-02-20T13:00:00+00:00,5025.22,5048.87,5018.3,5043.43,8590,15
1771596000,2026-02-20T14:00:00+00:00,5043.61,5060.62,5037.36,5054.69,12233,15
1771599600,2026-02-20T15:00:00+00:00,5054.69,5064.16,4989.81,5042.78,18375,15
1771603200,2026-02-20T16:00:00+00:00,5042.9,5069.43,5038.75,5066.89,13923,14
1771606800,2026-02-20T17:00:00+00:00,5066.89,5076.25,5054.43,5072.89,12398,14
1771610400,2026-02-20T18:00:00+00:00,5072.84,5074.96,5055.8,5071.12,12286,15
1771614000,2026-02-20T19:00:00+00:00,5071.33,5079.98,5068.84,5079.61,6753,15
1771617600,2026-02-20T20:00:00+00:00,5079.61,5098.21,5076.92,5097.27,9289,15
1771621200,2026-02-20T21:00:00+00:00,5096.85,5100.12,5091.62,5099.53,3190,15
1771801200,2026-02-22T23:00:00+00:00,5117.53,5171.74,5117.53,5165.3,8603,58
1771804800,2026-02-23T00:00:00+00:00,5165.3,5166.48,5129.33,5144.58,10662,15
1771808400,2026-02-23T01:00:00+00:00,5144.58,5167.72,5139.99,5157.67,9692,15
1771812000,2026-02-23T02:00:00+00:00,5157.58,5176.59,5156.77,5173.83,8255,14
1771815600,2026-02-23T03:00:00+00:00,5173.86,5176.29,5152.75,5166.92,6630,15
1771819200,2026-02-23T04:00:00+00:00,5166.92,5168.89,5155.86,5160.73,5548,15
1771822800,2026-02-23T05:00:00+00:00,5160.73,5161.74,5152.49,5158.35,5313,14
1771826400,2026-02-23T06:00:00+00:00,5158.33,5161.56,5145.11,5145.77,5822,14
1771830000,2026-02-23T07:00:00+00:00,5145.77,5154.3,5125.39,5136.85,8331,15
1771833600,2026-02-23T08:00:00+00:00,5136.85,5142.21,5122.5,5140.34,8027,15
1771837200,2026-02-23T09:00:00+00:00,5140.47,5150.17,5139.41,5149.54,6139,14
1771840800,2026-02-23T10:00:00+00:00,5149.62,5163.52,5145.1,5162.94,6726,15
1771844400,2026-02-23T11:00:00+00:00,5162.94,5163.49,5146.73,5149.77,5612,15
1771848000,2026-02-23T12:00:00+00:00,5149.77,5165.48,5145.56,5164.05,6573,15
1771851600,2026-02-23T13:00:00+00:00,5164.05,5165.27,5143.66,5146.51,7974,15
1771855200,2026-02-23T14:00:00+00:00,5146.51,5200.36,5141.79,5192.31,12505,15
1771858800,2026-02-23T15:00:00+00:00,5192.29,5204.96,5180.48,5196.4,15108,15
1771862400,2026-02-23T16:00:00+00:00,5196.12,5218.83,5177.07,5210.0,13677,15
1771866000,2026-02-23T17:00:00+00:00,5210.04,5213.41,5191.06,5207.94,11473,14
1771869600,2026-02-23T18:00:00+00:00,5207.95,5215.8,5201.13,5209.55,9744,15
1771873200,2026-02-23T19:00:00+00:00,5209.51,5218.24,5206.59,5215.55,8218,15
1771876800,2026-02-23T20:00:00+00:00,5215.55,5237.73,5214.83,5236.16,9426,14
1771880400,2026-02-23T21:00:00+00:00,5236.2,5237.1,5226.44,5227.42,3928,15
1771887600,2026-02-23T23:00:00+00:00,5231.24,5249.83,5230.7,5235.73,6380,28
1771891200,2026-02-24T00:00:00+00:00,5235.73,5238.09,5218.38,5224.01,8531,14
1771894800,2026-02-24T01:00:00+00:00,5223.98,5224.13,5145.08,5177.39,15368,15
1771898400,2026-02-24T02:00:00+00:00,5177.58,5190.88,5165.47,5189.93,9329,15
1771902000,2026-02-24T03:00:00+00:00,5189.8,5191.72,5171.17,5172.02,6714,14
1771905600,2026-02-24T04:00:00+00:00,5172.02,5175.15,5161.1,5168.24,5913,15
1771909200,2026-02-24T05:00:00+00:00,5168.24,5185.78,5164.46,5182.53,7084,15
1771912800,2026-02-24T06:00:00+00:00,5182.53,5184.88,5156.7,5173.68,8144,15
1771916400,2026-02-24T07:00:00+00:00,5173.71,5183.97,5164.22,5179.37,7769,15
1771920000,2026-02-24T08:00:00+00:00,5179.37,5181.91,5165.07,5173.43,7578,15
1771923600,2026-02-24T09:00:00+00:00,5173.43,5180.4,5166.47,5171.43,6209,14
1771927200,2026-02-24T10:00:00+00:00,5171.43,5181.22,5163.43,5172.88,5857,14
1771930800,2026-02-24T11:00:00+00:00,5172.88,5178.61,5171.03,5172.68,4478,15
1771934400,2026-02-24T12:00:00+00:00,5172.68,5173.57,5146.41,5150.94,8395,15
1771938000,2026-02-24T13:00:00+00:00,5150.89,5161.37,5111.13,5115.35,12030,15
1771941600,2026-02-24T14:00:00+00:00,5115.26,5139.25,5094.01,5128.4,15538,15
1771945200,2026-02-24T15:00:00+00:00,5128.37,5155.19,5117.95,5150.29,13243,14
1771948800,2026-02-24T16:00:00+00:00,5150.29,5152.28,5131.25,5141.93,10990,15
1771952400,2026-02-24T17:00:00+00:00,5141.93,5163.73,5141.85,5163.57,8042,14
1771956000,2026-02-24T18:00:00+00:00,5163.57,5170.18,5153.81,5160.12,8690,15
1771959600,2026-02-24T19:00:00+00:00,5160.12,5160.44,5146.55,5153.97,7910,15
1771963200,2026-02-24T20:00:00+00:00,5153.97,5173.19,5146.6,5164.1,8068,14
1771966800,2026-02-24T21:00:00+00:00,5164.18,5165.58,5141.82,5143.74,3706,15
1771974000,2026-02-24T23:00:00+00:00,5140.91,5152.61,5114.36,5146.66,5171,28
1771977600,2026-02-25T00:00:00+00:00,5146.66,5156.29,5137.24,5152.34,6055,15
1771981200,2026-02-25T01:00:00+00:00,5152.34,5189.97,5144.24,5176.82,10792,15
1771984800,2026-02-25T02:00:00+00:00,5176.82,5193.84,5167.22,5180.73,9236,14
1771988400,2026-02-25T03:00:00+00:00,5180.71,5190.4,5178.17,5181.85,7804,15
1771992000,2026-02-25T04:00:00+00:00,5181.85,5185.11,5173.54,5182.7,4239,15
1771995600,2026-02-25T05:00:00+00:00,5182.7,5210.42,5182.7,5201.66,7072,15
1771999200,2026-02-25T06:00:00+00:00,5201.66,5201.67,5182.46,5194.69,8453,15
1772002800,2026-02-25T07:00:00+00:00,5194.67,5195.1,5180.27,5184.62,4774,14
1772006400,2026-02-25T08:00:00+00:00,5184.58,5197.38,5184.1,5185.41,6120,14
1772010000,2026-02-25T09:00:00+00:00,5185.41,5194.57,5176.69,5193.27,6771,15
1772013600,2026-02-25T10:00:00+00:00,5193.27,5195.25,5170.44,5175.1,6142,14
1772017200,2026-02-25T11:00:00+00:00,5175.1,5182.73,5155.31,5181.7,6815,15
1772020800,2026-02-25T12:00:00+00:00,5181.69,5187.45,5177.36,5182.83,6440,15
1772024400,2026-02-25T13:00:00+00:00,5182.83,5191.4,5181.03,5185.19,8635,15
1772028000,2026-02-25T14:00:00+00:00,5185.19,5193.22,5158.7,5191.2,12805,14
1772031600,2026-02-25T15:00:00+00:00,5191.17,5202.65,5172.97,5194.58,14168,15
1772035200,2026-02-25T16:00:00+00:00,5194.88,5213.88,5189.83,5212.29,10337,14
1772038800,2026-02-25T17:00:00+00:00,5212.12,5217.65,5203.35,5206.77,9240,14
1772042400,2026-02-25T18:00:00+00:00,5206.76,5207.46,5200.61,5202.13,4771,15
1772046000,2026-02-25T19:00:00+00:00,5202.13,5208.3,5191.64,5204.9,9909,15
1772049600,2026-02-25T20:00:00+00:00,5204.9,5206.14,5147.8,5152.13,11423,15
1772053200,2026-02-25T21:00:00+00:00,5152.16,5173.54,5150.42,5164.86,7277,15
1772060400,2026-02-25T23:00:00+00:00,5165.55,5182.03,5161.81,5163.32,6674,28
1772064000,2026-02-26T00:00:00+00:00,5163.32,5192.15,5155.98,5188.28,8478,15
1772067600,2026-02-26T01:00:00+00:00,5188.26,5198.44,5178.56,5191.77,11411,14
1772071200,2026-02-26T02:00:00+00:00,5191.77,5195.55,5174.44,5184.37,8892,15
1772074800,2026-02-26T03:00:00+00:00,5184.37,5193.87,5183.0,5192.7,6350,15
1772078400,2026-02-26T04:00:00+00:00,5192.7,5199.4,5190.52,5192.72,4286,15
1772082000,2026-02-26T05:00:00+00:00,5192.75,5205.33,5190.19,5198.4,6869,15
1772085600,2026-02-26T06:00:00+00:00,5198.4,5199.6,5190.23,5193.2,6541,15
1772089200,2026-02-26T07:00:00+00:00,5193.2,5194.64,5179.53,5185.92,6233,15
1772092800,2026-02-26T08:00:00+00:00,5185.93,5190.89,5168.29,5179.41,9033,15
1772096400,2026-02-26T09:00:00+00:00,5179.4,5189.88,5173.97,5186.44,6331,15
1772100000,2026-02-26T10:00:00+00:00,5186.44,5190.18,5167.65,5171.66,6015,15
1772103600,2026-02-26T11:00:00+00:00,5171.66,5178.49,5161.21,5164.75,5307,15
1772107200,2026-02-26T12:00:00+00:00,5164.75,5187.81,5158.08,5183.93,7541,15
1772110800,2026-02-26T13:00:00+00:00,5183.93,5185.65,5164.29,5166.33,10994,15
1772114400,2026-02-26T14:00:00+00:00,5166.04,5175.7,5141.59,5165.03,14004,15
1772118000,2026-02-26T15:00:00+00:00,5164.74,5192.74,5130.95,5185.44,17250,15
1772121600,2026-02-26T16:00:00+00:00,5185.44,5186.96,5173.82,5179.61,12870,14
1772125200,2026-02-26T17:00:00+00:00,5179.61,5190.26,5161.88,5167.34,10618,14
1772128800,2026-02-26T18:00:00+00:00,5167.34,5185.89,5161.4,5180.27,10066,15
1772132400,2026-02-26T19:00:00+00:00,5180.43,5194.01,5179.71,5187.02,7306,15
1772136000,2026-02-26T20:00:00+00:00,5187.02,5200.63,5186.76,5196.45,8738,14
1772139600,2026-02-26T21:00:00+00:00,5196.45,5200.62,5182.89,5185.12,3499,15
1772146800,2026-02-26T23:00:00+00:00,5189.02,5189.22,5175.79,5183.9,3782,28
1772150400,2026-02-27T00:00:00+00:00,5184.83,5194.69,5170.24,5174.85,6536,15
1772154000,2026-02-27T01:00:00+00:00,5174.86,5194.53,5167.12,5194.1,10391,14
1772157600,2026-02-27T02:00:00+00:00,5194.1,5199.56,5173.7,5183.66,9493,15
1772161200,2026-02-27T03:00:00+00:00,5183.66,5190.6,5181.27,5184.0,6534,15
1772164800,2026-02-27T04:00:00+00:00,5183.95,5188.89,5181.14,5181.89,4465,15
1772168400,2026-02-27T05:00:00+00:00,5181.86,5200.48,5181.4,5197.94,6364,15
1772172000,2026-02-27T06:00:00+00:00,5197.94,5199.39,5185.08,5185.68,8957,15
1772175600,2026-02-27T07:00:00+00:00,5185.68,5189.65,5175.65,5175.94,7066,15
1772179200,2026-02-27T08:00:00+00:00,5175.94,5182.38,5174.45,5178.89,6328,15
1772182800,2026-02-27T09:00:00+00:00,5178.54,5182.6,5172.21,5175.95,5705,15
1772186400,2026-02-27T10:00:00+00:00,5175.95,5181.05,5168.96,5177.71,5649,14
1772190000,2026-02-27T11:00:00+00:00,5177.71,5185.62,5172.62,5185.62,4506,15
1772193600,2026-02-27T12:00:00+00:00,5185.61,5190.45,5182.99,5187.66,6018,15
1772197200,2026-02-27T13:00:00+00:00,5187.67,5240.41,5186.72,5223.04,14800,15
1772200800,2026-02-27T14:00:00+00:00,5223.04,5235.8,5213.99,5223.62,14330,15
1772204400,2026-02-27T15:00:00+00:00,5223.69,5245.93,5214.95,5239.15,14283,15
1772208000,2026-02-27T16:00:00+00:00,5239.29,5257.86,5221.93,5229.18,13956,15
1772211600,2026-02-27T17:00:00+00:00,5229.18,5236.97,5222.25,5234.74,10861,14
1772215200,2026-02-27T18:00:00+00:00,5234.74,5247.01,5222.52,5245.45,9445,15
1772218800,2026-02-27T19:00:00+00:00,5245.45,5252.43,5240.0,5250.08,7089,15
1772222400,2026-02-27T20:00:00+00:00,5250.07,5265.35,5248.45,5263.4,8098,15
1772226000,2026-02-27T21:00:00+00:00,5263.4,5276.08,5256.75,5274.48,3318,15
1772406000,2026-03-01T23:00:00+00:00,5353.57,5390.44,5311.39,5386.97,13271,58
1772409600,2026-03-02T00:00:00+00:00,5386.97,5388.09,5341.42,5347.58,12726,15
1772413200,2026-03-02T01:00:00+00:00,5347.58,5347.58,5303.67,5325.31,15271,15
1772416800,2026-03-02T02:00:00+00:00,5325.23,5351.68,5317.23,5346.6,12017,15
1772420400,2026-03-02T03:00:00+00:00,5346.6,5366.86,5344.54,5366.43,9334,15
1772424000,2026-03-02T04:00:00+00:00,5366.43,5367.25,5345.95,5355.86,7162,15
1772427600,2026-03-02T05:00:00+00:00,5355.86,5366.38,5340.98,5366.2,8871,15
1772431200,2026-03-02T06:00:00+00:00,5366.2,5390.0,5363.68,5387.69,10493,15
1772434800,2026-03-02T07:00:00+00:00,5387.76,5419.24,5385.0,5408.14,10652,15
1772438400,2026-03-02T08:00:00+00:00,5408.14,5416.72,5391.29,5394.04,11061,15
1772442000,2026-03-02T09:00:00+00:00,5394.04,5401.99,5385.61,5391.94,8793,15
1772445600,2026-03-02T10:00:00+00:00,5391.94,5400.82,5379.27,5389.55,8037,15
1772449200,2026-03-02T11:00:00+00:00,5389.68,5400.0,5375.56,5385.45,8027,15
1772452800,2026-03-02T12:00:00+00:00,5385.45,5398.55,5380.65,5397.09,8855,15
1772456400,2026-03-02T13:00:00+00:00,5397.1,5416.09,5381.78,5394.02,15490,15
1772460000,2026-03-02T14:00:00+00:00,5394.02,5395.17,5309.29,5334.46,14802,15
1772463600,2026-03-02T15:00:00+00:00,5334.46,5348.75,5308.31,5317.76,13786,15
1772467200,2026-03-02T16:00:00+00:00,5317.43,5317.82,5261.31,5290.74,14456,15
1772470800,2026-03-02T17:00:00+00:00,5290.75,5320.64,5287.32,5306.89,14504,15
1772474400,2026-03-02T18:00:00+00:00,5306.93,5316.65,5289.76,5315.52,12131,15
1772478000,2026-03-02T19:00:00+00:00,5315.52,5334.04,5313.86,5330.47,9124,15
1772481600,2026-03-02T20:00:00+00:00,5330.47,5346.3,5328.29,5332.91,12068,15
1772485200,2026-03-02T21:00:00+00:00,5332.68,5340.51,5321.76,5322.05,6255,15
1772492400,2026-03-02T23:00:00+00:00,5331.53,5347.3,5330.13,5345.82,5065,28
1772496000,2026-03-03T00:00:00+00:00,5345.82,5362.04,5336.85,5350.25,6340,15
1772499600,2026-03-03T01:00:00+00:00,5350.25,5380.04,5337.67,5338.92,13601,15
1772503200,2026-03-03T02:00:00+00:00,5338.79,5368.04,5332.76,5366.91,12385,15
1772506800,2026-03-03T03:00:00+00:00,5366.93,5373.62,5359.46,5367.57,7641,15
1772510400,2026-03-03T04:00:00+00:00,5367.54,5375.56,5359.44,5364.54,6510,15
1772514000,2026-03-03T05:00:00+00:00,5360.98,5366.99,5306.89,5319.32,12037,15
1772517600,2026-03-03T06:00:00+00:00,5319.36,5323.36,5279.23,5310.72,14314,15
1772521200,2026-03-03T07:00:00+00:00,5310.7,5331.09,5306.04,5327.73,8975,15
1772524800,2026-03-03T08:00:00+00:00,5327.76,5335.96,5289.96,5295.75,12103,15
1772528400,2026-03-03T09:00:00+00:00,5295.76,5303.91,5227.1,5276.58,14218,15
1772532000,2026-03-03T10:00:00+00:00,5275.33,5288.14,5238.15,5248.57,12684,15
1772535600,2026-03-03T11:00:00+00:00,5248.56,5264.09,5075.66,5145.02,14675,15
1772539200,2026-03-03T12:00:00+00:00,5144.94,5226.94,5138.89,5224.91,14245,15
1772542800,2026-03-03T13:00:00+00:00,5224.89,5224.89,5129.56,5157.04,16895,15
1772546400,2026-03-03T14:00:00+00:00,5156.88,5175.21,5017.7,5038.57,14001,15
1772550000,2026-03-03T15:00:00+00:00,5037.63,5097.04,4997.46,5096.04,11251,15
1772553600,2026-03-03T16:00:00+00:00,5095.7,5133.74,5091.03,5106.74,12096,15
1772557200,2026-03-03T17:00:00+00:00,5106.81,5109.84,5065.33,5079.47,11719,15
1772560800,2026-03-03T18:00:00+00:00,5079.44,5138.43,5079.36,5136.23,11019,15
1772564400,2026-03-03T19:00:00+00:00,5136.14,5148.93,5099.41,5113.4,11102,15
1772568000,2026-03-03T20:00:00+00:00,5113.4,5130.41,5086.78,5097.08,10916,15
1772571600,2026-03-03T21:00:00+00:00,5097.06,5110.35,5083.91,5088.36,6005,15
1772578800,2026-03-03T23:00:00+00:00,5109.65,5129.75,5084.05,5125.3,5541,28
1772582400,2026-03-04T00:00:00+00:00,5125.3,5140.36,5105.83,5138.62,6856,15
1772586000,2026-03-04T01:00:00+00:00,5138.68,5178.22,5138.68,5174.85,10903,15
1772589600,2026-03-04T02:00:00+00:00,5174.82,5190.92,5154.75,5156.38,9883,15
1772593200,2026-03-04T03:00:00+00:00,5156.43,5177.53,5141.44,5174.08,9006,15
1772596800,2026-03-04T04:00:00+00:00,5174.38,5181.0,5152.13,5156.75,7262,15
1772600400,2026-03-04T05:00:00+00:00,5156.75,5167.94,5152.22,5159.76,9244,15
1772604000,2026-03-04T06:00:00+00:00,5159.72,5160.74,5120.8,5160.74,8911,15
1772607600,2026-03-04T07:00:00+00:00,5160.4,5175.87,5158.58,5168.21,6955,15
1772611200,2026-03-04T08:00:00+00:00,5168.2,5182.02,5147.5,5167.79,8121,15
1772614800,2026-03-04T09:00:00+00:00,5167.76,5185.08,5159.54,5182.31,6689,15
1772618400,2026-03-04T10:00:00+00:00,5182.25,5202.37,5180.09,5190.0,7589,15
1772622000,2026-03-04T11:00:00+00:00,5190.0,5200.37,5187.82,5192.37,5250,15
1772625600,2026-03-04T12:00:00+00:00,5192.37,5206.21,5156.56,5171.22,8442,15
1772629200,2026-03-04T13:00:00+00:00,5171.22,5196.31,5167.63,5167.9,9908,15
1772632800,2026-03-04T14:00:00+00:00,5167.9,5185.25,5138.91,5147.79,11426,15
1772636400,2026-03-04T15:00:00+00:00,5147.79,5166.94,5131.48,5151.17,11826,15
1772640000,2026-03-04T16:00:00+00:00,5151.26,5162.67,5138.42,5149.82,10445,15
1772643600,2026-03-04T17:00:00+00:00,5149.77,5152.81,5120.48,5141.26,9331,15
1772647200,2026-03-04T18:00:00+00:00,5141.25,5143.57,5109.36,5133.42,9436,15
1772650800,2026-03-04T19:00:00+00:00,5133.92,5139.67,5123.46,5137.89,7196,15
1772654400,2026-03-04T20:00:00+00:00,5137.99,5146.53,5123.84,5135.52,7220,15
1772658000,2026-03-04T21:00:00+00:00,5135.65,5142.42,5129.93,5141.26,3495,15
1772665200,2026-03-04T23:00:00+00:00,5150.44,5165.76,5144.76,5165.2,3487,28
1772668800,2026-03-05T00:00:00+00:00,5165.2,5180.03,5159.2,5172.65,4548,15
1772672400,2026-03-05T01:00:00+00:00,5172.65,5186.34,5168.95,5172.67,8503,15
1772676000,2026-03-05T02:00:00+00:00,5172.67,5192.51,5171.82,5192.06,7741,15
1772679600,2026-03-05T03:00:00+00:00,5192.06,5194.88,5178.34,5180.29,5834,15
1772683200,2026-03-05T04:00:00+00:00,5179.98,5186.81,5166.38,5171.72,4545,15
1772686800,2026-03-05T05:00:00+00:00,5171.72,5176.9,5148.39,5148.67,6387,15
1772690400,2026-03-05T06:00:00+00:00,5148.68,5168.86,5121.15,5167.72,8876,15
1772694000,2026-03-05T07:00:00+00:00,5167.74,5172.79,5158.75,5162.07,7421,15
1772697600,2026-03-05T08:00:00+00:00,5162.07,5170.24,5137.94,5165.5,8193,15
1772701200,2026-03-05T09:00:00+00:00,5165.68,5180.49,5154.05,5161.02,8540,15
1772704800,2026-03-05T10:00:00+00:00,5160.99,5167.51,5146.19,5164.48,6440,15
1772708400,2026-03-05T11:00:00+00:00,5164.48,5168.08,5157.04,5163.89,5643,15
1772712000,2026-03-05T12:00:00+00:00,5163.92,5171.88,5161.2,5162.69,5651,15
1772715600,2026-03-05T13:00:00+00:00,5162.78,5164.21,5086.72,5118.37,9880,15
1772719200,2026-03-05T14:00:00+00:00,5118.43,5130.05,5091.01,5102.28,11200,15
1772722800,2026-03-05T15:00:00+00:00,5101.59,5119.9,5062.6,5102.72,11914,15
1772726400,2026-03-05T16:00:00+00:00,5102.69,5104.62,5054.47,5077.91,11341,15
1772730000,2026-03-05T17:00:00+00:00,5077.95,5089.72,5055.6,5063.41,11280,15
1772733600,2026-03-05T18:00:00+00:00,5063.36,5085.45,5051.79,5069.54,10772,15
1772737200,2026-03-05T19:00:00+00:00,5069.54,5081.56,5056.76,5066.08,10253,15
1772740800,2026-03-05T20:00:00+00:00,5065.83,5094.62,5061.81,5077.09,9793,15
1772744400,2026-03-05T21:00:00+00:00,5077.05,5085.02,5072.22,5081.03,3337,15
1772751600,2026-03-05T23:00:00+00:00,5080.98,5101.74,5079.61,5086.13,4157,28
1772755200,2026-03-06T00:00:00+00:00,5086.13,5092.48,5074.14,5084.76,5590,15
1772758800,2026-03-06T01:00:00+00:00,5084.55,5143.23,5068.12,5134.56,10020,15
1772762400,2026-03-06T02:00:00+00:00,5134.5,5138.35,5122.12,5126.4,7654,15
1772766000,2026-03-06T03:00:00+00:00,5126.4,5141.6,5124.18,5131.02,5744,15
1772769600,2026-03-06T04:00:00+00:00,5131.02,5136.39,5126.25,5127.48,3950,15
1772773200,2026-03-06T05:00:00+00:00,5127.48,5130.21,5114.55,5117.28,6367,15
1772776800,2026-03-06T06:00:00+00:00,5117.36,5123.05,5109.17,5115.77,6227,15
1772780400,2026-03-06T07:00:00+00:00,5115.76,5120.79,5106.18,5119.64,5977,15
1772784000,2026-03-06T08:00:00+00:00,5119.65,5123.23,5096.54,5108.64,7090,15
1772787600,2026-03-06T09:00:00+00:00,5108.64,5109.52,5083.34,5085.89,8408,15
1772791200,2026-03-06T10:00:00+00:00,5085.89,5092.63,5075.75,5090.91,7476,15
1772794800,2026-03-06T11:00:00+00:00,5091.16,5098.46,5062.92,5077.35,8005,15
1772798400,2026-03-06T12:00:00+00:00,5077.4,5096.88,5076.5,5083.66,8415,15
1772802000,2026-03-06T13:00:00+00:00,5083.6,5130.69,5065.76,5085.12,11080,15
1772805600,2026-03-06T14:00:00+00:00,5085.13,5130.37,5081.7,5130.2,11462,15
1772809200,2026-03-06T15:00:00+00:00,5130.14,5171.82,5128.84,5141.77,11908,15
1772812800,2026-03-06T16:00:00+00:00,5141.78,5153.35,5126.47,5140.02,10749,14
1772816400,2026-03-06T17:00:00+00:00,5139.86,5152.63,5129.03,5140.71,9721,14
1772820000,2026-03-06T18:00:00+00:00,5140.7,5167.68,5138.66,5161.02,8833,15
1772823600,2026-03-06T19:00:00+00:00,5160.99,5174.62,5156.83,5159.85,7722,15
1772827200,2026-03-06T20:00:00+00:00,5159.9,5162.82,5150.32,5153.2,7689,14
1772830800,2026-03-06T21:00:00+00:00,5153.03,5171.96,5150.58,5170.28,2762,15
1773007200,2026-03-08T22:00:00+00:00,5165.68,5168.91,5104.01,5130.3,6653,58
1773010800,2026-03-08T23:00:00+00:00,5130.29,5135.25,5044.41,5075.77,8509,15
1773014400,2026-03-09T00:00:00+00:00,5075.78,5079.48,5028.36,5050.03,9634,15
1773018000,2026-03-09T01:00:00+00:00,5050.03,5087.29,5015.04,5070.25,10327,15
1773021600,2026-03-09T02:00:00+00:00,5070.25,5099.11,5055.49,5095.06,10098,15
1773025200,2026-03-09T03:00:00+00:00,5094.59,5102.02,5081.64,5091.38,7390,15
1773028800,2026-03-09T04:00:00+00:00,5091.39,5097.2,5085.47,5090.27,5307,15
1773032400,2026-03-09T05:00:00+00:00,5090.27,5140.91,5081.21,5124.38,9340,15
1773036000,2026-03-09T06:00:00+00:00,5124.07,5133.94,5097.14,5097.64,9449,14
1773039600,2026-03-09T07:00:00+00:00,5097.66,5107.99,5088.98,5098.95,7616,15
1773043200,2026-03-09T08:00:00+00:00,5099.25,5110.88,5087.09,5096.76,8242,14
1773046800,2026-03-09T09:00:00+00:00,5096.18,5132.26,5095.28,5105.24,8540,14
1773050400,2026-03-09T10:00:00+00:00,5105.24,5111.09,5084.4,5087.28,6939,15
1773054000,2026-03-09T11:00:00+00:00,5087.28,5097.56,5079.74,5088.22,6894,15
1773057600,2026-03-09T12:00:00+00:00,5088.39,5112.18,5088.39,5094.82,6889,15
1773061200,2026-03-09T13:00:00+00:00,5094.82,5111.35,5067.6,5074.31,11325,15
1773064800,2026-03-09T14:00:00+00:00,5074.31,5115.96,5061.64,5094.05,12448,15
1773068400,2026-03-09T15:00:00+00:00,5094.55,5103.52,5079.8,5099.49,9727,15
1773072000,2026-03-09T16:00:00+00:00,5099.49,5110.42,5094.73,5104.64,7761,14
1773075600,2026-03-09T17:00:00+00:00,5104.64,5106.6,5088.98,5095.98,7740,15
1773079200,2026-03-09T18:00:00+00:00,5095.97,5126.28,5092.54,5123.04,6777,15
1773082800,2026-03-09T19:00:00+00:00,5123.04,5144.16,5118.19,5143.18,9631,15
1773086400,2026-03-09T20:00:00+00:00,5142.49,5147.85,5134.28,5136.76,4390,15
1773093600,2026-03-09T22:00:00+00:00,5148.9,5152.65,5119.3,5152.65,5942,28
1773097200,2026-03-09T23:00:00+00:00,5152.89,5156.11,5136.51,5139.71,5480,15
1773100800,2026-03-10T00:00:00+00:00,5139.53,5141.27,5125.09,5131.52,7674,15
1773104400,2026-03-10T01:00:00+00:00,5131.39,5186.27,5126.37,5184.29,10591,15
1773108000,2026-03-10T02:00:00+00:00,5184.27,5186.93,5163.89,5165.99,9056,15
1773111600,2026-03-10T03:00:00+00:00,5166.11,5173.85,5155.9,5157.61,6822,15
1773115200,2026-03-10T04:00:00+00:00,5157.5,5166.58,5154.37,5163.83,4664,15
1773118800,2026-03-10T05:00:00+00:00,5163.83,5179.44,5163.77,5178.01,5751,15
1773122400,2026-03-10T06:00:00+00:00,5178.01,5181.21,5171.74,5175.49,6312,15
1773126000,2026-03-10T07:00:00+00:00,5175.64,5181.32,5158.49,5181.13,7037,15
1773129600,2026-03-10T08:00:00+00:00,5181.15,5195.24,5175.14,5183.31,7145,14
1773133200,2026-03-10T09:00:00+00:00,5183.31,5189.52,5180.55,5182.48,6102,15
1773136800,2026-03-10T10:00:00+00:00,5182.48,5183.88,5156.43,5177.37,7655,15
1773140400,2026-03-10T11:00:00+00:00,5177.37,5192.07,5171.71,5175.35,7747,15
1773144000,2026-03-10T12:00:00+00:00,5175.54,5189.51,5162.59,5187.02,8022,14
1773147600,2026-03-10T13:00:00+00:00,5186.99,5228.83,5186.0,5205.52,11469,15
1773151200,2026-03-10T14:00:00+00:00,5205.52,5214.3,5185.47,5206.77,10073,14
1773154800,2026-03-10T15:00:00+00:00,5206.75,5238.76,5203.21,5228.66,9262,14
1773158400,2026-03-10T16:00:00+00:00,5228.66,5235.39,5222.53,5227.55,8015,14
1773162000,2026-03-10T17:00:00+00:00,5227.61,5235.33,5223.67,5227.45,8596,15
1773165600,2026-03-10T18:00:00+00:00,5227.54,5227.93,5160.82,5191.63,10956,15
1773169200,2026-03-10T19:00:00+00:00,5191.79,5207.53,5180.87,5198.09,9820,15
1773172800,2026-03-10T20:00:00+00:00,5198.08,5199.01,5191.6,5192.86,3556,14
1773180000,2026-03-10T22:00:00+00:00,5190.27,5197.76,5183.27,5189.35,4076,28
1773183600,2026-03-10T23:00:00+00:00,5189.3,5197.6,5187.73,5197.41,3246,15
1773187200,2026-03-11T00:00:00+00:00,5197.41,5219.46,5187.04,5215.31,6741,15
1773190800,2026-03-11T01:00:00+00:00,5215.21,5223.1,5208.57,5208.57,8552,15
1773194400,2026-03-11T02:00:00+00:00,5208.55,5220.51,5194.01,5217.48,6834,15
1773198000,2026-03-11T03:00:00+00:00,5217.48,5220.49,5199.34,5203.48,5275,15
1773201600,2026-03-11T04:00:00+00:00,5203.48,5208.77,5199.57,5204.41,3086,15
1773205200,2026-03-11T05:00:00+00:00,5204.57,5208.36,5191.74,5199.67,5984,15
1773208800,2026-03-11T06:00:00+00:00,5199.79,5210.93,5191.52,5197.73,6502,15
1773212400,2026-03-11T07:00:00+00:00,5197.73,5202.36,5184.82,5195.88,6266,15
1773216000,2026-03-11T08:00:00+00:00,5195.39,5198.74,5175.67,5187.75,6191,15
1773219600,2026-03-11T09:00:00+00:00,5187.68,5197.21,5179.76,5187.61,5529,15
1773223200,2026-03-11T10:00:00+00:00,5187.61,5195.33,5177.12,5186.03,5124,15
1773226800,2026-03-11T11:00:00+00:00,5186.31,5193.73,5177.45,5181.53,6056,15
1773230400,2026-03-11T12:00:00+00:00,5181.53,5195.32,5167.41,5167.62,8453,15
1773234000,2026-03-11T13:00:00+00:00,5167.64,5183.16,5149.61,5177.01,10997,15
1773237600,2026-03-11T14:00:00+00:00,5177.01,5196.13,5174.13,5183.27,11495,15
1773241200,2026-03-11T15:00:00+00:00,5183.25,5185.94,5164.62,5166.41,10043,15
1773244800,2026-03-11T16:00:00+00:00,5166.41,5177.9,5163.74,5175.78,8824,14
1773248400,2026-03-11T17:00:00+00:00,5175.77,5180.84,5155.43,5169.76,8358,15
1773252000,2026-03-11T18:00:00+00:00,5169.78,5178.26,5169.2,5172.47,6479,15
1773255600,2026-03-11T19:00:00+00:00,5172.66,5183.41,5169.34,5183.16,5427,15
1773259200,2026-03-11T20:00:00+00:00,5183.1,5183.39,5175.05,5176.02,2625,15
1773266400,2026-03-11T22:00:00+00:00,5182.17,5182.21,5129.85,5139.11,4813,28
1773270000,2026-03-11T23:00:00+00:00,5138.63,5157.78,5133.06,5134.26,5662,15
1773273600,2026-03-12T00:00:00+00:00,5134.3,5161.66,5125.84,5152.9,7142,15
1773277200,2026-03-12T01:00:00+00:00,5152.94,5173.14,5151.4,5168.47,8625,15
1773280800,2026-03-12T02:00:00+00:00,5168.47,5175.22,5145.77,5150.79,7747,15
1773284400,2026-03-12T03:00:00+00:00,5150.82,5155.62,5147.44,5153.03,5879,15
1773288000,2026-03-12T04:00:00+00:00,5153.15,5153.94,5140.51,5142.7,3549,15
1773291600,2026-03-12T05:00:00+00:00,5142.7,5157.53,5137.33,5154.66,6088,15
1773295200,2026-03-12T06:00:00+00:00,5154.66,5170.3,5147.42,5166.15,6637,15
1773298800,2026-03-12T07:00:00+00:00,5166.17,5185.43,5164.5,5182.03,5176,15
1773302400,2026-03-12T08:00:00+00:00,5182.32,5189.6,5175.79,5178.15,5694,14
1773306000,2026-03-12T09:00:00+00:00,5178.15,5190.21,5174.48,5188.39,5697,14
1773309600,2026-03-12T10:00:00+00:00,5188.17,5191.6,5176.84,5182.33,5512,15
1773313200,2026-03-12T11:00:00+00:00,5182.33,5183.73,5172.72,5179.01,5368,15
1773316800,2026-03-12T12:00:00+00:00,5179.49,5185.53,5163.91,5181.35,8327,15
1773320400,2026-03-12T13:00:00+00:00,5181.35,5186.17,5146.06,5151.4,11530,15
1773324000,2026-03-12T14:00:00+00:00,5151.26,5163.7,5138.52,5142.97,11804,15
1773327600,2026-03-12T15:00:00+00:00,5142.88,5144.42,5110.41,5132.35,11160,15
1773331200,2026-03-12T16:00:00+00:00,5132.35,5138.02,5121.54,5123.67,10012,14
1773334800,2026-03-12T17:00:00+00:00,5123.35,5129.88,5102.77,5105.53,9411,15
1773338400,2026-03-12T18:00:00+00:00,5105.53,5112.62,5090.86,5094.25,8167,15
1773342000,2026-03-12T19:00:00+00:00,5094.41,5097.0,5080.02,5084.89,8675,15
1773345600,2026-03-12T20:00:00+00:00,5084.96,5090.77,5055.25,5078.96,5853,15
1773352800,2026-03-12T22:00:00+00:00,5074.48,5096.05,5072.49,5095.88,4546,28
1773356400,2026-03-12T23:00:00+00:00,5095.89,5101.41,5088.92,5098.04,4242,15
1773360000,2026-03-13T00:00:00+00:00,5098.04,5115.21,5097.41,5113.78,4861,15
1773363600,2026-03-13T01:00:00+00:00,5113.78,5124.22,5108.93,5124.22,8055,15
1773367200,2026-03-13T02:00:00+00:00,5124.25,5128.67,5110.44,5112.08,6239,15
1773370800,2026-03-13T03:00:00+00:00,5112.08,5116.77,5106.53,5115.68,5603,15
1773374400,2026-03-13T04:00:00+00:00,5115.55,5118.04,5102.76,5104.43,3893,15
1773378000,2026-03-13T05:00:00+00:00,5104.29,5110.93,5098.12,5103.65,6167,15
1773381600,2026-03-13T06:00:00+00:00,5102.9,5107.8,5085.57,5088.16,8675,15
1773385200,2026-03-13T07:00:00+00:00,5087.95,5094.27,5071.76,5085.32,7122,15
1773388800,2026-03-13T08:00:00+00:00,5084.93,5088.04,5061.86,5087.49,8098,15
1773392400,2026-03-13T09:00:00+00:00,5087.51,5097.13,5083.07,5089.58,6860,15
1773396000,2026-03-13T10:00:00+00:00,5089.64,5098.42,5079.87,5094.92,6402,15
1773399600,2026-03-13T11:00:00+00:00,5094.92,5107.72,5086.34,5107.72,6133,15
1773403200,2026-03-13T12:00:00+00:00,5107.56,5121.82,5104.36,5118.3,8398,14
1773406800,2026-03-13T13:00:00+00:00,5118.37,5121.32,5096.69,5102.02,10171,15
1773410400,2026-03-13T14:00:00+00:00,5101.91,5108.06,5037.28,5041.87,11872,15
1773414000,2026-03-13T15:00:00+00:00,5042.15,5071.45,5032.11,5034.93,11415,15
1773417600,2026-03-13T16:00:00+00:00,5034.93,5053.1,5019.11,5045.94,11409,14
1773421200,2026-03-13T17:00:00+00:00,5045.78,5063.95,5043.59,5046.37,10021,15
1773424800,2026-03-13T18:00:00+00:00,5046.37,5051.86,5036.19,5046.6,8520,15
1773428400,2026-03-13T19:00:00+00:00,5046.62,5049.88,5009.76,5016.82,8674,15
1773432000,2026-03-13T20:00:00+00:00,5016.32,5025.41,5012.42,5024.84,3452,14
1773612000,2026-03-15T22:00:00+00:00,5015.47,5030.54,5000.99,5024.78,6171,58
1773615600,2026-03-15T23:00:00+00:00,5024.78,5025.94,4967.77,4997.59,9010,15
1773619200,2026-03-16T00:00:00+00:00,4997.52,5030.55,4997.1,5025.66,8165,15
1773622800,2026-03-16T01:00:00+00:00,5025.66,5026.52,4982.73,5016.1,10900,15
1773626400,2026-03-16T02:00:00+00:00,5016.1,5018.74,4997.81,5003.84,8732,15
1773630000,2026-03-16T03:00:00+00:00,5003.84,5020.7,4998.27,5019.13,6642,15
1773633600,2026-03-16T04:00:00+00:00,5019.13,5026.35,5012.59,5012.83,4210,15
1773637200,2026-03-16T05:00:00+00:00,5012.78,5020.23,5003.23,5017.69,5787,15
1773640800,2026-03-16T06:00:00+00:00,5017.69,5035.89,5005.61,5012.15,7562,15
1773644400,2026-03-16T07:00:00+00:00,5012.37,5016.53,4991.81,4995.59,6961,14
1773648000,2026-03-16T08:00:00+00:00,4995.6,5003.62,4985.1,4991.2,7940,15
1773651600,2026-03-16T09:00:00+00:00,4991.2,4991.65,4973.49,4975.64,7173,15
1773655200,2026-03-16T10:00:00+00:00,4975.61,4999.12,4970.32,4998.44,7703,15
1773658800,2026-03-16T11:00:00+00:00,4998.47,5022.59,4995.3,4996.86,7349,15
1773662400,2026-03-16T12:00:00+00:00,4996.89,5024.85,4994.24,5019.88,8084,15
1773666000,2026-03-16T13:00:00+00:00,5019.88,5034.3,5013.88,5029.72,10097,15
1773669600,2026-03-16T14:00:00+00:00,5029.72,5037.72,4988.2,4996.94,10551,15
1773673200,2026-03-16T15:00:00+00:00,4996.38,5005.63,4984.06,4987.22,9518,15
1773676800,2026-03-16T16:00:00+00:00,4987.23,4999.0,4974.27,4990.7,9115,15
1773680400,2026-03-16T17:00:00+00:00,4990.7,5003.86,4984.0,4991.48,8701,15
1773684000,2026-03-16T18:00:00+00:00,4991.48,5017.95,4990.03,5012.98,7494,15
1773687600,2026-03-16T19:00:00+00:00,5012.98,5020.3,5008.25,5013.38,6961,15
1773691200,2026-03-16T20:00:00+00:00,5013.37,5021.54,5004.74,5006.25,3374,15
1773698400,2026-03-16T22:00:00+00:00,5010.62,5016.02,4998.7,5002.43,3589,28
1773702000,2026-03-16T23:00:00+00:00,5002.43,5015.54,5002.15,5012.93,3250,15
1773705600,2026-03-17T00:00:00+00:00,5012.94,5014.28,4998.51,5003.15,5482,15
1773709200,2026-03-17T01:00:00+00:00,5003.15,5028.04,4995.09,5027.98,8244,15
1773712800,2026-03-17T02:00:00+00:00,5027.92,5029.36,5019.89,5022.58,6184,15
1773716400,2026-03-17T03:00:00+00:00,5022.58,5033.46,5020.49,5027.49,5217,15
1773720000,2026-03-17T04:00:00+00:00,5027.49,5041.75,5026.31,5037.85,4722,15
1773723600,2026-03-17T05:00:00+00:00,5037.85,5044.63,5020.03,5020.84,6687,15
1773727200,2026-03-17T06:00:00+00:00,5020.79,5022.82,5005.19,5010.34,7796,14
1773730800,2026-03-17T07:00:00+00:00,5010.35,5028.1,5009.07,5021.32,5504,15
1773734400,2026-03-17T08:00:00+00:00,5021.56,5029.54,5018.34,5025.06,6068,14
1773738000,2026-03-17T09:00:00+00:00,5025.04,5025.94,5009.83,5010.24,6037,14
1773741600,2026-03-17T10:00:00+00:00,5010.13,5016.15,4992.3,5000.46,6513,14
1773745200,2026-03-17T11:00:00+00:00,5000.37,5011.38,4997.05,5003.42,5165,14
1773748800,2026-03-17T12:00:00+00:00,5003.36,5023.94,4999.35,5011.8,7457,15
1773752400,2026-03-17T13:00:00+00:00,5011.8,5031.53,5005.57,5016.61,9934,15
1773756000,2026-03-17T14:00:00+00:00,5016.67,5020.53,5003.02,5007.68,9832,15
1773759600,2026-03-17T15:00:00+00:00,5007.68,5017.36,4974.93,4998.04,10419,14
1773763200,2026-03-17T16:00:00+00:00,4998.04,5005.9,4991.81,5001.89,9226,15
1773766800,2026-03-17T17:00:00+00:00,5001.69,5008.66,4996.63,5002.43,7203,15
1773770400,2026-03-17T18:00:00+00:00,5002.44,5009.16,4999.97,5003.99,5657,15
1773774000,2026-03-17T19:00:00+00:00,5003.93,5005.71,4996.58,5000.36,6340,15
1773777600,2026-03-17T20:00:00+00:00,5000.44,5006.35,4999.8,5005.59,2864,15
1773784800,2026-03-17T22:00:00+00:00,5005.37,5005.44,4993.45,4999.77,2454,28
1773788400,2026-03-17T23:00:00+00:00,4999.79,5003.63,4998.86,5002.93,2014,15
1773792000,2026-03-18T00:00:00+00:00,5002.93,5012.38,5000.1,5004.43,4626,15
1773795600,2026-03-18T01:00:00+00:00,5004.38,5015.9,4991.38,4998.94,7252,15
1773799200,2026-03-18T02:00:00+00:00,4999.33,5007.12,4990.59,4992.03,6182,15
1773802800,2026-03-18T03:00:00+00:00,4991.96,4997.53,4986.41,4991.49,5593,15
1773806400,2026-03-18T04:00:00+00:00,4991.48,4993.34,4981.78,4987.28,3934,15
1773810000,2026-03-18T05:00:00+00:00,4987.28,5002.43,4984.78,4997.89,5533,15
1773813600,2026-03-18T06:00:00+00:00,4997.87,5016.42,4996.25,5009.36,6230,14
1773817200,2026-03-18T07:00:00+00:00,5009.34,5014.79,4990.34,4994.91,5066,15
1773820800,2026-03-18T08:00:00+00:00,4994.91,4996.76,4977.37,4987.51,6478,14
1773824400,2026-03-18T09:00:00+00:00,4987.54,4995.76,4984.6,4992.18,4850,15
1773828000,2026-03-18T10:00:00+00:00,4992.23,4992.23,4959.07,4967.79,6547,15
1773831600,2026-03-18T11:00:00+00:00,4967.77,4973.94,4924.96,4930.19,9370,15
1773835200,2026-03-18T12:00:00+00:00,4930.24,4932.53,4870.79,4881.71,10863,14
1773838800,2026-03-18T13:00:00+00:00,4881.61,4885.32,4834.42,4878.05,12289,14
1773842400,2026-03-18T14:00:00+00:00,4878.18,4894.79,4856.79,4869.61,11299,15
1773846000,2026-03-18T15:00:00+00:00,4869.61,4880.19,4861.2,4862.44,9368,15
1773849600,2026-03-18T16:00:00+00:00,4862.5,4890.42,4861.01,4887.42,8855,14
1773853200,2026-03-18T17:00:00+00:00,4886.89,4898.99,4884.02,4890.51,8342,14
1773856800,2026-03-18T18:00:00+00:00,4890.77,4899.33,4852.46,4853.04,10921,15
1773860400,2026-03-18T19:00:00+00:00,4853.04,4865.34,4839.63,4843.48,10421,14
1773864000,2026-03-18T20:00:00+00:00,4843.46,4848.71,4806.83,4818.73,6866,15
1773871200,2026-03-18T22:00:00+00:00,4829.27,4838.7,4805.5,4834.51,6589,28
1773874800,2026-03-18T23:00:00+00:00,4834.55,4842.55,4828.39,4836.99,5450,15
1773878400,2026-03-19T00:00:00+00:00,4836.96,4848.61,4835.53,4841.37,6311,14
1773882000,2026-03-19T01:00:00+00:00,4841.37,4867.16,4833.07,4849.93,8877,15
1773885600,2026-03-19T02:00:00+00:00,4849.94,4862.06,4841.47,4858.79,7332,15
1773889200,2026-03-19T03:00:00+00:00,4858.74,4865.87,4850.74,4850.8,5668,15
1773892800,2026-03-19T04:00:00+00:00,4850.8,4853.83,4845.73,4849.92,4104,14
1773896400,2026-03-19T05:00:00+00:00,4849.9,4853.71,4827.08,4827.64,7317,15
1773900000,2026-03-19T06:00:00+00:00,4827.6,4842.26,4748.67,4766.08,10665,15
1773903600,2026-03-19T07:00:00+00:00,4763.91,4784.45,4727.41,4727.87,9542,15
1773907200,2026-03-19T08:00:00+00:00,4727.82,4740.41,4686.82,4709.04,10560,14
1773910800,2026-03-19T09:00:00+00:00,4709.32,4725.99,4687.81,4699.17,10756,14
1773914400,2026-03-19T10:00:00+00:00,4699.17,4719.7,4666.75,4679.28,9436,15
1773918000,2026-03-19T11:00:00+00:00,4679.28,4699.66,4651.63,4652.9,9633,14
1773921600,2026-03-19T12:00:00+00:00,4652.01,4654.16,4533.37,4574.29,10859,15
1773925200,2026-03-19T13:00:00+00:00,4574.13,4620.99,4502.66,4613.18,10240,15
1773928800,2026-03-19T14:00:00+00:00,4620.97,4648.98,4581.64,4600.8,11950,15
1773932400,2026-03-19T15:00:00+00:00,4601.73,4638.6,4566.5,4596.47,12070,15
1773936000,2026-03-19T16:00:00+00:00,4596.47,4626.1,4576.99,4584.91,11959,15
1773939600,2026-03-19T17:00:00+00:00,4584.95,4629.78,4573.89,4616.17,11457,15
1773943200,2026-03-19T18:00:00+00:00,4616.17,4623.18,4596.31,4622.91,10364,15
1773946800,2026-03-19T19:00:00+00:00,4622.95,4663.33,4622.95,4644.23,11759,15
1773950400,2026-03-19T20:00:00+00:00,4644.11,4662.0,4643.23,4653.92,5415,15
1773957600,2026-03-19T22:00:00+00:00,4659.41,4677.11,4636.26,4636.46,5602,28
1773961200,2026-03-19T23:00:00+00:00,4636.43,4648.01,4634.23,4643.82,5000,15
1773964800,2026-03-20T00:00:00+00:00,4643.64,4665.04,4643.01,4648.67,5934,15
1773968400,2026-03-20T01:00:00+00:00,4648.34,4699.35,4639.6,4677.28,9952,15
1773972000,2026-03-20T02:00:00+00:00,4677.82,4703.93,4670.57,4697.19,7929,15
1773975600,2026-03-20T03:00:00+00:00,4698.0,4736.05,4693.29,4725.94,7953,15
1773979200,2026-03-20T04:00:00+00:00,4725.94,4727.73,4715.38,4721.76,4506,15
1773982800,2026-03-20T05:00:00+00:00,4721.67,4723.59,4685.58,4687.93,7767,15
1773986400,2026-03-20T06:00:00+00:00,4688.49,4701.24,4661.4,4669.21,9736,14
1773990000,2026-03-20T07:00:00+00:00,4669.12,4708.14,4667.88,4706.25,7047,15
1773993600,2026-03-20T08:00:00+00:00,4706.25,4734.87,4684.92,4693.88,8529,15
1773997200,2026-03-20T09:00:00+00:00,4693.88,4700.69,4660.42,4667.9,7979,14
1774000800,2026-03-20T10:00:00+00:00,4667.9,4670.32,4638.12,4645.49,9229,15
1774004400,2026-03-20T11:00:00+00:00,4645.45,4674.22,4637.21,4671.79,8675,14
1774008000,2026-03-20T12:00:00+00:00,4671.88,4695.73,4661.9,4678.22,10471,15
1774011600,2026-03-20T13:00:00+00:00,4678.22,4679.08,4613.71,4616.31,12057,15
1774015200,2026-03-20T14:00:00+00:00,4616.5,4622.68,4550.1,4564.25,12206,15
1774018800,2026-03-20T15:00:00+00:00,4563.76,4580.3,4540.86,4553.61,12171,14
1774022400,2026-03-20T16:00:00+00:00,4553.65,4613.99,4552.22,4583.29,12035,14
1774026000,2026-03-20T17:00:00+00:00,4583.32,4600.45,4554.81,4573.62,11411,14
1774029600,2026-03-20T18:00:00+00:00,4573.74,4578.59,4478.79,4499.91,11596,15
1774033200,2026-03-20T19:00:00+00:00,4499.95,4516.64,4485.46,4500.45,11990,15
1774036800,2026-03-20T20:00:00+00:00,4500.26,4514.3,4493.77,4503.35,5822,15
1774216800,2026-03-22T22:00:00+00:00,4476.04,4534.7,4472.19,4497.89,7340,58
1774220400,2026-03-22T23:00:00+00:00,4497.89,4510.86,4452.96,4464.63,8487,15
1774224000,2026-03-23T00:00:00+00:00,4464.63,4473.18,4320.44,4354.34,9440,15
1774227600,2026-03-23T01:00:00+00:00,4354.35,4453.39,4333.04,4387.41,10441,15
1774231200,2026-03-23T02:00:00+00:00,4387.43,4422.11,4354.95,4360.77,10713,15
1774234800,2026-03-23T03:00:00+00:00,4360.8,4377.51,4334.76,4352.93,10018,15
1774238400,2026-03-23T04:00:00+00:00,4352.94,4381.86,4349.93,4367.68,8100,15
1774242000,2026-03-23T05:00:00+00:00,4367.66,4380.07,4302.22,4310.11,10012,15
1774245600,2026-03-23T06:00:00+00:00,4309.81,4310.18,4163.74,4220.59,10475,14
1774249200,2026-03-23T07:00:00+00:00,4220.57,4231.91,4099.17,4203.55,8759,14
1774252800,2026-03-23T08:00:00+00:00,4204.44,4270.5,4203.63,4251.08,10778,14
1774256400,2026-03-23T09:00:00+00:00,4251.15,4308.52,4223.62,4255.38,10536,14
1774260000,2026-03-23T10:00:00+00:00,4253.47,4280.59,4241.09,4268.95,10291,15
1774263600,2026-03-23T11:00:00+00:00,4269.2,4462.24,4269.2,4377.22,8438,15
1774267200,2026-03-23T12:00:00+00:00,4377.75,4492.57,4336.84,4478.54,10779,15
1774270800,2026-03-23T13:00:00+00:00,4478.93,4484.12,4401.62,4454.26,10300,15
1774274400,2026-03-23T14:00:00+00:00,4454.41,4512.89,4453.71,4461.99,12111,15
1774278000,2026-03-23T15:00:00+00:00,4462.04,4487.01,4351.31,4364.0,11746,15
1774281600,2026-03-23T16:00:00+00:00,4363.4,4391.8,4352.76,4374.6,12116,14
1774285200,2026-03-23T17:00:00+00:00,4380.05,4438.89,4371.13,4426.29,12346,15
1774288800,2026-03-23T18:00:00+00:00,4426.44,4467.17,4403.43,4448.98,11968,15
1774292400,2026-03-23T19:00:00+00:00,4448.52,4450.52,4393.05,4398.43,11335,15
1774296000,2026-03-23T20:00:00+00:00,4398.87,4413.2,4382.76,4406.46,6311,15
1774303200,2026-03-23T22:00:00+00:00,4418.31,4431.22,4361.29,4426.79,6145,28
1774306800,2026-03-23T23:00:00+00:00,4426.2,4448.16,4422.26,4441.25,7101,14
1774310400,2026-03-24T00:00:00+00:00,4441.18,4446.73,4331.49,4365.93,10085,15
1774314000,2026-03-24T01:00:00+00:00,4365.55,4374.19,4309.18,4322.01,11232,15
1774317600,2026-03-24T02:00:00+00:00,4322.11,4379.51,4306.06,4366.1,11438,15
1774321200,2026-03-24T03:00:00+00:00,4366.15,4368.03,4335.29,4347.39,10242,15
1774324800,2026-03-24T04:00:00+00:00,4347.23,4357.28,4326.65,4333.56,8415,15
1774328400,2026-03-24T05:00:00+00:00,4333.47,4372.93,4320.06,4347.25,10742,15
1774332000,2026-03-24T06:00:00+00:00,4347.14,4405.38,4344.05,4402.39,11630,15
1774335600,2026-03-24T07:00:00+00:00,4402.22,4431.98,4400.11,4417.68,10916,15
1774339200,2026-03-24T08:00:00+00:00,4417.3,4421.22,4391.47,4412.03,10811,14
1774342800,2026-03-24T09:00:00+00:00,4412.35,4430.84,4396.18,4426.33,9403,14
1774346400,2026-03-24T10:00:00+00:00,4426.33,4441.68,4414.82,4438.65,9448,15
1774350000,2026-03-24T11:00:00+00:00,4438.82,4442.22,4380.84,4408.09,9856,15
1774353600,2026-03-24T12:00:00+00:00,4408.49,4427.54,4362.26,4378.87,10851,15
1774357200,2026-03-24T13:00:00+00:00,4379.11,4389.79,4352.17,4381.74,11665,15
1774360800,2026-03-24T14:00:00+00:00,4381.47,4432.79,4381.22,4415.38,12873,15
1774364400,2026-03-24T15:00:00+00:00,4415.58,4430.4,4396.38,4411.6,12165,15
1774368000,2026-03-24T16:00:00+00:00,4411.54,4427.47,4402.82,4421.45,11214,14
1774371600,2026-03-24T17:00:00+00:00,4421.43,4426.37,4372.55,4388.71,12285,15
1774375200,2026-03-24T18:00:00+00:00,4388.67,4423.39,4384.09,4389.65,11906,14
1774378800,2026-03-24T19:00:00+00:00,4389.67,4411.3,4388.79,4400.26,9754,15
1774382400,2026-03-24T20:00:00+00:00,4400.22,4484.29,4397.35,4474.29,8344,15
1774389600,2026-03-24T22:00:00+00:00,4477.49,4485.19,4455.75,4484.62,6393,28
1774393200,2026-03-24T23:00:00+00:00,4484.62,4550.66,4471.67,4546.91,8173,15
1774396800,2026-03-25T00:00:00+00:00,4546.95,4572.07,4537.77,4563.46,8891,15
1774400400,2026-03-25T01:00:00+00:00,4563.68,4601.18,4552.73,4595.19,10432,15
1774404000,2026-03-25T02:00:00+00:00,4595.22,4602.31,4579.92,4583.9,9169,15
1774407600,2026-03-25T03:00:00+00:00,4583.88,4586.43,4567.74,4570.19,7289,15
1774411200,2026-03-25T04:00:00+00:00,4570.19,4574.72,4565.9,4572.84,4454,15
1774414800,2026-03-25T05:00:00+00:00,4573.24,4573.55,4549.4,4555.96,7351,15
1774418400,2026-03-25T06:00:00+00:00,4555.98,4557.0,4532.9,4545.47,8282,15
1774422000,2026-03-25T07:00:00+00:00,4545.47,4563.21,4536.94,4539.32,7253,15
1774425600,2026-03-25T08:00:00+00:00,4539.32,4567.69,4535.94,4557.6,8979,15
1774429200,2026-03-25T09:00:00+00:00,4556.34,4567.63,4528.21,4551.71,8151,15
1774432800,2026-03-25T10:00:00+00:00,4551.92,4562.43,4551.26,4558.8,6953,15
1774436400,2026-03-25T11:00:00+00:00,4558.89,4585.62,4555.99,4579.14,7716,15
1774440000,2026-03-25T12:00:00+00:00,4579.02,4583.89,4522.37,4543.98,10331,15
1774443600,2026-03-25T13:00:00+00:00,4543.95,4576.24,4541.14,4544.86,11742,15
1774447200,2026-03-25T14:00:00+00:00,4544.86,4579.44,4534.3,4567.15,11993,15
1774450800,2026-03-25T15:00:00+00:00,4567.22,4568.83,4525.97,4559.05,11547,15
1774454400,2026-03-25T16:00:00+00:00,4559.24,4564.74,4545.38,4555.26,10557,14
1774458000,2026-03-25T17:00:00+00:00,4555.13,4563.83,4542.8,4550.75,9365,15
1774461600,2026-03-25T18:00:00+00:00,4550.73,4568.94,4531.45,4538.26,9329,15
1774465200,2026-03-25T19:00:00+00:00,4538.28,4539.57,4487.01,4530.9,10224,14
1774468800,2026-03-25T20:00:00+00:00,4531.0,4542.29,4495.37,4506.77,5650,15
1774476000,2026-03-25T22:00:00+00:00,4518.01,4534.77,4506.0,4517.37,5912,28
1774479600,2026-03-25T23:00:00+00:00,4517.43,4517.98,4489.1,4498.35,6145,15
1774483200,2026-03-26T00:00:00+00:00,4498.35,4539.19,4498.31,4535.7,7456,15
1774486800,2026-03-26T01:00:00+00:00,4535.7,4544.45,4522.68,4535.54,8889,15
1774490400,2026-03-26T02:00:00+00:00,4535.6,4535.8,4505.98,4508.93,8129,15
1774494000,2026-03-26T03:00:00+00:00,4508.93,4518.9,4499.89,4516.81,6827,14
1774497600,2026-03-26T04:00:00+00:00,4517.26,4524.17,4511.78,4520.5,4735,14
1774501200,2026-03-26T05:00:00+00:00,4520.5,4522.22,4438.89,4438.89,8721,15
1774504800,2026-03-26T06:00:00+00:00,4438.97,4459.63,4415.74,4456.58,10261,15
1774508400,2026-03-26T07:00:00+00:00,4456.58,4463.76,4439.15,4452.8,8504,15
1774512000,2026-03-26T08:00:00+00:00,4451.95,4459.39,4414.2,4427.93,9613,15
1774515600,2026-03-26T09:00:00+00:00,4427.67,4436.97,4414.73,4423.74,9129,15
1774519200,2026-03-26T10:00:00+00:00,4423.75,4448.2,4417.57,4443.07,8487,15
1774522800,2026-03-26T11:00:00+00:00,4443.88,4456.27,4419.32,4423.13,8687,15
1774526400,2026-03-26T12:00:00+00:00,4423.52,4445.7,4418.14,4429.76,9763,15
1774530000,2026-03-26T13:00:00+00:00,4429.57,4460.58,4420.5,4452.73,11524,15
1774533600,2026-03-26T14:00:00+00:00,4452.81,4479.06,4437.46,4466.81,12264,15
1774537200,2026-03-26T15:00:00+00:00,4465.52,4468.93,4434.11,4438.3,11330,15
1774540800,2026-03-26T16:00:00+00:00,4438.23,4442.74,4367.34,4389.29,10992,14
1774544400,2026-03-26T17:00:00+00:00,4388.86,4402.39,4377.25,4381.6,10722,15
1774548000,2026-03-26T18:00:00+00:00,4381.45,4397.84,4368.25,4394.6,9800,15
1774551600,2026-03-26T19:00:00+00:00,4394.7,4399.26,4359.22,4364.08,9595,15
1774555200,2026-03-26T20:00:00+00:00,4364.17,4420.56,4351.28,4378.49,8901,15
1774562400,2026-03-26T22:00:00+00:00,4386.08,4415.34,4380.5,4411.69,4834,28
1774566000,2026-03-26T23:00:00+00:00,4411.58,4414.47,4389.91,4404.93,4182,15
1774569600,2026-03-27T00:00:00+00:00,4404.93,4411.15,4376.03,4378.73,6271,15
1774573200,2026-03-27T01:00:00+00:00,4378.73,4420.33,4378.17,4417.3,8325,15
1774576800,2026-03-27T02:00:00+00:00,4417.35,4440.49,4417.08,4432.06,7658,15
1774580400,2026-03-27T03:00:00+00:00,4432.03,4446.26,4421.27,4437.47,6459,15
1774584000,2026-03-27T04:00:00+00:00,4437.47,4449.5,4431.62,4446.13,4252,15
1774587600,2026-03-27T05:00:00+00:00,4445.76,4475.27,4440.54,4454.72,7578,15
1774591200,2026-03-27T06:00:00+00:00,4454.37,4472.86,4451.85,4459.54,7791,15
1774594800,2026-03-27T07:00:00+00:00,4459.37,4463.14,4443.06,4447.78,6350,15
1774598400,2026-03-27T08:00:00+00:00,4447.6,4450.67,4423.71,4424.22,8145,15
1774602000,2026-03-27T09:00:00+00:00,4424.25,4438.27,4420.88,4429.02,7531,15
1774605600,2026-03-27T10:00:00+00:00,4429.02,4432.98,4411.03,4414.74,7180,15
1774609200,2026-03-27T11:00:00+00:00,4414.82,4426.23,4404.35,4420.17,7543,15
1774612800,2026-03-27T12:00:00+00:00,4420.02,4445.25,4412.79,4437.77,8222,15
1774616400,2026-03-27T13:00:00+00:00,4437.94,4443.89,4413.85,4432.44,11002,15
1774620000,2026-03-27T14:00:00+00:00,4431.6,4514.54,4431.08,4509.9,11517,15
1774623600,2026-03-27T15:00:00+00:00,4509.81,4554.82,4503.35,4523.94,11882,15
1774627200,2026-03-27T16:00:00+00:00,4524.1,4533.57,4505.46,4516.03,10215,15
1774630800,2026-03-27T17:00:00+00:00,4516.19,4522.01,4486.45,4486.88,10153,15
1774634400,2026-03-27T18:00:00+00:00,4486.74,4528.62,4486.74,4516.7,9221,15
1774638000,2026-03-27T19:00:00+00:00,4516.7,4526.19,4500.75,4514.27,8783,15
1774641600,2026-03-27T20:00:00+00:00,4514.34,4517.47,4498.88,4505.6,4080,15
1774821600,2026-03-29T22:00:00+00:00,4512.04,4512.74,4480.68,4484.51,6746,58
1774825200,2026-03-29T23:00:00+00:00,4484.45,4492.25,4443.98,4448.39,7345,15
1774828800,2026-03-30T00:00:00+00:00,4448.96,4466.92,4420.28,4432.25,9864,15
1774832400,2026-03-30T01:00:00+00:00,4431.96,4475.86,4431.96,4469.99,10898,15
1774836000,2026-03-30T02:00:00+00:00,4469.44,4499.19,4458.98,4481.4,9636,15
1774839600,2026-03-30T03:00:00+00:00,4481.36,4517.26,4479.0,4496.24,8441,15
1774843200,2026-03-30T04:00:00+00:00,4496.24,4498.85,4486.36,4496.83,6256,15
1774846800,2026-03-30T05:00:00+00:00,4496.83,4528.46,4496.83,4522.54,8414,15
1774850400,2026-03-30T06:00:00+00:00,4522.58,4550.65,4517.18,4532.63,9256,15
1774854000,2026-03-30T07:00:00+00:00,4532.63,4534.63,4516.03,4527.48,8460,14
1774857600,2026-03-30T08:00:00+00:00,4527.49,4540.41,4525.32,4538.02,7624,15
1774861200,2026-03-30T09:00:00+00:00,4538.02,4540.4,4523.8,4532.44,7810,15
1774864800,2026-03-30T10:00:00+00:00,4533.27,4539.96,4527.92,4532.52,6853,15
1774868400,2026-03-30T11:00:00+00:00,4532.55,4580.54,4525.56,4559.56,9321,15
1774872000,2026-03-30T12:00:00+00:00,4559.58,4577.78,4545.66,4569.42,9066,14
1774875600,2026-03-30T13:00:00+00:00,4569.42,4578.8,4517.65,4523.4,11140,15
1774879200,2026-03-30T14:00:00+00:00,4523.28,4541.4,4512.53,4538.37,12224,15
1774882800,2026-03-30T15:00:00+00:00,4538.57,4556.85,4524.89,4548.37,11217,14
1774886400,2026-03-30T16:00:00+00:00,4548.45,4549.79,4532.77,4540.07,9894,15
1774890000,2026-03-30T17:00:00+00:00,4539.78,4542.33,4511.36,4515.05,10273,15
1774893600,2026-03-30T18:00:00+00:00,4514.93,4523.09,4498.62,4499.14,8770,15
1774897200,2026-03-30T19:00:00+00:00,4499.12,4518.52,4493.19,4513.75,10221,14
1774900800,2026-03-30T20:00:00+00:00,4513.64,4516.48,4501.12,4511.07,4229,15
1774908000,2026-03-30T22:00:00+00:00,4514.78,4520.79,4502.21,4514.04,3825,28
1774911600,2026-03-30T23:00:00+00:00,4510.16,4521.51,4493.65,4513.88,6226,15
1774915200,2026-03-31T00:00:00+00:00,4513.88,4548.23,4482.73,4547.91,9942,15
1774918800,2026-03-31T01:00:00+00:00,4547.65,4619.63,4532.36,4605.28,11369,15
1774922400,2026-03-31T02:00:00+00:00,4605.39,4607.36,4565.85,4568.49,9945,15
1774926000,2026-03-31T03:00:00+00:00,4568.14,4577.1,4550.32,4557.34,7771,14
1774929600,2026-03-31T04:00:00+00:00,4557.34,4569.19,4557.15,4564.82,5835,15
1774933200,2026-03-31T05:00:00+00:00,4564.82,4581.82,4548.26,4569.01,7995,15
1774936800,2026-03-31T06:00:00+00:00,4569.01,4569.24,4553.36,4557.37,8384,14
1774940400,2026-03-31T07:00:00+00:00,4557.72,4565.82,4544.2,4564.57,7900,14
1774944000,2026-03-31T08:00:00+00:00,4564.57,4575.21,4560.6,4568.66,7846,14
1774947600,2026-03-31T09:00:00+00:00,4568.63,4572.27,4550.38,4555.8,8024,15
1774951200,2026-03-31T10:00:00+00:00,4555.76,4562.11,4532.8,4547.17,7143,14
1774954800,2026-03-31T11:00:00+00:00,4547.29,4593.36,4541.46,4582.37,10538,15
1774958400,2026-03-31T12:00:00+00:00,4582.46,4597.63,4569.36,4574.95,10263,15
1774962000,2026-03-31T13:00:00+00:00,4574.95,4609.72,4568.0,4607.51,10878,15
1774965600,2026-03-31T14:00:00+00:00,4607.2,4630.05,4595.04,4599.13,12562,15
1774969200,2026-03-31T15:00:00+00:00,4599.2,4625.39,4599.2,4609.38,11620,14
1774972800,2026-03-31T16:00:00+00:00,4609.38,4651.42,4607.12,4638.31,10859,14
1774976400,2026-03-31T17:00:00+00:00,4638.31,4667.43,4636.43,4655.01,12497,15
1774980000,2026-03-31T18:00:00+00:00,4654.56,4671.1,4653.55,4667.6,9935,15
1774983600,2026-03-31T19:00:00+00:00,4667.58,4685.67,4661.81,4683.05,10032,14
1774987200,2026-03-31T20:00:00+00:00,4683.1,4687.08,4664.71,4667.19,5498,15
1774994400,2026-03-31T22:00:00+00:00,4681.77,4696.16,4662.1,4680.53,5676,28
1774998000,2026-03-31T23:00:00+00:00,4680.66,4700.16,4672.04,4696.51,6197,15
1775001600,2026-04-01T00:00:00+00:00,4695.72,4722.68,4693.56,4710.88,8752,15
1775005200,2026-04-01T01:00:00+00:00,4710.87,4723.89,4681.58,4692.91,10562,15
1775008800,2026-04-01T02:00:00+00:00,4692.92,4700.58,4678.2,4684.41,8074,15
1775012400,2026-04-01T03:00:00+00:00,4684.38,4694.51,4679.73,4681.93,6493,15
1775016000,2026-04-01T04:00:00+00:00,4681.94,4682.05,4666.98,4676.59,5618,15
1775019600,2026-04-01T05:00:00+00:00,4676.63,4703.72,4674.99,4684.55,7436,15
1775023200,2026-04-01T06:00:00+00:00,4684.56,4732.89,4682.75,4730.57,9531,14
1775026800,2026-04-01T07:00:00+00:00,4730.54,4747.8,4709.77,4713.01,9647,15
1775030400,2026-04-01T08:00:00+00:00,4712.96,4740.47,4710.53,4728.72,8228,14
1775034000,2026-04-01T09:00:00+00:00,4728.73,4730.19,4713.13,4723.19,7317,15
1775037600,2026-04-01T10:00:00+00:00,4723.14,4738.82,4715.21,4731.4,6719,15
1775041200,2026-04-01T11:00:00+00:00,4731.39,4762.88,4728.28,4754.46,7437,15
1775044800,2026-04-01T12:00:00+00:00,4753.59,4753.84,4724.64,4725.02,9561,14
1775048400,2026-04-01T13:00:00+00:00,4724.48,4749.59,4716.61,4738.35,11718,15
1775052000,2026-04-01T14:00:00+00:00,4738.36,4768.8,4724.4,4760.8,12158,15
1775055600,2026-04-01T15:00:00+00:00,4760.76,4788.11,4758.54,4786.52,10368,15
1775059200,2026-04-01T16:00:00+00:00,4786.6,4790.66,4774.36,4787.34,8927,15
1775062800,2026-04-01T17:00:00+00:00,4787.22,4793.04,4773.83,4774.4,8597,14
1775066400,2026-04-01T18:00:00+00:00,4774.4,4775.27,4742.4,4753.2,11101,15
1775070000,2026-04-01T19:00:00+00:00,4753.29,4778.22,4751.34,4765.63,9382,15
1775073600,2026-04-01T20:00:00+00:00,4765.96,4771.16,4754.01,4758.05,4420,15
1775080800,2026-04-01T22:00:00+00:00,4753.33,4781.39,4749.86,4776.42,3969,28
1775084400,2026-04-01T23:00:00+00:00,4776.57,4800.32,4773.47,4784.12,6856,15
1775088000,2026-04-02T00:00:00+00:00,4784.12,4798.72,4775.26,4786.02,8427,15
1775091600,2026-04-02T01:00:00+00:00,4784.67,4785.5,4653.75,4696.55,10235,15
1775095200,2026-04-02T02:00:00+00:00,4696.02,4703.95,4656.39,4687.07,10416,15
1775098800,2026-04-02T03:00:00+00:00,4687.07,4699.46,4676.06,4676.42,8315,15
1775102400,2026-04-02T04:00:00+00:00,4676.47,4681.79,4657.22,4671.4,6810,15
1775106000,2026-04-02T05:00:00+00:00,4672.79,4680.64,4585.97,4594.34,8704,15
1775109600,2026-04-02T06:00:00+00:00,4594.36,4608.7,4554.11,4599.28,10501,15
1775113200,2026-04-02T07:00:00+00:00,4598.55,4651.44,4597.19,4642.75,8585,14
1775116800,2026-04-02T08:00:00+00:00,4642.77,4648.62,4617.8,4620.96,8366,15
1775120400,2026-04-02T09:00:00+00:00,4620.92,4631.99,4613.33,4621.7,6879,15
1775124000,2026-04-02T10:00:00+00:00,4621.7,4635.19,4604.4,4620.4,7468,15
1775127600,2026-04-02T11:00:00+00:00,4620.39,4630.78,4593.2,4600.12,8413,15
1775131200,2026-04-02T12:00:00+00:00,4600.12,4630.21,4594.76,4601.65,9605,15
1775134800,2026-04-02T13:00:00+00:00,4601.86,4651.31,4580.88,4646.01,12241,14
1775138400,2026-04-02T14:00:00+00:00,4646.23,4699.19,4632.03,4681.44,12567,15
1775142000,2026-04-02T15:00:00+00:00,4681.35,4683.98,4652.73,4661.12,12776,14
1775145600,2026-04-02T16:00:00+00:00,4661.1,4670.6,4643.68,4659.26,11598,14
1775149200,2026-04-02T17:00:00+00:00,4659.14,4668.42,4645.94,4648.71,10604,15
1775152800,2026-04-02T18:00:00+00:00,4648.72,4672.05,4647.52,4668.55,8962,15
1775156400,2026-04-02T19:00:00+00:00,4668.56,4681.83,4661.51,4672.35,9741,14
1775160000,2026-04-02T20:00:00+00:00,4672.14,4677.95,4664.34,4676.17,4733,15
1775426400,2026-04-05T22:00:00+00:00,4637.39,4650.48,4606.95,4645.9,6630,58
1775430000,2026-04-05T23:00:00+00:00,4645.92,4651.13,4605.58,4610.65,7095,15
1775433600,2026-04-06T00:00:00+00:00,4610.68,4629.15,4601.16,4622.52,8763,15
1775437200,2026-04-06T01:00:00+00:00,4622.68,4643.19,4620.68,4625.95,8089,15
1775440800,2026-04-06T02:00:00+00:00,4625.95,4671.85,4623.87,4648.12,8607,15
1775444400,2026-04-06T03:00:00+00:00,4648.03,4648.13,4625.46,4640.54,7462,15
1775448000,2026-04-06T04:00:00+00:00,4640.54,4659.84,4640.04,4659.09,5643,15
1775451600,2026-04-06T05:00:00+00:00,4659.09,4678.83,4651.29,4652.52,5587,15
1775455200,2026-04-06T06:00:00+00:00,4652.51,4667.83,4644.9,4666.07,6254,15
1775458800,2026-04-06T07:00:00+00:00,4666.02,4688.52,4645.03,4684.83,7981,15
1775462400,2026-04-06T08:00:00+00:00,4684.53,4698.05,4682.43,4695.74,7227,14
1775466000,2026-04-06T09:00:00+00:00,4695.74,4706.62,4690.99,4693.71,6500,15
1775469600,2026-04-06T10:00:00+00:00,4693.81,4697.65,4685.45,4689.84,6418,15
1775473200,2026-04-06T11:00:00+00:00,4690.15,4696.72,4677.1,4678.03,6064,15
1775476800,2026-04-06T12:00:00+00:00,4678.02,4686.83,4659.52,4675.85,7752,15
1775480400,2026-04-06T13:00:00+00:00,4676.42,4681.84,4660.46,4680.18,10289,15
1775484000,2026-04-06T14:00:00+00:00,4680.84,4697.68,4660.36,4682.69,12172,15
1775487600,2026-04-06T15:00:00+00:00,4682.75,4683.86,4652.0,4668.21,10038,14
1775491200,2026-04-06T16:00:00+00:00,4668.39,4672.59,4658.03,4660.54,7724,15
1775494800,2026-04-06T17:00:00+00:00,4660.54,4661.15,4646.52,4653.5,8993,15
1775498400,2026-04-06T18:00:00+00:00,4653.59,4665.9,4648.92,4658.37,8115,15
1775502000,2026-04-06T19:00:00+00:00,4658.33,4659.37,4645.69,4655.54,5855,14
1775505600,2026-04-06T20:00:00+00:00,4655.54,4658.32,4649.22,4650.55,2883,15
1775512800,2026-04-06T22:00:00+00:00,4658.84,4667.76,4656.65,4658.32,3555,28
1775516400,2026-04-06T23:00:00+00:00,4658.32,4661.1,4651.52,4658.88,3526,15
1775520000,2026-04-07T00:00:00+00:00,4658.88,4661.27,4649.21,4655.2,6357,15
1775523600,2026-04-07T01:00:00+00:00,4655.22,4664.12,4616.7,4627.11,11043,15
1775527200,2026-04-07T02:00:00+00:00,4627.11,4654.04,4620.11,4650.53,9046,15
1775530800,2026-04-07T03:00:00+00:00,4650.44,4654.07,4639.78,4649.64,6808,15
1775534400,2026-04-07T04:00:00+00:00,4649.6,4663.65,4645.67,4659.53,5482,15
1775538000,2026-04-07T05:00:00+00:00,4659.53,4661.38,4623.93,4643.07,7861,15
1775541600,2026-04-07T06:00:00+00:00,4643.22,4656.52,4638.04,4653.45,9610,15
1775545200,2026-04-07T07:00:00+00:00,4653.85,4657.12,4636.77,4646.09,7687,14
1775548800,2026-04-07T08:00:00+00:00,4646.09,4690.79,4644.25,4683.1,10109,15
1775552400,2026-04-07T09:00:00+00:00,4683.06,4694.3,4659.01,4670.79,8409,15
1775556000,2026-04-07T10:00:00+00:00,4670.83,4680.5,4649.39,4652.09,9546,15
1775559600,2026-04-07T11:00:00+00:00,4652.1,4663.99,4629.21,4659.7,9360,15
1775563200,2026-04-07T12:00:00+00:00,4659.95,4669.57,4646.86,4651.5,9098,14
1775566800,2026-04-07T13:00:00+00:00,4652.11,4663.2,4636.64,4644.31,11811,15
1775570400,2026-04-07T14:00:00+00:00,4644.09,4661.37,4607.69,4633.48,12560,15
1775574000,2026-04-07T15:00:00+00:00,4633.33,4659.55,4624.97,4655.55,11236,14
1775577600,2026-04-07T16:00:00+00:00,4655.58,4668.44,4652.67,4657.11,10793,14
1775581200,2026-04-07T17:00:00+00:00,4657.11,4686.84,4653.87,4675.9,9824,15
1775584800,2026-04-07T18:00:00+00:00,4675.78,4686.12,4657.52,4662.17,8222,15
1775588400,2026-04-07T19:00:00+00:00,4662.41,4718.26,4660.5,4700.61,11530,14
1775592000,2026-04-07T20:00:00+00:00,4700.8,4716.58,4696.65,4705.34,7179,15
1775599200,2026-04-07T22:00:00+00:00,4747.34,4819.61,4715.97,4818.42,8622,28
1775602800,2026-04-07T23:00:00+00:00,4818.29,4836.35,4802.23,4833.35,9978,15
1775606400,2026-04-08T00:00:00+00:00,4833.34,4854.71,4808.67,4818.84,10580,15
1775610000,2026-04-08T01:00:00+00:00,4819.02,4824.92,4788.34,4810.27,11014,15
1775613600,2026-04-08T02:00:00+00:00,4810.26,4824.85,4798.74,4804.18,7392,14
1775617200,2026-04-08T03:00:00+00:00,4804.18,4806.17,4795.28,4797.79,6859,15
1775620800,2026-04-08T04:00:00+00:00,4797.85,4806.76,4790.34,4804.06,6002,15
1775624400,2026-04-08T05:00:00+00:00,4803.91,4843.85,4800.56,4827.81,7824,15
1775628000,2026-04-08T06:00:00+00:00,4827.7,4839.67,4819.82,4819.82,8919,14
1775631600,2026-04-08T07:00:00+00:00,4819.9,4821.12,4805.28,4813.29,7605,15
1775635200,2026-04-08T08:00:00+00:00,4813.29,4819.69,4790.47,4794.17,7671,14
1775638800,2026-04-08T09:00:00+00:00,4794.16,4806.98,4776.65,4783.16,6598,14
1775642400,2026-04-08T10:00:00+00:00,4783.27,4796.14,4771.11,4782.82,6596,15
1775646000,2026-04-08T11:00:00+00:00,4782.78,4802.97,4778.46,4798.76,7197,15
1775649600,2026-04-08T12:00:00+00:00,4798.73,4807.25,4769.53,4799.54,9322,14
1775653200,2026-04-08T13:00:00+00:00,4799.54,4806.72,4768.6,4778.21,11235,15
1775656800,2026-04-08T14:00:00+00:00,4777.71,4792.0,4732.31,4738.3,12006,15
1775660400,2026-04-08T15:00:00+00:00,4736.52,4763.31,4734.17,4756.68,10895,14
1775664000,2026-04-08T16:00:00+00:00,4756.68,4765.58,4745.66,4760.56,9056,14
1775667600,2026-04-08T17:00:00+00:00,4760.47,4764.32,4731.87,4734.05,8991,15
1775671200,2026-04-08T18:00:00+00:00,4734.26,4744.66,4703.97,4705.5,10644,15
1775674800,2026-04-08T19:00:00+00:00,4705.36,4731.9,4700.02,4730.99,9526,14
1775678400,2026-04-08T20:00:00+00:00,4731.03,4732.25,4717.1,4719.06,4054,15
1775685600,2026-04-08T22:00:00+00:00,4727.97,4731.38,4704.53,4717.68,5174,28
1775689200,2026-04-08T23:00:00+00:00,4717.59,4720.11,4705.56,4715.9,5635,15
1775692800,2026-04-09T00:00:00+00:00,4715.93,4719.18,4698.65,4706.84,7629,15
1775696400,2026-04-09T01:00:00+00:00,4706.84,4728.35,4700.07,4727.43,9889,15
1775700000,2026-04-09T02:00:00+00:00,4727.43,4733.06,4717.91,4719.31,6949,14
1775703600,2026-04-09T03:00:00+00:00,4719.15,4720.46,4705.22,4711.55,6473,15
1775707200,2026-04-09T04:00:00+00:00,4711.55,4725.47,4709.73,4720.89,4564,15
1775710800,2026-04-09T05:00:00+00:00,4720.84,4726.53,4705.88,4713.34,7182,15
1775714400,2026-04-09T06:00:00+00:00,4713.25,4725.37,4703.5,4712.5,8329,14
1775718000,2026-04-09T07:00:00+00:00,4712.56,4731.21,4705.67,4724.37,8974,15
1775721600,2026-04-09T08:00:00+00:00,4724.41,4733.25,4719.9,4726.38,6495,15
1775725200,2026-04-09T09:00:00+00:00,4726.26,4733.33,4723.02,4729.28,6064,15
1775728800,2026-04-09T10:00:00+00:00,4729.28,4746.65,4723.86,4741.13,5958,15
1775732400,2026-04-09T11:00:00+00:00,4741.12,4757.6,4738.54,4756.61,6314,14
1775736000,2026-04-09T12:00:00+00:00,4756.87,4758.65,4734.56,4745.71,8212,15
1775739600,2026-04-09T13:00:00+00:00,4745.96,4777.12,4738.92,4764.33,11362,15
1775743200,2026-04-09T14:00:00+00:00,4764.29,4776.26,4748.36,4768.64,11435,15
1775746800,2026-04-09T15:00:00+00:00,4768.64,4798.07,4761.23,4792.87,11160,14
1775750400,2026-04-09T16:00:00+00:00,4792.88,4800.83,4784.56,4788.81,9697,14
1775754000,2026-04-09T17:00:00+00:00,4788.81,4801.01,4786.83,4797.68,8494,15
1775757600,2026-04-09T18:00:00+00:00,4797.68,4797.97,4767.82,4772.08,9900,15
1775761200,2026-04-09T19:00:00+00:00,4772.11,4782.62,4767.21,4768.79,7756,14
1775764800,2026-04-09T20:00:00+00:00,4768.79,4773.36,4760.93,4765.55,3863,15
1775772000,2026-04-09T22:00:00+00:00,4775.52,4779.11,4758.74,4764.28,3437,28
1775775600,2026-04-09T23:00:00+00:00,4764.23,4764.28,4757.02,4763.71,3475,15
1775779200,2026-04-10T00:00:00+00:00,4763.71,4763.71,4750.79,4763.02,5772,15
1775782800,2026-04-10T01:00:00+00:00,4763.02,4777.17,4758.14,4764.49,8554,15
1775786400,2026-04-10T02:00:00+00:00,4764.63,4765.44,4738.16,4753.26,8186,14
1775790000,2026-04-10T03:00:00+00:00,4753.25,4769.37,4753.06,4766.47,6325,15
1775793600,2026-04-10T04:00:00+00:00,4766.53,4770.77,4757.88,4758.45,4002,15
1775797200,2026-04-10T05:00:00+00:00,4758.45,4769.17,4757.32,4765.75,5601,15
1775800800,2026-04-10T06:00:00+00:00,4765.76,4765.8,4742.87,4746.59,7368,15
1775804400,2026-04-10T07:00:00+00:00,4746.1,4757.59,4741.31,4749.67,5987,15
1775808000,2026-04-10T08:00:00+00:00,4749.68,4753.43,4731.0,4741.03,7051,15
1775811600,2026-04-10T09:00:00+00:00,4741.04,4760.62,4740.85,4751.69,7094,15
1775815200,2026-04-10T10:00:00+00:00,4751.56,4760.72,4742.37,4757.21,6064,15
1775818800,2026-04-10T11:00:00+00:00,4757.19,4768.94,4752.64,4768.27,5737,15
1775822400,2026-04-10T12:00:00+00:00,4768.34,4782.47,4759.85,4771.7,8928,15
1775826000,2026-04-10T13:00:00+00:00,4771.73,4780.3,4765.47,4775.01,10690,14
1775829600,2026-04-10T14:00:00+00:00,4774.47,4795.06,4767.62,4774.74,11270,15
1775833200,2026-04-10T15:00:00+00:00,4774.72,4787.4,4755.6,4762.34,10495,15
1775836800,2026-04-10T16:00:00+00:00,4762.19,4766.13,4747.62,4763.85,9600,15
1775840400,2026-04-10T17:00:00+00:00,4763.85,4768.63,4758.29,4760.34,7863,15
1775844000,2026-04-10T18:00:00+00:00,4760.34,4773.19,4751.06,4765.3,7170,15
1775847600,2026-04-10T19:00:00+00:00,4765.32,4770.58,4758.25,4759.59,6658,15
1775851200,2026-04-10T20:00:00+00:00,4759.57,4759.89,4741.07,4751.1,3640,15
1776031200,2026-04-12T22:00:00+00:00,4670.52,4685.01,4644.71,4658.7,8329,58
1776034800,2026-04-12T23:00:00+00:00,4658.7,4671.56,4644.3,4671.56,6737,15
1776038400,2026-04-13T00:00:00+00:00,4671.41,4697.61,4664.64,4695.56,7592,15
1776042000,2026-04-13T01:00:00+00:00,4695.56,4728.29,4693.69,4721.34,10296,15
1776045600,2026-04-13T02:00:00+00:00,4721.34,4727.88,4711.25,4720.65,7726,15
1776049200,2026-04-13T03:00:00+00:00,4720.65,4723.92,4712.23,4718.04,5284,15
1776052800,2026-04-13T04:00:00+00:00,4718.03,4724.7,4708.9,4723.12,4697,15
1776056400,2026-04-13T05:00:00+00:00,4723.13,4730.75,4716.38,4729.38,6485,15
1776060000,2026-04-13T06:00:00+00:00,4729.45,4732.82,4720.85,4725.69,7489,15
1776063600,2026-04-13T07:00:00+00:00,4725.7,4739.92,4724.71,4733.64,6940,15
1776067200,2026-04-13T08:00:00+00:00,4733.64,4738.66,4720.25,4723.54,6476,15
1776070800,2026-04-13T09:00:00+00:00,4723.54,4728.71,4710.46,4714.78,6151,15
1776074400,2026-04-13T10:00:00+00:00,4714.82,4723.95,4708.69,4722.07,5680,14
1776078000,2026-04-13T11:00:00+00:00,4722.13,4729.23,4703.72,4706.81,7233,15
1776081600,2026-04-13T12:00:00+00:00,4707.07,4725.18,4703.79,4723.65,8788,15
1776085200,2026-04-13T13:00:00+00:00,4723.53,4743.84,4721.24,4730.58,11182,15
1776088800,2026-04-13T14:00:00+00:00,4730.56,4731.16,4708.86,4719.01,11620,15
1776092400,2026-04-13T15:00:00+00:00,4719.04,4719.72,4700.53,4714.44,10276,14
1776096000,2026-04-13T16:00:00+00:00,4714.43,4746.05,4709.28,4733.12,10806,15
1776099600,2026-04-13T17:00:00+00:00,4733.12,4750.08,4725.59,4729.94,8724,15
1776103200,2026-04-13T18:00:00+00:00,4730.15,4740.8,4723.48,4738.45,7732,15
1776106800,2026-04-13T19:00:00+00:00,4738.36,4747.46,4730.74,4741.22,7581,14
1776110400,2026-04-13T20:00:00+00:00,4741.3,4744.01,4738.15,4740.3,3184,14
1776117600,2026-04-13T22:00:00+00:00,4751.51,4759.63,4745.77,4757.99,3825,28
1776121200,2026-04-13T23:00:00+00:00,4757.94,4765.73,4754.5,4757.59,4672,15
1776124800,2026-04-14T00:00:00+00:00,4757.59,4776.18,4751.59,4769.89,6888,15
1776128400,2026-04-14T01:00:00+00:00,4769.85,4777.09,4761.87,4765.18,9576,15
1776132000,2026-04-14T02:00:00+00:00,4765.11,4777.2,4762.24,4775.32,6900,15
1776135600,2026-04-14T03:00:00+00:00,4775.34,4775.72,4765.67,4767.85,5317,15
1776139200,2026-04-14T04:00:00+00:00,4768.24,4777.06,4767.03,4774.02,4112,15
1776142800,2026-04-14T05:00:00+00:00,4774.05,4774.17,4757.96,4760.12,7302,15
1776146400,2026-04-14T06:00:00+00:00,4760.12,4782.96,4760.12,4781.99,7212,14
1776150000,2026-04-14T07:00:00+00:00,4782.12,4795.88,4767.91,4777.14,8618,15
1776153600,2026-04-14T08:00:00+00:00,4777.14,4789.98,4774.26,4786.83,6643,14
1776157200,2026-04-14T09:00:00+00:00,4786.97,4789.28,4771.94,4778.13,5907,15
1776160800,2026-04-14T10:00:00+00:00,4778.17,4788.17,4756.07,4768.35,6323,15
1776164400,2026-04-14T11:00:00+00:00,4768.35,4782.83,4766.98,4775.03,6095,15
1776168000,2026-04-14T12:00:00+00:00,4774.95,4777.66,4762.35,4771.5,8813,15
1776171600,2026-04-14T13:00:00+00:00,4771.5,4802.66,4771.25,4794.46,11071,15
1776175200,2026-04-14T14:00:00+00:00,4794.51,4818.02,4792.97,4803.94,10987,15
1776178800,2026-04-14T15:00:00+00:00,4803.97,4816.22,4791.26,4808.18,10017,14
1776182400,2026-04-14T16:00:00+00:00,4808.18,4820.27,4804.97,4810.09,8198,14
1776186000,2026-04-14T17:00:00+00:00,4810.09,4840.57,4809.47,4835.03,8012,15
1776189600,2026-04-14T18:00:00+00:00,4835.08,4843.26,4830.96,4835.82,7359,15
1776193200,2026-04-14T19:00:00+00:00,4835.66,4846.26,4835.66,4845.14,6747,15
1776196800,2026-04-14T20:00:00+00:00,4845.21,4846.05,4839.42,4841.68,3126,15
1776204000,2026-04-14T22:00:00+00:00,4840.48,4850.51,4833.12,4834.92,4545,28
1776207600,2026-04-14T23:00:00+00:00,4834.88,4844.34,4833.62,4837.29,5298,15
1776211200,2026-04-15T00:00:00+00:00,4837.28,4840.07,4827.09,4835.54,6163,15
1776214800,2026-04-15T01:00:00+00:00,4835.54,4871.28,4828.19,4847.2,10184,15
1776218400,2026-04-15T02:00:00+00:00,4846.97,4853.27,4820.61,4823.94,9015,15
1776222000,2026-04-15T03:00:00+00:00,4823.91,4829.76,4816.74,4823.99,6141,15
1776225600,2026-04-15T04:00:00+00:00,4823.99,4827.97,4820.56,4824.92,3732,15
1776229200,2026-04-15T05:00:00+00:00,4824.95,4830.64,4812.81,4819.68,7721,15
1776232800,2026-04-15T06:00:00+00:00,4819.68,4825.0,4811.19,4811.75,8006,14
1776236400,2026-04-15T07:00:00+00:00,4811.59,4816.92,4804.29,4811.16,7091,15
1776240000,2026-04-15T08:00:00+00:00,4811.16,4818.96,4804.67,4818.42,6549,14
1776243600,2026-04-15T09:00:00+00:00,4818.42,4819.59,4787.34,4798.2,8316,14
1776247200,2026-04-15T10:00:00+00:00,4798.2,4805.3,4790.63,4800.01,7814,15
1776250800,2026-04-15T11:00:00+00:00,4800.02,4815.09,4795.62,4812.74,7319,15
1776254400,2026-04-15T12:00:00+00:00,4812.72,4816.27,4807.09,4811.73,7104,15
1776258000,2026-04-15T13:00:00+00:00,4811.67,4830.18,4808.5,4828.8,10910,15
1776261600,2026-04-15T14:00:00+00:00,4828.8,4830.38,4813.64,4815.44,10434,14
1776265200,2026-04-15T15:00:00+00:00,4815.45,4816.13,4787.0,4801.76,10172,15
1776268800,2026-04-15T16:00:00+00:00,4801.69,4812.72,4800.19,4803.97,8624,15
1776272400,2026-04-15T17:00:00+00:00,4803.97,4808.8,4790.75,4792.5,7901,15
1776276000,2026-04-15T18:00:00+00:00,4792.5,4802.1,4790.24,4799.8,8000,15
1776279600,2026-04-15T19:00:00+00:00,4799.8,4803.53,4794.57,4795.84,6979,15
1776283200,2026-04-15T20:00:00+00:00,4795.83,4796.59,4787.81,4790.73,3322,15
1776290400,2026-04-15T22:00:00+00:00,4797.89,4811.88,4790.74,4807.44,4595,28
1776294000,2026-04-15T23:00:00+00:00,4807.44,4826.63,4807.41,4823.55,4377,15
1776297600,2026-04-16T00:00:00+00:00,4823.55,4837.52,4820.98,4833.18,6197,15
1776301200,2026-04-16T01:00:00+00:00,4833.18,4836.28,4811.28,4818.03,8426,15
1776304800,2026-04-16T02:00:00+00:00,4818.06,4825.06,4812.37,4819.73,6723,14
1776308400,2026-04-16T03:00:00+00:00,4819.46,4827.13,4819.2,4824.17,5164,15
1776312000,2026-04-16T04:00:00+00:00,4824.17,4833.51,4823.01,4833.18,3956,15
1776315600,2026-04-16T05:00:00+00:00,4833.17,4838.33,4821.3,4821.39,6673,15
1776319200,2026-04-16T06:00:00+00:00,4821.39,4830.67,4814.74,4826.15,8385,14
1776322800,2026-04-16T07:00:00+00:00,4826.14,4830.98,4817.14,4821.03,7357,15
1776326400,2026-04-16T08:00:00+00:00,4821.09,4822.0,4806.5,4813.73,7550,15
1776330000,2026-04-16T09:00:00+00:00,4813.79,4818.0,4806.82,4812.8,6580,14
1776333600,2026-04-16T10:00:00+00:00,4812.83,4817.24,4805.18,4817.18,6381,15
1776337200,2026-04-16T11:00:00+00:00,4817.2,4822.54,4815.53,4822.28,5989,15
1776340800,2026-04-16T12:00:00+00:00,4822.43,4823.16,4811.69,4816.25,7056,15
1776344400,2026-04-16T13:00:00+00:00,4816.34,4823.89,4787.3,4795.16,10396,15
1776348000,2026-04-16T14:00:00+00:00,4794.54,4805.43,4773.17,4788.7,12055,15
1776351600,2026-04-16T15:00:00+00:00,4788.67,4812.92,4788.29,4806.98,10498,15
1776355200,2026-04-16T16:00:00+00:00,4807.07,4810.08,4785.17,4792.0,9377,14
1776358800,2026-04-16T17:00:00+00:00,4792.07,4795.38,4781.47,4789.29,9718,15
1776362400,2026-04-16T18:00:00+00:00,4789.28,4794.17,4785.7,4789.61,9312,15
1776366000,2026-04-16T19:00:00+00:00,4789.61,4798.56,4789.5,4793.57,7497,14
1776369600,2026-04-16T20:00:00+00:00,4793.7,4793.95,4786.61,4790.8,2538,15
1776376800,2026-04-16T22:00:00+00:00,4794.64,4797.85,4790.81,4795.32,3713,28
1776380400,2026-04-16T23:00:00+00:00,4795.09,4797.94,4791.85,4791.9,3606,15
1776384000,2026-04-17T00:00:00+00:00,4791.69,4801.15,4786.11,4794.92,5535,14
1776387600,2026-04-17T01:00:00+00:00,4794.92,4795.71,4767.99,4789.45,9069,15
1776391200,2026-04-17T02:00:00+00:00,4789.45,4794.68,4784.63,4784.84,6294,15
1776394800,2026-04-17T03:00:00+00:00,4784.68,4797.97,4784.68,4793.16,5234,15
1776398400,2026-04-17T04:00:00+00:00,4793.11,4804.57,4792.57,4803.08,3252,15
1776402000,2026-04-17T05:00:00+00:00,4802.95,4806.14,4793.81,4794.39,6783,15
1776405600,2026-04-17T06:00:00+00:00,4794.32,4795.34,4779.4,4785.07,7366,14
1776409200,2026-04-17T07:00:00+00:00,4785.12,4794.79,4778.87,4784.5,6066,14
1776412800,2026-04-17T08:00:00+00:00,4784.47,4796.99,4781.15,4796.02,6096,15
1776416400,2026-04-17T09:00:00+00:00,4796.03,4800.98,4790.01,4790.41,5703,14
1776420000,2026-04-17T10:00:00+00:00,4790.42,4793.97,4782.39,4787.47,5213,14
1776423600,2026-04-17T11:00:00+00:00,4787.63,4811.82,4783.62,4799.17,5887,14
1776427200,2026-04-17T12:00:00+00:00,4799.22,4847.83,4797.81,4846.77,9464,15
1776430800,2026-04-17T13:00:00+00:00,4846.58,4888.86,4835.11,4880.26,12683,15
1776434400,2026-04-17T14:00:00+00:00,4880.38,4885.4,4860.91,4873.12,11929,15
1776438000,2026-04-17T15:00:00+00:00,4873.1,4880.55,4856.49,4867.55,11251,14
1776441600,2026-04-17T16:00:00+00:00,4867.59,4873.4,4863.74,4867.1,9049,14
1776445200,2026-04-17T17:00:00+00:00,4867.1,4869.46,4853.9,4862.48,9710,15
1776448800,2026-04-17T18:00:00+00:00,4862.48,4867.92,4855.99,4858.08,8919,15
1776452400,2026-04-17T19:00:00+00:00,4858.09,4861.2,4852.85,4854.65,8524,14
1776456000,2026-04-17T20:00:00+00:00,4854.46,4855.0,4834.06,4835.51,5236,15
1776636000,2026-04-19T22:00:00+00:00,4774.6,4794.64,4770.83,4779.04,6414,58
1776639600,2026-04-19T23:00:00+00:00,4779.04,4779.22,4737.08,4755.19,7223,15
1776643200,2026-04-20T00:00:00+00:00,4755.3,4774.46,4744.88,4772.68,7983,15
1776646800,2026-04-20T01:00:00+00:00,4772.56,4814.34,4771.57,4807.69,9946,15
1776650400,2026-04-20T02:00:00+00:00,4807.71,4809.07,4793.2,4797.49,7486,15
1776654000,2026-04-20T03:00:00+00:00,4797.49,4798.51,4788.8,4790.91,5737,15
1776657600,2026-04-20T04:00:00+00:00,4791.41,4795.88,4787.27,4789.0,4300,15
1776661200,2026-04-20T05:00:00+00:00,4789.0,4796.26,4779.98,4790.92,7440,15
1776664800,2026-04-20T06:00:00+00:00,4790.92,4795.43,4783.99,4795.42,8397,14
1776668400,2026-04-20T07:00:00+00:00,4795.42,4805.78,4786.86,4789.7,8447,15
1776672000,2026-04-20T08:00:00+00:00,4789.7,4796.21,4786.1,4796.14,6796,14
1776675600,2026-04-20T09:00:00+00:00,4796.16,4797.92,4783.48,4791.5,6651,15
1776679200,2026-04-20T10:00:00+00:00,4791.5,4800.88,4789.9,4795.93,5715,14
1776682800,2026-04-20T11:00:00+00:00,4795.9,4810.79,4786.63,4810.41,7077,15
1776686400,2026-04-20T12:00:00+00:00,4810.49,4821.96,4799.21,4803.43,8387,15
1776690000,2026-04-20T13:00:00+00:00,4803.43,4826.23,4799.73,4817.84,11202,15
1776693600,2026-04-20T14:00:00+00:00,4817.84,4827.75,4794.14,4805.39,11612,15
1776697200,2026-04-20T15:00:00+00:00,4805.4,4809.46,4792.88,4799.8,10702,14
1776700800,2026-04-20T16:00:00+00:00,4800.14,4806.31,4793.0,4805.55,7968,14
1776704400,2026-04-20T17:00:00+00:00,4805.62,4812.11,4803.96,4806.8,7540,15
1776708000,2026-04-20T18:00:00+00:00,4806.76,4816.5,4806.76,4814.09,7020,15
1776711600,2026-04-20T19:00:00+00:00,4814.03,4821.32,4810.51,4814.27,6008,15
1776715200,2026-04-20T20:00:00+00:00,4814.28,4821.91,4812.19,4820.75,3328,15
1776722400,2026-04-20T22:00:00+00:00,4822.77,4833.16,4820.62,4827.55,5195,28
1776726000,2026-04-20T23:00:00+00:00,4827.55,4831.73,4819.86,4821.77,3551,15
1776729600,2026-04-21T00:00:00+00:00,4822.32,4830.57,4816.98,4823.96,6671,15
1776733200,2026-04-21T01:00:00+00:00,4823.96,4824.64,4805.27,4810.12,7848,15
1776736800,2026-04-21T02:00:00+00:00,4810.15,4810.38,4802.56,4807.04,6172,15
1776740400,2026-04-21T03:00:00+00:00,4807.37,4807.88,4792.78,4797.35,6199,15
1776744000,2026-04-21T04:00:00+00:00,4797.34,4798.0,4788.82,4789.05,4278,15
1776747600,2026-04-21T05:00:00+00:00,4789.28,4796.99,4783.8,4784.16,7011,15
1776751200,2026-04-21T06:00:00+00:00,4784.15,4790.8,4774.68,4778.77,8429,15
1776754800,2026-04-21T07:00:00+00:00,4778.17,4792.61,4772.78,4786.02,6985,15
1776758400,2026-04-21T08:00:00+00:00,4786.17,4793.02,4774.78,4786.0,6872,14
1776762000,2026-04-21T09:00:00+00:00,4786.0,4789.41,4781.18,4783.75,5990,15
1776765600,2026-04-21T10:00:00+00:00,4783.79,4790.45,4780.78,4789.8,4580,14
1776769200,2026-04-21T11:00:00+00:00,4789.8,4797.89,4775.79,4794.56,6425,15
1776772800,2026-04-21T12:00:00+00:00,4794.59,4796.93,4766.87,4778.88,9233,15
1776776400,2026-04-21T13:00:00+00:00,4778.87,4794.32,4762.26,4779.22,11553,14
1776780000,2026-04-21T14:00:00+00:00,4779.08,4782.63,4723.87,4738.86,11783,15
1776783600,2026-04-21T15:00:00+00:00,4738.89,4757.75,4727.95,4741.82,12234,15
1776787200,2026-04-21T16:00:00+00:00,4741.84,4746.84,4708.45,4711.19,10569,15
1776790800,2026-04-21T17:00:00+00:00,4711.19,4721.49,4697.11,4711.15,11345,15
1776794400,2026-04-21T18:00:00+00:00,4711.07,4714.79,4692.62,4709.45,10022,15
1776798000,2026-04-21T19:00:00+00:00,4709.46,4715.32,4668.66,4679.18,11220,14
1776801600,2026-04-21T20:00:00+00:00,4679.04,4720.24,4668.73,4720.19,8442,15
1776808800,2026-04-21T22:00:00+00:00,4721.8,4729.4,4715.53,4719.49,4313,28
1776812400,2026-04-21T23:00:00+00:00,4719.49,4740.54,4718.11,4737.92,5180,15
1776816000,2026-04-22T00:00:00+00:00,4738.14,4747.46,4738.14,4739.76,7035,15
1776819600,2026-04-22T01:00:00+00:00,4739.72,4754.73,4735.84,4752.34,8594,15
1776823200,2026-04-22T02:00:00+00:00,4752.33,4758.69,4750.15,4755.83,5922,15
1776826800,2026-04-22T03:00:00+00:00,4755.83,4765.08,4752.95,4758.14,5419,15
1776830400,2026-04-22T04:00:00+00:00,4758.14,4759.75,4752.24,4754.67,4296,15
1776834000,2026-04-22T05:00:00+00:00,4754.68,4772.09,4752.15,4767.55,7208,14
1776837600,2026-04-22T06:00:00+00:00,4767.61,4767.92,4758.82,4767.66,6397,14
1776841200,2026-04-22T07:00:00+00:00,4767.69,4772.15,4759.67,4760.49,6045,15
1776844800,2026-04-22T08:00:00+00:00,4760.49,4762.25,4751.85,4757.2,6361,15
1776848400,2026-04-22T09:00:00+00:00,4757.2,4762.54,4752.63,4755.37,5965,14
1776852000,2026-04-22T10:00:00+00:00,4755.32,4760.14,4745.85,4759.3,5961,14
1776855600,2026-04-22T11:00:00+00:00,4759.3,4760.83,4747.93,4750.4,6015,15
1776859200,2026-04-22T12:00:00+00:00,4750.38,4759.28,4742.94,4744.28,7654,15
1776862800,2026-04-22T13:00:00+00:00,4744.37,4760.76,4736.45,4752.99,11683,14
1776866400,2026-04-22T14:00:00+00:00,4752.97,4757.44,4730.15,4736.19,11471,15
1776870000,2026-04-22T15:00:00+00:00,4736.28,4740.29,4725.09,4727.69,10351,14
1776873600,2026-04-22T16:00:00+00:00,4727.93,4734.96,4723.92,4728.76,8329,14
1776877200,2026-04-22T17:00:00+00:00,4728.72,4739.43,4728.57,4737.21,7534,15
1776880800,2026-04-22T18:00:00+00:00,4737.21,4749.34,4730.0,4741.68,6526,15
1776884400,2026-04-22T19:00:00+00:00,4741.7,4745.53,4736.99,4740.5,7005,15
1776888000,2026-04-22T20:00:00+00:00,4740.42,4740.74,4734.51,4740.33,4000,15
1776895200,2026-04-22T22:00:00+00:00,4745.75,4746.08,4725.56,4725.88,4021,28
1776898800,2026-04-22T23:00:00+00:00,4725.89,4729.97,4723.46,4727.71,3857,14
1776902400,2026-04-23T00:00:00+00:00,4727.69,4752.64,4694.32,4748.1,10570,15
1776906000,2026-04-23T01:00:00+00:00,4747.77,4749.84,4722.66,4723.39,9858,15
1776909600,2026-04-23T02:00:00+00:00,4723.46,4724.85,4698.44,4699.01,10216,15
1776913200,2026-04-23T03:00:00+00:00,4699.12,4708.69,4698.24,4704.03,8227,15
1776916800,2026-04-23T04:00:00+00:00,4704.03,4707.21,4698.73,4704.37,4946,15
1776920400,2026-04-23T05:00:00+00:00,4704.37,4715.1,4693.39,4713.59,7452,15
1776924000,2026-04-23T06:00:00+00:00,4713.67,4720.84,4708.55,4713.0,7999,15
1776927600,2026-04-23T07:00:00+00:00,4712.85,4720.53,4703.25,4719.24,8331,14
1776931200,2026-04-23T08:00:00+00:00,4719.03,4724.86,4701.82,4703.32,7422,15
1776934800,2026-04-23T09:00:00+00:00,4703.32,4703.73,4694.85,4697.67,7337,15
1776938400,2026-04-23T10:00:00+00:00,4697.67,4701.69,4684.34,4696.66,7268,15
1776942000,2026-04-23T11:00:00+00:00,4696.66,4720.92,4695.57,4720.7,7556,15
1776945600,2026-04-23T12:00:00+00:00,4720.69,4743.19,4719.71,4740.03,10014,14
1776949200,2026-04-23T13:00:00+00:00,4740.32,4741.22,4724.37,4724.41,10738,15
1776952800,2026-04-23T14:00:00+00:00,4724.41,4736.62,4717.3,4733.72,11394,14
1776956400,2026-04-23T15:00:00+00:00,4733.66,4740.88,4716.47,4720.54,9985,14
1776960000,2026-04-23T16:00:00+00:00,4720.61,4737.07,4715.68,4733.05,8772,14
1776963600,2026-04-23T17:00:00+00:00,4733.05,4734.52,4664.42,4709.36,12720,15
1776967200,2026-04-23T18:00:00+00:00,4709.36,4722.18,4699.62,4701.15,10961,14
1776970800,2026-04-23T19:00:00+00:00,4701.11,4704.51,4689.67,4696.31,10415,15
1776974400,2026-04-23T20:00:00+00:00,4696.28,4698.31,4686.57,4694.27,5089,15
1776981600,2026-04-23T22:00:00+00:00,4700.24,4700.24,4690.03,4693.31,3745,28
1776985200,2026-04-23T23:00:00+00:00,4693.31,4700.79,4686.86,4695.45,4656,15
1776988800,2026-04-24T00:00:00+00:00,4695.47,4707.93,4690.83,4704.65,8140,15
1776992400,2026-04-24T01:00:00+00:00,4704.64,4711.11,4690.35,4699.41,9574,15
1776996000,2026-04-24T02:00:00+00:00,4699.41,4700.57,4673.39,4676.85,8953,15
1776999600,2026-04-24T03:00:00+00:00,4676.79,4678.26,4668.8,4672.16,7096,15
1777003200,2026-04-24T04:00:00+00:00,4672.16,4677.08,4657.85,4674.57,6368,15
1777006800,2026-04-24T05:00:00+00:00,4674.57,4687.36,4669.63,4686.41,6815,15
1777010400,2026-04-24T06:00:00+00:00,4686.41,4687.95,4666.9,4671.94,8551,14
1777014000,2026-04-24T07:00:00+00:00,4671.82,4695.21,4671.06,4694.49,6682,14
1777017600,2026-04-24T08:00:00+00:00,4694.56,4697.43,4685.09,4690.81,7382,15
1777021200,2026-04-24T09:00:00+00:00,4690.84,4696.68,4679.36,4682.08,7273,14
1777024800,2026-04-24T10:00:00+00:00,4682.08,4686.33,4674.7,4678.05,6329,14
1777028400,2026-04-24T11:00:00+00:00,4677.86,4717.28,4677.86,4706.79,10026,15
1777032000,2026-04-24T12:00:00+00:00,4706.86,4711.84,4690.45,4700.67,9338,14
1777035600,2026-04-24T13:00:00+00:00,4700.65,4717.24,4689.69,4711.3,11302,14
1777039200,2026-04-24T14:00:00+00:00,4711.92,4740.45,4706.96,4726.33,11965,15
1777042800,2026-04-24T15:00:00+00:00,4726.35,4733.35,4715.14,4727.25,10478,14
1777046400,2026-04-24T16:00:00+00:00,4727.18,4729.68,4719.26,4726.78,9148,15
1777050000,2026-04-24T17:00:00+00:00,4726.82,4729.92,4718.9,4723.48,8049,15
1777053600,2026-04-24T18:00:00+00:00,4723.49,4724.92,4716.95,4722.89,6908,15
1777057200,2026-04-24T19:00:00+00:00,4722.89,4726.13,4713.37,4717.36,6716,14
1777060800,2026-04-24T20:00:00+00:00,4717.41,4717.47,4705.07,4707.33,3673,15
1777240800,2026-04-26T22:00:00+00:00,4697.1,4697.1,4680.08,4684.36,4975,58
1777244400,2026-04-26T23:00:00+00:00,4684.32,4684.79,4675.1,4680.02,4712,15
1777248000,2026-04-27T00:00:00+00:00,4680.0,4698.34,4672.33,4698.03,7043,15
1777251600,2026-04-27T01:00:00+00:00,4698.02,4709.97,4691.05,4702.71,9968,15
1777255200,2026-04-27T02:00:00+00:00,4702.7,4723.42,4696.48,4718.15,7863,15
1777258800,2026-04-27T03:00:00+00:00,4718.16,4729.39,4714.44,4724.12,6314,15
1777262400,2026-04-27T04:00:00+00:00,4724.12,4729.9,4722.63,4724.74,4632,15
1777266000,2026-04-27T05:00:00+00:00,4724.74,4725.27,4708.86,4710.25,6683,15
1777269600,2026-04-27T06:00:00+00:00,4710.25,4715.67,4709.3,4712.85,7437,15
1777273200,2026-04-27T07:00:00+00:00,4712.84,4718.35,4710.14,4713.39,7279,15
1777276800,2026-04-27T08:00:00+00:00,4713.41,4714.71,4705.46,4706.79,7209,14
1777280400,2026-04-27T09:00:00+00:00,4706.81,4708.26,4699.64,4703.73,5682,15
1777284000,2026-04-27T10:00:00+00:00,4703.74,4710.89,4699.51,4708.78,5449,15
1777287600,2026-04-27T11:00:00+00:00,4708.79,4709.03,4700.16,4704.89,6166,15
1777291200,2026-04-27T12:00:00+00:00,4704.89,4712.58,4697.07,4699.27,8339,15
1777294800,2026-04-27T13:00:00+00:00,4699.71,4703.51,4689.33,4696.18,10793,14
1777298400,2026-04-27T14:00:00+00:00,4696.18,4696.73,4676.64,4678.05,11276,15
1777302000,2026-04-27T15:00:00+00:00,4678.12,4682.54,4667.25,4670.09,10290,15
1777305600,2026-04-27T16:00:00+00:00,4670.09,4679.57,4667.39,4676.8,7757,14
1777309200,2026-04-27T17:00:00+00:00,4676.99,4686.1,4668.33,4682.14,8044,15
1777312800,2026-04-27T18:00:00+00:00,4682.14,4685.4,4679.03,4680.74,6043,15
1777316400,2026-04-27T19:00:00+00:00,4680.74,4682.72,4676.65,4680.61,4935,14
1777320000,2026-04-27T20:00:00+00:00,4680.56,4681.79,4677.36,4681.78,2263,15
1777327200,2026-04-27T22:00:00+00:00,4684.11,4691.16,4682.27,4687.85,3334,28
1777330800,2026-04-27T23:00:00+00:00,4687.85,4695.04,4687.23,4691.82,3314,15
1777334400,2026-04-28T00:00:00+00:00,4691.82,4701.05,4690.51,4690.56,6469,15
1777338000,2026-04-28T01:00:00+00:00,4690.6,4691.61,4669.78,4670.77,8324,15
1777341600,2026-04-28T02:00:00+00:00,4670.74,4679.97,4666.54,4669.18,7598,15
1777345200,2026-04-28T03:00:00+00:00,4669.17,4676.08,4668.47,4671.01,5326,15
1777348800,2026-04-28T04:00:00+00:00,4671.04,4671.31,4666.7,4667.7,4364,15
1777352400,2026-04-28T05:00:00+00:00,4667.7,4668.05,4623.83,4632.34,9125,15
1777356000,2026-04-28T06:00:00+00:00,4632.34,4642.96,4623.24,4629.0,9520,15
1777359600,2026-04-28T07:00:00+00:00,4628.92,4639.32,4620.88,4633.21,8499,15
1777363200,2026-04-28T08:00:00+00:00,4633.15,4635.42,4614.82,4629.6,8895,14
1777366800,2026-04-28T09:00:00+00:00,4629.59,4629.97,4604.69,4604.91,8625,15
1777370400,2026-04-28T10:00:00+00:00,4604.59,4616.62,4603.39,4603.4,7078,15
1777374000,2026-04-28T11:00:00+00:00,4602.5,4608.86,4555.73,4562.92,10202,15
1777377600,2026-04-28T12:00:00+00:00,4562.92,4600.08,4555.09,4593.88,10944,15
1777381200,2026-04-28T13:00:00+00:00,4593.73,4594.63,4570.87,4580.47,12020,14
1777384800,2026-04-28T14:00:00+00:00,4580.34,4580.68,4557.38,4574.62,12658,15
1777388400,2026-04-28T15:00:00+00:00,4574.51,4586.52,4567.0,4586.5,11647,14
1777392000,2026-04-28T16:00:00+00:00,4586.48,4594.73,4577.5,4592.16,9220,14
1777395600,2026-04-28T17:00:00+00:00,4592.21,4601.53,4587.25,4594.73,8502,15
1777399200,2026-04-28T18:00:00+00:00,4594.75,4600.4,4592.04,4594.24,7073,15
1777402800,2026-04-28T19:00:00+00:00,4594.29,4599.92,4593.38,4595.67,6597,15
1777406400,2026-04-28T20:00:00+00:00,4595.52,4598.55,4590.99,4597.16,3795,15
1777413600,2026-04-28T22:00:00+00:00,4599.5,4599.5,4592.43,4594.11,2662,28
1777417200,2026-04-28T23:00:00+00:00,4594.11,4596.11,4587.87,4595.51,3624,15
1777420800,2026-04-29T00:00:00+00:00,4595.49,4610.02,4595.13,4600.25,6646,15
1777424400,2026-04-29T01:00:00+00:00,4600.3,4600.39,4575.9,4584.93,9888,15
1777428000,2026-04-29T02:00:00+00:00,4584.93,4604.21,4584.93,4593.82,8005,15
1777431600,2026-04-29T03:00:00+00:00,4593.9,4603.28,4592.25,4595.55,5535,15
1777435200,2026-04-29T04:00:00+00:00,4595.77,4605.58,4595.43,4604.84,4148,15
1777438800,2026-04-29T05:00:00+00:00,4604.84,4607.77,4590.68,4591.05,6035,15
1777442400,2026-04-29T06:00:00+00:00,4590.93,4598.68,4580.89,4584.62,8166,15
1777446000,2026-04-29T07:00:00+00:00,4584.61,4588.89,4567.39,4567.97,8733,15
1777449600,2026-04-29T08:00:00+00:00,4567.95,4576.82,4557.34,4573.19,9027,14
1777453200,2026-04-29T09:00:00+00:00,4573.19,4580.81,4551.74,4556.01,8396,15
1777456800,2026-04-29T10:00:00+00:00,4555.76,4576.65,4555.27,4569.99,7246,15
1777460400,2026-04-29T11:00:00+00:00,4569.95,4571.91,4559.41,4561.75,7351,15
1777464000,2026-04-29T12:00:00+00:00,4561.71,4568.95,4542.24,4544.99,8374,15
1777467600,2026-04-29T13:00:00+00:00,4544.99,4553.38,4510.24,4521.72,11564,14
1777471200,2026-04-29T14:00:00+00:00,4521.86,4542.42,4517.94,4539.2,11516,15
1777474800,2026-04-29T15:00:00+00:00,4539.11,4558.97,4536.34,4547.56,10889,15
1777478400,2026-04-29T16:00:00+00:00,4547.64,4564.84,4543.34,4545.43,9926,15
1777482000,2026-04-29T17:00:00+00:00,4545.43,4554.55,4541.66,4547.26,8719,14
1777485600,2026-04-29T18:00:00+00:00,4547.04,4552.95,4518.36,4538.22,12153,15
1777489200,2026-04-29T19:00:00+00:00,4538.22,4550.66,4533.24,4546.38,10310,15
1777492800,2026-04-29T20:00:00+00:00,4546.71,4553.71,4541.35,4543.45,8383,15
1777500000,2026-04-29T22:00:00+00:00,4542.95,4552.43,4539.36,4552.0,3902,28
1777503600,2026-04-29T23:00:00+00:00,4552.02,4562.04,4549.56,4561.7,4412,15
1777507200,2026-04-30T00:00:00+00:00,4561.86,4574.35,4556.2,4569.82,7953,15
1777510800,2026-04-30T01:00:00+00:00,4569.91,4582.51,4564.71,4579.2,9045,15
1777514400,2026-04-30T02:00:00+00:00,4579.19,4581.88,4559.99,4565.03,7661,15
1777518000,2026-04-30T03:00:00+00:00,4565.03,4569.02,4555.69,4556.08,6443,15
1777521600,2026-04-30T04:00:00+00:00,4555.95,4557.03,4540.85,4541.99,7376,15
1777525200,2026-04-30T05:00:00+00:00,4541.88,4569.73,4541.88,4562.8,7829,15
1777528800,2026-04-30T06:00:00+00:00,4562.8,4591.5,4560.26,4589.44,9118,15
1777532400,2026-04-30T07:00:00+00:00,4589.67,4605.55,4584.81,4598.42,8346,15
1777536000,2026-04-30T08:00:00+00:00,4598.42,4629.32,4597.37,4616.04,8917,15
1777539600,2026-04-30T09:00:00+00:00,4616.17,4631.74,4614.37,4625.13,8809,15
1777543200,2026-04-30T10:00:00+00:00,4625.13,4647.13,4623.61,4639.73,8734,15
1777546800,2026-04-30T11:00:00+00:00,4639.73,4645.16,4626.95,4630.21,9374,15
1777550400,2026-04-30T12:00:00+00:00,4630.39,4640.07,4624.63,4639.47,8902,15
1777554000,2026-04-30T13:00:00+00:00,4639.54,4645.9,4610.64,4611.04,11160,14
1777557600,2026-04-30T14:00:00+00:00,4610.92,4625.97,4609.58,4619.75,12533,15
1777561200,2026-04-30T15:00:00+00:00,4619.69,4625.41,4611.41,4615.37,10355,15
1777564800,2026-04-30T16:00:00+00:00,4615.28,4617.71,4605.53,4607.59,7853,14
1777568400,2026-04-30T17:00:00+00:00,4607.69,4621.62,4607.69,4616.87,7690,15
1777572000,2026-04-30T18:00:00+00:00,4616.89,4625.09,4616.87,4622.45,6290,15
1777575600,2026-04-30T19:00:00+00:00,4622.45,4627.4,4614.52,4617.75,7081,14
1777579200,2026-04-30T20:00:00+00:00,4617.41,4621.91,4615.46,4621.78,4940,14
1777586400,2026-04-30T22:00:00+00:00,4627.99,4632.76,4625.31,4630.35,3653,28
1777590000,2026-04-30T23:00:00+00:00,4630.27,4634.11,4626.58,4626.66,4095,15
1777593600,2026-05-01T00:00:00+00:00,4626.64,4631.22,4618.61,4619.82,7272,14
1777597200,2026-05-01T01:00:00+00:00,4619.81,4622.28,4614.25,4620.98,6242,15
1777600800,2026-05-01T02:00:00+00:00,4620.79,4636.01,4616.62,4619.21,5973,15
1777604400,2026-05-01T03:00:00+00:00,4619.11,4632.0,4617.95,4626.72,4950,15
1777608000,2026-05-01T04:00:00+00:00,4626.67,4628.7,4609.11,4609.11,5289,15
1777611600,2026-05-01T05:00:00+00:00,4609.12,4616.15,4602.96,4605.1,5385,15
1777615200,2026-05-01T06:00:00+00:00,4605.07,4607.88,4590.55,4594.83,6973,15
1777618800,2026-05-01T07:00:00+00:00,4594.64,4598.09,4575.95,4578.21,7117,14
1777622400,2026-05-01T08:00:00+00:00,4578.2,4582.57,4565.28,4568.49,6801,15
1777626000,2026-05-01T09:00:00+00:00,4568.91,4573.05,4560.41,4563.08,6197,14
1777629600,2026-05-01T10:00:00+00:00,4563.03,4576.06,4561.52,4567.12,5343,15
1777633200,2026-05-01T11:00:00+00:00,4567.07,4579.6,4562.62,4578.8,6923,15
1777636800,2026-05-01T12:00:00+00:00,4578.8,4607.73,4575.03,4591.18,8805,15
1777640400,2026-05-01T13:00:00+00:00,4590.74,4628.79,4586.61,4625.75,9493,15
1777644000,2026-05-01T14:00:00+00:00,4625.76,4660.28,4625.15,4632.27,11895,15
1777647600,2026-05-01T15:00:00+00:00,4632.19,4648.09,4619.12,4643.31,9478,14
1777651200,2026-05-01T16:00:00+00:00,4643.22,4650.01,4634.02,4638.69,8969,15
1777654800,2026-05-01T17:00:00+00:00,4638.71,4642.56,4626.61,4629.38,6938,15
1777658400,2026-05-01T18:00:00+00:00,4629.43,4630.56,4613.77,4624.33,8116,15
1777662000,2026-05-01T19:00:00+00:00,4624.33,4627.72,4608.96,4610.09,7089,15
1777665600,2026-05-01T20:00:00+00:00,4610.94,4615.98,4606.88,4613.56,3455,15
1777845600,2026-05-03T22:00:00+00:00,4625.48,4629.25,4612.61,4618.77,4319,58
1777849200,2026-05-03T23:00:00+00:00,4618.77,4620.72,4611.27,4613.84,4418,15
1777852800,2026-05-04T00:00:00+00:00,4613.84,4616.52,4602.1,4613.02,7474,15
1777856400,2026-05-04T01:00:00+00:00,4612.98,4613.98,4592.8,4613.13,6872,15
1777860000,2026-05-04T02:00:00+00:00,4613.13,4618.62,4591.21,4605.82,6695,15
1777863600,2026-05-04T03:00:00+00:00,4605.73,4617.14,4598.6,4615.08,6762,15
1777867200,2026-05-04T04:00:00+00:00,4615.07,4615.38,4605.41,4606.08,5117,15
1777870800,2026-05-04T05:00:00+00:00,4606.09,4613.07,4592.3,4599.14,7012,15
1777874400,2026-05-04T06:00:00+00:00,4599.14,4600.74,4583.82,4588.54,7772,15
1777878000,2026-05-04T07:00:00+00:00,4588.54,4593.41,4578.13,4579.01,8336,15
1777881600,2026-05-04T08:00:00+00:00,4579.03,4581.8,4573.74,4577.1,8225,14
1777885200,2026-05-04T09:00:00+00:00,4576.92,4584.49,4573.14,4575.5,6042,15
1777888800,2026-05-04T10:00:00+00:00,4575.5,4575.89,4526.3,4562.67,11238,15
1777892400,2026-05-04T11:00:00+00:00,4562.67,4570.7,4551.6,4559.99,8976,15
1777896000,2026-05-04T12:00:00+00:00,4560.64,4579.31,4559.3,4568.81,8738,15
1777899600,2026-05-04T13:00:00+00:00,4568.46,4575.58,4555.85,4563.95,10798,15
1777903200,2026-05-04T14:00:00+00:00,4563.95,4583.33,4553.7,4561.65,10856,14
1777906800,2026-05-04T15:00:00+00:00,4561.67,4566.01,4514.31,4521.8,12148,15
1777910400,2026-05-04T16:00:00+00:00,4521.64,4526.94,4502.22,4510.7,11342,14
1777914000,2026-05-04T17:00:00+00:00,4510.69,4531.55,4510.69,4522.39,8803,15
1777917600,2026-05-04T18:00:00+00:00,4522.46,4525.29,4509.9,4516.41,7455,15
1777921200,2026-05-04T19:00:00+00:00,4516.18,4527.22,4511.61,4516.92,7559,14
1777924800,2026-05-04T20:00:00+00:00,4516.99,4523.88,4511.52,4523.88,3128,15
1777932000,2026-05-04T22:00:00+00:00,4523.19,4524.57,4515.5,4517.48,2634,28
1777935600,2026-05-04T23:00:00+00:00,4517.48,4521.71,4515.81,4519.06,2668,15
1777939200,2026-05-05T00:00:00+00:00,4519.44,4530.42,4513.61,4530.11,6468,15
1777942800,2026-05-05T01:00:00+00:00,4529.77,4542.03,4525.53,4541.05,6654,15
1777946400,2026-05-05T02:00:00+00:00,4541.05,4546.85,4534.62,4539.18,4698,15
1777950000,2026-05-05T03:00:00+00:00,4539.18,4542.72,4532.27,4534.69,3923,15
1777953600,2026-05-05T04:00:00+00:00,4534.64,4536.56,4527.9,4533.6,3817,15
1777957200,2026-05-05T05:00:00+00:00,4533.6,4551.59,4531.38,4545.7,6224,15
1777960800,2026-05-05T06:00:00+00:00,4545.7,4551.98,4533.75,4548.06,7189,15
1777964400,2026-05-05T07:00:00+00:00,4548.06,4558.24,4543.39,4545.56,6673,14
1777968000,2026-05-05T08:00:00+00:00,4545.63,4559.66,4545.53,4558.33,6810,15
1777971600,2026-05-05T09:00:00+00:00,4558.45,4560.5,4551.08,4556.29,5839,15
1777975200,2026-05-05T10:00:00+00:00,4556.28,4556.96,4540.26,4543.74,5599,15
1777978800,2026-05-05T11:00:00+00:00,4543.74,4564.9,4539.99,4562.78,7422,15
1777982400,2026-05-05T12:00:00+00:00,4562.93,4574.47,4554.27,4564.68,8485,14
1777986000,2026-05-05T13:00:00+00:00,4564.67,4584.97,4564.36,4579.4,9574,14
1777989600,2026-05-05T14:00:00+00:00,4579.35,4586.63,4566.39,4582.45,10193,15
1777993200,2026-05-05T15:00:00+00:00,4582.5,4583.91,4568.36,4568.52,7792,14
1777996800,2026-05-05T16:00:00+00:00,4568.46,4568.94,4553.73,4561.3,7120,15
1778000400,2026-05-05T17:00:00+00:00,4561.3,4562.82,4553.28,4559.82,6297,15
1778004000,2026-05-05T18:00:00+00:00,4559.92,4565.84,4557.74,4561.07,5426,15
1778007600,2026-05-05T19:00:00+00:00,4561.05,4561.42,4551.61,4555.19,4661,15
1778011200,2026-05-05T20:00:00+00:00,4555.18,4559.97,4553.99,4557.48,2511,15
1778018400,2026-05-05T22:00:00+00:00,4558.27,4577.06,4546.26,4573.4,4259,28
1778022000,2026-05-05T23:00:00+00:00,4573.38,4595.69,4570.01,4593.92,6663,15
1778025600,2026-05-06T00:00:00+00:00,4593.97,4619.91,4588.29,4618.77,8227,15
1778029200,2026-05-06T01:00:00+00:00,4618.87,4628.77,4609.6,4626.12,9178,15
1778032800,2026-05-06T02:00:00+00:00,4625.76,4642.18,4625.42,4640.94,6934,15
1778036400,2026-05-06T03:00:00+00:00,4640.92,4651.83,4638.69,4643.89,6098,15
1778040000,2026-05-06T04:00:00+00:00,4643.7,4653.59,4643.26,4648.84,5534,15
1778043600,2026-05-06T05:00:00+00:00,4648.82,4663.85,4644.65,4663.07,6124,15
1778047200,2026-05-06T06:00:00+00:00,4663.11,4669.7,4657.07,4669.32,7465,14
1778050800,2026-05-06T07:00:00+00:00,4669.43,4681.94,4657.45,4681.74,7203,15
1778054400,2026-05-06T08:00:00+00:00,4681.4,4702.17,4671.94,4700.27,7659,14
1778058000,2026-05-06T09:00:00+00:00,4700.41,4708.57,4689.28,4701.76,9336,15
1778061600,2026-05-06T10:00:00+00:00,4701.74,4723.06,4695.53,4718.12,9258,14
1778065200,2026-05-06T11:00:00+00:00,4717.9,4721.31,4690.86,4692.13,9891,14
1778068800,2026-05-06T12:00:00+00:00,4692.02,4693.07,4660.7,4683.39,10464,14
1778072400,2026-05-06T13:00:00+00:00,4683.28,4707.91,4668.87,4702.08,11255,14
1778076000,2026-05-06T14:00:00+00:00,4702.13,4717.47,4698.89,4703.2,11248,14
1778079600,2026-05-06T15:00:00+00:00,4703.19,4705.81,4687.9,4687.9,9079,15
1778083200,2026-05-06T16:00:00+00:00,4687.82,4692.09,4679.69,4683.17,8585,14
1778086800,2026-05-06T17:00:00+00:00,4683.16,4688.05,4678.93,4684.03,7504,15
1778090400,2026-05-06T18:00:00+00:00,4684.03,4690.54,4681.83,4686.06,5710,15
1778094000,2026-05-06T19:00:00+00:00,4686.09,4700.13,4686.09,4694.05,6230,15
1778097600,2026-05-06T20:00:00+00:00,4694.03,4699.46,4685.2,4690.94,4456,15
1778104800,2026-05-06T22:00:00+00:00,4695.27,4699.88,4689.4,4694.93,3363,28
1778108400,2026-05-06T23:00:00+00:00,4694.93,4699.59,4690.33,4698.97,3458,15
1778112000,2026-05-07T00:00:00+00:00,4698.97,4701.19,4685.54,4688.55,7175,15
1778115600,2026-05-07T01:00:00+00:00,4688.55,4721.4,4685.23,4714.92,9205,15
1778119200,2026-05-07T02:00:00+00:00,4714.92,4718.71,4699.98,4707.12,6923,15
1778122800,2026-05-07T03:00:00+00:00,4706.94,4709.8,4698.98,4699.15,4979,15
1778126400,2026-05-07T04:00:00+00:00,4699.15,4700.75,4692.29,4696.41,4980,14
1778130000,2026-05-07T05:00:00+00:00,4696.41,4706.66,4694.75,4701.13,5911,15
1778133600,2026-05-07T06:00:00+00:00,4701.15,4749.83,4701.15,4739.2,8607,14
1778137200,2026-05-07T07:00:00+00:00,4739.3,4750.55,4731.55,4743.02,9302,15
1778140800,2026-05-07T08:00:00+00:00,4743.02,4753.49,4730.87,4731.01,8458,14
1778144400,2026-05-07T09:00:00+00:00,4731.04,4739.58,4721.78,4729.08,7731,15
1778148000,2026-05-07T10:00:00+00:00,4728.53,4739.76,4726.79,4735.68,6383,14
1778151600,2026-05-07T11:00:00+00:00,4735.71,4743.68,4727.33,4742.83,7314,15
1778155200,2026-05-07T12:00:00+00:00,4742.85,4752.51,4733.54,4750.09,8810,15
1778158800,2026-05-07T13:00:00+00:00,4750.08,4758.21,4731.28,4746.28,11208,14
1778162400,2026-05-07T14:00:00+00:00,4746.22,4763.42,4741.45,4762.79,10902,14
1778166000,2026-05-07T15:00:00+00:00,4762.78,4764.77,4726.38,4729.26,10872,15
1778169600,2026-05-07T16:00:00+00:00,4729.38,4729.59,4704.66,4715.07,11607,14
1778173200,2026-05-07T17:00:00+00:00,4715.07,4719.62,4688.87,4711.42,11534,15
1778176800,2026-05-07T18:00:00+00:00,4711.39,4716.01,4695.76,4709.62,9985,15
1778180400,2026-05-07T19:00:00+00:00,4709.77,4712.84,4697.96,4702.98,9968,15
1778184000,2026-05-07T20:00:00+00:00,4703.22,4718.93,4685.86,4687.27,6569,14
1778191200,2026-05-07T22:00:00+00:00,4687.59,4699.3,4682.01,4686.01,5514,28
1778194800,2026-05-07T23:00:00+00:00,4686.06,4705.67,4684.68,4704.52,4409,15
1778198400,2026-05-08T00:00:00+00:00,4704.38,4709.52,4693.98,4701.36,7141,15
1778202000,2026-05-08T01:00:00+00:00,4701.36,4725.54,4700.67,4722.91,8593,15
1778205600,2026-05-08T02:00:00+00:00,4722.92,4732.75,4707.43,4713.45,8278,15
1778209200,2026-05-08T03:00:00+00:00,4713.49,4731.02,4711.38,4719.59,5961,15
1778212800,2026-05-08T04:00:00+00:00,4719.59,4723.23,4709.15,4711.11,5400,15
1778216400,2026-05-08T05:00:00+00:00,4711.12,4731.19,4709.59,4727.52,6893,15
1778220000,2026-05-08T06:00:00+00:00,4727.51,4734.74,4712.59,4725.7,8481,14
1778223600,2026-05-08T07:00:00+00:00,4725.7,4726.37,4696.99,4707.9,8604,15
1778227200,2026-05-08T08:00:00+00:00,4707.89,4723.57,4706.79,4715.71,7107,15
1778230800,2026-05-08T09:00:00+00:00,4715.7,4722.9,4707.51,4711.87,6616,14
1778234400,2026-05-08T10:00:00+00:00,4711.87,4727.78,4711.26,4719.8,5691,15
1778238000,2026-05-08T11:00:00+00:00,4720.07,4727.38,4713.73,4717.78,6406,15
1778241600,2026-05-08T12:00:00+00:00,4717.78,4732.02,4702.97,4724.42,9746,15
1778245200,2026-05-08T13:00:00+00:00,4724.42,4747.82,4716.69,4747.77,10882,14
1778248800,2026-05-08T14:00:00+00:00,4747.76,4749.33,4713.45,4716.04,11280,15
1778252400,2026-05-08T15:00:00+00:00,4715.96,4720.95,4701.99,4707.14,10329,14
1778256000,2026-05-08T16:00:00+00:00,4707.39,4720.31,4705.49,4712.47,7127,14
1778259600,2026-05-08T17:00:00+00:00,4712.47,4722.77,4712.25,4721.02,5606,15
1778263200,2026-05-08T18:00:00+00:00,4721.04,4728.94,4720.0,4721.83,5992,15
1778266800,2026-05-08T19:00:00+00:00,4721.83,4726.77,4720.94,4724.14,4960,15
1778270400,2026-05-08T20:00:00+00:00,4724.19,4724.24,4715.07,4716.14,3173,15
1778450400,2026-05-10T22:00:00+00:00,4686.78,4695.99,4679.79,4691.65,4954,58
1778454000,2026-05-10T23:00:00+00:00,4691.65,4698.58,4688.75,4691.78,5316,15
1778457600,2026-05-11T00:00:00+00:00,4691.69,4693.37,4672.03,4683.57,8111,15
1778461200,2026-05-11T01:00:00+00:00,4683.51,4705.35,4674.88,4685.72,10488,15
1778464800,2026-05-11T02:00:00+00:00,4685.7,4700.18,4676.69,4681.78,8491,15
1778468400,2026-05-11T03:00:00+00:00,4681.78,4690.42,4675.28,4678.78,6732,15
1778472000,2026-05-11T04:00:00+00:00,4679.33,4679.81,4668.59,4672.14,5662,15
1778475600,2026-05-11T05:00:00+00:00,4672.15,4680.68,4648.14,4652.41,7677,15
1778479200,2026-05-11T06:00:00+00:00,4652.41,4680.46,4649.35,4678.45,9075,15
1778482800,2026-05-11T07:00:00+00:00,4678.56,4680.36,4664.35,4667.74,7531,15
1778486400,2026-05-11T08:00:00+00:00,4667.74,4678.78,4664.24,4667.54,7565,14
1778490000,2026-05-11T09:00:00+00:00,4667.59,4670.04,4650.63,4656.81,7064,15
1778493600,2026-05-11T10:00:00+00:00,4656.79,4667.4,4656.51,4663.99,6741,15
1778497200,2026-05-11T11:00:00+00:00,4664.21,4677.35,4664.21,4674.54,7430,15
1778500800,2026-05-11T12:00:00+00:00,4674.54,4701.0,4667.48,4700.04,9920,15
1778504400,2026-05-11T13:00:00+00:00,4700.04,4748.44,4698.85,4736.31,12114,14
1778508000,2026-05-11T14:00:00+00:00,4736.27,4738.4,4715.37,4725.71,11358,14
1778511600,2026-05-11T15:00:00+00:00,4725.67,4738.25,4722.82,4732.19,9620,14
1778515200,2026-05-11T16:00:00+00:00,4732.26,4733.51,4708.1,4716.5,8974,15
1778518800,2026-05-11T17:00:00+00:00,4716.5,4724.63,4715.98,4723.68,7976,15
1778522400,2026-05-11T18:00:00+00:00,4723.68,4729.36,4721.92,4725.01,7327,15
1778526000,2026-05-11T19:00:00+00:00,4724.94,4736.27,4722.47,4733.83,7562,15
1778529600,2026-05-11T20:00:00+00:00,4733.79,4738.46,4730.11,4734.72,3928,15
1778536800,2026-05-11T22:00:00+00:00,4740.68,4755.21,4737.51,4750.83,3700,28
1778540400,2026-05-11T23:00:00+00:00,4750.82,4769.61,4746.26,4767.48,5115,15
1778544000,2026-05-12T00:00:00+00:00,4767.42,4773.57,4748.96,4749.35,7716,15
1778547600,2026-05-12T01:00:00+00:00,4749.35,4755.55,4720.46,4727.25,10440,15
1778551200,2026-05-12T02:00:00+00:00,4727.23,4733.92,4722.3,4730.08,8525,15
1778554800,2026-05-12T03:00:00+00:00,4730.0,4733.28,4718.16,4720.29,6320,15
1778558400,2026-05-12T04:00:00+00:00,4720.29,4730.38,4711.21,4714.38,5551,15
1778562000,2026-05-12T05:00:00+00:00,4714.31,4722.16,4708.83,4714.34,8161,15
1778565600,2026-05-12T06:00:00+00:00,4714.33,4714.33,4694.57,4697.28,9903,15
1778569200,2026-05-12T07:00:00+00:00,4697.05,4703.88,4687.25,4699.76,8596,14
1778572800,2026-05-12T08:00:00+00:00,4699.86,4706.84,4697.15,4703.37,8050,15
1778576400,2026-05-12T09:00:00+00:00,4703.11,4705.25,4694.26,4699.52,7503,15
1778580000,2026-05-12T10:00:00+00:00,4699.52,4708.53,4685.17,4694.42,7697,14
1778583600,2026-05-12T11:00:00+00:00,4694.53,4709.14,4687.72,4706.62,8474,15
1778587200,2026-05-12T12:00:00+00:00,4706.67,4711.59,4689.71,4705.8,10102,15
1778590800,2026-05-12T13:00:00+00:00,4705.65,4709.04,4677.06,4678.88,11954,14
1778594400,2026-05-12T14:00:00+00:00,4679.18,4695.11,4669.81,4672.89,11947,15
1778598000,2026-05-12T15:00:00+00:00,4672.77,4676.13,4638.73,4666.09,11729,15
1778601600,2026-05-12T16:00:00+00:00,4666.09,4675.13,4664.33,4671.18,9823,14
1778605200,2026-05-12T17:00:00+00:00,4671.18,4682.42,4671.18,4678.8,8695,15
1778608800,2026-05-12T18:00:00+00:00,4678.82,4698.21,4676.22,4696.02,8766,15
1778612400,2026-05-12T19:00:00+00:00,4696.02,4715.3,4696.02,4715.27,8039,14
1778616000,2026-05-12T20:00:00+00:00,4715.27,4719.26,4712.16,4715.17,4858,15
1778623200,2026-05-12T22:00:00+00:00,4715.41,4722.41,4712.17,4716.94,4037,28
1778626800,2026-05-12T23:00:00+00:00,4716.94,4723.99,4715.24,4716.98,5799,15
1778630400,2026-05-13T00:00:00+00:00,4717.12,4726.8,4714.26,4714.64,8068,15
1778634000,2026-05-13T01:00:00+00:00,4714.92,4717.17,4701.16,4702.65,9381,15
1778637600,2026-05-13T02:00:00+00:00,4702.6,4707.64,4687.59,4691.82,8118,15
1778641200,2026-05-13T03:00:00+00:00,4691.97,4705.87,4689.12,4696.12,6727,15
1778644800,2026-05-13T04:00:00+00:00,4696.12,4703.42,4695.63,4699.61,5011,15
1778648400,2026-05-13T05:00:00+00:00,4699.59,4707.33,4693.82,4704.12,7514,15
1778652000,2026-05-13T06:00:00+00:00,4704.08,4715.41,4699.17,4701.53,8896,15
1778655600,2026-05-13T07:00:00+00:00,4701.81,4708.84,4696.79,4702.91,7710,15
1778659200,2026-05-13T08:00:00+00:00,4702.56,4704.34,4694.44,4700.65,7404,14
1778662800,2026-05-13T09:00:00+00:00,4700.65,4701.79,4685.95,4700.91,7553,15
1778666400,2026-05-13T10:00:00+00:00,4700.91,4710.51,4693.69,4694.17,7629,15
1778670000,2026-05-13T11:00:00+00:00,4694.43,4705.3,4691.44,4697.41,7903,15
1778673600,2026-05-13T12:00:00+00:00,4697.16,4701.45,4676.32,4683.83,10337,15
1778677200,2026-05-13T13:00:00+00:00,4683.69,4694.66,4669.53,4679.38,11378,15
1778680800,2026-05-13T14:00:00+00:00,4679.29,4690.83,4672.95,4679.86,11500,15
1778684400,2026-05-13T15:00:00+00:00,4680.18,4699.97,4679.05,4695.6,10128,15
1778688000,2026-05-13T16:00:00+00:00,4695.71,4709.82,4695.15,4695.76,9467,14
1778691600,2026-05-13T17:00:00+00:00,4695.82,4701.32,4684.58,4685.62,8341,15
1778695200,2026-05-13T18:00:00+00:00,4685.66,4694.09,4677.69,4684.95,7799,15
1778698800,2026-05-13T19:00:00+00:00,4684.95,4690.51,4683.46,4688.31,7274,14
1778702400,2026-05-13T20:00:00+00:00,4688.28,4693.46,4685.95,4688.77,4094,15
1778709600,2026-05-13T22:00:00+00:00,4693.02,4700.57,4688.9,4700.0,3797,28
1778713200,2026-05-13T23:00:00+00:00,4699.85,4702.1,4693.31,4696.63,3560,15
1778716800,2026-05-14T00:00:00+00:00,4696.6,4706.79,4689.68,4705.0,7172,15
1778720400,2026-05-14T01:00:00+00:00,4705.02,4707.05,4683.46,4688.87,10608,15
1778724000,2026-05-14T02:00:00+00:00,4688.96,4699.65,4680.1,4686.62,8489,15
1778727600,2026-05-14T03:00:00+00:00,4686.62,4693.36,4674.05,4675.03,7919,15
1778731200,2026-05-14T04:00:00+00:00,4674.97,4712.53,4669.0,4702.35,6844,15
1778734800,2026-05-14T05:00:00+00:00,4702.35,4704.11,4689.25,4689.74,7987,15
1778738400,2026-05-14T06:00:00+00:00,4689.68,4702.41,4686.28,4700.25,9254,14
1778742000,2026-05-14T07:00:00+00:00,4699.81,4718.54,4691.18,4693.2,8858,15
1778745600,2026-05-14T08:00:00+00:00,4693.19,4706.74,4692.3,4693.29,8732,15
1778749200,2026-05-14T09:00:00+00:00,4693.41,4702.53,4688.53,4699.59,7976,15
1778752800,2026-05-14T10:00:00+00:00,4699.67,4705.16,4691.3,4697.1,7971,15
1778756400,2026-05-14T11:00:00+00:00,4697.06,4704.82,4689.44,4694.47,7925,15
1778760000,2026-05-14T12:00:00+00:00,4694.47,4709.95,4692.42,4704.79,9328,15
1778763600,2026-05-14T13:00:00+00:00,4704.79,4707.72,4666.83,4679.53,11991,15
1778767200,2026-05-14T14:00:00+00:00,4679.56,4700.93,4677.73,4679.4,11733,15
1778770800,2026-05-14T15:00:00+00:00,4679.42,4689.46,4677.18,4685.98,9892,15
1778774400,2026-05-14T16:00:00+00:00,4685.79,4686.98,4670.41,4678.56,9767,14
1778778000,2026-05-14T17:00:00+00:00,4678.68,4683.11,4676.48,4678.13,8604,15
1778781600,2026-05-14T18:00:00+00:00,4678.32,4678.43,4667.07,4671.63,7725,15
1778785200,2026-05-14T19:00:00+00:00,4671.63,4671.81,4653.1,4654.64,7670,14
1778788800,2026-05-14T20:00:00+00:00,4654.56,4656.96,4644.33,4652.32,5385,14
1778796000,2026-05-14T22:00:00+00:00,4649.99,4662.66,4647.36,4662.4,4631,28
1778799600,2026-05-14T23:00:00+00:00,4662.44,4665.25,4648.12,4652.21,5745,15
1778803200,2026-05-15T00:00:00+00:00,4652.22,4658.02,4613.83,4630.29,9843,14
1778806800,2026-05-15T01:00:00+00:00,4630.19,4631.52,4607.39,4613.51,11992,15
1778810400,2026-05-15T02:00:00+00:00,4613.94,4623.51,4609.41,4618.22,9940,15
1778814000,2026-05-15T03:00:00+00:00,4618.01,4622.35,4607.49,4615.54,7648,15
1778817600,2026-05-15T04:00:00+00:00,4615.53,4621.55,4604.42,4605.91,6701,15
1778821200,2026-05-15T05:00:00+00:00,4606.28,4606.51,4561.68,4561.68,11193,15
1778824800,2026-05-15T06:00:00+00:00,4558.28,4580.44,4556.48,4569.71,11737,14
1778828400,2026-05-15T07:00:00+00:00,4569.69,4588.72,4566.01,4570.97,9943,14
1778832000,2026-05-15T08:00:00+00:00,4570.83,4572.12,4550.73,4554.12,10460,14
1778835600,2026-05-15T09:00:00+00:00,4554.57,4563.73,4532.08,4545.8,10507,15
1778839200,2026-05-15T10:00:00+00:00,4545.95,4572.59,4544.24,4566.07,10054,15
1778842800,2026-05-15T11:00:00+00:00,4566.02,4570.22,4549.85,4552.01,9131,15
1778846400,2026-05-15T12:00:00+00:00,4552.01,4558.79,4543.77,4546.02,10346,15
1778850000,2026-05-15T13:00:00+00:00,4545.99,4557.6,4511.95,4532.6,12430,15
1778853600,2026-05-15T14:00:00+00:00,4532.47,4566.52,4525.54,4562.76,12830,15
1778857200,2026-05-15T15:00:00+00:00,4563.06,4563.72,4533.83,4539.76,11854,14
1778860800,2026-05-15T16:00:00+00:00,4540.01,4548.05,4529.45,4544.4,10042,14
1778864400,2026-05-15T17:00:00+00:00,4544.56,4564.39,4543.3,4559.55,9310,14
1778868000,2026-05-15T18:00:00+00:00,4559.6,4562.97,4552.53,4559.25,7912,15
1778871600,2026-05-15T19:00:00+00:00,4559.25,4560.14,4545.01,4545.68,7246,14
1778875200,2026-05-15T20:00:00+00:00,4545.68,4546.25,4532.98,4540.24,4682,15
1779055200,2026-05-17T22:00:00+00:00,4545.26,4554.58,4537.93,4545.86,5497,58
1779058800,2026-05-17T23:00:00+00:00,4545.81,4547.83,4532.12,4537.11,6750,15
1779062400,2026-05-18T00:00:00+00:00,4537.08,4542.44,4480.54,4515.88,11267,15
1779066000,2026-05-18T01:00:00+00:00,4515.02,4535.72,4489.58,4525.51,12091,15
1779069600,2026-05-18T02:00:00+00:00,4525.51,4542.75,4522.15,4533.75,9677,15
1779073200,2026-05-18T03:00:00+00:00,4533.81,4547.86,4525.29,4541.21,9091,15
1779076800,2026-05-18T04:00:00+00:00,4541.19,4548.92,4530.21,4540.69,7589,15
1779080400,2026-05-18T05:00:00+00:00,4540.72,4552.12,4529.99,4530.96,9729,15
1779084000,2026-05-18T06:00:00+00:00,4530.48,4548.11,4529.79,4546.84,10401,14
1779087600,2026-05-18T07:00:00+00:00,4546.84,4559.73,4538.36,4546.27,9784,15
1779091200,2026-05-18T08:00:00+00:00,4546.26,4557.07,4542.48,4549.98,8728,15
1779094800,2026-05-18T09:00:00+00:00,4549.98,4552.04,4540.28,4543.11,7871,15
1779098400,2026-05-18T10:00:00+00:00,4543.0,4547.65,4532.19,4540.32,8166,14
1779102000,2026-05-18T11:00:00+00:00,4540.35,4566.89,4530.36,4550.68,10016,15
1779105600,2026-05-18T12:00:00+00:00,4550.68,4574.83,4545.38,4571.24,10981,15
1779109200,2026-05-18T13:00:00+00:00,4571.35,4584.2,4562.07,4575.67,11781,15
1779112800,2026-05-18T14:00:00+00:00,4575.7,4575.7,4537.69,4546.67,12841,15
1779116400,2026-05-18T15:00:00+00:00,4546.55,4547.96,4532.66,4543.56,11561,15
1779120000,2026-05-18T16:00:00+00:00,4543.56,4554.58,4534.04,4550.18,10875,15
1779123600,2026-05-18T17:00:00+00:00,4550.19,4558.28,4545.67,4546.98,9294,15
1779127200,2026-05-18T18:00:00+00:00,4546.97,4547.76,4534.24,4535.62,9070,15
1779130800,2026-05-18T19:00:00+00:00,4535.8,4564.83,4535.3,4558.55,10666,14
1779134400,2026-05-18T20:00:00+00:00,4558.44,4566.63,4557.79,4566.09,4862,14
1779141600,2026-05-18T22:00:00+00:00,4569.39,4578.43,4567.62,4573.89,3511,28
1779145200,2026-05-18T23:00:00+00:00,4573.89,4588.98,4573.77,4581.91,4879,15
1779148800,2026-05-19T00:00:00+00:00,4582.21,4589.43,4561.47,4563.44,9091,15
1779152400,2026-05-19T01:00:00+00:00,4563.02,4572.35,4554.31,4563.94,10113,15
1779156000,2026-05-19T02:00:00+00:00,4563.9,4563.9,4546.21,4547.16,8796,15
1779159600,2026-05-19T03:00:00+00:00,4547.16,4555.12,4543.8,4545.13,7030,15
1779163200,2026-05-19T04:00:00+00:00,4545.16,4545.73,4538.13,4542.5,6311,15
1779166800,2026-05-19T05:00:00+00:00,4542.5,4546.54,4531.15,4540.86,8791,15
1779170400,2026-05-19T06:00:00+00:00,4541.09,4553.84,4533.69,4548.1,9941,15
1779174000,2026-05-19T07:00:00+00:00,4548.09,4559.31,4541.54,4557.22,8968,15
1779177600,2026-05-19T08:00:00+00:00,4557.62,4559.15,4536.41,4542.79,8496,14
1779181200,2026-05-19T09:00:00+00:00,4542.73,4546.91,4536.17,4541.83,8436,15
1779184800,2026-05-19T10:00:00+00:00,4541.79,4544.73,4525.76,4544.73,8142,15
1779188400,2026-05-19T11:00:00+00:00,4544.73,4547.97,4529.91,4530.82,8455,14
1779192000,2026-05-19T12:00:00+00:00,4530.76,4547.17,4527.53,4537.36,9145,15
1779195600,2026-05-19T13:00:00+00:00,4537.27,4537.48,4464.78,4504.24,12486,15
1779199200,2026-05-19T14:00:00+00:00,4504.21,4514.04,4484.58,4494.11,12711,15
1779202800,2026-05-19T15:00:00+00:00,4494.11,4509.34,4489.91,4508.45,11262,14
1779206400,2026-05-19T16:00:00+00:00,4508.89,4512.5,4496.26,4507.71,9678,15
1779210000,2026-05-19T17:00:00+00:00,4507.61,4511.12,4499.16,4500.83,8890,15
1779213600,2026-05-19T18:00:00+00:00,4500.85,4503.68,4490.34,4493.65,8829,15
1779217200,2026-05-19T19:00:00+00:00,4493.63,4497.68,4481.24,4483.42,9121,14
1779220800,2026-05-19T20:00:00+00:00,4483.45,4488.13,4480.99,4482.0,4966,15
1779228000,2026-05-19T22:00:00+00:00,4481.98,4485.84,4476.88,4484.5,4205,28
1779231600,2026-05-19T23:00:00+00:00,4484.34,4496.33,4479.75,4489.37,4853,15
1779235200,2026-05-20T00:00:00+00:00,4489.37,4508.73,4479.75,4500.94,10084,15
1779238800,2026-05-20T01:00:00+00:00,4501.01,4506.13,4456.17,4481.31,11390,15
1779242400,2026-05-20T02:00:00+00:00,4481.33,4487.15,4458.55,4465.28,10367,15
1779246000,2026-05-20T03:00:00+00:00,4465.28,4467.23,4453.65,4463.79,8187,15
1779249600,2026-05-20T04:00:00+00:00,4463.79,4470.69,4456.77,4462.25,7583,15
1779253200,2026-05-20T05:00:00+00:00,4462.25,4479.32,4461.84,4472.83,8803,15
1779256800,2026-05-20T06:00:00+00:00,4472.83,4478.41,4461.69,4474.65,10577,15
1779260400,2026-05-20T07:00:00+00:00,4474.42,4485.91,4472.08,4478.59,8996,15
1779264000,2026-05-20T08:00:00+00:00,4478.59,4490.05,4476.84,4484.18,9636,14
1779267600,2026-05-20T09:00:00+00:00,4484.15,4491.14,4472.82,4484.88,7936,14
1779271200,2026-05-20T10:00:00+00:00,4484.88,4497.03,4484.69,4494.71,7151,15
1779274800,2026-05-20T11:00:00+00:00,4494.68,4501.02,4490.96,4499.19,7501,14
1779278400,2026-05-20T12:00:00+00:00,4499.19,4505.35,4493.0,4496.29,9138,15
1779282000,2026-05-20T13:00:00+00:00,4496.24,4505.96,4482.03,4483.18,11999,15
1779285600,2026-05-20T14:00:00+00:00,4483.23,4537.25,4467.11,4531.33,13049,15
1779289200,2026-05-20T15:00:00+00:00,4531.3,4552.51,4523.26,4529.14,12128,14
1779292800,2026-05-20T16:00:00+00:00,4529.14,4535.47,4524.09,4534.34,10722,15
1779296400,2026-05-20T17:00:00+00:00,4534.55,4537.89,4530.1,4531.47,9183,15
1779300000,2026-05-20T18:00:00+00:00,4531.65,4545.11,4529.5,4542.36,8810,15
1779303600,2026-05-20T19:00:00+00:00,4542.36,4549.79,4541.82,4546.16,7979,14
1779307200,2026-05-20T20:00:00+00:00,4546.17,4550.3,4541.94,4543.63,6264,15
1779314400,2026-05-20T22:00:00+00:00,4547.34,4547.34,4535.33,4539.88,5060,28
1779318000,2026-05-20T23:00:00+00:00,4539.96,4546.92,4534.68,4546.52,4507,15
1779321600,2026-05-21T00:00:00+00:00,4546.5,4553.29,4537.52,4545.21,8087,15
1779325200,2026-05-21T01:00:00+00:00,4545.23,4570.86,4539.93,4561.18,9931,15
1779328800,2026-05-21T02:00:00+00:00,4561.18,4564.81,4531.63,4533.08,9151,14
1779332400,2026-05-21T03:00:00+00:00,4533.06,4540.13,4527.41,4528.52,6606,15
1779336000,2026-05-21T04:00:00+00:00,4528.31,4540.37,4527.59,4538.61,5487,15
1779339600,2026-05-21T05:00:00+00:00,4538.61,4540.12,4518.86,4528.08,8500,14
1779343200,2026-05-21T06:00:00+00:00,4527.26,4539.7,4518.97,4521.59,10337,15
1779346800,2026-05-21T07:00:00+00:00,4521.63,4524.43,4511.92,4519.69,9320,15
1779350400,2026-05-21T08:00:00+00:00,4519.74,4536.78,4518.08,4532.54,9920,14
1779354000,2026-05-21T09:00:00+00:00,4532.39,4542.59,4527.96,4530.68,8794,15
1779357600,2026-05-21T10:00:00+00:00,4530.68,4535.29,4505.5,4511.64,10617,15
1779361200,2026-05-21T11:00:00+00:00,4511.64,4521.25,4508.42,4514.15,9434,14
1779364800,2026-05-21T12:00:00+00:00,4514.11,4519.36,4502.56,4504.19,10417,15
1779368400,2026-05-21T13:00:00+00:00,4504.19,4521.06,4489.51,4513.24,12655,15
1779372000,2026-05-21T14:00:00+00:00,4513.14,4515.49,4498.33,4508.95,12622,15
1779375600,2026-05-21T15:00:00+00:00,4508.8,4515.19,4496.78,4512.0,11525,14
1779379200,2026-05-21T16:00:00+00:00,4512.0,4520.75,4512.0,4519.45,10326,14
1779382800,2026-05-21T17:00:00+00:00,4519.46,4559.27,4514.21,4551.48,12366,15
1779386400,2026-05-21T18:00:00+00:00,4551.48,4556.11,4527.45,4532.01,11295,15
1779390000,2026-05-21T19:00:00+00:00,4531.99,4543.85,4530.49,4543.02,9683,14
1779393600,2026-05-21T20:00:00+00:00,4543.4,4544.82,4539.79,4543.13,4592,16
1779400800,2026-05-21T22:00:00+00:00,4542.68,4546.04,4539.51,4543.23,3166,28
1779404400,2026-05-21T23:00:00+00:00,4543.41,4544.92,4532.62,4535.56,3665,15
1779408000,2026-05-22T00:00:00+00:00,4535.56,4541.23,4525.6,4526.78,7211,15
1779411600,2026-05-22T01:00:00+00:00,4526.75,4536.22,4521.19,4526.5,9202,15
1779415200,2026-05-22T02:00:00+00:00,4526.51,4529.54,4518.56,4523.26,7395,15
1779418800,2026-05-22T03:00:00+00:00,4523.26,4530.09,4519.14,4529.46,6088,15
1779422400,2026-05-22T04:00:00+00:00,4529.46,4532.96,4525.41,4527.34,4594,15
1779426000,2026-05-22T05:00:00+00:00,4527.34,4534.25,4507.39,4511.16,6763,15
1779429600,2026-05-22T06:00:00+00:00,4511.19,4528.85,4510.34,4526.99,10191,15
1779433200,2026-05-22T07:00:00+00:00,4526.92,4527.48,4516.22,4521.92,8749,15
1779436800,2026-05-22T08:00:00+00:00,4521.91,4531.18,4517.21,4521.97,9155,15
1779440400,2026-05-22T09:00:00+00:00,4521.97,4535.96,4514.9,4532.19,8342,14
1779444000,2026-05-22T10:00:00+00:00,4532.19,4536.89,4510.26,4514.71,8338,14
1779447600,2026-05-22T11:00:00+00:00,4514.72,4525.12,4511.65,4520.71,8048,15
1779451200,2026-05-22T12:00:00+00:00,4520.56,4535.55,4515.15,4528.22,10233,15
1779454800,2026-05-22T13:00:00+00:00,4528.52,4534.37,4510.59,4513.7,11851,15
1779458400,2026-05-22T14:00:00+00:00,4513.76,4513.76,4492.02,4500.63,12224,15
1779462000,2026-05-22T15:00:00+00:00,4500.62,4522.39,4500.34,4520.08,10766,14
1779465600,2026-05-22T16:00:00+00:00,4520.06,4526.8,4512.48,4514.95,8718,14
1779469200,2026-05-22T17:00:00+00:00,4514.95,4527.79,4513.22,4519.24,9127,14
1779472800,2026-05-22T18:00:00+00:00,4519.29,4519.53,4512.53,4515.02,7451,15
1779476400,2026-05-22T19:00:00+00:00,4515.23,4515.88,4504.41,4508.32,7487,14
1779480000,2026-05-22T20:00:00+00:00,4508.35,4510.34,4504.39,4504.66,3273,15
1779660000,2026-05-24T22:00:00+00:00,4550.3,4565.67,4548.65,4564.86,6916,58
1779663600,2026-05-24T23:00:00+00:00,4564.82,4579.82,4564.82,4567.03,6171,15
1779667200,2026-05-25T00:00:00+00:00,4566.94,4579.4,4566.22,4569.6,7661,15
1779670800,2026-05-25T01:00:00+00:00,4569.73,4576.35,4560.35,4562.95,9348,15
1779674400,2026-05-25T02:00:00+00:00,4562.95,4570.3,4558.87,4561.48,7374,15
1779678000,2026-05-25T03:00:00+00:00,4561.48,4564.56,4556.57,4559.73,6484,15
1779681600,2026-05-25T04:00:00+00:00,4559.68,4565.86,4559.27,4564.95,4492,15
1779685200,2026-05-25T05:00:00+00:00,4564.98,4566.06,4551.92,4553.42,6179,15
1779688800,2026-05-25T06:00:00+00:00,4553.37,4563.3,4550.55,4562.6,8021,15
1779692400,2026-05-25T07:00:00+00:00,4562.5,4565.22,4552.45,4564.81,7894,15
1779696000,2026-05-25T08:00:00+00:00,4564.81,4565.03,4553.4,4556.06,6742,15
1779699600,2026-05-25T09:00:00+00:00,4556.03,4569.15,4554.98,4567.61,5683,15
1779703200,2026-05-25T10:00:00+00:00,4567.61,4573.68,4567.61,4568.66,5748,15
1779706800,2026-05-25T11:00:00+00:00,4568.78,4577.02,4567.65,4569.45,5811,15
1779710400,2026-05-25T12:00:00+00:00,4569.45,4570.21,4552.73,4567.72,7865,15
1779714000,2026-05-25T13:00:00+00:00,4567.69,4571.57,4560.16,4563.03,8615,15
1779717600,2026-05-25T14:00:00+00:00,4563.06,4570.68,4562.35,4566.91,6901,15
1779721200,2026-05-25T15:00:00+00:00,4566.91,4574.69,4565.65,4570.88,6803,15
1779724800,2026-05-25T16:00:00+00:00,4570.96,4574.62,4567.81,4573.58,4262,15
1779728400,2026-05-25T17:00:00+00:00,4573.42,4577.71,4563.33,4565.15,3553,15
1779732000,2026-05-25T18:00:00+00:00,4565.15,4571.66,4564.26,4570.93,1518,15
1779746400,2026-05-25T22:00:00+00:00,4570.99,4576.65,4569.66,4574.7,3130,28
1779750000,2026-05-25T23:00:00+00:00,4574.74,4580.48,4555.13,4559.75,5445,15
1779753600,2026-05-26T00:00:00+00:00,4559.84,4560.1,4539.56,4549.63,8357,15
1779757200,2026-05-26T01:00:00+00:00,4549.61,4550.23,4528.03,4537.16,9860,15
1779760800,2026-05-26T02:00:00+00:00,4537.16,4539.67,4530.18,4532.41,6543,15
1779764400,2026-05-26T03:00:00+00:00,4532.39,4545.54,4532.16,4542.43,5168,15
1779768000,2026-05-26T04:00:00+00:00,4542.43,4543.33,4523.44,4525.51,4710,15
1779771600,2026-05-26T05:00:00+00:00,4525.51,4535.25,4523.22,4527.33,6674,15
1779775200,2026-05-26T06:00:00+00:00,4527.23,4536.24,4527.12,4531.14,7968,15
1779778800,2026-05-26T07:00:00+00:00,4531.05,4539.0,4521.75,4538.22,9137,15
1779782400,2026-05-26T08:00:00+00:00,4539.02,4539.02,4520.17,4523.76,8325,14
1779786000,2026-05-26T09:00:00+00:00,4523.76,4526.46,4512.21,4522.71,8080,15
1779789600,2026-05-26T10:00:00+00:00,4522.74,4540.61,4519.54,4534.43,8683,15
1779793200,2026-05-26T11:00:00+00:00,4534.48,4536.24,4504.08,4507.28,9200,14
1779796800,2026-05-26T12:00:00+00:00,4506.56,4523.78,4500.69,4520.42,9873,15
1779800400,2026-05-26T13:00:00+00:00,4520.43,4531.38,4512.29,4514.01,10970,15
1779804000,2026-05-26T14:00:00+00:00,4513.95,4525.02,4507.79,4515.29,10924,15
1779807600,2026-05-26T15:00:00+00:00,4515.33,4515.56,4502.36,4506.51,10866,15
1779811200,2026-05-26T16:00:00+00:00,4506.99,4511.19,4499.86,4504.93,8991,14
1779814800,2026-05-26T17:00:00+00:00,4504.94,4507.52,4490.61,4491.14,8459,15
1779818400,2026-05-26T18:00:00+00:00,4491.06,4499.62,4482.92,4499.21,8227,15
1779822000,2026-05-26T19:00:00+00:00,4499.34,4510.04,4497.49,4508.92,7108,15
1779825600,2026-05-26T20:00:00+00:00,4508.96,4510.35,4503.79,4507.44,3134,15
1779832800,2026-05-26T22:00:00+00:00,4499.96,4512.39,4498.19,4510.94,4584,28
1779836400,2026-05-26T23:00:00+00:00,4510.91,4527.68,4504.38,4519.73,5980,15
1779840000,2026-05-27T00:00:00+00:00,4519.71,4525.94,4514.23,4515.2,6828,15
1779843600,2026-05-27T01:00:00+00:00,4515.18,4521.15,4506.96,4507.84,7789,15
1779847200,2026-05-27T02:00:00+00:00,4507.95,4509.46,4498.04,4506.0,6346,15
1779850800,2026-05-27T03:00:00+00:00,4505.94,4511.89,4496.69,4497.13,5025,15
1779854400,2026-05-27T04:00:00+00:00,4497.13,4517.16,4495.89,4510.05,5363,15
1779858000,2026-05-27T05:00:00+00:00,4510.11,4513.81,4491.76,4497.62,8228,15
1779861600,2026-05-27T06:00:00+00:00,4497.59,4499.2,4480.53,4485.19,9222,14
1779865200,2026-05-27T07:00:00+00:00,4485.54,4489.21,4475.94,4481.99,7714,15
1779868800,2026-05-27T08:00:00+00:00,4481.73,4498.65,4481.73,4497.85,7249,15
1779872400,2026-05-27T09:00:00+00:00,4497.85,4497.85,4487.03,4490.14,5894,15
1779876000,2026-05-27T10:00:00+00:00,4490.14,4490.48,4442.88,4445.84,7895,15
1779879600,2026-05-27T11:00:00+00:00,4445.89,4453.43,4424.86,4428.71,9100,15
1779883200,2026-05-27T12:00:00+00:00,4428.71,4466.41,4427.62,4438.86,10172,15
1779886800,2026-05-27T13:00:00+00:00,4438.86,4438.93,4401.48,4427.39,12294,14
1779890400,2026-05-27T14:00:00+00:00,4427.39,4455.33,4426.32,4434.11,11575,15
1779894000,2026-05-27T15:00:00+00:00,4434.09,4441.59,4428.21,4436.29,9063,14
1779897600,2026-05-27T16:00:00+00:00,4436.41,4453.29,4434.18,4450.79,7317,14
1779901200,2026-05-27T17:00:00+00:00,4450.79,4454.32,4441.51,4450.6,7493,15
1779904800,2026-05-27T18:00:00+00:00,4450.51,4458.32,4447.76,4454.38,5970,15
1779908400,2026-05-27T19:00:00+00:00,4454.38,4454.78,4448.97,4450.89,4840,15
1779912000,2026-05-27T20:00:00+00:00,4451.03,4458.86,4450.12,4456.15,3099,15
1779919200,2026-05-27T22:00:00+00:00,4456.47,4462.34,4455.23,4457.21,3954,28
1779922800,2026-05-27T23:00:00+00:00,4457.25,4457.56,4444.26,4447.05,5714,15
1779926400,2026-05-28T00:00:00+00:00,4447.07,4457.74,4443.99,4457.12,7107,15
1779930000,2026-05-28T01:00:00+00:00,4457.14,4458.74,4406.87,4409.82,10356,15
1779933600,2026-05-28T02:00:00+00:00,4409.83,4412.63,4393.09,4394.39,8651,15
1779937200,2026-05-28T03:00:00+00:00,4394.27,4398.05,4368.64,4374.98,9395,15
1779940800,2026-05-28T04:00:00+00:00,4374.95,4382.25,4366.44,4373.12,8199,15
1779944400,2026-05-28T05:00:00+00:00,4373.21,4395.72,4367.3,4387.92,8623,15
1779948000,2026-05-28T06:00:00+00:00,4387.99,4390.6,4374.33,4383.54,8577,15
1779951600,2026-05-28T07:00:00+00:00,4383.65,4396.29,4382.97,4387.57,7884,15
1779955200,2026-05-28T08:00:00+00:00,4388.19,4395.04,4385.9,4387.03,7147,15
1779958800,2026-05-28T09:00:00+00:00,4386.89,4399.09,4386.54,4393.55,7113,15
1779962400,2026-05-28T10:00:00+00:00,4393.6,4404.48,4375.58,4383.12,7831,15
1779966000,2026-05-28T11:00:00+00:00,4383.01,4390.54,4381.03,4387.99,7705,14
1779969600,2026-05-28T12:00:00+00:00,4388.29,4433.46,4379.58,4432.23,9576,15
1779973200,2026-05-28T13:00:00+00:00,4432.91,4438.94,4418.34,4430.64,11402,15
1779976800,2026-05-28T14:00:00+00:00,4430.64,4480.35,4421.11,4469.54,12346,15
1779980400,2026-05-28T15:00:00+00:00,4469.96,4484.79,4468.91,4482.21,10632,15
1779984000,2026-05-28T16:00:00+00:00,4482.26,4511.09,4478.07,4511.08,10162,14
1779987600,2026-05-28T17:00:00+00:00,4511.09,4514.6,4501.3,4508.93,8724,15
1779991200,2026-05-28T18:00:00+00:00,4508.98,4516.56,4498.51,4500.87,8214,15
1779994800,2026-05-28T19:00:00+00:00,4500.92,4503.68,4497.11,4498.06,6512,15
1779998400,2026-05-28T20:00:00+00:00,4497.91,4500.69,4494.84,4495.7,4141,16
1780005600,2026-05-28T22:00:00+00:00,4497.28,4498.2,4490.74,4490.96,3996,28
1780009200,2026-05-28T23:00:00+00:00,4490.96,4496.92,4489.18,4495.23,4321,15
1780012800,2026-05-29T00:00:00+00:00,4495.3,4500.64,4492.3,4496.12,6522,15
1780016400,2026-05-29T01:00:00+00:00,4496.34,4520.44,4493.07,4506.4,9296,15
1780020000,2026-05-29T02:00:00+00:00,4506.38,4511.15,4498.44,4501.64,7066,15
1780023600,2026-05-29T03:00:00+00:00,4501.51,4502.01,4494.81,4501.55,6189,15
1780027200,2026-05-29T04:00:00+00:00,4501.55,4514.73,4501.32,4514.16,5057,15
1780030800,2026-05-29T05:00:00+00:00,4514.14,4515.77,4502.85,4514.9,5824,15
1780034400,2026-05-29T06:00:00+00:00,4515.02,4524.08,4510.28,4523.72,8477,15
1780038000,2026-05-29T07:00:00+00:00,4523.4,4526.12,4510.83,4524.76,7747,15
1780041600,2026-05-29T08:00:00+00:00,4524.76,4524.94,4510.09,4514.95,7147,14
1780045200,2026-05-29T09:00:00+00:00,4514.95,4539.07,4513.24,4531.08,7581,15
1780048800,2026-05-29T10:00:00+00:00,4530.91,4543.23,4525.62,4538.78,7202,14
1780052400,2026-05-29T11:00:00+00:00,4538.78,4540.59,4525.98,4538.42,7091,15
1780056000,2026-05-29T12:00:00+00:00,4538.45,4538.6,4512.68,4523.09,8582,15
1780059600,2026-05-29T13:00:00+00:00,4523.23,4540.75,4517.16,4536.7,10593,15
1780063200,2026-05-29T14:00:00+00:00,4536.71,4570.38,4525.61,4564.23,12399,15
1780066800,2026-05-29T15:00:00+00:00,4564.21,4595.23,4558.43,4571.08,11992,14
1780070400,2026-05-29T16:00:00+00:00,4571.2,4573.47,4560.53,4566.75,9021,14
1780074000,2026-05-29T17:00:00+00:00,4566.87,4568.51,4551.59,4553.45,8552,15
1780077600,2026-05-29T18:00:00+00:00,4553.47,4561.6,4550.88,4553.27,7611,15
1780081200,2026-05-29T19:00:00+00:00,4553.17,4560.23,4542.99,4545.58,7653,15
1780084800,2026-05-29T20:00:00+00:00,4545.35,4548.96,4541.21,4543.56,3536,24
1780264800,2026-05-31T22:00:00+00:00,4525.71,4540.19,4523.74,4535.17,4407,58
1780268400,2026-05-31T23:00:00+00:00,4535.17,4545.72,4534.92,4539.61,4761,15
1780272000,2026-06-01T00:00:00+00:00,4539.61,4545.91,4535.37,4540.47,6688,15
1780275600,2026-06-01T01:00:00+00:00,4540.54,4541.2,4523.8,4525.5,8812,15
1780279200,2026-06-01T02:00:00+00:00,4525.5,4534.64,4521.23,4521.51,6976,14
1780282800,2026-06-01T03:00:00+00:00,4521.51,4525.51,4509.92,4516.5,6309,15
1780286400,2026-06-01T04:00:00+00:00,4516.5,4519.77,4509.05,4514.53,4484,15
1780290000,2026-06-01T05:00:00+00:00,4514.55,4525.32,4512.85,4518.17,6420,14
1780293600,2026-06-01T06:00:00+00:00,4518.11,4518.76,4500.0,4501.73,8571,15
1780297200,2026-06-01T07:00:00+00:00,4501.72,4509.92,4492.46,4503.0,7726,15
1780300800,2026-06-01T08:00:00+00:00,4502.93,4504.36,4490.97,4498.0,6920,14
1780304400,2026-06-01T09:00:00+00:00,4498.01,4506.39,4489.25,4496.02,7340,15
1780308000,2026-06-01T10:00:00+00:00,4496.04,4511.05,4496.03,4504.02,6353,15
1780311600,2026-06-01T11:00:00+00:00,4504.02,4512.93,4499.9,4505.86,6595,15
1780315200,2026-06-01T12:00:00+00:00,4505.86,4510.42,4497.62,4502.22,8493,15
1780318800,2026-06-01T13:00:00+00:00,4503.07,4503.86,4449.12,4450.65,12390,15
1780322400,2026-06-01T14:00:00+00:00,4450.2,4464.2,4447.81,4458.7,11522,15
1780326000,2026-06-01T15:00:00+00:00,4458.68,4479.87,4456.59,4474.21,10415,15
1780329600,2026-06-01T16:00:00+00:00,4474.17,4482.14,4463.07,4480.1,8903,14
1780333200,2026-06-01T17:00:00+00:00,4480.53,4495.49,4471.59,4487.47,9387,14
1780336800,2026-06-01T18:00:00+00:00,4487.48,4490.21,4484.97,4486.66,6588,15
1780340400,2026-06-01T19:00:00+00:00,4486.51,4488.25,4479.12,4481.14,6573,15
1780344000,2026-06-01T20:00:00+00:00,4481.2,4485.86,4480.12,4484.79,3840,15
1780351200,2026-06-01T22:00:00+00:00,4483.26,4486.47,4479.59,4485.53,2973,28
1780354800,2026-06-01T23:00:00+00:00,4485.31,4488.17,4479.49,4484.49,3583,15
1780358400,2026-06-02T00:00:00+00:00,4484.77,4497.15,4477.06,4482.14,7830,15
1780362000,2026-06-02T01:00:00+00:00,4481.43,4492.37,4463.24,4474.15,10436,15
1780365600,2026-06-02T02:00:00+00:00,4474.08,4486.6,4472.41,4485.96,7980,15
1780369200,2026-06-02T03:00:00+00:00,4486.0,4499.38,4485.72,4499.31,6622,15
1780372800,2026-06-02T04:00:00+00:00,4499.31,4518.51,4497.79,4517.51,5565,15
1780376400,2026-06-02T05:00:00+00:00,4517.5,4528.31,4515.26,4517.09,7003,15
1780380000,2026-06-02T06:00:00+00:00,4517.13,4537.4,4516.97,4536.0,8342,14
1780383600,2026-06-02T07:00:00+00:00,4535.76,4541.55,4527.86,4535.09,7141,15
1780387200,2026-06-02T08:00:00+00:00,4535.11,4539.29,4526.03,4526.75,7201,14
1780390800,2026-06-02T09:00:00+00:00,4526.81,4535.71,4522.12,4530.05,6743,15
1780394400,2026-06-02T10:00:00+00:00,4529.92,4533.93,4524.62,4533.25,5403,15
1780398000,2026-06-02T11:00:00+00:00,4533.27,4534.66,4525.74,4527.59,5729,15
1780401600,2026-06-02T12:00:00+00:00,4527.59,4534.17,4513.51,4514.43,7605,15
1780405200,2026-06-02T13:00:00+00:00,4515.02,4524.83,4503.03,4503.03,10746,15
1780408800,2026-06-02T14:00:00+00:00,4503.08,4507.0,4490.43,4504.15,10291,15
1780412400,2026-06-02T15:00:00+00:00,4504.22,4508.53,4500.18,4502.12,9040,15
1780416000,2026-06-02T16:00:00+00:00,4502.12,4502.9,4486.38,4492.01,8128,15
1780419600,2026-06-02T17:00:00+00:00,4491.95,4493.04,4482.2,4484.63,7969,15
1780423200,2026-06-02T18:00:00+00:00,4484.63,4490.98,4478.61,4487.38,7033,15
1780426800,2026-06-02T19:00:00+00:00,4487.4,4490.29,4483.49,4487.98,5603,15
1780430400,2026-06-02T20:00:00+00:00,4488.1,4490.98,4486.27,4487.86,2956,15
1780437600,2026-06-02T22:00:00+00:00,4490.2,4493.12,4483.91,4484.94,4403,28
1780441200,2026-06-02T23:00:00+00:00,4484.98,4488.51,4462.41,4474.45,7591,15
1780444800,2026-06-03T00:00:00+00:00,4474.45,4496.58,4473.9,4486.01,6208,15
1780448400,2026-06-03T01:00:00+00:00,4486.01,4487.2,4464.15,4475.77,8466,15
1780452000,2026-06-03T02:00:00+00:00,4475.98,4484.96,4472.89,4481.9,6303,15
1780455600,2026-06-03T03:00:00+00:00,4481.9,4487.63,4481.9,4484.37,4456,15
1780459200,2026-06-03T04:00:00+00:00,4484.47,4487.8,4468.44,4469.58,4172,15
1780462800,2026-06-03T05:00:00+00:00,4469.58,4474.29,4456.65,4456.94,6587,15
1780466400,2026-06-03T06:00:00+00:00,4456.96,4470.93,4455.36,4462.99,9036,15
1780470000,2026-06-03T07:00:00+00:00,4463.02,4472.21,4452.91,4453.3,8291,15
1780473600,2026-06-03T08:00:00+00:00,4453.39,4459.1,4440.25,4444.09,8217,15
1780477200,2026-06-03T09:00:00+00:00,4444.09,4459.01,4438.99,4443.16,8000,15
1780480800,2026-06-03T10:00:00+00:00,4443.11,4467.09,4440.97,4459.0,8484,15
1780484400,2026-06-03T11:00:00+00:00,4459.0,4468.07,4458.56,4462.42,7304,15
1780488000,2026-06-03T12:00:00+00:00,4462.42,4467.1,4448.26,4460.32,9077,15
1780491600,2026-06-03T13:00:00+00:00,4460.22,4465.84,4426.51,4445.51,11009,15
1780495200,2026-06-03T14:00:00+00:00,4445.19,4459.6,4442.43,4457.18,10537,15
1780498800,2026-06-03T15:00:00+00:00,4457.36,4458.31,4437.29,4442.28,10018,15
1780502400,2026-06-03T16:00:00+00:00,4442.28,4443.95,4434.16,4441.88,8909,15
1780506000,2026-06-03T17:00:00+00:00,4441.89,4448.24,4435.72,4438.99,7603,15
1780509600,2026-06-03T18:00:00+00:00,4438.99,4442.93,4435.55,4442.22,6763,15
1780513200,2026-06-03T19:00:00+00:00,4442.21,4452.25,4441.57,4443.77,6906,15
1780516800,2026-06-03T20:00:00+00:00,4443.9,4445.3,4430.31,4434.4,5610,15
1780524000,2026-06-03T22:00:00+00:00,4432.27,4452.55,4424.17,4448.74,6672,28
1780527600,2026-06-03T23:00:00+00:00,4448.76,4464.71,4445.44,4457.31,5707,15
1780531200,2026-06-04T00:00:00+00:00,4457.32,4465.05,4444.08,4448.32,7519,15
1780534800,2026-06-04T01:00:00+00:00,4448.31,4473.61,4443.58,4465.7,9466,15
1780538400,2026-06-04T02:00:00+00:00,4466.04,4476.49,4455.67,4474.92,8303,15
1780542000,2026-06-04T03:00:00+00:00,4474.91,4477.27,4458.37,4463.89,7337,15
1780545600,2026-06-04T04:00:00+00:00,4463.9,4484.04,4462.35,4481.05,6298,15
1780549200,2026-06-04T05:00:00+00:00,4481.07,4482.45,4467.0,4469.25,6952,15
1780552800,2026-06-04T06:00:00+00:00,4469.25,4477.2,4463.0,4467.93,8075,15
1780556400,2026-06-04T07:00:00+00:00,4467.81,4470.81,4459.86,4461.74,7238,15
1780560000,2026-06-04T08:00:00+00:00,4461.76,4469.29,4458.6,4463.39,8086,15
1780563600,2026-06-04T09:00:00+00:00,4463.39,4475.63,4461.07,4470.4,8085,15
1780567200,2026-06-04T10:00:00+00:00,4470.41,4474.02,4464.33,4473.67,6605,15
1780570800,2026-06-04T11:00:00+00:00,4473.69,4514.53,4468.8,4511.69,9255,15
1780574400,2026-06-04T12:00:00+00:00,4511.48,4513.78,4491.35,4504.15,9100,15
1780578000,2026-06-04T13:00:00+00:00,4504.05,4515.36,4495.56,4495.75,10983,15
1780581600,2026-06-04T14:00:00+00:00,4495.89,4499.91,4457.43,4465.92,11658,15
1780585200,2026-06-04T15:00:00+00:00,4466.03,4478.99,4464.12,4477.4,8958,15
1780588800,2026-06-04T16:00:00+00:00,4477.41,4485.15,4475.36,4482.73,7772,15
1780592400,2026-06-04T17:00:00+00:00,4482.66,4482.66,4474.09,4478.08,6666,15
1780596000,2026-06-04T18:00:00+00:00,4478.08,4481.1,4472.82,4478.15,5976,15
1780599600,2026-06-04T19:00:00+00:00,4478.15,4483.42,4476.24,4480.72,5817,15
1780603200,2026-06-04T20:00:00+00:00,4480.79,4481.61,4474.24,4475.3,3447,15
1780610400,2026-06-04T22:00:00+00:00,4473.75,4481.47,4468.89,4469.62,4556,28
1780614000,2026-06-04T23:00:00+00:00,4469.83,4474.18,4460.6,4461.81,5427,15
1780617600,2026-06-05T00:00:00+00:00,4461.58,4467.07,4450.75,4459.66,7687,15
1780621200,2026-06-05T01:00:00+00:00,4459.4,4469.82,4444.28,4446.86,9683,15
1780624800,2026-06-05T02:00:00+00:00,4446.87,4455.11,4438.51,4440.6,8324,15
1780628400,2026-06-05T03:00:00+00:00,4440.58,4443.96,4435.27,4442.46,7046,15
1780632000,2026-06-05T04:00:00+00:00,4442.46,4446.56,4437.57,4445.09,6255,15
1780635600,2026-06-05T05:00:00+00:00,4445.09,4450.17,4438.64,4440.0,7353,15
1780639200,2026-06-05T06:00:00+00:00,4439.92,4456.06,4429.02,4452.86,9225,15
1780642800,2026-06-05T07:00:00+00:00,4452.79,4467.3,4451.88,4460.9,7368,15
1780646400,2026-06-05T08:00:00+00:00,4460.9,4468.23,4458.85,4462.7,7300,15
1780650000,2026-06-05T09:00:00+00:00,4462.7,4469.35,4458.96,4464.92,7637,15
1780653600,2026-06-05T10:00:00+00:00,4464.92,4468.09,4461.99,4467.01,5272,15
1780657200,2026-06-05T11:00:00+00:00,4466.99,4475.27,4460.01,4470.1,6936,15
1780660800,2026-06-05T12:00:00+00:00,4470.1,4475.73,4404.99,4406.37,10230,15
1780664400,2026-06-05T13:00:00+00:00,4406.8,4420.81,4365.79,4365.86,12510,15
1780668000,2026-06-05T14:00:00+00:00,4365.79,4379.29,4344.65,4369.74,12464,15
1780671600,2026-06-05T15:00:00+00:00,4369.74,4372.34,4334.1,4335.51,11317,15
1780675200,2026-06-05T16:00:00+00:00,4335.51,4344.98,4323.58,4344.64,11026,15
1780678800,2026-06-05T17:00:00+00:00,4344.7,4347.36,4335.69,4341.75,10414,15
1780682400,2026-06-05T18:00:00+00:00,4342.01,4342.11,4315.27,4322.39,10012,15
1780686000,2026-06-05T19:00:00+00:00,4322.4,4325.1,4313.97,4318.83,10186,15
1780689600,2026-06-05T20:00:00+00:00,4318.62,4326.32,4311.59,4324.01,6732,15
1780869600,2026-06-07T22:00:00+00:00,4318.7,4330.47,4314.0,4317.11,6964,58
1780873200,2026-06-07T23:00:00+00:00,4317.07,4346.96,4317.07,4344.01,7733,15
1780876800,2026-06-08T00:00:00+00:00,4344.03,4353.27,4339.82,4342.5,9250,15
1780880400,2026-06-08T01:00:00+00:00,4342.28,4345.84,4300.03,4325.5,12522,15
1780884000,2026-06-08T02:00:00+00:00,4325.77,4330.7,4307.25,4310.67,10590,15
1780887600,2026-06-08T03:00:00+00:00,4310.66,4317.21,4303.64,4316.83,8340,15
1780891200,2026-06-08T04:00:00+00:00,4316.83,4321.81,4307.67,4312.69,7786,15
1780894800,2026-06-08T05:00:00+00:00,4312.72,4316.05,4268.8,4292.13,10109,15
1780898400,2026-06-08T06:00:00+00:00,4292.13,4311.36,4292.13,4300.08,10607,15
1780902000,2026-06-08T07:00:00+00:00,4300.05,4316.98,4294.52,4294.52,9754,15
1780905600,2026-06-08T08:00:00+00:00,4294.52,4297.16,4285.41,4288.87,9224,15
1780909200,2026-06-08T09:00:00+00:00,4288.91,4302.01,4273.14,4294.23,8655,15
1780912800,2026-06-08T10:00:00+00:00,4294.24,4305.72,4286.1,4302.1,8062,15
1780916400,2026-06-08T11:00:00+00:00,4302.09,4333.2,4297.25,4331.3,9657,15
1780920000,2026-06-08T12:00:00+00:00,4331.33,4339.29,4320.35,4333.03,9865,15
1780923600,2026-06-08T13:00:00+00:00,4333.11,4346.13,4321.47,4326.79,12014,15
1780927200,2026-06-08T14:00:00+00:00,4327.01,4331.73,4315.47,4331.29,12215,15
1780930800,2026-06-08T15:00:00+00:00,4331.34,4345.76,4322.66,4341.85,10936,15
1780934400,2026-06-08T16:00:00+00:00,4341.78,4346.28,4337.94,4340.69,9707,15
1780938000,2026-06-08T17:00:00+00:00,4340.73,4342.44,4332.06,4339.31,9957,15
1780941600,2026-06-08T18:00:00+00:00,4339.24,4345.89,4333.09,4334.65,8535,15
1780945200,2026-06-08T19:00:00+00:00,4334.69,4338.2,4323.37,4326.68,8785,15
1780948800,2026-06-08T20:00:00+00:00,4326.58,4330.37,4324.69,4329.79,3755,16
1780956000,2026-06-08T22:00:00+00:00,4326.65,4328.8,4322.71,4327.8,2905,28
1780959600,2026-06-08T23:00:00+00:00,4327.8,4328.82,4312.89,4317.92,4921,15
1780963200,2026-06-09T00:00:00+00:00,4317.86,4323.78,4315.11,4319.97,8165,15
1780966800,2026-06-09T01:00:00+00:00,4319.92,4338.82,4318.69,4336.5,9967,15
1780970400,2026-06-09T02:00:00+00:00,4336.5,4340.85,4328.32,4336.08,8518,15
1780974000,2026-06-09T03:00:00+00:00,4336.04,4342.18,4331.36,4336.57,7186,15
1780977600,2026-06-09T04:00:00+00:00,4336.6,4339.46,4324.36,4332.45,5638,15
1780981200,2026-06-09T05:00:00+00:00,4332.5,4351.39,4330.8,4343.52,7642,15
1780984800,2026-06-09T06:00:00+00:00,4343.49,4348.87,4330.29,4330.62,8512,15
1780988400,2026-06-09T07:00:00+00:00,4330.66,4334.69,4322.6,4326.55,8068,15
1780992000,2026-06-09T08:00:00+00:00,4326.63,4336.83,4321.31,4326.62,7941,15
1780995600,2026-06-09T09:00:00+00:00,4326.62,4335.9,4324.07,4332.23,6572,15
1780999200,2026-06-09T10:00:00+00:00,4332.22,4340.73,4325.63,4339.11,6559,15
1781002800,2026-06-09T11:00:00+00:00,4339.11,4343.78,4335.69,4339.78,6145,15
1781006400,2026-06-09T12:00:00+00:00,4339.9,4344.38,4334.89,4341.42,7683,15
1781010000,2026-06-09T13:00:00+00:00,4341.45,4363.38,4325.21,4328.99,11318,15
1781013600,2026-06-09T14:00:00+00:00,4328.87,4335.98,4278.72,4300.77,13326,15
1781017200,2026-06-09T15:00:00+00:00,4300.57,4302.14,4263.25,4272.66,13142,15
1781020800,2026-06-09T16:00:00+00:00,4272.42,4281.05,4236.75,4252.22,13192,15
1781024400,2026-06-09T17:00:00+00:00,4252.06,4268.11,4251.43,4263.08,12480,15
1781028000,2026-06-09T18:00:00+00:00,4263.12,4274.26,4259.68,4269.96,11053,15
1781031600,2026-06-09T19:00:00+00:00,4270.05,4271.71,4250.0,4258.6,11106,15
1781035200,2026-06-09T20:00:00+00:00,4258.86,4262.02,4255.56,4259.38,4801,16
1781042400,2026-06-09T22:00:00+00:00,4255.05,4257.22,4232.43,4237.27,5298,28
1781046000,2026-06-09T23:00:00+00:00,4237.09,4247.4,4210.4,4221.99,7324,15
1781049600,2026-06-10T00:00:00+00:00,4222.23,4228.29,4198.99,4217.74,10585,15
1781053200,2026-06-10T01:00:00+00:00,4218.07,4218.42,4184.06,4188.62,11420,15
1781056800,2026-06-10T02:00:00+00:00,4188.65,4192.55,4173.23,4174.06,10459,15
1781060400,2026-06-10T03:00:00+00:00,4174.03,4186.53,4172.96,4184.87,8830,15
1781064000,2026-06-10T04:00:00+00:00,4184.86,4187.2,4172.64,4174.83,7491,15
1781067600,2026-06-10T05:00:00+00:00,4174.83,4209.05,4173.45,4205.24,9559,15
1781071200,2026-06-10T06:00:00+00:00,4205.49,4221.88,4201.76,4204.02,9616,15
1781074800,2026-06-10T07:00:00+00:00,4204.02,4208.05,4181.59,4186.48,9054,15
1781078400,2026-06-10T08:00:00+00:00,4186.12,4187.38,4161.52,4168.59,10175,15
1781082000,2026-06-10T09:00:00+00:00,4168.96,4179.47,4163.11,4168.7,9575,15
1781085600,2026-06-10T10:00:00+00:00,4168.7,4178.47,4155.73,4174.71,8574,15
1781089200,2026-06-10T11:00:00+00:00,4174.57,4176.08,4145.84,4147.64,11101,15
1781092800,2026-06-10T12:00:00+00:00,4147.64,4173.78,4131.32,4147.07,11928,15
1781096400,2026-06-10T13:00:00+00:00,4147.28,4186.22,4132.97,4179.61,12722,15
1781100000,2026-06-10T14:00:00+00:00,4179.61,4180.72,4117.8,4124.9,13072,15
1781103600,2026-06-10T15:00:00+00:00,4124.96,4136.79,4106.89,4128.86,13031,15
1781107200,2026-06-10T16:00:00+00:00,4129.76,4134.6,4116.03,4121.97,12270,15
1781110800,2026-06-10T17:00:00+00:00,4121.98,4134.87,4100.85,4111.68,11542,15
1781114400,2026-06-10T18:00:00+00:00,4111.78,4120.44,4096.99,4101.27,10719,15
1781118000,2026-06-10T19:00:00+00:00,4101.63,4102.14,4081.73,4082.94,11307,15
1781121600,2026-06-10T20:00:00+00:00,4082.78,4083.01,4067.16,4071.22,6546,15
1781128800,2026-06-10T22:00:00+00:00,4063.29,4069.13,4035.99,4046.45,7489,28
1781132400,2026-06-10T23:00:00+00:00,4046.45,4064.71,4023.92,4047.4,8683,15
1781136000,2026-06-11T00:00:00+00:00,4047.08,4077.83,4036.04,4076.19,10994,15
1781139600,2026-06-11T01:00:00+00:00,4075.66,4118.38,4066.69,4102.05,11831,15
1781143200,2026-06-11T02:00:00+00:00,4102.05,4102.6,4052.57,4067.94,11514,15
1781146800,2026-06-11T03:00:00+00:00,4067.88,4078.63,4056.94,4072.81,10109,15
1781150400,2026-06-11T04:00:00+00:00,4072.85,4085.89,4070.22,4082.9,8723,15
1781154000,2026-06-11T05:00:00+00:00,4082.89,4106.29,4072.68,4094.17,10092,15
1781157600,2026-06-11T06:00:00+00:00,4094.12,4097.54,4076.4,4094.15,9706,15
1781161200,2026-06-11T07:00:00+00:00,4094.52,4110.59,4091.89,4104.98,9214,15
1781164800,2026-06-11T08:00:00+00:00,4104.98,4112.64,4084.61,4084.62,9165,15
1781168400,2026-06-11T09:00:00+00:00,4084.47,4096.49,4077.49,4091.7,8271,15
1781172000,2026-06-11T10:00:00+00:00,4091.65,4094.55,4086.6,4089.97,7000,15
1781175600,2026-06-11T11:00:00+00:00,4089.97,4095.84,4079.68,4080.34,9025,15
1781179200,2026-06-11T12:00:00+00:00,4080.36,4087.27,4057.69,4082.12,11094,15
1781182800,2026-06-11T13:00:00+00:00,4081.94,4092.56,4067.2,4083.21,12578,15
1781186400,2026-06-11T14:00:00+00:00,4083.21,4085.15,4053.07,4073.43,13015,15
1781190000,2026-06-11T15:00:00+00:00,4073.27,4095.53,4070.42,4088.78,12371,15
1781193600,2026-06-11T16:00:00+00:00,4088.78,4107.73,4078.02,4080.26,11174,15
1781197200,2026-06-11T17:00:00+00:00,4080.27,4169.92,4071.97,4151.82,11625,15
1781200800,2026-06-11T18:00:00+00:00,4151.83,4171.35,4131.37,4161.85,12497,15
1781204400,2026-06-11T19:00:00+00:00,4161.85,4220.06,4161.85,4208.99,12193,15
1781208000,2026-06-11T20:00:00+00:00,4209.46,4218.5,4208.17,4210.78,6707,15
1781215200,2026-06-11T22:00:00+00:00,4208.43,4246.52,4205.57,4243.3,6165,28
1781218800,2026-06-11T23:00:00+00:00,4243.37,4245.42,4214.22,4219.9,7538,15
1781222400,2026-06-12T00:00:00+00:00,4219.59,4230.33,4200.63,4208.59,9790,15
1781226000,2026-06-12T01:00:00+00:00,4208.5,4209.36,4171.46,4186.75,11195,15
1781229600,2026-06-12T02:00:00+00:00,4186.22,4199.99,4182.69,4191.54,9425,15
1781233200,2026-06-12T03:00:00+00:00,4191.53,4205.07,4189.69,4197.14,8827,15
1781236800,2026-06-12T04:00:00+00:00,4197.23,4201.08,4189.67,4190.09,6577,15
1781240400,2026-06-12T05:00:00+00:00,4190.03,4193.1,4170.73,4173.56,9557,15
1781244000,2026-06-12T06:00:00+00:00,4173.53,4185.59,4172.42,4184.23,9569,15
1781247600,2026-06-12T07:00:00+00:00,4184.18,4193.9,4170.25,4193.9,8896,15
1781251200,2026-06-12T08:00:00+00:00,4194.26,4225.94,4192.09,4219.66,10840,15
1781254800,2026-06-12T09:00:00+00:00,4219.66,4227.94,4217.48,4221.89,9114,15
1781258400,2026-06-12T10:00:00+00:00,4221.83,4225.66,4202.91,4210.97,8606,15
1781262000,2026-06-12T11:00:00+00:00,4210.95,4215.33,4197.63,4206.91,8654,15
1781265600,2026-06-12T12:00:00+00:00,4206.88,4215.36,4188.5,4191.87,10080,15
1781269200,2026-06-12T13:00:00+00:00,4191.9,4210.18,4183.08,4186.36,11613,15
1781272800,2026-06-12T14:00:00+00:00,4186.92,4208.53,4177.27,4203.96,12536,15
1781276400,2026-06-12T15:00:00+00:00,4204.08,4235.6,4200.42,4211.9,12228,15
1781280000,2026-06-12T16:00:00+00:00,4211.94,4232.96,4208.12,4216.45,11284,15
1781283600,2026-06-12T17:00:00+00:00,4216.07,4225.07,4213.9,4221.36,9900,15
1781287200,2026-06-12T18:00:00+00:00,4221.42,4235.39,4214.21,4215.58,8803,15
1781290800,2026-06-12T19:00:00+00:00,4215.15,4218.86,4201.86,4210.85,8776,15
1781294400,2026-06-12T20:00:00+00:00,4210.73,4216.78,4209.24,4213.6,3254,15
1781474400,2026-06-14T22:00:00+00:00,4306.27,4306.27,4280.42,4286.92,5969,58
1781478000,2026-06-14T23:00:00+00:00,4287.36,4295.11,4281.0,4294.09,5399,15
1781481600,2026-06-15T00:00:00+00:00,4293.76,4308.25,4291.72,4292.62,8139,15
1781485200,2026-06-15T01:00:00+00:00,4292.62,4319.54,4285.55,4316.86,10481,15
1781488800,2026-06-15T02:00:00+00:00,4316.86,4335.51,4316.2,4329.65,8070,15
1781492400,2026-06-15T03:00:00+00:00,4329.63,4331.24,4321.26,4325.12,6369,15
1781496000,2026-06-15T04:00:00+00:00,4325.12,4329.97,4320.94,4328.36,4569,15
1781499600,2026-06-15T05:00:00+00:00,4328.02,4333.02,4307.62,4310.05,7412,15
1781503200,2026-06-15T06:00:00+00:00,4310.09,4313.39,4300.93,4308.19,8617,15
1781506800,2026-06-15T07:00:00+00:00,4307.87,4325.32,4305.38,4323.14,7501,15
1781510400,2026-06-15T08:00:00+00:00,4323.14,4345.2,4321.79,4334.17,7542,15
1781514000,2026-06-15T09:00:00+00:00,4334.21,4343.14,4334.21,4336.69,6984,15
1781517600,2026-06-15T10:00:00+00:00,4336.77,4341.53,4335.31,4338.2,5807,15
1781521200,2026-06-15T11:00:00+00:00,4338.34,4347.46,4331.91,4335.24,7166,15
1781524800,2026-06-15T12:00:00+00:00,4335.24,4349.39,4324.67,4348.96,8423,15
1781528400,2026-06-15T13:00:00+00:00,4349.06,4368.43,4341.32,4355.08,10684,15
1781532000,2026-06-15T14:00:00+00:00,4355.2,4369.17,4353.95,4357.08,11241,15
1781535600,2026-06-15T15:00:00+00:00,4356.77,4360.77,4349.68,4356.36,10075,15
1781539200,2026-06-15T16:00:00+00:00,4356.26,4358.79,4334.57,4339.25,8792,15
1781542800,2026-06-15T17:00:00+00:00,4339.11,4339.13,4320.52,4324.91,9017,15
1781546400,2026-06-15T18:00:00+00:00,4324.85,4328.05,4318.74,4325.69,8331,15
1781550000,2026-06-15T19:00:00+00:00,4325.69,4326.72,4316.39,4320.58,8116,15
1781553600,2026-06-15T20:00:00+00:00,4320.52,4322.01,4306.37,4309.05,4227,15
1781560800,2026-06-15T22:00:00+00:00,4313.31,4315.36,4306.05,4312.01,3040,28
1781564400,2026-06-15T23:00:00+00:00,4312.01,4319.15,4311.44,4315.68,3771,15
1781568000,2026-06-16T00:00:00+00:00,4315.68,4320.7,4306.96,4319.13,6977,15
1781571600,2026-06-16T01:00:00+00:00,4319.15,4325.9,4312.14,4313.61,9405,15
1781575200,2026-06-16T02:00:00+00:00,4313.6,4320.89,4307.72,4318.71,7001,15
1781578800,2026-06-16T03:00:00+00:00,4318.71,4333.15,4315.59,4330.46,6910,15
1781582400,2026-06-16T04:00:00+00:00,4330.42,4331.99,4321.28,4322.54,5258,15
1781586000,2026-06-16T05:00:00+00:00,4322.7,4330.9,4314.31,4315.96,6936,15
1781589600,2026-06-16T06:00:00+00:00,4315.96,4324.41,4313.5,4323.83,7787,15
1781593200,2026-06-16T07:00:00+00:00,4323.79,4335.51,4322.66,4335.04,6783,15
1781596800,2026-06-16T08:00:00+00:00,4335.03,4347.96,4332.72,4346.97,7115,15
1781600400,2026-06-16T09:00:00+00:00,4346.97,4348.37,4338.42,4345.18,6129,15
1781604000,2026-06-16T10:00:00+00:00,4345.18,4348.96,4342.32,4348.93,5073,15
1781607600,2026-06-16T11:00:00+00:00,4348.92,4349.38,4335.3,4340.96,6758,15
1781611200,2026-06-16T12:00:00+00:00,4340.97,4354.94,4337.57,4354.7,8518,15
1781614800,2026-06-16T13:00:00+00:00,4354.62,4354.83,4331.65,4331.67,11091,15
1781618400,2026-06-16T14:00:00+00:00,4331.91,4338.69,4313.28,4324.05,11469,15
1781622000,2026-06-16T15:00:00+00:00,4324.53,4343.35,4321.04,4335.31,10572,15
1781625600,2026-06-16T16:00:00+00:00,4335.16,4346.94,4334.81,4340.65,9298,15
1781629200,2026-06-16T17:00:00+00:00,4340.62,4341.23,4325.22,4340.32,8457,15
1781632800,2026-06-16T18:00:00+00:00,4340.3,4342.78,4336.2,4338.56,7109,15
1781636400,2026-06-16T19:00:00+00:00,4338.58,4342.9,4330.65,4334.05,7090,15
1781640000,2026-06-16T20:00:00+00:00,4334.12,4334.87,4329.57,4331.07,3507,15
1781647200,2026-06-16T22:00:00+00:00,4331.74,4336.09,4329.02,4335.54,2023,28
1781650800,2026-06-16T23:00:00+00:00,4335.54,4338.47,4329.72,4331.03,2165,15
1781654400,2026-06-17T00:00:00+00:00,4331.03,4341.73,4328.7,4337.17,6030,15
1781658000,2026-06-17T01:00:00+00:00,4336.93,4349.66,4334.59,4340.91,8500,15
1781661600,2026-06-17T02:00:00+00:00,4340.91,4344.37,4329.81,4331.71,6713,15
1781665200,2026-06-17T03:00:00+00:00,4331.6,4334.12,4328.82,4332.26,5713,15
1781668800,2026-06-17T04:00:00+00:00,4332.16,4334.16,4317.51,4326.76,5110,15
1781672400,2026-06-17T05:00:00+00:00,4326.76,4334.05,4321.29,4326.6,6458,15
1781676000,2026-06-17T06:00:00+00:00,4327.23,4331.84,4320.56,4331.77,7005,15
1781679600,2026-06-17T07:00:00+00:00,4331.59,4332.76,4324.75,4325.27,6189,15
1781683200,2026-06-17T08:00:00+00:00,4325.07,4327.94,4317.77,4324.73,6856,15
1781686800,2026-06-17T09:00:00+00:00,4324.73,4335.6,4321.29,4329.57,6397,15
1781690400,2026-06-17T10:00:00+00:00,4329.63,4335.11,4326.9,4331.5,5451,15
1781694000,2026-06-17T11:00:00+00:00,4331.53,4331.89,4321.04,4323.22,6383,15
1781697600,2026-06-17T12:00:00+00:00,4323.25,4335.5,4319.99,4333.69,6821,15
1781701200,2026-06-17T13:00:00+00:00,4333.69,4345.3,4324.13,4339.92,9968,15
1781704800,2026-06-17T14:00:00+00:00,4339.93,4364.0,4333.26,4344.57,11282,15
1781708400,2026-06-17T15:00:00+00:00,4344.58,4364.69,4343.8,4363.69,10007,15
1781712000,2026-06-17T16:00:00+00:00,4363.46,4366.5,4355.02,4359.39,7620,15
1781715600,2026-06-17T17:00:00+00:00,4359.46,4382.12,4355.37,4379.57,9000,15
1781719200,2026-06-17T18:00:00+00:00,4379.69,4379.69,4270.38,4286.15,11675,15
1781722800,2026-06-17T19:00:00+00:00,4286.35,4295.43,4219.15,4235.81,12458,15
1781726400,2026-06-17T20:00:00+00:00,4235.87,4269.52,4235.0,4257.7,8824,15
1781733600,2026-06-17T22:00:00+00:00,4258.24,4271.25,4258.24,4266.7,4364,28
1781737200,2026-06-17T23:00:00+00:00,4266.7,4283.98,4264.29,4277.92,5594,15
1781740800,2026-06-18T00:00:00+00:00,4277.93,4315.19,4276.61,4308.58,9316,15
1781744400,2026-06-18T01:00:00+00:00,4308.39,4328.45,4307.16,4317.85,9775,15
1781748000,2026-06-18T02:00:00+00:00,4317.83,4329.89,4310.59,4310.96,8496,15
1781751600,2026-06-18T03:00:00+00:00,4310.98,4322.58,4309.15,4319.81,6882,15
1781755200,2026-06-18T04:00:00+00:00,4319.81,4324.04,4309.63,4316.15,5774,15
1781758800,2026-06-18T05:00:00+00:00,4315.7,4324.63,4301.2,4308.05,8127,15
1781762400,2026-06-18T06:00:00+00:00,4308.05,4309.85,4296.29,4306.54,9039,15
1781766000,2026-06-18T07:00:00+00:00,4306.51,4309.49,4287.48,4288.7,8082,15
1781769600,2026-06-18T08:00:00+00:00,4288.71,4292.89,4265.52,4266.74,8293,15
1781773200,2026-06-18T09:00:00+00:00,4266.74,4273.34,4259.62,4268.75,8100,15
1781776800,2026-06-18T10:00:00+00:00,4268.55,4272.8,4254.71,4255.5,7489,15
1781780400,2026-06-18T11:00:00+00:00,4255.82,4255.82,4239.82,4242.01,9149,15
1781784000,2026-06-18T12:00:00+00:00,4241.86,4269.14,4240.4,4246.7,10381,15
1781787600,2026-06-18T13:00:00+00:00,4246.7,4276.6,4245.03,4256.55,11405,15
1781791200,2026-06-18T14:00:00+00:00,4256.71,4257.72,4237.16,4252.39,11888,15
1781794800,2026-06-18T15:00:00+00:00,4252.45,4254.71,4223.2,4226.74,11508,15
1781798400,2026-06-18T16:00:00+00:00,4226.65,4233.33,4214.16,4219.45,10854,15
1781802000,2026-06-18T17:00:00+00:00,4219.51,4233.12,4218.64,4230.47,9485,15
1781805600,2026-06-18T18:00:00+00:00,4230.47,4233.15,4218.22,4218.22,8490,15
1781809200,2026-06-18T19:00:00+00:00,4218.42,4219.02,4201.56,4217.09,9464,15
1781812800,2026-06-18T20:00:00+00:00,4216.73,4219.5,4207.66,4208.94,4279,15
1781820000,2026-06-18T22:00:00+00:00,4204.84,4210.56,4202.52,4207.39,2331,28
1781823600,2026-06-18T23:00:00+00:00,4207.39,4208.28,4187.0,4188.36,4735,15
1781827200,2026-06-19T00:00:00+00:00,4188.2,4198.19,4184.25,4190.39,7218,15
1781830800,2026-06-19T01:00:00+00:00,4190.39,4194.6,4183.93,4184.81,6102,15
1781834400,2026-06-19T02:00:00+00:00,4184.93,4186.25,4171.88,4176.36,6012,15
1781838000,2026-06-19T03:00:00+00:00,4176.36,4177.3,4147.34,4153.8,7383,15
1781841600,2026-06-19T04:00:00+00:00,4153.61,4155.26,4125.04,4125.85,8385,15
1781845200,2026-06-19T05:00:00+00:00,4125.84,4141.46,4121.58,4139.73,8195,15
1781848800,2026-06-19T06:00:00+00:00,4139.7,4150.59,4132.92,4147.67,7846,15
1781852400,2026-06-19T07:00:00+00:00,4147.67,4163.07,4147.67,4158.05,7677,15
1781856000,2026-06-19T08:00:00+00:00,4158.08,4178.55,4155.33,4169.16,8234,15
1781859600,2026-06-19T09:00:00+00:00,4169.17,4170.86,4161.06,4163.06,7304,15
1781863200,2026-06-19T10:00:00+00:00,4162.99,4163.26,4148.21,4149.81,7912,15
1781866800,2026-06-19T11:00:00+00:00,4149.82,4154.98,4142.04,4152.71,7350,15
1781870400,2026-06-19T12:00:00+00:00,4152.71,4179.95,4147.38,4178.76,8415,15
1781874000,2026-06-19T13:00:00+00:00,4178.91,4183.03,4150.55,4151.49,9937,15
1781877600,2026-06-19T14:00:00+00:00,4151.31,4154.64,4142.81,4149.26,9077,15
1781881200,2026-06-19T15:00:00+00:00,4149.27,4154.22,4147.61,4151.08,6599,15
1781884800,2026-06-19T16:00:00+00:00,4151.13,4157.91,4144.35,4155.77,4747,15
1782079200,2026-06-21T22:00:00+00:00,4154.38,4156.75,4147.59,4156.18,4597,58
1782082800,2026-06-21T23:00:00+00:00,4155.97,4164.39,4136.46,4140.23,6796,15
1782086400,2026-06-22T00:00:00+00:00,4140.23,4200.93,4140.0,4200.86,9549,15
1782090000,2026-06-22T01:00:00+00:00,4201.11,4220.57,4189.6,4191.01,10905,15
1782093600,2026-06-22T02:00:00+00:00,4191.01,4200.35,4183.46,4188.38,9000,15
1782097200,2026-06-22T03:00:00+00:00,4188.42,4189.91,4170.76,4171.67,7637,15
1782100800,2026-06-22T04:00:00+00:00,4171.77,4182.19,4170.75,4181.77,5876,15
1782104400,2026-06-22T05:00:00+00:00,4181.82,4198.6,4179.44,4193.83,8259,15
1782108000,2026-06-22T06:00:00+00:00,4193.83,4207.29,4191.06,4197.42,8704,15
1782111600,2026-06-22T07:00:00+00:00,4197.52,4201.78,4188.8,4190.4,7435,15
1782115200,2026-06-22T08:00:00+00:00,4190.34,4197.86,4188.63,4197.3,7441,15
1782118800,2026-06-22T09:00:00+00:00,4197.28,4210.12,4195.91,4208.2,7502,15
1782122400,2026-06-22T10:00:00+00:00,4208.2,4214.25,4203.65,4204.69,6465,15
1782126000,2026-06-22T11:00:00+00:00,4204.71,4215.12,4201.45,4207.45,7758,15
1782129600,2026-06-22T12:00:00+00:00,4207.54,4211.77,4192.25,4193.4,8219,15
1782133200,2026-06-22T13:00:00+00:00,4193.38,4205.68,4182.97,4199.79,11535,15
1782136800,2026-06-22T14:00:00+00:00,4200.03,4210.74,4186.65,4198.24,12442,15
1782140400,2026-06-22T15:00:00+00:00,4198.29,4201.27,4169.8,4182.86,11393,15
1782144000,2026-06-22T16:00:00+00:00,4182.86,4190.63,4174.49,4189.83,9733,15
1782147600,2026-06-22T17:00:00+00:00,4189.96,4191.63,4177.3,4182.97,8268,15
1782151200,2026-06-22T18:00:00+00:00,4183.18,4192.85,4182.57,4191.3,7167,15
1782154800,2026-06-22T19:00:00+00:00,4191.29,4193.4,4184.25,4190.88,7414,15
1782158400,2026-06-22T20:00:00+00:00,4190.54,4193.67,4188.6,4191.37,3031,15
1782165600,2026-06-22T22:00:00+00:00,4192.81,4194.62,4188.48,4189.9,2844,28
1782169200,2026-06-22T23:00:00+00:00,4189.9,4195.39,4186.81,4187.7,3635,15
1782172800,2026-06-23T00:00:00+00:00,4187.68,4194.67,4178.23,4193.41,8486,15
1782176400,2026-06-23T01:00:00+00:00,4193.38,4198.66,4150.05,4161.32,11241,15
1782180000,2026-06-23T02:00:00+00:00,4161.35,4163.36,4146.52,4146.92,9808,15
1782183600,2026-06-23T03:00:00+00:00,4147.22,4149.79,4130.91,4144.13,9150,15
1782187200,2026-06-23T04:00:00+00:00,4144.56,4146.97,4116.71,4118.16,6940,15
1782190800,2026-06-23T05:00:00+00:00,4118.12,4137.51,4115.33,4121.19,9690,15
1782194400,2026-06-23T06:00:00+00:00,4121.16,4126.95,4110.46,4114.44,10493,15
1782198000,2026-06-23T07:00:00+00:00,4114.31,4124.63,4096.7,4098.81,9985,15
1782201600,2026-06-23T08:00:00+00:00,4098.53,4110.94,4090.88,4105.52,10249,15
1782205200,2026-06-23T09:00:00+00:00,4105.51,4122.29,4104.03,4122.27,8234,15
1782208800,2026-06-23T10:00:00+00:00,4122.25,4133.32,4119.67,4119.78,8645,15
1782212400,2026-06-23T11:00:00+00:00,4119.78,4131.92,4117.46,4123.27,9126,15
1782216000,2026-06-23T12:00:00+00:00,4123.24,4127.31,4111.82,4113.29,9809,15
1782219600,2026-06-23T13:00:00+00:00,4113.28,4140.4,4105.4,4135.63,12212,15
1782223200,2026-06-23T14:00:00+00:00,4135.19,4145.05,4122.83,4130.22,12624,15
1782226800,2026-06-23T15:00:00+00:00,4130.16,4141.69,4123.47,4138.69,11125,15
1782230400,2026-06-23T16:00:00+00:00,4138.92,4143.87,4131.58,4134.33,8346,15
1782234000,2026-06-23T17:00:00+00:00,4134.18,4139.76,4127.73,4128.05,8509,15
1782237600,2026-06-23T18:00:00+00:00,4128.1,4131.19,4112.81,4117.88,7725,15
1782241200,2026-06-23T19:00:00+00:00,4117.89,4125.99,4112.29,4112.42,9340,15
1782244800,2026-06-23T20:00:00+00:00,4112.08,4112.83,4107.45,4110.08,4156,15
1782252000,2026-06-23T22:00:00+00:00,4111.47,4115.05,4096.95,4104.24,5967,28
1782255600,2026-06-23T23:00:00+00:00,4104.17,4104.24,4080.88,4099.31,7615,15
1782259200,2026-06-24T00:00:00+00:00,4099.37,4112.07,4093.77,4097.38,10709,15
1782262800,2026-06-24T01:00:00+00:00,4097.29,4102.27,4068.39,4089.09,12160,15
1782266400,2026-06-24T02:00:00+00:00,4088.88,4095.94,4052.13,4061.16,10544,15
1782270000,2026-06-24T03:00:00+00:00,4061.36,4070.72,4050.37,4062.76,10374,15
1782273600,2026-06-24T04:00:00+00:00,4062.85,4067.36,4055.08,4064.5,8428,15
1782277200,2026-06-24T05:00:00+00:00,4064.47,4086.17,4060.79,4075.87,9422,15
1782280800,2026-06-24T06:00:00+00:00,4076.12,4097.6,4075.84,4087.17,9892,15
1782284400,2026-06-24T07:00:00+00:00,4086.61,4090.81,4073.68,4074.86,8074,15
1782288000,2026-06-24T08:00:00+00:00,4074.82,4087.61,4073.2,4076.32,8720,15
1782291600,2026-06-24T09:00:00+00:00,4076.32,4079.25,4064.18,4064.65,7875,15
1782295200,2026-06-24T10:00:00+00:00,4064.67,4066.84,4054.77,4055.7,8356,15
1782298800,2026-06-24T11:00:00+00:00,4055.7,4058.56,4037.59,4046.8,10331,15
1782302400,2026-06-24T12:00:00+00:00,4046.75,4048.72,3987.68,3987.8,11302,15
1782306000,2026-06-24T13:00:00+00:00,3987.93,4042.06,3964.66,4038.28,12795,15
1782309600,2026-06-24T14:00:00+00:00,4038.26,4041.09,4002.98,4008.05,12481,15
1782313200,2026-06-24T15:00:00+00:00,4008.07,4016.87,3997.34,4002.53,11748,15
1782316800,2026-06-24T16:00:00+00:00,4002.52,4022.16,3995.52,4006.66,11065,15
1782320400,2026-06-24T17:00:00+00:00,4006.66,4011.28,3972.88,3972.89,11934,15
1782324000,2026-06-24T18:00:00+00:00,3973.11,3994.28,3959.15,3981.45,11784,15
1782327600,2026-06-24T19:00:00+00:00,3981.4,3990.82,3973.64,3988.2,10789,15
1782331200,2026-06-24T20:00:00+00:00,3988.0,4002.87,3984.67,4000.81,7650,15
1782338400,2026-06-24T22:00:00+00:00,4007.56,4007.56,3992.78,3996.34,4044,28
1782342000,2026-06-24T23:00:00+00:00,3996.42,4018.74,3990.83,4012.5,5944,15
1782345600,2026-06-25T00:00:00+00:00,4013.12,4016.5,3978.46,3991.54,10280,15
1782349200,2026-06-25T01:00:00+00:00,3991.52,4005.83,3972.43,3976.73,12352,15
1782352800,2026-06-25T02:00:00+00:00,3976.86,3991.34,3963.67,3983.36,11199,15
1782356400,2026-06-25T03:00:00+00:00,3983.04,4000.92,3966.47,3995.35,9958,15
1782360000,2026-06-25T04:00:00+00:00,3995.35,3997.63,3983.58,3996.17,7868,15
1782363600,2026-06-25T05:00:00+00:00,3996.18,4000.01,3980.3,3986.51,9722,15
1782367200,2026-06-25T06:00:00+00:00,3986.49,3989.19,3974.22,3977.36,9657,15
1782370800,2026-06-25T07:00:00+00:00,3977.43,3989.75,3971.48,3987.8,8521,15
1782374400,2026-06-25T08:00:00+00:00,3988.03,4002.04,3984.41,3989.2,8911,15
1782378000,2026-06-25T09:00:00+00:00,3989.2,3997.69,3986.1,3988.15,7370,15
1782381600,2026-06-25T10:00:00+00:00,3988.25,3989.42,3981.39,3984.28,6181,15
1782385200,2026-06-25T11:00:00+00:00,3984.28,3987.71,3973.67,3980.12,7454,15
1782388800,2026-06-25T12:00:00+00:00,3980.1,4018.68,3978.9,4012.45,10312,15
1782392400,2026-06-25T13:00:00+00:00,4012.42,4033.98,4001.0,4002.31,12921,15
1782396000,2026-06-25T14:00:00+00:00,4002.24,4028.38,3999.39,4012.01,12871,15
1782399600,2026-06-25T15:00:00+00:00,4012.01,4042.62,4005.07,4041.17,12220,15
1782403200,2026-06-25T16:00:00+00:00,4041.84,4044.06,4023.85,4028.69,11009,15
1782406800,2026-06-25T17:00:00+00:00,4028.71,4036.75,4026.9,4034.72,9331,15
1782410400,2026-06-25T18:00:00+00:00,4034.73,4044.09,4026.0,4034.72,9668,15
1782414000,2026-06-25T19:00:00+00:00,4035.1,4043.81,4021.97,4026.4,8931,15
1782417600,2026-06-25T20:00:00+00:00,4026.61,4034.92,4024.34,4026.59,4449,15
1782424800,2026-06-25T22:00:00+00:00,4029.46,4036.39,4019.7,4026.3,5264,28
1782428400,2026-06-25T23:00:00+00:00,4025.82,4030.35,4012.66,4014.5,5435,15
1782432000,2026-06-26T00:00:00+00:00,4014.53,4024.52,4011.8,4020.34,9886,15
1782435600,2026-06-26T01:00:00+00:00,4020.78,4029.63,4014.27,4020.92,11143,15
1782439200,2026-06-26T02:00:00+00:00,4020.92,4023.3,3982.96,3990.72,10721,15
1782442800,2026-06-26T03:00:00+00:00,3990.57,4006.66,3986.68,4004.43,9546,15
1782446400,2026-06-26T04:00:00+00:00,4004.43,4015.36,3998.78,4011.24,8263,15
1782450000,2026-06-26T05:00:00+00:00,4011.58,4021.53,4005.69,4008.03,9450,15
1782453600,2026-06-26T06:00:00+00:00,4008.07,4033.2,4006.89,4032.08,10406,15
1782457200,2026-06-26T07:00:00+00:00,4032.08,4039.9,4026.82,4030.61,7777,15
1782460800,2026-06-26T08:00:00+00:00,4030.67,4037.78,4025.78,4031.0,7676,15
1782464400,2026-06-26T09:00:00+00:00,4030.99,4054.04,4029.48,4047.2,8158,15
1782468000,2026-06-26T10:00:00+00:00,4047.21,4054.85,4042.29,4054.7,7230,15
1782471600,2026-06-26T11:00:00+00:00,4054.91,4055.38,4042.73,4045.94,7438,15
1782475200,2026-06-26T12:00:00+00:00,4046.11,4061.54,4035.81,4059.04,8800,15
1782478800,2026-06-26T13:00:00+00:00,4059.05,4078.03,4043.37,4073.4,12584,15
1782482400,2026-06-26T14:00:00+00:00,4073.5,4093.01,4067.81,4080.54,12064,15
1782486000,2026-06-26T15:00:00+00:00,4080.54,4095.99,4075.79,4090.55,10795,15
1782489600,2026-06-26T16:00:00+00:00,4090.55,4093.49,4082.23,4085.12,9069,15
1782493200,2026-06-26T17:00:00+00:00,4085.18,4088.15,4073.66,4074.77,7976,15
1782496800,2026-06-26T18:00:00+00:00,4074.77,4078.83,4067.13,4067.4,7483,15
1782500400,2026-06-26T19:00:00+00:00,4067.44,4074.66,4064.5,4071.58,7811,15
1782504000,2026-06-26T20:00:00+00:00,4071.8,4072.82,4064.51,4070.66,4895,22
1782684000,2026-06-28T22:00:00+00:00,4075.87,4077.84,4053.12,4066.09,5480,58
1782687600,2026-06-28T23:00:00+00:00,4066.09,4070.32,4051.86,4062.8,6634,15
1782691200,2026-06-29T00:00:00+00:00,4062.89,4074.33,4048.35,4069.33,10403,15
1782694800,2026-06-29T01:00:00+00:00,4069.47,4074.59,4053.95,4061.43,11477,15
1782698400,2026-06-29T02:00:00+00:00,4061.38,4071.53,4058.31,4066.41,10864,15
1782702000,2026-06-29T03:00:00+00:00,4066.43,4075.69,4065.09,4068.98,9069,15
1782705600,2026-06-29T04:00:00+00:00,4068.92,4069.01,4049.66,4052.37,6854,15
1782709200,2026-06-29T05:00:00+00:00,4051.69,4057.43,4039.4,4054.44,9730,15
1782712800,2026-06-29T06:00:00+00:00,4054.5,4064.93,4054.04,4062.35,8791,15
1782716400,2026-06-29T07:00:00+00:00,4062.39,4068.44,4056.15,4061.72,7392,15
1782720000,2026-06-29T08:00:00+00:00,4061.72,4066.73,4043.83,4047.21,7478,15
1782723600,2026-06-29T09:00:00+00:00,4047.21,4055.35,4025.23,4031.55,7959,15
1782727200,2026-06-29T10:00:00+00:00,4031.49,4039.72,4027.52,4036.93,6865,15
1782730800,2026-06-29T11:00:00+00:00,4036.93,4042.3,4027.62,4039.29,7246,15
1782734400,2026-06-29T12:00:00+00:00,4039.26,4052.32,4037.66,4043.82,8220,15
1782738000,2026-06-29T13:00:00+00:00,4043.8,4051.72,4028.42,4032.29,10705,15
1782741600,2026-06-29T14:00:00+00:00,4032.32,4035.49,4000.29,4025.66,11862,15
1782745200,2026-06-29T15:00:00+00:00,4026.13,4030.36,4016.69,4026.99,9598,15
1782748800,2026-06-29T16:00:00+00:00,4026.99,4028.71,4018.73,4023.88,6912,15
1782752400,2026-06-29T17:00:00+00:00,4023.89,4032.14,4019.35,4021.0,7005,15
1782756000,2026-06-29T18:00:00+00:00,4021.0,4025.29,4012.05,4013.41,5390,15
1782759600,2026-06-29T19:00:00+00:00,4013.38,4019.52,4005.36,4015.87,6485,15
1782763200,2026-06-29T20:00:00+00:00,4015.99,4017.99,4012.59,4016.53,2548,15
1782770400,2026-06-29T22:00:00+00:00,4018.57,4022.15,4009.62,4014.12,4342,28
1782774000,2026-06-29T23:00:00+00:00,4014.55,4022.4,4013.48,4015.12,4627,15
1782777600,2026-06-30T00:00:00+00:00,4015.08,4015.13,3980.06,3987.22,10053,15
1782781200,2026-06-30T01:00:00+00:00,3987.09,3987.09,3942.89,3969.44,11762,15
1782784800,2026-06-30T02:00:00+00:00,3969.4,3973.28,3952.46,3962.89,10301,15
1782788400,2026-06-30T03:00:00+00:00,3962.89,3971.26,3960.18,3969.88,8997,15
1782792000,2026-06-30T04:00:00+00:00,3969.89,3997.44,3968.17,3985.58,7929,15
1782795600,2026-06-30T05:00:00+00:00,3985.55,3990.73,3975.32,3978.03,8622,15
1782799200,2026-06-30T06:00:00+00:00,3977.99,4034.26,3977.99,4029.51,11115,15
1782802800,2026-06-30T07:00:00+00:00,4029.46,4034.78,4023.92,4032.13,7460,15
1782806400,2026-06-30T08:00:00+00:00,4032.13,4037.91,4013.69,4015.77,8322,15
1782810000,2026-06-30T09:00:00+00:00,4015.38,4023.95,4012.58,4023.95,6764,15
1782813600,2026-06-30T10:00:00+00:00,4023.95,4031.33,4021.56,4029.88,5916,15
1782817200,2026-06-30T11:00:00+00:00,4029.85,4037.36,4025.46,4033.91,7008,15
1782820800,2026-06-30T12:00:00+00:00,4033.86,4034.43,4008.74,4010.23,8458,15
1782824400,2026-06-30T13:00:00+00:00,4009.96,4033.38,4009.48,4029.78,11250,15
1782828000,2026-06-30T14:00:00+00:00,4029.78,4063.41,4025.21,4037.4,11895,15
1782831600,2026-06-30T15:00:00+00:00,4037.52,4039.35,4022.25,4029.37,10373,15
1782835200,2026-06-30T16:00:00+00:00,4029.37,4033.89,4025.95,4026.14,6926,15
1782838800,2026-06-30T17:00:00+00:00,4026.11,4032.2,4020.78,4030.75,6914,15
1782842400,2026-06-30T18:00:00+00:00,4030.77,4033.81,4028.29,4028.58,4585,15
1782846000,2026-06-30T19:00:00+00:00,4028.58,4029.46,4014.82,4015.97,6521,15
1782849600,2026-06-30T20:00:00+00:00,4016.15,4021.03,4006.45,4007.45,4570,15
1782856800,2026-06-30T22:00:00+00:00,4013.98,4017.97,4011.08,4013.04,4475,28
1782860400,2026-06-30T23:00:00+00:00,4013.08,4018.32,4005.37,4005.75,5353,15
1782864000,2026-07-01T00:00:00+00:00,4005.75,4009.76,3993.25,3996.67,8322,15
1782867600,2026-07-01T01:00:00+00:00,3996.67,3999.75,3973.98,3977.8,11169,15
1782871200,2026-07-01T02:00:00+00:00,3977.8,3986.14,3970.25,3979.23,9567,15
1782874800,2026-07-01T03:00:00+00:00,3979.28,3987.02,3976.75,3980.62,7082,15
1782878400,2026-07-01T04:00:00+00:00,3980.62,3982.8,3972.49,3976.47,5602,15
1782882000,2026-07-01T05:00:00+00:00,3976.45,3978.95,3969.93,3974.02,8362,15
1782885600,2026-07-01T06:00:00+00:00,3974.02,3977.54,3963.19,3971.9,8740,15
1782889200,2026-07-01T07:00:00+00:00,3971.65,3978.29,3959.81,3976.0,8504,15
1782892800,2026-07-01T08:00:00+00:00,3976.11,3984.46,3969.53,3974.45,7185,15
1782896400,2026-07-01T09:00:00+00:00,3974.45,3986.0,3972.8,3984.45,6185,15
1782900000,2026-07-01T10:00:00+00:00,3984.45,3998.75,3981.45,3998.18,6015,15
1782903600,2026-07-01T11:00:00+00:00,3998.4,4035.55,3997.97,4030.34,8742,15
1782907200,2026-07-01T12:00:00+00:00,4030.34,4033.92,4019.64,4022.82,9618,15
1782910800,2026-07-01T13:00:00+00:00,4022.82,4107.99,4012.8,4089.8,12508,15
1782914400,2026-07-01T14:00:00+00:00,4089.62,4115.59,4082.99,4093.39,12383,15
1782918000,2026-07-01T15:00:00+00:00,4093.36,4094.52,4076.84,4081.17,10833,15
1782921600,2026-07-01T16:00:00+00:00,4081.17,4088.4,4070.54,4071.25,9240,15
1782925200,2026-07-01T17:00:00+00:00,4071.5,4073.68,4067.42,4068.24,8510,15
1782928800,2026-07-01T18:00:00+00:00,4068.26,4070.8,4057.95,4062.21,7944,15
1782932400,2026-07-01T19:00:00+00:00,4062.19,4068.37,4034.5,4039.13,8238,15
1782936000,2026-07-01T20:00:00+00:00,4038.84,4039.7,4028.54,4030.98,5403,15
1782943200,2026-07-01T22:00:00+00:00,4039.41,4045.16,4034.95,4045.02,4248,28
1782946800,2026-07-01T23:00:00+00:00,4045.03,4045.03,4033.39,4035.17,5111,15
1782950400,2026-07-02T00:00:00+00:00,4035.14,4052.48,4030.79,4051.82,8731,15
1782954000,2026-07-02T01:00:00+00:00,4051.87,4068.68,4045.27,4050.27,10604,15
1782957600,2026-07-02T02:00:00+00:00,4050.27,4061.02,4041.3,4057.16,8944,15
1782961200,2026-07-02T03:00:00+00:00,4057.09,4074.19,4055.52,4069.99,8093,15
1782964800,2026-07-02T04:00:00+00:00,4069.99,4072.98,4060.64,4060.8,5980,15
1782968400,2026-07-02T05:00:00+00:00,4060.75,4067.67,4053.49,4066.11,8794,15
1782972000,2026-07-02T06:00:00+00:00,4066.11,4079.8,4066.05,4073.12,9277,15
1782975600,2026-07-02T07:00:00+00:00,4073.52,4075.59,4060.82,4064.65,8162,15
1782979200,2026-07-02T08:00:00+00:00,4064.55,4079.97,4061.31,4076.12,8467,15
1782982800,2026-07-02T09:00:00+00:00,4076.06,4077.01,4064.03,4065.32,7482,15
1782986400,2026-07-02T10:00:00+00:00,4065.41,4068.68,4061.54,4066.39,6726,15
1782990000,2026-07-02T11:00:00+00:00,4066.4,4072.29,4057.48,4065.49,7385,15
1782993600,2026-07-02T12:00:00+00:00,4065.26,4140.28,4061.46,4117.58,10530,15
1782997200,2026-07-02T13:00:00+00:00,4118.06,4143.92,4109.82,4136.71,12684,15
1783000800,2026-07-02T14:00:00+00:00,4136.78,4138.21,4114.07,4128.59,12632,15
1783004400,2026-07-02T15:00:00+00:00,4128.83,4131.39,4114.67,4128.49,11450,15
1783008000,2026-07-02T16:00:00+00:00,4128.47,4130.25,4100.32,4118.15,10632,15
1783011600,2026-07-02T17:00:00+00:00,4118.05,4119.92,4105.77,4106.81,9615,15
1783015200,2026-07-02T18:00:00+00:00,4106.87,4127.03,4105.97,4122.65,8952,15
1783018800,2026-07-02T19:00:00+00:00,4122.77,4124.44,4108.23,4121.33,8600,15
1783022400,2026-07-02T20:00:00+00:00,4121.3,4125.03,4116.32,4123.84,3851,15
1783029600,2026-07-02T22:00:00+00:00,4125.59,4128.05,4122.57,4124.62,2755,28
1783033200,2026-07-02T23:00:00+00:00,4124.62,4131.4,4121.11,4126.13,6037,15
1783036800,2026-07-03T00:00:00+00:00,4126.19,4150.9,4122.98,4147.1,10296,15
1783040400,2026-07-03T01:00:00+00:00,4147.1,4195.49,4146.69,4182.34,11644,15
1783044000,2026-07-03T02:00:00+00:00,4182.36,4186.86,4176.58,4183.42,8509,15
1783047600,2026-07-03T03:00:00+00:00,4183.42,4184.53,4175.28,4176.05,6660,15
1783051200,2026-07-03T04:00:00+00:00,4176.05,4182.79,4173.23,4178.86,4798,15
1783054800,2026-07-03T05:00:00+00:00,4178.86,4181.9,4169.29,4171.21,7199,15
1783058400,2026-07-03T06:00:00+00:00,4171.21,4174.46,4160.54,4172.95,8134,15
1783062000,2026-07-03T07:00:00+00:00,4172.99,4181.55,4169.31,4176.92,7082,15
1783065600,2026-07-03T08:00:00+00:00,4177.41,4186.5,4176.97,4181.03,6251,15
1783069200,2026-07-03T09:00:00+00:00,4181.04,4181.61,4168.49,4172.13,5921,15
1783072800,2026-07-03T10:00:00+00:00,4172.07,4181.26,4170.78,4177.11,4666,15
1783076400,2026-07-03T11:00:00+00:00,4176.86,4186.36,4175.6,4181.14,5033,15
1783080000,2026-07-03T12:00:00+00:00,4181.14,4183.23,4172.22,4174.62,5890,15
1783083600,2026-07-03T13:00:00+00:00,4177.7,4179.33,4163.67,4164.72,8465,15
1783087200,2026-07-03T14:00:00+00:00,4164.73,4171.1,4155.38,4169.85,7371,15
1783090800,2026-07-03T15:00:00+00:00,4169.85,4174.4,4164.51,4164.96,5562,15
1783094400,2026-07-03T16:00:00+00:00,4164.9,4176.47,4162.84,4174.84,4929,15
1783288800,2026-07-05T22:00:00+00:00,4179.79,4191.31,4176.92,4187.99,4474,58
1783292400,2026-07-05T23:00:00+00:00,4187.99,4201.51,4177.76,4183.23,6287,15
1783296000,2026-07-06T00:00:00+00:00,4183.22,4188.99,4171.2,4179.91,9876,15
1783299600,2026-07-06T01:00:00+00:00,4179.56,4202.15,4172.66,4186.05,11353,15
1783303200,2026-07-06T02:00:00+00:00,4186.07,4187.82,4168.64,4174.17,10104,15
1783306800,2026-07-06T03:00:00+00:00,4174.17,4176.22,4161.03,4165.23,7960,15
1783310400,2026-07-06T04:00:00+00:00,4165.17,4166.62,4157.51,4159.64,5588,15
1783314000,2026-07-06T05:00:00+00:00,4159.78,4161.0,4144.93,4148.18,8488,15
1783317600,2026-07-06T06:00:00+00:00,4148.29,4159.57,4145.72,4150.33,7761,15
1783321200,2026-07-06T07:00:00+00:00,4150.34,4166.31,4147.19,4164.5,6994,15
1783324800,2026-07-06T08:00:00+00:00,4164.96,4166.08,4147.15,4150.48,6680,15
1783328400,2026-07-06T09:00:00+00:00,4150.48,4151.27,4136.7,4143.26,6063,15
1783332000,2026-07-06T10:00:00+00:00,4143.24,4155.81,4142.1,4154.89,5316,15
1783335600,2026-07-06T11:00:00+00:00,4155.04,4159.56,4151.46,4155.25,5476,15
1783339200,2026-07-06T12:00:00+00:00,4155.25,4158.47,4131.57,4139.58,7955,15
1783342800,2026-07-06T13:00:00+00:00,4139.58,4150.44,4137.02,4140.38,10502,15
1783346400,2026-07-06T14:00:00+00:00,4140.38,4147.06,4128.46,4138.11,10530,15
1783350000,2026-07-06T15:00:00+00:00,4138.11,4151.97,4137.55,4148.27,8560,15
1783353600,2026-07-06T16:00:00+00:00,4148.22,4156.29,4140.24,4155.02,7050,15
1783357200,2026-07-06T17:00:00+00:00,4155.0,4161.61,4150.35,4161.38,7169,15
1783360800,2026-07-06T18:00:00+00:00,4161.28,4167.48,4155.07,4163.92,5966,15
1783364400,2026-07-06T19:00:00+00:00,4163.92,4165.43,4158.96,4163.84,6476,15
1783368000,2026-07-06T20:00:00+00:00,4163.73,4165.0,4160.65,4165.0,2738,15
1783375200,2026-07-06T22:00:00+00:00,4164.67,4168.43,4163.83,4164.22,2541,28
1783378800,2026-07-06T23:00:00+00:00,4164.25,4165.76,4156.94,4157.34,4028,15
1783382400,2026-07-07T00:00:00+00:00,4157.3,4162.71,4145.32,4146.02,8785,15
1783386000,2026-07-07T01:00:00+00:00,4146.0,4147.88,4125.94,4141.87,10495,15
1783389600,2026-07-07T02:00:00+00:00,4141.87,4145.28,4131.38,4136.54,7973,15
1783393200,2026-07-07T03:00:00+00:00,4136.64,4140.04,4124.61,4131.13,7819,15
1783396800,2026-07-07T04:00:00+00:00,4131.13,4141.38,4125.96,4126.69,6155,15
1783400400,2026-07-07T05:00:00+00:00,4126.69,4131.35,4116.72,4123.96,8826,15
1783404000,2026-07-07T06:00:00+00:00,4123.96,4132.96,4121.5,4130.39,8128,15
1783407600,2026-07-07T07:00:00+00:00,4130.6,4133.59,4124.38,4124.8,6859,15
1783411200,2026-07-07T08:00:00+00:00,4124.53,4139.13,4121.92,4126.03,7640,15
1783414800,2026-07-07T09:00:00+00:00,4126.01,4133.88,4119.87,4131.2,6747,15
1783418400,2026-07-07T10:00:00+00:00,4131.22,4138.91,4131.2,4135.61,6137,15
1783422000,2026-07-07T11:00:00+00:00,4135.74,4156.89,4131.88,4156.83,7479,15
1783425600,2026-07-07T12:00:00+00:00,4157.18,4174.98,4154.7,4172.3,9711,15
1783429200,2026-07-07T13:00:00+00:00,4172.36,4180.45,4156.16,4158.65,11683,15
1783432800,2026-07-07T14:00:00+00:00,4158.62,4163.26,4143.67,4154.27,12195,15
1783436400,2026-07-07T15:00:00+00:00,4154.2,4155.56,4135.92,4138.99,10240,15
1783440000,2026-07-07T16:00:00+00:00,4139.01,4147.25,4136.94,4145.11,8550,15
1783443600,2026-07-07T17:00:00+00:00,4145.08,4148.2,4140.5,4144.53,7438,15
1783447200,2026-07-07T18:00:00+00:00,4144.66,4145.21,4125.2,4127.05,8259,15
1783450800,2026-07-07T19:00:00+00:00,4127.03,4127.71,4092.39,4114.44,10845,15
1783454400,2026-07-07T20:00:00+00:00,4114.2,4115.82,4103.46,4105.94,4806,15
1783461600,2026-07-07T22:00:00+00:00,4105.01,4106.2,4095.64,4098.35,4638,28
1783465200,2026-07-07T23:00:00+00:00,4098.27,4107.8,4095.89,4098.5,6640,15
1783468800,2026-07-08T00:00:00+00:00,4098.48,4126.73,4097.05,4113.71,10095,15
1783472400,2026-07-08T01:00:00+00:00,4111.63,4117.96,4096.45,4111.1,11141,15
1783476000,2026-07-08T02:00:00+00:00,4111.3,4124.9,4106.07,4114.62,9333,15
1783479600,2026-07-08T03:00:00+00:00,4114.62,4131.15,4114.56,4123.48,8266,15
1783483200,2026-07-08T04:00:00+00:00,4123.47,4128.85,4120.68,4125.15,6934,15
1783486800,2026-07-08T05:00:00+00:00,4125.17,4133.98,4121.22,4127.87,9130,15
1783490400,2026-07-08T06:00:00+00:00,4127.8,4133.62,4122.24,4123.67,9015,15
1783494000,2026-07-08T07:00:00+00:00,4123.59,4127.24,4114.78,4121.07,8232,15
1783497600,2026-07-08T08:00:00+00:00,4121.25,4121.25,4052.28,4056.87,11235,15
1783501200,2026-07-08T09:00:00+00:00,4056.82,4061.04,4041.49,4043.33,11259,15
1783504800,2026-07-08T10:00:00+00:00,4043.35,4058.42,4040.53,4053.07,9317,15
1783508400,2026-07-08T11:00:00+00:00,4053.07,4072.58,4041.58,4062.24,9704,15
1783512000,2026-07-08T12:00:00+00:00,4062.18,4086.39,4058.75,4072.14,10855,15
1783515600,2026-07-08T13:00:00+00:00,4072.32,4083.03,4065.36,4070.78,12599,15
1783519200,2026-07-08T14:00:00+00:00,4070.54,4071.49,4033.92,4040.88,12745,15
1783522800,2026-07-08T15:00:00+00:00,4040.84,4043.84,4021.95,4034.32,11899,15
1783526400,2026-07-08T16:00:00+00:00,4034.22,4064.43,4033.27,4063.74,10981,15
1783530000,2026-07-08T17:00:00+00:00,4063.73,4076.43,4059.75,4065.7,10156,15
1783533600,2026-07-08T18:00:00+00:00,4065.62,4091.58,4063.72,4084.37,10426,15
1783537200,2026-07-08T19:00:00+00:00,4084.36,4091.35,4078.28,4080.06,9320,15
1783540800,2026-07-08T20:00:00+00:00,4079.9,4083.47,4071.51,4077.33,5362,15
1783548000,2026-07-08T22:00:00+00:00,4073.79,4079.8,4073.45,4076.56,4461,28
1783551600,2026-07-08T23:00:00+00:00,4076.56,4077.88,4072.03,4076.22,5037,15
1783555200,2026-07-09T00:00:00+00:00,4076.18,4089.88,4070.35,4074.09,8533,15
1783558800,2026-07-09T01:00:00+00:00,4073.89,4078.82,4062.43,4072.88,10050,15
1783562400,2026-07-09T02:00:00+00:00,4072.99,4082.63,4064.43,4065.11,7922,15
1783566000,2026-07-09T03:00:00+00:00,4064.86,4067.58,4054.28,4064.18,7475,15
1783569600,2026-07-09T04:00:00+00:00,4064.18,4064.64,4056.47,4064.44,5447,15
1783573200,2026-07-09T05:00:00+00:00,4064.44,4084.33,4063.77,4081.57,8649,15
1783576800,2026-07-09T06:00:00+00:00,4081.95,4108.05,4081.38,4108.01,9626,15
1783580400,2026-07-09T07:00:00+00:00,4108.01,4111.17,4101.62,4107.93,7455,15
1783584000,2026-07-09T08:00:00+00:00,4107.94,4117.76,4105.02,4108.34,7529,15
1783587600,2026-07-09T09:00:00+00:00,4108.32,4112.23,4103.17,4106.44,6544,15
1783591200,2026-07-09T10:00:00+00:00,4106.38,4110.15,4093.86,4099.18,6222,15
1783594800,2026-07-09T11:00:00+00:00,4099.18,4110.44,4097.85,4108.75,7020,15
1783598400,2026-07-09T12:00:00+00:00,4108.75,4122.63,4105.29,4107.75,8888,15
1783602000,2026-07-09T13:00:00+00:00,4107.72,4129.51,4106.83,4121.99,11198,15
1783605600,2026-07-09T14:00:00+00:00,4121.97,4135.66,4114.17,4127.87,11210,15
1783609200,2026-07-09T15:00:00+00:00,4127.87,4132.72,4124.81,4126.96,8816,15
1783612800,2026-07-09T16:00:00+00:00,4126.83,4138.04,4125.78,4128.09,7286,15
1783616400,2026-07-09T17:00:00+00:00,4128.09,4138.05,4125.09,4136.16,7370,15
1783620000,2026-07-09T18:00:00+00:00,4136.09,4136.36,4121.53,4124.54,6013,15
1783623600,2026-07-09T19:00:00+00:00,4124.43,4127.05,4118.82,4122.44,6219,15
1783627200,2026-07-09T20:00:00+00:00,4122.44,4125.57,4120.42,4123.61,2821,15
1783634400,2026-07-09T22:00:00+00:00,4125.04,4127.3,4121.45,4121.7,3330,28
1783638000,2026-07-09T23:00:00+00:00,4121.75,4125.16,4121.09,4123.41,3420,15
1783641600,2026-07-10T00:00:00+00:00,4123.34,4128.16,4114.47,4126.21,6979,15
1783645200,2026-07-10T01:00:00+00:00,4126.2,4131.05,4108.9,4116.82,9512,15
1783648800,2026-07-10T02:00:00+00:00,4116.95,4129.06,4116.02,4127.9,7345,15
1783652400,2026-07-10T03:00:00+00:00,4127.91,4134.85,4119.17,4120.36,6122,15
1783656000,2026-07-10T04:00:00+00:00,4120.38,4121.15,4112.09,4115.25,4871,15
1783659600,2026-07-10T05:00:00+00:00,4115.22,4117.22,4108.18,4116.91,6601,15
1783663200,2026-07-10T06:00:00+00:00,4116.95,4120.06,4111.27,4111.75,7452,15
1783666800,2026-07-10T07:00:00+00:00,4111.75,4115.41,4104.41,4109.01,5841,15
1783670400,2026-07-10T08:00:00+00:00,4109.0,4109.56,4094.58,4098.03,6515,15
1783674000,2026-07-10T09:00:00+00:00,4098.03,4105.51,4094.49,4104.46,5516,15
1783677600,2026-07-10T10:00:00+00:00,4104.45,4112.66,4104.36,4104.66,4808,15
1783681200,2026-07-10T11:00:00+00:00,4104.62,4108.17,4096.2,4102.39,5484,15
1783684800,2026-07-10T12:00:00+00:00,4102.39,4116.3,4097.66,4100.78,8028,15
1783688400,2026-07-10T13:00:00+00:00,4100.78,4106.65,4085.61,4099.99,10200,15
1783692000,2026-07-10T14:00:00+00:00,4100.0,4108.94,4073.16,4092.87,11047,15
1783695600,2026-07-10T15:00:00+00:00,4092.87,4113.46,4091.44,4112.97,9637,15
1783699200,2026-07-10T16:00:00+00:00,4113.13,4115.46,4104.45,4104.54,7168,15
1783702800,2026-07-10T17:00:00+00:00,4104.53,4106.87,4100.49,4100.68,6627,15
1783706400,2026-07-10T18:00:00+00:00,4100.83,4105.14,4098.07,4101.19,5635,15
1783710000,2026-07-10T19:00:00+00:00,4101.19,4108.98,4097.87,4108.5,4939,15
1783713600,2026-07-10T20:00:00+00:00,4108.32,4114.84,4108.12,4111.61,2428,15
1783893600,2026-07-12T22:00:00+00:00,4090.29,4093.35,4070.94,4076.53,5513,58
1783897200,2026-07-12T23:00:00+00:00,4076.52,4084.79,4068.31,4084.48,7520,15
1783900800,2026-07-13T00:00:00+00:00,4084.59,4091.07,4060.82,4073.99,10006,15
1783904400,2026-07-13T01:00:00+00:00,4074.05,4089.87,4065.7,4072.46,11688,15
1783908000,2026-07-13T02:00:00+00:00,4072.33,4077.44,4064.72,4068.58,9975,15
1783911600,2026-07-13T03:00:00+00:00,4068.7,4069.29,4053.13,4060.6,8391,15
1783915200,2026-07-13T04:00:00+00:00,4060.59,4060.59,4050.34,4058.92,6675,15
1783918800,2026-07-13T05:00:00+00:00,4058.96,4073.05,4052.39,4053.74,9619,15
1783922400,2026-07-13T06:00:00+00:00,4053.65,4063.64,4043.94,4055.82,9454,15
1783926000,2026-07-13T07:00:00+00:00,4055.65,4065.19,4049.04,4064.59,8032,15
1783929600,2026-07-13T08:00:00+00:00,4064.91,4080.65,4063.04,4074.59,8922,15
1783933200,2026-07-13T09:00:00+00:00,4074.6,4076.63,4068.18,4068.28,6824,15
1783936800,2026-07-13T10:00:00+00:00,4068.27,4070.61,4048.18,4060.69,7068,15
1783940400,2026-07-13T11:00:00+00:00,4060.69,4068.28,4054.96,4056.46,8248,15
1783944000,2026-07-13T12:00:00+00:00,4056.39,4067.39,4053.68,4067.37,8675,15
1783947600,2026-07-13T13:00:00+00:00,4067.37,4067.5,4042.35,4043.28,11231,15
1783951200,2026-07-13T14:00:00+00:00,4043.3,4046.93,4000.33,4015.33,12147,15
1783954800,2026-07-13T15:00:00+00:00,4015.28,4020.26,4010.33,4015.97,10532,15
1783958400,2026-07-13T16:00:00+00:00,4016.14,4017.9,3986.33,3993.46,10853,15
1783962000,2026-07-13T17:00:00+00:00,3993.68,4001.89,3992.14,3993.19,10066,15
1783965600,2026-07-13T18:00:00+00:00,3993.22,4005.13,3986.86,4001.47,9660,15
1783969200,2026-07-13T19:00:00+00:00,4001.47,4004.56,3993.51,4002.19,9025,15
1783972800,2026-07-13T20:00:00+00:00,4002.03,4006.07,3996.9,4000.94,4820,15
1783980000,2026-07-13T22:00:00+00:00,4001.59,4005.83,4000.91,4000.93,3907,28
1783983600,2026-07-13T23:00:00+00:00,4000.88,4003.12,3992.69,4001.02,6181,15
1783987200,2026-07-14T00:00:00+00:00,4001.2,4007.18,3985.63,4004.3,11456,15
1783990800,2026-07-14T01:00:00+00:00,4004.54,4012.21,3992.39,4010.35,10963,15
1783994400,2026-07-14T02:00:00+00:00,4010.59,4019.18,4006.09,4012.4,9094,15
1783998000,2026-07-14T03:00:00+00:00,4012.4,4019.11,4011.36,4016.73,7835,15
1784001600,2026-07-14T04:00:00+00:00,4017.01,4023.5,4013.57,4020.28,6286,15
1784005200,2026-07-14T05:00:00+00:00,4020.32,4034.08,4019.6,4031.49,7464,15
1784008800,2026-07-14T06:00:00+00:00,4031.53,4033.08,4021.77,4024.12,7761,15
1784012400,2026-07-14T07:00:00+00:00,4024.04,4029.83,4020.2,4020.71,8024,15
1784016000,2026-07-14T08:00:00+00:00,4020.73,4023.83,4014.28,4015.99,8085,15
1784019600,2026-07-14T09:00:00+00:00,4015.97,4024.41,4013.74,4021.82,7585,15
1784023200,2026-07-14T10:00:00+00:00,4021.8,4022.93,4015.12,4021.74,6765,15
1784026800,2026-07-14T11:00:00+00:00,4021.74,4031.83,4015.46,4031.19,7708,15
1784030400,2026-07-14T12:00:00+00:00,4031.22,4102.69,4023.28,4076.21,11027,15
1784034000,2026-07-14T13:00:00+00:00,4076.11,4088.58,4071.04,4076.61,12477,15
1784037600,2026-07-14T14:00:00+00:00,4076.54,4090.41,4070.74,4085.17,12483,15
1784041200,2026-07-14T15:00:00+00:00,4085.17,4100.59,4064.63,4066.11,11617,15
1784044800,2026-07-14T16:00:00+00:00,4066.17,4066.8,4057.76,4061.59,9224,15
1784048400,2026-07-14T17:00:00+00:00,4061.56,4065.08,4054.54,4062.88,7821,15
1784052000,2026-07-14T18:00:00+00:00,4062.65,4063.16,4042.97,4054.29,7658,15
1784055600,2026-07-14T19:00:00+00:00,4054.29,4057.37,4047.66,4055.65,7165,15
1784059200,2026-07-14T20:00:00+00:00,4055.79,4056.44,4049.2,4052.8,3588,15
1784066400,2026-07-14T22:00:00+00:00,4053.0,4053.02,4048.49,4048.97,4112,28
1784070000,2026-07-14T23:00:00+00:00,4048.93,4056.17,4046.86,4053.06,5569,15
1784073600,2026-07-15T00:00:00+00:00,4053.28,4060.79,4051.05,4059.05,7848,15
1784077200,2026-07-15T01:00:00+00:00,4059.05,4062.14,4035.58,4037.42,10357,15
1784080800,2026-07-15T02:00:00+00:00,4037.23,4042.27,4029.22,4035.26,8350,15
1784084400,2026-07-15T03:00:00+00:00,4035.26,4040.43,4028.19,4031.31,6778,15
1784088000,2026-07-15T04:00:00+00:00,4031.36,4035.16,4027.93,4033.25,4917,15
1784091600,2026-07-15T05:00:00+00:00,4033.25,4036.58,4022.3,4034.73,8044,15
1784095200,2026-07-15T06:00:00+00:00,4034.82,4035.42,4021.44,4032.03,8701,15
1784098800,2026-07-15T07:00:00+00:00,4032.03,4034.34,4019.8,4024.46,8206,15
1784102400,2026-07-15T08:00:00+00:00,4024.48,4033.21,4017.39,4031.19,7988,15
1784106000,2026-07-15T09:00:00+00:00,4031.43,4034.37,4025.5,4030.43,6735,15
1784109600,2026-07-15T10:00:00+00:00,4030.33,4036.01,4026.6,4028.15,7078,15
1784113200,2026-07-15T11:00:00+00:00,4028.15,4040.04,4027.64,4038.3,7560,15
1784116800,2026-07-15T12:00:00+00:00,4038.38,4071.53,4035.9,4067.82,10395,15
1784120400,2026-07-15T13:00:00+00:00,4067.82,4074.06,4053.9,4061.43,11311,15
1784124000,2026-07-15T14:00:00+00:00,4061.55,4066.02,4053.31,4060.32,11510,15
1784127600,2026-07-15T15:00:00+00:00,4060.57,4062.81,4039.68,4047.09,10831,15
1784131200,2026-07-15T16:00:00+00:00,4046.91,4047.88,4026.88,4033.81,11012,15
1784134800,2026-07-15T17:00:00+00:00,4033.79,4066.05,4033.02,4062.28,9765,15
1784138400,2026-07-15T18:00:00+00:00,4062.28,4081.07,4058.03,4059.18,9816,15
1784142000,2026-07-15T19:00:00+00:00,4059.18,4062.92,4047.94,4056.28,8861,15
1784145600,2026-07-15T20:00:00+00:00,4056.3,4063.1,4055.14,4060.5,3894,15
1784152800,2026-07-15T22:00:00+00:00,4060.99,4064.63,4058.17,4059.63,3695,28
1784156400,2026-07-15T23:00:00+00:00,4059.63,4062.0,4055.69,4057.91,5244,15
1784160000,2026-07-16T00:00:00+00:00,4057.93,4061.28,4043.81,4044.61,8432,15
1784163600,2026-07-16T01:00:00+00:00,4044.62,4050.47,4033.92,4039.12,10852,15
1784167200,2026-07-16T02:00:00+00:00,4039.12,4040.15,4024.33,4031.53,9139,15
1784170800,2026-07-16T03:00:00+00:00,4031.34,4036.92,4027.76,4036.31,7634,15
1784174400,2026-07-16T04:00:00+00:00,4036.32,4038.0,4031.9,4033.23,4853,15
1784178000,2026-07-16T05:00:00+00:00,4033.23,4034.0,4025.32,4027.35,8273,15
1784181600,2026-07-16T06:00:00+00:00,4027.35,4036.55,4023.07,4030.71,9345,15
1784185200,2026-07-16T07:00:00+00:00,4030.64,4031.9,4023.02,4030.8,8470,15
1784188800,2026-07-16T08:00:00+00:00,4030.7,4036.57,4025.31,4035.26,7676,15
1784192400,2026-07-16T09:00:00+00:00,4035.26,4037.67,4030.52,4031.76,6584,15
1784196000,2026-07-16T10:00:00+00:00,4031.75,4034.78,4028.67,4029.54,6665,15
1784199600,2026-07-16T11:00:00+00:00,4029.54,4042.36,4021.43,4038.44,7737,15
1784203200,2026-07-16T12:00:00+00:00,4038.44,4043.4,3990.48,3992.45,11223,15
1784206800,2026-07-16T13:00:00+00:00,3992.4,4008.38,3974.17,3990.19,12485,15
1784210400,2026-07-16T14:00:00+00:00,3990.19,4006.79,3987.14,3997.9,12048,15
1784214000,2026-07-16T15:00:00+00:00,3997.9,4016.93,3989.42,4007.06,11056,15
1784217600,2026-07-16T16:00:00+00:00,4007.08,4007.7,3982.54,3992.07,10351,15
1784221200,2026-07-16T17:00:00+00:00,3992.05,3992.94,3980.15,3984.55,9874,15
1784224800,2026-07-16T18:00:00+00:00,3984.58,3990.41,3976.54,3980.4,8854,15
1784228400,2026-07-16T19:00:00+00:00,3980.4,3986.01,3969.37,3979.83,8762,15
1784232000,2026-07-16T20:00:00+00:00,3979.95,3980.14,3971.85,3976.45,3737,15
1784239200,2026-07-16T22:00:00+00:00,3978.64,3978.7,3973.12,3978.32,3961,28
1784242800,2026-07-16T23:00:00+00:00,3978.24,3986.48,3975.48,3986.0,5782,15
1784246400,2026-07-17T00:00:00+00:00,3986.38,3991.97,3980.67,3991.88,8967,15
1784250000,2026-07-17T01:00:00+00:00,3991.89,3996.11,3979.27,3983.33,10671,15
1784253600,2026-07-17T02:00:00+00:00,3983.33,3987.34,3970.63,3979.37,9358,15
1784257200,2026-07-17T03:00:00+00:00,3979.12,4008.65,3978.94,3991.5,8964,15
1784260800,2026-07-17T04:00:00+00:00,3991.5,3991.73,3980.15,3981.73,6725,15
1784264400,2026-07-17T05:00:00+00:00,3981.64,3991.45,3975.49,3985.03,9557,15
1784268000,2026-07-17T06:00:00+00:00,3985.25,4007.18,3985.25,3999.37,10130,15
1784271600,2026-07-17T07:00:00+00:00,3999.39,4002.43,3992.64,3992.73,8872,15
1784275200,2026-07-17T08:00:00+00:00,3992.71,3999.79,3987.87,3994.22,9374,15
1784278800,2026-07-17T09:00:00+00:00,3994.22,4002.45,3992.81,3998.01,8135,15
1784282400,2026-07-17T10:00:00+00:00,3998.06,3999.23,3990.58,3990.92,6906,15
1784286000,2026-07-17T11:00:00+00:00,3990.89,3998.87,3990.0,3994.25,7023,15
1784289600,2026-07-17T12:00:00+00:00,3994.1,3995.63,3964.14,3966.29,9367,15
1784293200,2026-07-17T13:00:00+00:00,3966.2,4003.53,3959.69,3997.19,12491,15
1784296800,2026-07-17T14:00:00+00:00,3997.11,4004.39,3990.21,4001.22,12029,15
1784300400,2026-07-17T15:00:00+00:00,4001.13,4021.11,3997.84,4019.07,11445,15
1784304000,2026-07-17T16:00:00+00:00,4019.39,4023.73,4011.31,4014.98,9881,15
1784307600,2026-07-17T17:00:00+00:00,4015.3,4019.16,4008.59,4010.08,7870,15
1784311200,2026-07-17T18:00:00+00:00,4010.08,4016.2,4006.59,4011.31,8224,15
1784314800,2026-07-17T19:00:00+00:00,4011.38,4016.51,4002.27,4015.48,8537,15
1784318400,2026-07-17T20:00:00+00:00,4015.44,4015.88,4008.37,4013.33,3271,15
1784498400,2026-07-19T22:00:00+00:00,3997.52,4000.08,3993.32,3994.62,4800,58
1784502000,2026-07-19T23:00:00+00:00,3994.62,3996.15,3989.43,3995.59,5861,15
1784505600,2026-07-20T00:00:00+00:00,3995.54,4010.32,3982.59,4008.51,9014,15
1784509200,2026-07-20T01:00:00+00:00,4008.6,4020.52,3995.82,4002.13,11182,15
1784512800,2026-07-20T02:00:00+00:00,4002.18,4028.78,4001.32,4021.9,9446,15
1784516400,2026-07-20T03:00:00+00:00,4021.9,4027.95,4018.69,4024.05,7739,15
1784520000,2026-07-20T04:00:00+00:00,4024.07,4026.88,4018.49,4018.93,5866,15
1784523600,2026-07-20T05:00:00+00:00,4018.89,4021.19,4005.45,4008.69,8006,15
1784527200,2026-07-20T06:00:00+00:00,4008.57,4011.77,4003.0,4003.79,7988,15
1784530800,2026-07-20T07:00:00+00:00,4003.77,4021.87,4002.11,4017.05,7773,15
1784534400,2026-07-20T08:00:00+00:00,4017.15,4030.68,4017.15,4019.02,7530,15
1784538000,2026-07-20T09:00:00+00:00,4018.86,4023.32,4014.75,4021.28,6494,15
1784541600,2026-07-20T10:00:00+00:00,4021.46,4025.65,4018.28,4024.31,4910,15
1784545200,2026-07-20T11:00:00+00:00,4024.35,4040.55,4019.78,4025.31,8241,15
1784548800,2026-07-20T12:00:00+00:00,4025.19,4025.24,4006.58,4008.2,9076,15
1784552400,2026-07-20T13:00:00+00:00,4008.11,4017.34,4005.73,4005.77,10025,15
1784556000,2026-07-20T14:00:00+00:00,4005.76,4013.37,3998.24,4006.14,10484,15
1784559600,2026-07-20T15:00:00+00:00,4006.25,4019.53,4004.52,4011.85,9943,15
1784563200,2026-07-20T16:00:00+00:00,4011.84,4018.39,4001.41,4009.75,8133,15
1784566800,2026-07-20T17:00:00+00:00,4009.81,4013.06,4003.77,4005.3,6683,15
1784570400,2026-07-20T18:00:00+00:00,4005.3,4011.82,4003.51,4007.24,6972,15
1784574000,2026-07-20T19:00:00+00:00,4007.24,4018.03,4004.37,4006.93,7457,15
1784577600,2026-07-20T20:00:00+00:00,4006.92,4009.36,4005.74,4007.46,3398,15
1784584800,2026-07-20T22:00:00+00:00,4007.82,4010.72,3999.71,4000.49,4651,28
1784588400,2026-07-20T23:00:00+00:00,4000.67,4010.61,4000.27,4009.94,5461,15
1784592000,2026-07-21T00:00:00+00:00,4009.93,4027.19,4003.84,4024.94,9255,15
1784595600,2026-07-21T01:00:00+00:00,4025.07,4035.96,4018.46,4023.24,9819,15
1784599200,2026-07-21T02:00:00+00:00,4023.29,4045.01,4022.07,4038.1,8614,15
1784602800,2026-07-21T03:00:00+00:00,4038.07,4051.33,4036.72,4047.0,7292,15
1784606400,2026-07-21T04:00:00+00:00,4047.0,4051.72,4043.77,4049.6,5104,15
1784610000,2026-07-21T05:00:00+00:00,4049.62,4068.0,4046.49,4061.54,7916,15
1784613600,2026-07-21T06:00:00+00:00,4061.54,4084.11,4061.54,4078.72,8669,15
1784617200,2026-07-21T07:00:00+00:00,4078.42,4080.25,4067.62,4071.39,6593,15
1784620800,2026-07-21T08:00:00+00:00,4071.47,4072.54,4059.2,4062.84,6507,15
1784624400,2026-07-21T09:00:00+00:00,4062.86,4069.57,4060.96,4065.94,6085,15
1784628000,2026-07-21T10:00:00+00:00,4065.94,4070.13,4061.03,4062.87,6835,15
1784631600,2026-07-21T11:00:00+00:00,4062.94,4063.64,4054.45,4056.1,6003,15
1784635200,2026-07-21T12:00:00+00:00,4056.12,4065.74,4051.22,4054.1,8337,15
1784638800,2026-07-21T13:00:00+00:00,4053.88,4061.68,4044.49,4053.17,10706,15
1784642400,2026-07-21T14:00:00+00:00,4053.17,4073.77,4051.85,4068.55,10600,15
1784646000,2026-07-21T15:00:00+00:00,4068.55,4083.37,4065.7,4074.23,8885,15
1784649600,2026-07-21T16:00:00+00:00,4074.04,4079.16,4069.91,4071.61,6564,15
1784653200,2026-07-21T17:00:00+00:00,4071.58,4072.85,4066.79,4068.64,5789,15
1784656800,2026-07-21T18:00:00+00:00,4068.69,4087.22,4067.77,4082.3,6281,15
1784660400,2026-07-21T19:00:00+00:00,4082.28,4085.69,4080.12,4084.56,6296,15
1784664000,2026-07-21T20:00:00+00:00,4084.57,4086.17,4076.55,4077.72,3069,15
1784671200,2026-07-21T22:00:00+00:00,4078.47,4085.06,4076.9,4080.48,4269,28
1784674800,2026-07-21T23:00:00+00:00,4080.48,4083.09,4079.15,4080.71,4276,15
1784678400,2026-07-22T00:00:00+00:00,4080.8,4102.58,4076.74,4097.53,9620,15
1784682000,2026-07-22T01:00:00+00:00,4097.54,4123.65,4096.75,4122.29,10696,15
1784685600,2026-07-22T02:00:00+00:00,4122.31,4130.96,4119.12,4130.59,9085,15
1784689200,2026-07-22T03:00:00+00:00,4130.58,4141.55,4129.42,4130.89,7825,15
1784692800,2026-07-22T04:00:00+00:00,4130.89,4131.28,4124.73,4127.04,5942,15
1784696400,2026-07-22T05:00:00+00:00,4127.07,4134.08,4123.13,4131.08,8241,15
1784700000,2026-07-22T06:00:00+00:00,4130.96,4135.26,4113.32,4116.36,8833,15
1784703600,2026-07-22T07:00:00+00:00,4116.36,4123.03,4109.24,4110.65,7775,15
1784707200,2026-07-22T08:00:00+00:00,4110.64,4120.2,4110.64,4118.22,8100,15
1784710800,2026-07-22T09:00:00+00:00,4118.29,4122.35,4113.3,4115.08,7437,15
1784714400,2026-07-22T10:00:00+00:00,4115.08,4121.83,4115.07,4117.54,6941,15
1784718000,2026-07-22T11:00:00+00:00,4117.52,4123.1,4112.75,4122.6,8550,15
1784721600,2026-07-22T12:00:00+00:00,4122.79,4134.44,4106.54,4112.97,10061,15
1784725200,2026-07-22T13:00:00+00:00,4112.9,4155.95,4112.77,4154.59,11925,15
1784728800,2026-07-22T14:00:00+00:00,4154.59,4163.43,4144.06,4148.5,12211,15
1784732400,2026-07-22T15:00:00+00:00,4148.49,4166.06,4148.49,4159.4,10820,15
1784736000,2026-07-22T16:00:00+00:00,4159.37,4159.5,4144.52,4146.91,9641,15
1784739600,2026-07-22T17:00:00+00:00,4147.23,4147.9,4138.42,4142.45,9064,15
1784743200,2026-07-22T18:00:00+00:00,4142.54,4142.84,4131.99,4136.15,8999,15
1784746800,2026-07-22T19:00:00+00:00,4136.15,4137.24,4129.0,4131.82,8241,15
1784750400,2026-07-22T20:00:00+00:00,4131.81,4137.8,4128.3,4129.99,5508,15
1784757600,2026-07-22T22:00:00+00:00,4121.16,4129.85,4119.88,4121.59,6048,28
1784761200,2026-07-22T23:00:00+00:00,4121.95,4134.16,4116.47,4133.47,7272,15
1784764800,2026-07-23T00:00:00+00:00,4133.66,4134.77,4125.17,4132.14,8999,15
1784768400,2026-07-23T01:00:00+00:00,4131.88,4140.88,4114.34,4117.9,11852,15
1784772000,2026-07-23T02:00:00+00:00,4117.83,4128.67,4112.08,4128.08,10503,15
1784775600,2026-07-23T03:00:00+00:00,4128.02,4133.0,4124.03,4124.73,9080,15
1784779200,2026-07-23T04:00:00+00:00,4124.69,4130.34,4120.08,4121.27,7778,15
1784782800,2026-07-23T05:00:00+00:00,4121.28,4130.56,4119.38,4124.22,9553,15
1784786400,2026-07-23T06:00:00+00:00,4124.22,4128.27,4116.98,4118.57,10291,15
1784790000,2026-07-23T07:00:00+00:00,4118.83,4119.46,4090.19,4095.45,10827,15
1784793600,2026-07-23T08:00:00+00:00,4095.43,4097.73,4087.1,4093.3,9745,15
1784797200,2026-07-23T09:00:00+00:00,4093.45,4099.38,4088.47,4089.96,9146,15
1784800800,2026-07-23T10:00:00+00:00,4089.86,4095.29,4086.12,4093.12,8633,15
1784804400,2026-07-23T11:00:00+00:00,4093.12,4093.88,4073.09,4085.75,10669,15
1784808000,2026-07-23T12:00:00+00:00,4085.75,4085.98,4060.92,4061.7,11541,15
1784811600,2026-07-23T13:00:00+00:00,4061.7,4067.51,4040.64,4043.43,13285,15
1784815200,2026-07-23T14:00:00+00:00,4043.76,4061.76,4040.14,4057.91,12942,15
1784818800,2026-07-23T15:00:00+00:00,4058.28,4059.45,4042.39,4048.69,12305,15
1784822400,2026-07-23T16:00:00+00:00,4048.69,4051.8,4045.96,4051.46,9835,15
1784826000,2026-07-23T17:00:00+00:00,4051.46,4054.59,4041.58,4041.87,10605,15
1784829600,2026-07-23T18:00:00+00:00,4041.82,4048.41,4040.69,4046.22,9821,15
1784833200,2026-07-23T19:00:00+00:00,4046.28,4051.19,4043.03,4049.7,8606,15
1784836800,2026-07-23T20:00:00+00:00,4049.83,4051.07,4047.41,4049.41,3962,15
1784844000,2026-07-23T22:00:00+00:00,4049.01,4050.52,4048.51,4049.45,2989,28
1784847600,2026-07-23T23:00:00+00:00,4049.45,4050.75,4046.64,4047.04,5536,15
1784851200,2026-07-24T00:00:00+00:00,4047.04,4050.85,4041.25,4049.9,9568,15
1784854800,2026-07-24T01:00:00+00:00,4049.83,4050.57,4040.24,4043.59,10993,15
1784858400,2026-07-24T02:00:00+00:00,4043.64,4048.32,4023.15,4024.65,10069,15
1784862000,2026-07-24T03:00:00+00:00,4024.54,4033.6,4023.18,4029.32,9186,15
1784865600,2026-07-24T04:00:00+00:00,4029.11,4030.43,4025.63,4027.09,7367,15
1784869200,2026-07-24T05:00:00+00:00,4027.14,4032.22,4022.08,4023.08,9275,15
1784872800,2026-07-24T06:00:00+00:00,4023.08,4039.07,4022.98,4035.71,9763,15
1784876400,2026-07-24T07:00:00+00:00,4035.71,4053.72,4035.06,4048.47,9251,15
1784880000,2026-07-24T08:00:00+00:00,4048.48,4058.75,4045.2,4057.59,8681,15
1784883600,2026-07-24T09:00:00+00:00,4057.58,4060.83,4051.61,4059.92,8029,15
1784887200,2026-07-24T10:00:00+00:00,4059.8,4063.93,4057.11,4060.1,7876,15
1784890800,2026-07-24T11:00:00+00:00,4060.16,4063.45,4051.52,4057.85,7470,15
1784894400,2026-07-24T12:00:00+00:00,4058.3,4060.22,4051.7,4056.2,9892,15
1784898000,2026-07-24T13:00:00+00:00,4056.3,4068.6,4044.74,4067.52,11610,15
1784901600,2026-07-24T14:00:00+00:00,4067.47,4070.14,4055.97,4063.28,12416,15
1784905200,2026-07-24T15:00:00+00:00,4063.39,4082.16,4061.82,4077.34,11934,15
1784908800,2026-07-24T16:00:00+00:00,4077.38,4078.13,4064.21,4067.09,9342,15
1784912400,2026-07-24T17:00:00+00:00,4067.09,4069.92,4063.05,4063.36,8293,15
1784916000,2026-07-24T18:00:00+00:00,4063.36,4064.48,4051.11,4054.46,8216,15
1784919600,2026-07-24T19:00:00+00:00,4054.45,4057.99,4049.18,4053.7,8616,15
1784923200,2026-07-24T20:00:00+00:00,4053.35,4055.99,4051.58,4055.38,2379,15
1785103200,2026-07-26T22:00:00+00:00,4088.39,4093.49,4083.81,4089.18,4405,58
1785106800,2026-07-26T23:00:00+00:00,4089.38,4096.23,4083.53,4094.11,7037,15
1785110400,2026-07-27T00:00:00+00:00,4093.98,4116.24,4090.78,4100.86,11537,15
1785114000,2026-07-27T01:00:00+00:00,4100.64,4112.59,4097.0,4110.18,12094,15
1785117600,2026-07-27T02:00:00+00:00,4110.17,4110.95,4093.7,4093.7,10090,15
1785121200,2026-07-27T03:00:00+00:00,4093.55,4095.91,4085.15,4090.99,8747,15
1785124800,2026-07-27T04:00:00+00:00,4091.26,4092.81,4087.08,4090.33,7583,15
1785128400,2026-07-27T05:00:00+00:00,4090.38,4094.85,4084.55,4092.86,9414,15
1785132000,2026-07-27T06:00:00+00:00,4093.09,4099.32,4091.23,4096.1,9922,15
1785135600,2026-07-27T07:00:00+00:00,4096.09,4106.1,4088.62,4088.86,9909,15
1785139200,2026-07-27T08:00:00+00:00,4088.84,4096.94,4087.15,4095.2,9827,15
1785142800,2026-07-27T09:00:00+00:00,4095.23,4100.42,4090.41,4096.21,8415,15
1785146400,2026-07-27T10:00:00+00:00,4096.14,4102.4,4086.48,4099.58,8761,15
1785150000,2026-07-27T11:00:00+00:00,4099.55,4104.07,4093.73,4093.95,9332,15
1785153600,2026-07-27T12:00:00+00:00,4093.95,4097.68,4081.71,4083.77,10657,15
1785157200,2026-07-27T13:00:00+00:00,4083.7,4089.49,4070.57,4074.21,12788,15
1785160800,2026-07-27T14:00:00+00:00,4074.23,4079.19,4065.3,4076.17,12936,15
1785164400,2026-07-27T15:00:00+00:00,4076.23,4079.88,4071.81,4078.44,11937,15
1785168000,2026-07-27T16:00:00+00:00,4078.62,4093.85,4077.82,4082.36,11040,15
1785171600,2026-07-27T17:00:00+00:00,4082.34,4082.35,4070.61,4076.38,10003,15
1785175200,2026-07-27T18:00:00+00:00,4076.39,4079.5,4072.85,4077.9,9966,15
1785178800,2026-07-27T19:00:00+00:00,4077.89,4089.41,4076.13,4083.38,9170,15
1785182400,2026-07-27T20:00:00+00:00,4083.48,4083.99,4075.22,4076.62,3348,15
1785189600,2026-07-27T22:00:00+00:00,4080.68,4081.16,4070.83,4074.14,4186,28
1785193200,2026-07-27T23:00:00+00:00,4074.14,4075.07,4069.95,4073.38,6175,15
1785196800,2026-07-28T00:00:00+00:00,4073.2,4074.15,4057.62,4057.94,11058,15
1785200400,2026-07-28T01:00:00+00:00,4057.84,4060.35,4042.61,4045.19,12286,15
1785204000,2026-07-28T02:00:00+00:00,4045.25,4049.05,4040.69,4042.17,10949,15
1785207600,2026-07-28T03:00:00+00:00,4042.17,4051.17,4040.32,4049.38,9734,15
1785211200,2026-07-28T04:00:00+00:00,4049.39,4049.68,4041.45,4042.16,8403,15
1785214800,2026-07-28T05:00:00+00:00,4042.17,4046.55,4034.89,4045.31,10525,15
1785218400,2026-07-28T06:00:00+00:00,4045.33,4052.33,4043.0,4048.33,10609,15
1785222000,2026-07-28T07:00:00+00:00,4048.37,4052.46,4046.12,4047.3,9267,15
1785225600,2026-07-28T08:00:00+00:00,4047.24,4055.26,4041.68,4045.56,10924,15
1785229200,2026-07-28T09:00:00+00:00,4045.49,4046.05,4019.27,4023.5,9594,15
1785232800,2026-07-28T10:00:00+00:00,4023.24,4028.52,4016.89,4026.58,9939,15
1785236400,2026-07-28T11:00:00+00:00,4026.51,4032.36,4023.14,4028.18,10620,15
1785240000,2026-07-28T12:00:00+00:00,4028.2,4038.14,4022.88,4029.34,11051,15
1785243600,2026-07-28T13:00:00+00:00,4029.38,4036.06,4020.31,4022.05,12394,15
1785247200,2026-07-28T14:00:00+00:00,4022.05,4033.4,4011.61,4024.44,12954,15
1785250800,2026-07-28T15:00:00+00:00,4024.86,4047.12,4022.17,4046.22,12347,15
1785254400,2026-07-28T16:00:00+00:00,4046.2,4046.56,4036.66,4037.54,10102,15
1785258000,2026-07-28T17:00:00+00:00,4037.53,4041.51,4025.85,4027.89,10380,15
1785261600,2026-07-28T18:00:00+00:00,4027.95,4030.41,4021.7,4022.99,10220,15
1785265200,2026-07-28T19:00:00+00:00,4023.08,4027.97,4021.9,4026.41,8773,15
1785268800,2026-07-28T20:00:00+00:00,4026.45,4030.44,4022.49,4028.47,4278,15
1785276000,2026-07-28T22:00:00+00:00,4026.4,4028.04,4013.88,4018.16,4992,28
1785279600,2026-07-28T23:00:00+00:00,4018.29,4026.32,4015.05,4024.97,8465,15
1785283200,2026-07-29T00:00:00+00:00,4025.03,4029.86,4017.53,4021.78,11009,15
1785286800,2026-07-29T01:00:00+00:00,4021.88,4030.55,4010.13,4025.87,12341,15
1785290400,2026-07-29T02:00:00+00:00,4025.85,4037.76,4023.08,4029.59,11524,15
1785294000,2026-07-29T03:00:00+00:00,4029.55,4032.72,4023.19,4023.64,9629,15
1785297600,2026-07-29T04:00:00+00:00,4023.64,4027.68,4020.56,4027.32,9741,15
1785301200,2026-07-29T05:00:00+00:00,4027.32,4040.09,4026.62,4033.13,10852,15
1785304800,2026-07-29T06:00:00+00:00,4033.1,4044.81,4033.1,4041.21,10129,15
1785308400,2026-07-29T07:00:00+00:00,4041.19,4047.77,4041.12,4043.94,8816,15
1785312000,2026-07-29T08:00:00+00:00,4043.77,4044.41,4035.74,4037.6,8883,15
1785315600,2026-07-29T09:00:00+00:00,4038.13,4038.4,4031.33,4032.64,8169,15
1785319200,2026-07-29T10:00:00+00:00,4032.67,4034.41,4025.98,4027.45,8088,15
1785322800,2026-07-29T11:00:00+00:00,4027.52,4036.13,4024.95,4032.73,8155,15
1785326400,2026-07-29T12:00:00+00:00,4032.73,4033.34,4009.21,4022.83,10646,15
1785330000,2026-07-29T13:00:00+00:00,4022.7,4026.52,4002.61,4007.32,12373,15
1785333600,2026-07-29T14:00:00+00:00,4007.42,4010.21,3995.91,4005.01,12916,15
1785337200,2026-07-29T15:00:00+00:00,4004.9,4013.86,4003.46,4009.86,11753,15
1785340800,2026-07-29T16:00:00+00:00,4010.27,4032.83,4007.63,4027.29,10623,15
1785344400,2026-07-29T17:00:00+00:00,4027.3,4050.59,4027.3,4044.39,11867,15
1785348000,2026-07-29T18:00:00+00:00,4044.33,4109.79,4042.78,4107.03,13708,15
1785351600,2026-07-29T19:00:00+00:00,4106.65,4116.46,4044.5,4045.5,13734,15
1785355200,2026-07-29T20:00:00+00:00,4044.74,4069.91,4042.72,4066.15,9234,15
1785362400,2026-07-29T22:00:00+00:00,4073.86,4090.45,4064.57,4088.36,8026,28
1785366000,2026-07-29T23:00:00+00:00,4088.4,4100.3,4084.4,4084.6,9778,15
1785369600,2026-07-30T00:00:00+00:00,4084.72,4086.62,4064.84,4072.17,12482,15
1785373200,2026-07-30T01:00:00+00:00,4072.12,4092.91,4070.71,4084.66,12662,15
1785376800,2026-07-30T02:00:00+00:00,4084.65,4090.31,4063.49,4063.72,11724,15
1785380400,2026-07-30T03:00:00+00:00,4063.66,4070.0,4050.78,4058.91,11195,15
1785384000,2026-07-30T04:00:00+00:00,4058.9,4060.21,4044.4,4046.01,9601,15
1785387600,2026-07-30T05:00:00+00:00,4046.03,4051.32,4028.4,4033.69,11780,15
1785391200,2026-07-30T06:00:00+00:00,4033.64,4040.5,4029.4,4036.74,11656,15
1785394800,2026-07-30T07:00:00+00:00,4036.55,4051.29,4035.53,4038.85,11692,15
1785398400,2026-07-30T08:00:00+00:00,4038.77,4072.93,4036.78,4061.39,11844,15
1785402000,2026-07-30T09:00:00+00:00,4061.4,4073.1,4060.31,4063.32,10803,15
1785405600,2026-07-30T10:00:00+00:00,4063.34,4083.25,4063.03,4078.26,11235,15
1785409200,2026-07-30T11:00:00+00:00,4077.91,4082.77,4075.76,4077.74,10384,15
1785412800,2026-07-30T12:00:00+00:00,4077.71,4086.75,4067.19,4068.85,12126,15
1785416400,2026-07-30T13:00:00+00:00,4068.81,4112.75,4065.11,4112.19,13444,15
1785420000,2026-07-30T14:00:00+00:00,4112.29,4120.14,4087.16,4100.05,13356,15
1785423600,2026-07-30T15:00:00+00:00,4100.04,4110.07,4083.15,4108.15,12365,15
1785427200,2026-07-30T16:00:00+00:00,4107.95,4119.25,4106.64,4110.71,10339,15
1785430800,2026-07-30T17:00:00+00:00,4110.75,4111.28,4098.53,4102.62,10720,15
1785434400,2026-07-30T18:00:00+00:00,4102.65,4107.84,4098.89,4099.85,9661,15
1785438000,2026-07-30T19:00:00+00:00,4099.8,4115.37,4098.9,4112.13,9384,15
1785441600,2026-07-30T20:00:00+00:00,4111.91,4117.32,4099.11,4103.58,6320,15
1785448800,2026-07-30T22:00:00+00:00,4103.08,4111.12,4102.36,4109.09,5304,28
1785452400,2026-07-30T23:00:00+00:00,4109.07,4111.73,4102.29,4105.91,7514,15
1785456000,2026-07-31T00:00:00+00:00,4106.21,4107.13,4090.44,4094.75,10778,15
1785459600,2026-07-31T01:00:00+00:00,4094.83,4101.6,4082.11,4084.35,11492,15
1785463200,2026-07-31T02:00:00+00:00,4084.35,4090.48,4074.13,4076.18,10447,15
1785466800,2026-07-31T03:00:00+00:00,4075.9,4079.44,4072.02,4075.0,9739,15
1785470400,2026-07-31T04:00:00+00:00,4075.0,4081.31,4073.42,4080.01,7174,15
1785474000,2026-07-31T05:00:00+00:00,4080.07,4083.29,4073.32,4074.41,8243,15
1785477600,2026-07-31T06:00:00+00:00,4074.41,4087.52,4072.79,4077.65,10409,15
1785481200,2026-07-31T07:00:00+00:00,4077.59,4079.13,4067.58,4067.73,9590,15
1785484800,2026-07-31T08:00:00+00:00,4067.52,4067.76,4054.25,4060.94,9875,15
1785488400,2026-07-31T09:00:00+00:00,4060.87,4064.02,4050.25,4055.13,9932,15
1785492000,2026-07-31T10:00:00+00:00,4055.13,4058.38,4052.02,4054.51,8649,15
1785495600,2026-07-31T11:00:00+00:00,4054.51,4060.98,4050.63,4053.69,9967,15
1785499200,2026-07-31T12:00:00+00:00,4053.93,4059.38,4040.6,4040.82,10685,15
1785502800,2026-07-31T13:00:00+00:00,4040.8,4046.78,4022.1,4025.42,12796,15
1785506400,2026-07-31T14:00:00+00:00,4025.38,4050.24,4021.03,4049.22,12394,15
1785510000,2026-07-31T15:00:00+00:00,4049.44,4052.62,4036.69,4045.48,11799,15
1785513600,2026-07-31T16:00:00+00:00,4045.48,4049.89,4041.14,4043.26,9769,15
1785517200,2026-07-31T17:00:00+00:00,4043.26,4054.73,4041.48,4053.79,9783,15
1785520800,2026-07-31T18:00:00+00:00,4053.64,4055.1,4047.13,4050.76,8439,15
1785524400,2026-07-31T19:00:00+00:00,4050.74,4055.55,4046.95,4051.06,8325,15
1785528000,2026-07-31T20:00:00+00:00,4050.82,4052.93,4045.13,4051.16,4710,15
1785708000,2026-08-02T22:00:00+00:00,4074.84,4078.54,4063.26,4063.5,6420,58
1785711600,2026-08-02T23:00:00+00:00,4063.5,4075.01,4063.01,4074.97,7749,15
1785715200,2026-08-03T00:00:00+00:00,4074.97,4078.93,4055.74,4057.13,11161,15
1785718800,2026-08-03T01:00:00+00:00,4057.13,4063.41,4047.45,4056.66,12054,15
1785722400,2026-08-03T02:00:00+00:00,4056.67,4066.84,4052.09,4062.4,10432,15
1785726000,2026-08-03T03:00:00+00:00,4062.4,4067.97,4059.3,4065.09,9160,15
1785729600,2026-08-03T04:00:00+00:00,4065.09,4071.83,4063.88,4063.94,7223,15
1785733200,2026-08-03T05:00:00+00:00,4063.95,4069.92,4054.2,4068.96,9025,15
1785736800,2026-08-03T06:00:00+00:00,4069.22,4071.96,4060.66,4063.92,9854,15
1785740400,2026-08-03T07:00:00+00:00,4063.96,4065.29,4052.01,4061.02,9811,15
1785744000,2026-08-03T08:00:00+00:00,4061.1,4062.48,4054.29,4059.52,9324,15
1785747600,2026-08-03T09:00:00+00:00,4059.48,4062.19,4046.65,4055.29,8540,15
1785751200,2026-08-03T10:00:00+00:00,4055.29,4057.12,4046.1,4049.45,8211,15
1785754800,2026-08-03T11:00:00+00:00,4049.36,4063.2,4045.58,4062.6,8860,15
1785758400,2026-08-03T12:00:00+00:00,4062.56,4064.63,4042.33,4047.64,10234,15
1785762000,2026-08-03T13:00:00+00:00,4047.66,4053.49,4019.12,4032.2,12397,15
1785765600,2026-08-03T14:00:00+00:00,4029.73,4039.28,4026.7,4036.23,11166,15
1785769200,2026-08-03T15:00:00+00:00,4036.24,4040.99,4030.38,4036.29,9864,15
1785772800,2026-08-03T16:00:00+00:00,4036.04,4039.33,4034.61,4036.96,7871,15
1785776400,2026-08-03T17:00:00+00:00,4036.96,4037.82,4030.28,4030.49,7556,15
1785780000,2026-08-03T18:00:00+00:00,4030.49,4045.08,4029.67,4043.5,7309,15
1785783600,2026-08-03T19:00:00+00:00,4043.5,4055.76,4043.5,4052.04,7544,15
1785787200,2026-08-03T20:00:00+00:00,4052.13,4058.02,4050.06,4055.16,3159,15
1785794400,2026-08-03T22:00:00+00:00,4051.34,4053.35,4049.0,4052.67,4715,28
1785798000,2026-08-03T23:00:00+00:00,4052.67,4055.02,4050.18,4053.88,5769,15
1785801600,2026-08-04T00:00:00+00:00,4053.89,4069.38,4048.7,4049.33,9330,15
1785805200,2026-08-04T01:00:00+00:00,4049.17,4061.78,4042.58,4058.66,11086,15
1785808800,2026-08-04T02:00:00+00:00,4058.66,4065.07,4055.66,4058.89,14096,15
1785812400,2026-08-04T03:00:00+00:00,4058.7,4061.74,4052.14,4052.54,8097,15
1785816000,2026-08-04T04:00:00+00:00,4052.53,4066.17,4051.19,4063.78,6126,15
1785819600,2026-08-04T05:00:00+00:00,4063.81,4067.76,4057.27,4061.86,7644,15
1785823200,2026-08-04T06:00:00+00:00,4061.89,4066.2,4055.72,4063.41,8854,15
1785826800,2026-08-04T07:00:00+00:00,4063.42,4066.79,4060.84,4065.48,7973,15
1785830400,2026-08-04T08:00:00+00:00,4065.47,4072.9,4054.62,4055.12,8768,15
1785834000,2026-08-04T09:00:00+00:00,4054.91,4055.4,4046.41,4049.77,8182,15
1785837600,2026-08-04T10:00:00+00:00,4049.77,4060.59,4045.68,4053.79,8226,15
1785841200,2026-08-04T11:00:00+00:00,4053.7,4084.18,4052.38,4075.07,10440,15
1785844800,2026-08-04T12:00:00+00:00,4075.35,4084.38,4061.09,4070.9,10892,15
1785848400,2026-08-04T13:00:00+00:00,4070.88,4093.88,4061.23,4084.04,12360,15
1785852000,2026-08-04T14:00:00+00:00,4083.95,4091.82,4074.35,4083.59,12217,15
1785855600,2026-08-04T15:00:00+00:00,4083.55,4088.84,4074.78,4087.33,10802,15
1785859200,2026-08-04T16:00:00+00:00,4087.38,4093.65,4083.11,4093.34,9055,15
1785862800,2026-08-04T17:00:00+00:00,4093.38,4106.3,4086.09,4086.09,9499,15
1785866400,2026-08-04T18:00:00+00:00,4086.09,4088.94,4075.2,4079.92,8705,15
1785870000,2026-08-04T19:00:00+00:00,4079.84,4084.78,4076.36,4078.62,8312,15
1785873600,2026-08-04T20:00:00+00:00,4078.56,4080.23,4074.63,4077.36,5135,20
1785880800,2026-08-04T22:00:00+00:00,4078.2,4085.72,4075.55,4075.55,5385,28
1785884400,2026-08-04T23:00:00+00:00,4075.84,4077.1,4065.43,4072.51,7306,15
1785888000,2026-08-05T00:00:00+00:00,4072.66,4083.49,4070.43,4082.57,9173,15
1785891600,2026-08-05T01:00:00+00:00,4082.54,4102.65,4077.66,4101.4,11135,15
1785895200,2026-08-05T02:00:00+00:00,4101.4,4135.37,4095.48,4129.3,11259,15
1785898800,2026-08-05T03:00:00+00:00,4129.24,4136.59,4126.85,4128.35,8729,15
1785902400,2026-08-05T04:00:00+00:00,4128.23,4141.52,4128.23,4135.59,7175,15
1785906000,2026-08-05T05:00:00+00:00,4135.58,4172.9,4134.75,4161.44,9295,15
1785909600,2026-08-05T06:00:00+00:00,4161.43,4178.36,4160.08,4177.55,9490,15
1785913200,2026-08-05T07:00:00+00:00,4177.68,4179.47,4162.32,4170.83,10096,15
1785916800,2026-08-05T08:00:00+00:00,4170.79,4172.69,4158.96,4160.57,9397,15
1785920400,2026-08-05T09:00:00+00:00,4160.57,4167.21,4152.99,4158.12,8692,15
1785924000,2026-08-05T10:00:00+00:00,4158.06,4161.55,4150.18,4161.34,7430,15
1785927600,2026-08-05T11:00:00+00:00,4161.39,4192.63,4160.8,4188.98,10089,15
1785931200,2026-08-05T12:00:00+00:00,4188.98,4213.41,4183.19,4183.91,11268,15
1785934800,2026-08-05T13:00:00+00:00,4183.68,4206.63,4183.68,4205.94,12507,15
1785938400,2026-08-05T14:00:00+00:00,4204.91,4247.54,4203.65,4244.15,13241,15
1785942000,2026-08-05T15:00:00+00:00,4244.16,4265.17,4232.29,4232.74,12164,15
1785945600,2026-08-05T16:00:00+00:00,4233.09,4247.43,4224.7,4242.27,11303,15
1785949200,2026-08-05T17:00:00+00:00,4242.39,4252.49,4236.92,4250.2,10433,15
1785952800,2026-08-05T18:00:00+00:00,4249.75,4267.65,4249.22,4260.83,9868,15
1785956400,2026-08-05T19:00:00+00:00,4260.85,4262.2,4246.42,4246.96,9701,15
1785960000,2026-08-05T20:00:00+00:00,4246.9,4249.51,4242.93,4246.8,4375,27
1785967200,2026-08-05T22:00:00+00:00,4249.07,4250.2,4245.36,4249.91,4445,28
1785970800,2026-08-05T23:00:00+00:00,4250.26,4281.94,4249.18,4278.04,7840,15
1785974400,2026-08-06T00:00:00+00:00,4278.02,4300.29,4264.52,4294.79,11401,15
1785978000,2026-08-06T01:00:00+00:00,4294.78,4302.77,4272.95,4286.61,12177,15
1785981600,2026-08-06T02:00:00+00:00,4286.04,4304.08,4275.03,4278.64,10225,15
1785985200,2026-08-06T03:00:00+00:00,4278.58,4280.98,4260.58,4265.56,9606,15
1785988800,2026-08-06T04:00:00+00:00,4265.49,4267.21,4252.99,4262.2,7854,15
1785992400,2026-08-06T05:00:00+00:00,4261.93,4268.47,4247.31,4267.19,9866,15
1785996000,2026-08-06T06:00:00+00:00,4267.19,4268.57,4249.34,4256.14,9975,15
1785999600,2026-08-06T07:00:00+00:00,4255.85,4265.39,4252.47,4262.68,8997,15
1786003200,2026-08-06T08:00:00+00:00,4262.91,4278.92,4260.17,4278.25,9276,15
1786006800,2026-08-06T09:00:00+00:00,4278.33,4284.72,4271.45,4273.16,8954,15
1786010400,2026-08-06T10:00:00+00:00,4273.14,4273.76,4264.72,4270.94,8064,15
1786014000,2026-08-06T11:00:00+00:00,4270.91,4273.44,4254.25,4263.38,9495,15
1786017600,2026-08-06T12:00:00+00:00,4263.37,4270.73,4249.22,4250.29,10310,15
1786021200,2026-08-06T13:00:00+00:00,4250.22,4274.24,4230.75,4267.09,12477,15
1786024800,2026-08-06T14:00:00+00:00,4267.22,4275.25,4260.22,4273.11,12433,15
1786028400,2026-08-06T15:00:00+00:00,4273.32,4274.46,4229.54,4233.67,12078,15
1786032000,2026-08-06T16:00:00+00:00,4233.98,4243.07,4223.42,4241.51,10729,15
1786035600,2026-08-06T17:00:00+00:00,4241.58,4248.15,4238.56,4247.21,8489,15
1786039200,2026-08-06T18:00:00+00:00,4247.4,4249.61,4240.71,4243.44,7821,15
1786042800,2026-08-06T19:00:00+00:00,4243.44,4251.27,4233.08,4248.95,8744,15
1786046400,2026-08-06T20:00:00+00:00,4248.81,4250.15,4234.63,4240.59,4489,17
1786053600,2026-08-06T22:00:00+00:00,4236.29,4243.37,4236.22,4240.66,4747,28
1786057200,2026-08-06T23:00:00+00:00,4240.43,4253.26,4240.3,4252.44,5511,15
1786060800,2026-08-07T00:00:00+00:00,4252.44,4252.82,4229.75,4232.86,10372,15
1786064400,2026-08-07T01:00:00+00:00,4232.92,4259.38,4231.53,4256.73,11997,15
1786068000,2026-08-07T02:00:00+00:00,4256.72,4261.7,4247.09,4250.25,9635,15
1786071600,2026-08-07T03:00:00+00:00,4250.26,4266.36,4249.73,4266.13,8130,15
1786075200,2026-08-07T04:00:00+00:00,4266.13,4269.26,4260.76,4264.92,8102,15
1786078800,2026-08-07T05:00:00+00:00,4264.99,4280.46,4261.84,4278.62,9835,15
1786082400,2026-08-07T06:00:00+00:00,4278.72,4298.72,4278.41,4297.2,10592,15
1786086000,2026-08-07T07:00:00+00:00,4297.08,4297.74,4282.89,4290.13,9154,15
1786089600,2026-08-07T08:00:00+00:00,4290.12,4316.82,4289.15,4306.09,10092,15
1786093200,2026-08-07T09:00:00+00:00,4306.15,4320.1,4302.36,4316.12,8842,15
1786096800,2026-08-07T10:00:00+00:00,4316.12,4320.75,4308.11,4316.87,8625,15
1786100400,2026-08-07T11:00:00+00:00,4317.1,4327.75,4316.79,4321.29,9687,15
1786104000,2026-08-07T12:00:00+00:00,4321.24,4371.84,4301.48,4361.18,10860,15
1786107600,2026-08-07T13:00:00+00:00,4361.39,4367.93,4339.01,4348.08,12766,16
1786111200,2026-08-07T14:00:00+00:00,4348.29,4352.74,4327.56,4341.45,13277,15
1786114800,2026-08-07T15:00:00+00:00,4341.45,4358.37,4339.79,4340.94,11907,15
1786118400,2026-08-07T16:00:00+00:00,4340.94,4349.65,4329.23,4329.24,11142,15
1786122000,2026-08-07T17:00:00+00:00,4329.2,4343.13,4327.7,4340.27,10219,15
1786125600,2026-08-07T18:00:00+00:00,4340.27,4343.09,4332.24,4335.68,7952,15
1786129200,2026-08-07T19:00:00+00:00,4335.76,4350.35,4335.76,4343.98,10217,15
1786132800,2026-08-07T20:00:00+00:00,4343.65,4345.23,4335.75,4341.26,3269,15
1786312800,2026-08-09T22:00:00+00:00,4339.09,4345.99,4338.18,4341.4,6304,58
1786316400,2026-08-09T23:00:00+00:00,4341.38,4349.12,4332.33,4333.22,6244,15
1786320000,2026-08-10T00:00:00+00:00,4332.82,4347.14,4330.83,4332.33,10373,15
1786323600,2026-08-10T01:00:00+00:00,4332.15,4340.64,4313.47,4322.44,10826,15
1786327200,2026-08-10T02:00:00+00:00,4322.45,4332.51,4318.8,4319.73,9946,15
1786330800,2026-08-10T03:00:00+00:00,4319.74,4330.01,4317.64,4326.82,7599,15
1786334400,2026-08-10T04:00:00+00:00,4326.85,4339.59,4323.42,4339.52,7303,15
1786338000,2026-08-10T05:00:00+00:00,4339.53,4352.24,4331.81,4347.64,8755,15
1786341600,2026-08-10T06:00:00+00:00,4347.4,4359.84,4341.93,4358.21,8844,15
1786345200,2026-08-10T07:00:00+00:00,4358.19,4362.07,4350.06,4355.51,9297,15
1786348800,2026-08-10T08:00:00+00:00,4355.54,4356.73,4343.78,4346.81,8358,15
1786352400,2026-08-10T09:00:00+00:00,4346.61,4350.03,4340.63,4341.29,7822,15
1786356000,2026-08-10T10:00:00+00:00,4341.27,4344.21,4335.57,4335.86,7866,15
1786359600,2026-08-10T11:00:00+00:00,4335.85,4339.4,4329.03,4334.99,8301,15
1786363200,2026-08-10T12:00:00+00:00,4335.0,4337.41,4324.16,4332.44,9545,15
1786366800,2026-08-10T13:00:00+00:00,4332.47,4339.83,4316.73,4317.89,11885,15
1786370400,2026-08-10T14:00:00+00:00,4318.08,4351.87,4318.06,4345.52,11749,15
1786374000,2026-08-10T15:00:00+00:00,4345.51,4359.53,4343.28,4358.38,10281,15
1786377600,2026-08-10T16:00:00+00:00,4358.49,4364.79,4350.31,4356.81,9733,15
1786381200,2026-08-10T17:00:00+00:00,4356.76,4365.36,4351.77,4360.18,8871,15
1786384800,2026-08-10T18:00:00+00:00,4360.18,4382.97,4359.86,4378.6,8708,15
1786388400,2026-08-10T19:00:00+00:00,4378.55,4395.1,4378.55,4388.31,8753,15
1786392000,2026-08-10T20:00:00+00:00,4388.33,4391.94,4385.52,4390.14,4166,15
1786399200,2026-08-10T22:00:00+00:00,4389.6,4400.53,4389.36,4399.15,4685,28
1786402800,2026-08-10T23:00:00+00:00,4399.69,4402.59,4394.68,4402.37,6051,15
1786406400,2026-08-11T00:00:00+00:00,4402.36,4419.35,4396.45,4409.59,9323,15
1786410000,2026-08-11T01:00:00+00:00,4409.33,4433.79,4393.62,4429.53,11592,15
1786413600,2026-08-11T02:00:00+00:00,4429.58,4435.2,4408.01,4410.85,10229,15
1786417200,2026-08-11T03:00:00+00:00,4410.75,4421.54,4409.83,4416.78,7821,15
1786420800,2026-08-11T04:00:00+00:00,4416.78,4420.42,4403.42,4408.95,7871,15
1786424400,2026-08-11T05:00:00+00:00,4408.96,4409.0,4367.58,4375.28,9874,15
1786428000,2026-08-11T06:00:00+00:00,4375.36,4382.45,4359.73,4366.26,11026,15
1786431600,2026-08-11T07:00:00+00:00,4366.32,4367.79,4356.79,4357.73,9222,15
1786435200,2026-08-11T08:00:00+00:00,4357.77,4376.56,4357.19,4369.04,8774,15
1786438800,2026-08-11T09:00:00+00:00,4369.06,4375.51,4367.46,4372.33,8249,15
1786442400,2026-08-11T10:00:00+00:00,4372.33,4382.39,4371.15,4382.28,8147,15
1786446000,2026-08-11T11:00:00+00:00,4382.29,4393.02,4380.35,4387.72,9937,15
1786449600,2026-08-11T12:00:00+00:00,4387.73,4400.12,4383.97,4392.6,9882,15
1786453200,2026-08-11T13:00:00+00:00,4392.56,4404.16,4384.54,4389.27,11929,15
1786456800,2026-08-11T14:00:00+00:00,4389.27,4398.03,4381.41,4394.07,11441,15
1786460400,2026-08-11T15:00:00+00:00,4394.19,4398.83,4369.3,4383.78,11295,15
1786464000,2026-08-11T16:00:00+00:00,4383.91,4385.77,4378.54,4383.47,8550,15
1786467600,2026-08-11T17:00:00+00:00,4383.42,4385.76,4369.07,4369.12,8869,15
1786471200,2026-08-11T18:00:00+00:00,4369.13,4372.65,4360.3,4371.48,9454,15
1786474800,2026-08-11T19:00:00+00:00,4371.48,4374.23,4361.28,4370.93,8531,15
1786478400,2026-08-11T20:00:00+00:00,4370.74,4370.99,4367.01,4367.89,3610,15
1786485600,2026-08-11T22:00:00+00:00,4372.53,4378.21,4367.12,4368.75,4953,28
1786489200,2026-08-11T23:00:00+00:00,4368.89,4374.51,4362.43,4371.53,6381,15
1786492800,2026-08-12T00:00:00+00:00,4371.53,4383.64,4366.51,4380.53,9257,15
1786496400,2026-08-12T01:00:00+00:00,4380.5,4397.35,4378.32,4396.39,9965,15
1786500000,2026-08-12T02:00:00+00:00,4396.44,4414.49,4394.21,4411.32,9177,15
1786503600,2026-08-12T03:00:00+00:00,4411.32,4416.11,4400.79,4402.36,7473,15
1786507200,2026-08-12T04:00:00+00:00,4402.36,4403.25,4395.4,4401.05,5635,15
1786510800,2026-08-12T05:00:00+00:00,4401.15,4404.87,4384.04,4391.37,8273,15
1786514400,2026-08-12T06:00:00+00:00,4390.87,4406.34,4385.12,4403.4,9019,15
1786518000,2026-08-12T07:00:00+00:00,4403.4,4410.01,4398.16,4406.31,6996,15
1786521600,2026-08-12T08:00:00+00:00,4406.14,4410.38,4401.63,4401.68,7547,15
1786525200,2026-08-12T09:00:00+00:00,4401.74,4424.08,4401.74,4415.89,9356,15
1786528800,2026-08-12T10:00:00+00:00,4415.89,4420.98,4407.62,4412.77,8358,15
1786532400,2026-08-12T11:00:00+00:00,4412.82,4416.77,4407.89,4412.75,7302,15
1786536000,2026-08-12T12:00:00+00:00,4412.69,4437.95,4382.95,4437.3,11817,15
1786539600,2026-08-12T13:00:00+00:00,4437.03,4441.19,4408.48,4427.54,13095,15
1786543200,2026-08-12T14:00:00+00:00,4427.79,4439.75,4416.31,4421.99,12375,15
1786546800,2026-08-12T15:00:00+00:00,4422.03,4430.03,4411.08,4421.02,11090,15
1786550400,2026-08-12T16:00:00+00:00,4421.08,4426.49,4396.64,4401.71,10240,15
1786554000,2026-08-12T17:00:00+00:00,4401.6,4411.48,4398.93,4399.26,9783,15
1786557600,2026-08-12T18:00:00+00:00,4399.26,4417.92,4396.32,4413.04,8518,15
1786561200,2026-08-12T19:00:00+00:00,4413.02,4418.38,4408.26,4413.91,8463,15
1786564800,2026-08-12T20:00:00+00:00,4413.78,4414.12,4406.45,4408.39,4050,15
1786572000,2026-08-12T22:00:00+00:00,4405.33,4405.56,4398.11,4402.24,4156,28
1786575600,2026-08-12T23:00:00+00:00,4401.5,4414.55,4401.5,4414.47,4912,15
1786579200,2026-08-13T00:00:00+00:00,4414.47,4449.78,4413.04,4428.1,10593,15
1786582800,2026-08-13T01:00:00+00:00,4427.74,4435.42,4406.14,4408.41,11586,15
1786586400,2026-08-13T02:00:00+00:00,4408.39,4414.05,4398.83,4407.17,10222,15
1786590000,2026-08-13T03:00:00+00:00,4407.13,4412.13,4398.65,4400.17,8157,15
1786593600,2026-08-13T04:00:00+00:00,4400.17,4400.23,4391.66,4397.79,7377,15
1786597200,2026-08-13T05:00:00+00:00,4397.77,4407.38,4380.55,4382.99,9984,15
1786600800,2026-08-13T06:00:00+00:00,4383.01,4385.66,4369.05,4380.92,10568,15
1786604400,2026-08-13T07:00:00+00:00,4381.03,4381.72,4369.27,4369.93,9610,15
1786608000,2026-08-13T08:00:00+00:00,4369.84,4379.23,4364.07,4375.87,8904,15
1786611600,2026-08-13T09:00:00+00:00,4375.88,4384.84,4372.43,4384.6,8091,15
1786615200,2026-08-13T10:00:00+00:00,4384.58,4393.76,4381.56,4392.04,5794,15
1786618800,2026-08-13T11:00:00+00:00,4392.11,4396.6,4382.75,4387.65,7599,15
1786622400,2026-08-13T12:00:00+00:00,4387.65,4401.91,4380.94,4401.88,10471,15
1786626000,2026-08-13T13:00:00+00:00,4401.87,4401.96,4370.8,4372.75,12470,15
1786629600,2026-08-13T14:00:00+00:00,4372.89,4387.04,4357.59,4383.68,12325,15
1786633200,2026-08-13T15:00:00+00:00,4383.67,4385.72,4357.63,4365.2,11561,15
1786636800,2026-08-13T16:00:00+00:00,4365.23,4368.43,4351.33,4367.05,9839,15
1786640400,2026-08-13T17:00:00+00:00,4367.26,4373.34,4355.71,4355.98,9714,15
1786644000,2026-08-13T18:00:00+00:00,4355.98,4363.58,4354.68,4356.96,9499,15
1786647600,2026-08-13T19:00:00+00:00,4356.96,4358.91,4343.89,4350.25,9450,15
1786651200,2026-08-13T20:00:00+00:00,4349.94,4352.25,4346.88,4350.96,2946,23
1786658400,2026-08-13T22:00:00+00:00,4352.71,4362.52,4352.56,4354.5,3592,28
1786662000,2026-08-13T23:00:00+00:00,4354.5,4364.25,4349.13,4356.78,6718,15
1786665600,2026-08-14T00:00:00+00:00,4356.79,4362.06,4329.25,4340.99,10451,15
1786669200,2026-08-14T01:00:00+00:00,4340.99,4341.42,4312.45,4318.11,11614,15
1786672800,2026-08-14T02:00:00+00:00,4318.13,4322.86,4311.08,4315.63,10086,15
1786676400,2026-08-14T03:00:00+00:00,4315.71,4328.21,4313.81,4323.53,6847,15
1786680000,2026-08-14T04:00:00+00:00,4323.53,4327.92,4322.7,4326.98,6065,15
1786683600,2026-08-14T05:00:00+00:00,4326.96,4333.61,4310.99,4333.61,8503,15
1786687200,2026-08-14T06:00:00+00:00,4333.57,4336.65,4327.95,4335.73,8725,15
1786690800,2026-08-14T07:00:00+00:00,4335.65,4345.29,4329.69,4343.58,7481,15
1786694400,2026-08-14T08:00:00+00:00,4343.61,4349.7,4341.89,4348.66,7851,15
1786698000,2026-08-14T09:00:00+00:00,4348.64,4357.39,4346.04,4357.11,6924,15
1786701600,2026-08-14T10:00:00+00:00,4357.13,4358.65,4348.31,4349.43,6448,15
1786705200,2026-08-14T11:00:00+00:00,4349.43,4369.49,4348.52,4369.27,7657,15
1786708800,2026-08-14T12:00:00+00:00,4369.23,4387.02,4365.94,4373.62,9977,15
1786712400,2026-08-14T13:00:00+00:00,4373.65,4396.97,4370.33,4384.41,11687,15
1786716000,2026-08-14T14:00:00+00:00,4384.35,4394.62,4378.86,4381.46,11300,15
1786719600,2026-08-14T15:00:00+00:00,4381.47,4394.7,4379.11,4391.53,11099,15
1786723200,2026-08-14T16:00:00+00:00,4391.55,4396.62,4380.18,4385.85,8976,15
1786726800,2026-08-14T17:00:00+00:00,4385.88,4386.42,4376.27,4378.51,8147,15
1786730400,2026-08-14T18:00:00+00:00,4378.52,4382.71,4370.85,4373.52,7137,15
1786734000,2026-08-14T19:00:00+00:00,4373.52,4379.83,4372.23,4376.09,7004,15
1786737600,2026-08-14T20:00:00+00:00,4376.1,4376.74,4371.49,4375.4,2073,15
1786917600,2026-08-16T22:00:00+00:00,4376.29,4386.56,4372.67,4385.76,3012,58
1786921200,2026-08-16T23:00:00+00:00,4385.76,4386.32,4367.2,4370.28,7571,15
1786924800,2026-08-17T00:00:00+00:00,4370.27,4402.1,4368.22,4400.85,9547,15
1786928400,2026-08-17T01:00:00+00:00,4400.86,4416.45,4392.16,4395.62,11369,15
1786932000,2026-08-17T02:00:00+00:00,4395.6,4398.26,4388.44,4393.25,8982,15
1786935600,2026-08-17T03:00:00+00:00,4393.5,4397.74,4388.04,4397.03,7597,15
1786939200,2026-08-17T04:00:00+00:00,4397.03,4399.5,4388.91,4390.66,6122,15
1786942800,2026-08-17T05:00:00+00:00,4390.62,4401.17,4387.0,4394.8,8678,15
1786946400,2026-08-17T06:00:00+00:00,4394.99,4404.49,4392.65,4403.07,9418,15
1786950000,2026-08-17T07:00:00+00:00,4403.08,4411.38,4396.06,4405.16,8198,15
1786953600,2026-08-17T08:00:00+00:00,4405.16,4405.16,4392.52,4394.97,7375,15
1786957200,2026-08-17T09:00:00+00:00,4394.97,4400.64,4392.63,4395.56,7372,15
1786960800,2026-08-17T10:00:00+00:00,4395.56,4405.81,4391.81,4399.0,7770,15
1786964400,2026-08-17T11:00:00+00:00,4398.99,4404.89,4395.46,4396.83,7672,15
1786968000,2026-08-17T12:00:00+00:00,4396.66,4398.84,4377.37,4384.9,10107,15
1786971600,2026-08-17T13:00:00+00:00,4384.96,4416.11,4381.81,4408.78,11698,15
1786975200,2026-08-17T14:00:00+00:00,4408.73,4427.59,4403.78,4417.23,11727,15
1786978800,2026-08-17T15:00:00+00:00,4417.23,4427.85,4415.19,4427.55,9926,15
1786982400,2026-08-17T16:00:00+00:00,4427.51,4428.86,4422.64,4424.18,8083,15
1786986000,2026-08-17T17:00:00+00:00,4424.21,4426.14,4411.23,4413.6,9093,15
1786989600,2026-08-17T18:00:00+00:00,4413.64,4416.18,4398.13,4406.74,8672,15
1786993200,2026-08-17T19:00:00+00:00,4406.52,4420.96,4400.23,4419.84,8100,15
1786996800,2026-08-17T20:00:00+00:00,4419.87,4421.28,4414.52,4416.66,1997,15
1787004000,2026-08-17T22:00:00+00:00,4416.15,4417.27,4410.36,4411.66,2179,28
1787007600,2026-08-17T23:00:00+00:00,4411.88,4425.99,4409.79,4425.88,6023,15
1787011200,2026-08-18T00:00:00+00:00,4425.92,4435.07,4418.99,4434.8,9282,15
1787014800,2026-08-18T01:00:00+00:00,4434.93,4436.18,4404.26,4408.09,11672,15
1787018400,2026-08-18T02:00:00+00:00,4408.09,4408.12,4394.21,4399.94,10287,15
1787022000,2026-08-18T03:00:00+00:00,4399.84,4404.14,4390.58,4391.8,8863,15
1787025600,2026-08-18T04:00:00+00:00,4391.84,4395.51,4388.97,4393.53,6700,15
1787029200,2026-08-18T05:00:00+00:00,4393.5,4397.58,4386.03,4394.4,8482,15
1787032800,2026-08-18T06:00:00+00:00,4394.18,4400.18,4387.65,4398.93,8715,15
1787036400,2026-08-18T07:00:00+00:00,4398.98,4403.62,4395.52,4395.71,7761,15
1787040000,2026-08-18T08:00:00+00:00,4395.69,4398.61,4386.87,4393.34,8350,15
1787043600,2026-08-18T09:00:00+00:00,4393.03,4394.97,4386.96,4393.26,8189,15
1787047200,2026-08-18T10:00:00+00:00,4393.26,4399.61,4389.79,4397.73,6573,15
1787050800,2026-08-18T11:00:00+00:00,4397.8,4398.83,4388.58,4396.06,7459,15
1787054400,2026-08-18T12:00:00+00:00,4396.16,4400.93,4389.9,4394.5,9207,15
1787058000,2026-08-18T13:00:00+00:00,4394.29,4406.55,4376.91,4394.58,12157,15
1787061600,2026-08-18T14:00:00+00:00,4394.59,4406.45,4363.73,4366.73,12847,15
1787065200,2026-08-18T15:00:00+00:00,4366.75,4377.54,4351.66,4364.94,12260,15
1787068800,2026-08-18T16:00:00+00:00,4364.79,4371.68,4363.06,4364.05,9277,15
1787072400,2026-08-18T17:00:00+00:00,4363.94,4368.4,4356.73,4357.76,9021,15
1787076000,2026-08-18T18:00:00+00:00,4357.81,4360.96,4352.74,4354.27,8085,15
1787079600,2026-08-18T19:00:00+00:00,4354.41,4358.72,4338.46,4345.43,8468,15
1787083200,2026-08-18T20:00:00+00:00,4345.69,4346.34,4328.98,4334.28,3873,15
1787090400,2026-08-18T22:00:00+00:00,4340.87,4343.33,4332.39,4333.65,3832,28
1787094000,2026-08-18T23:00:00+00:00,4334.04,4338.36,4327.28,4332.99,7846,15
1787097600,2026-08-19T00:00:00+00:00,4333.02,4347.12,4331.61,4338.0,11004,15
1787101200,2026-08-19T01:00:00+00:00,4337.52,4357.55,4324.68,4356.49,11671,15
1787104800,2026-08-19T02:00:00+00:00,4356.59,4362.03,4351.61,4354.94,9846,15
1787108400,2026-08-19T03:00:00+00:00,4354.9,4360.43,4351.83,4354.97,7756,15
1787112000,2026-08-19T04:00:00+00:00,4354.97,4356.23,4343.93,4348.55,7745,15
1787115600,2026-08-19T05:00:00+00:00,4348.51,4350.78,4335.14,4335.75,9700,15
1787119200,2026-08-19T06:00:00+00:00,4335.75,4349.5,4335.36,4349.27,10413,15
1787122800,2026-08-19T07:00:00+00:00,4349.41,4363.19,4347.51,4354.81,8625,15
1787126400,2026-08-19T08:00:00+00:00,4354.74,4363.26,4351.14,4355.74,8468,15
1787130000,2026-08-19T09:00:00+00:00,4355.68,4361.99,4353.42,4361.91,8258,15
1787133600,2026-08-19T10:00:00+00:00,4361.92,4369.53,4359.59,4367.38,7879,15
1787137200,2026-08-19T11:00:00+00:00,4367.48,4374.1,4363.15,4364.59,8794,15
1787140800,2026-08-19T12:00:00+00:00,4364.73,4442.36,4362.0,4438.73,11734,15
1787144400,2026-08-19T13:00:00+00:00,4438.24,4466.11,4424.44,4459.66,13657,15
1787148000,2026-08-19T14:00:00+00:00,4459.43,4498.69,4455.25,4488.21,13230,15
1787151600,2026-08-19T15:00:00+00:00,4488.37,4494.05,4478.16,4493.82,12307,15
1787155200,2026-08-19T16:00:00+00:00,4493.79,4499.26,4490.59,4493.7,10791,15
1787158800,2026-08-19T17:00:00+00:00,4493.33,4499.16,4484.21,4486.81,10716,15
1787162400,2026-08-19T18:00:00+00:00,4487.01,4496.8,4472.03,4495.15,11036,15
1787166000,2026-08-19T19:00:00+00:00,4495.15,4512.2,4494.46,4511.24,10241,15
1787169600,2026-08-19T20:00:00+00:00,4511.34,4524.14,4505.08,4522.85,4534,15
1787176800,2026-08-19T22:00:00+00:00,4520.98,4523.64,4516.3,4518.64,4052,28
1787180400,2026-08-19T23:00:00+00:00,4518.89,4523.61,4511.2,4511.7,7173,15
1787184000,2026-08-20T00:00:00+00:00,4511.72,4521.12,4503.8,4504.6,10995,15
1787187600,2026-08-20T01:00:00+00:00,4504.61,4510.37,4484.56,4489.66,12549,15
1787191200,2026-08-20T02:00:00+00:00,4489.77,4499.69,4488.52,4490.74,10669,15
1787194800,2026-08-20T03:00:00+00:00,4490.74,4500.97,4488.07,4498.86,8638,15
1787198400,2026-08-20T04:00:00+00:00,4498.83,4499.26,4486.37,4488.54,7771,15
1787202000,2026-08-20T05:00:00+00:00,4488.54,4494.01,4477.86,4481.33,9383,15
1787205600,2026-08-20T06:00:00+00:00,4481.29,4495.88,4480.02,4493.75,9285,15
1787209200,2026-08-20T07:00:00+00:00,4493.73,4494.21,4483.43,4490.91,9689,15
1787212800,2026-08-20T08:00:00+00:00,4490.89,4498.73,4487.18,4489.39,10328,15
1787216400,2026-08-20T09:00:00+00:00,4489.41,4494.1,4481.86,4482.62,9081,15
1787220000,2026-08-20T10:00:00+00:00,4482.51,4494.85,4480.73,4490.21,8818,15
1787223600,2026-08-20T11:00:00+00:00,4490.21,4491.36,4465.41,4466.9,10145,15
1787227200,2026-08-20T12:00:00+00:00,4467.23,4477.15,4450.53,4474.83,11804,15
1787230800,2026-08-20T13:00:00+00:00,4474.96,4489.31,4469.36,4481.64,12769,15
1787234400,2026-08-20T14:00:00+00:00,4481.65,4516.31,4480.79,4515.87,12920,15
1787238000,2026-08-20T15:00:00+00:00,4516.07,4540.91,4509.77,4521.57,13185,15
1787241600,2026-08-20T16:00:00+00:00,4521.58,4524.73,4502.78,4509.94,11251,15
1787245200,2026-08-20T17:00:00+00:00,4510.07,4520.5,4507.69,4519.93,9773,15
1787248800,2026-08-20T18:00:00+00:00,4519.92,4525.33,4508.34,4522.04,9699,15
1787252400,2026-08-20T19:00:00+00:00,4522.0,4532.15,4518.11,4528.77,9525,15
1787256000,2026-08-20T20:00:00+00:00,4528.65,4528.98,4516.79,4519.13,3793,15
1787263200,2026-08-20T22:00:00+00:00,4519.51,4524.32,4516.9,4524.12,4519,28
1787266800,2026-08-20T23:00:00+00:00,4524.05,4532.87,4520.86,4526.29,7145,15
1787270400,2026-08-21T00:00:00+00:00,4526.29,4527.53,4509.8,4510.41,10191,15
1787274000,2026-08-21T01:00:00+00:00,4510.4,4543.89,4508.82,4530.86,11845,15
1787277600,2026-08-21T02:00:00+00:00,4530.77,4542.79,4518.33,4533.83,10115,15
1787281200,2026-08-21T03:00:00+00:00,4533.88,4538.17,4526.66,4535.46,8372,15
1787284800,2026-08-21T04:00:00+00:00,4535.76,4547.97,4535.43,4540.56,7199,15
1787288400,2026-08-21T05:00:00+00:00,4540.53,4556.2,4529.34,4553.5,8775,15
1787292000,2026-08-21T06:00:00+00:00,4553.45,4567.67,4545.51,4560.99,10542,15
1787295600,2026-08-21T07:00:00+00:00,4560.94,4568.03,4558.56,4564.28,8897,15
1787299200,2026-08-21T08:00:00+00:00,4564.4,4584.93,4559.11,4584.07,9492,15
1787302800,2026-08-21T09:00:00+00:00,4584.13,4602.05,4580.41,4582.57,9111,15
1787306400,2026-08-21T10:00:00+00:00,4582.6,4594.11,4577.95,4588.56,9426,15
1787310000,2026-08-21T11:00:00+00:00,4588.35,4604.56,4587.23,4597.18,10308,15
1787313600,2026-08-21T12:00:00+00:00,4597.27,4601.73,4563.5,4578.04,11180,15
1787317200,2026-08-21T13:00:00+00:00,4577.88,4593.1,4573.46,4581.14,12667,15
1787320800,2026-08-21T14:00:00+00:00,4581.06,4603.66,4580.03,4591.67,12821,15
1787324400,2026-08-21T15:00:00+00:00,4591.68,4615.33,4587.41,4614.57,12289,15
1787328000,2026-08-21T16:00:00+00:00,4614.67,4629.19,4609.27,4628.91,11527,15
1787331600,2026-08-21T17:00:00+00:00,4628.83,4632.28,4615.34,4620.48,10085,15
1787335200,2026-08-21T18:00:00+00:00,4620.49,4627.64,4619.51,4624.34,7994,15
1787338800,2026-08-21T19:00:00+00:00,4624.47,4625.52,4615.63,4617.04,8500,15
1787342400,2026-08-21T20:00:00+00:00,4617.01,4617.51,4607.42,4607.84,3441,15
1787522400,2026-08-23T22:00:00+00:00,4617.03,4620.82,4605.87,4605.98,7413,58
1787526000,2026-08-23T23:00:00+00:00,4605.96,4624.71,4604.76,4624.26,8139,15
1787529600,2026-08-24T00:00:00+00:00,4624.22,4640.81,4594.71,4621.86,12053,15
1787533200,2026-08-24T01:00:00+00:00,4621.87,4637.66,4608.0,4632.12,12832,15
1787536800,2026-08-24T02:00:00+00:00,4631.94,4656.55,4627.56,4643.69,12197,15
1787540400,2026-08-24T03:00:00+00:00,4643.73,4650.19,4633.49,4641.55,10485,15
1787544000,2026-08-24T04:00:00+00:00,4641.53,4642.53,4632.52,4638.96,9075,15
1787547600,2026-08-24T05:00:00+00:00,4638.95,4646.59,4629.82,4640.86,10781,15
1787551200,2026-08-24T06:00:00+00:00,4641.0,4659.9,4639.44,4650.09,11577,15
1787554800,2026-08-24T07:00:00+00:00,4650.09,4654.59,4630.4,4641.68,11180,15
1787558400,2026-08-24T08:00:00+00:00,4641.69,4646.08,4628.74,4637.95,10633,15
1787562000,2026-08-24T09:00:00+00:00,4637.82,4645.99,4632.89,4645.98,9061,15
1787565600,2026-08-24T10:00:00+00:00,4645.92,4650.14,4641.65,4643.27,8906,15
1787569200,2026-08-24T11:00:00+00:00,4643.12,4670.23,4639.03,4657.91,10609,15
1787572800,2026-08-24T12:00:00+00:00,4657.97,4668.56,4645.87,4662.88,11353,15
1787576400,2026-08-24T13:00:00+00:00,4662.78,4680.79,4656.46,4664.74,13234,15
1787580000,2026-08-24T14:00:00+00:00,4664.31,4678.77,4655.48,4670.31,12937,15
1787583600,2026-08-24T15:00:00+00:00,4670.47,4679.46,4640.01,4649.19,12466,15
1787587200,2026-08-24T16:00:00+00:00,4649.19,4662.29,4642.16,4644.87,10973,15
1787590800,2026-08-24T17:00:00+00:00,4644.97,4655.23,4630.36,4636.56,12028,15
1787594400,2026-08-24T18:00:00+00:00,4636.56,4642.31,4625.15,4636.66,10054,15
1787598000,2026-08-24T19:00:00+00:00,4636.25,4655.87,4635.92,4651.87,8793,15
1787601600,2026-08-24T20:00:00+00:00,4651.85,4655.19,4647.16,4651.54,5250,19
1787608800,2026-08-24T22:00:00+00:00,4655.71,4668.29,4655.17,4667.53,5835,28
1787612400,2026-08-24T23:00:00+00:00,4667.51,4682.69,4666.92,4679.98,7819,15
1787616000,2026-08-25T00:00:00+00:00,4680.27,4696.89,4675.5,4684.25,10976,15
1787619600,2026-08-25T01:00:00+00:00,4684.15,4686.39,4656.54,4658.09,12597,15
1787623200,2026-08-25T02:00:00+00:00,4658.02,4661.51,4618.1,4629.66,12533,15
1787626800,2026-08-25T03:00:00+00:00,4629.69,4641.34,4622.3,4633.68,10698,15
1787630400,2026-08-25T04:00:00+00:00,4633.69,4637.82,4623.86,4625.83,9152,15
1787634000,2026-08-25T05:00:00+00:00,4625.88,4647.97,4624.02,4643.15,10281,15
1787637600,2026-08-25T06:00:00+00:00,4643.06,4653.5,4637.16,4638.41,10772,15
1787641200,2026-08-25T07:00:00+00:00,4638.44,4643.77,4629.81,4630.06,9604,15
1787644800,2026-08-25T08:00:00+00:00,4630.15,4645.31,4620.24,4630.29,10924,15
1787648400,2026-08-25T09:00:00+00:00,4630.13,4642.47,4624.27,4636.31,10919,15
1787652000,2026-08-25T10:00:00+00:00,4636.39,4642.34,4632.89,4639.44,9269,15
1787655600,2026-08-25T11:00:00+00:00,4639.22,4647.44,4637.69,4642.42,9387,15
1787659200,2026-08-25T12:00:00+00:00,4642.43,4644.23,4630.08,4640.8,9848,15
1787662800,2026-08-25T13:00:00+00:00,4640.72,4641.09,4605.32,4616.53,13151,15
1787666400,2026-08-25T14:00:00+00:00,4616.01,4640.0,4613.64,4635.57,12752,15
1787670000,2026-08-25T15:00:00+00:00,4635.53,4659.41,4629.58,4652.67,12037,15
1787673600,2026-08-25T16:00:00+00:00,4652.75,4653.38,4637.19,4643.32,10019,15
1787677200,2026-08-25T17:00:00+00:00,4643.55,4648.39,4634.13,4648.39,9205,15
1787680800,2026-08-25T18:00:00+00:00,4648.43,4654.97,4644.23,4654.47,7647,15
1787684400,2026-08-25T19:00:00+00:00,4654.48,4668.05,4653.4,4666.97,9414,15
1787688000,2026-08-25T20:00:00+00:00,4666.99,4668.88,4657.53,4658.6,5706,15
1787695200,2026-08-25T22:00:00+00:00,4661.57,4673.59,4660.23,4672.47,5074,28
1787698800,2026-08-25T23:00:00+00:00,4672.54,4673.57,4653.24,4654.96,6488,15
1787702400,2026-08-26T00:00:00+00:00,4654.89,4657.63,4634.43,4637.55,10008,15
1787706000,2026-08-26T01:00:00+00:00,4637.54,4660.88,4630.0,4657.06,12145,15
1787709600,2026-08-26T02:00:00+00:00,4657.06,4670.75,4654.89,4658.36,10711,15
1787713200,2026-08-26T03:00:00+00:00,4658.4,4658.65,4642.55,4642.76,8895,15
1787716800,2026-08-26T04:00:00+00:00,4642.76,4644.3,4638.88,4640.71,6520,15
1787720400,2026-08-26T05:00:00+00:00,4640.81,4649.47,4635.48,4639.72,9378,15
1787724000,2026-08-26T06:00:00+00:00,4639.75,4641.32,4624.81,4634.25,10462,15
1787727600,2026-08-26T07:00:00+00:00,4634.48,4639.43,4626.44,4628.92,8934,15
1787731200,2026-08-26T08:00:00+00:00,4629.01,4630.65,4622.22,4628.32,8748,15
1787734800,2026-08-26T09:00:00+00:00,4628.25,4630.92,4616.3,4623.3,8146,15
1787738400,2026-08-26T10:00:00+00:00,4623.15,4624.13,4613.4,4620.23,7100,15
1787742000,2026-08-26T11:00:00+00:00,4620.21,4625.25,4616.5,4624.72,8261,15
1787745600,2026-08-26T12:00:00+00:00,4624.67,4633.06,4610.93,4614.58,11198,15
1787749200,2026-08-26T13:00:00+00:00,4614.44,4631.95,4598.07,4631.59,13188,15
1787752800,2026-08-26T14:00:00+00:00,4631.61,4633.32,4602.98,4603.07,12367,15
1787756400,2026-08-26T15:00:00+00:00,4603.03,4609.32,4583.01,4596.05,12329,15
1787760000,2026-08-26T16:00:00+00:00,4596.1,4601.52,4585.66,4591.62,10590,15
1787763600,2026-08-26T17:00:00+00:00,4591.65,4602.34,4590.75,4597.85,9263,15
1787767200,2026-08-26T18:00:00+00:00,4597.85,4604.59,4592.56,4593.83,9054,15
1787770800,2026-08-26T19:00:00+00:00,4593.8,4601.62,4591.09,4594.31,9066,15
1787774400,2026-08-26T20:00:00+00:00,4594.25,4596.69,4583.91,4594.48,5740,23
1787781600,2026-08-26T22:00:00+00:00,4603.37,4613.14,4601.76,4609.24,5999,28
1787785200,2026-08-26T23:00:00+00:00,4609.29,4624.89,4607.12,4623.5,6755,15
1787788800,2026-08-27T00:00:00+00:00,4623.82,4627.1,4600.61,4605.03,9775,15
1787792400,2026-08-27T01:00:00+00:00,4605.09,4640.86,4602.41,4640.14,11618,15
1787796000,2026-08-27T02:00:00+00:00,4640.4,4643.04,4623.55,4629.52,9879,15
1787799600,2026-08-27T03:00:00+00:00,4629.57,4638.71,4624.35,4625.44,8118,15
1787803200,2026-08-27T04:00:00+00:00,4625.46,4627.25,4617.27,4618.77,7179,15
1787806800,2026-08-27T05:00:00+00:00,4618.98,4621.59,4600.93,4607.01,9427,15
1787810400,2026-08-27T06:00:00+00:00,4607.07,4611.85,4597.96,4600.32,10117,15
1787814000,2026-08-27T07:00:00+00:00,4600.35,4605.85,4593.5,4600.24,9036,15
1787817600,2026-08-27T08:00:00+00:00,4600.29,4606.87,4594.77,4599.03,8600,15
1787821200,2026-08-27T09:00:00+00:00,4599.03,4600.77,4578.14,4580.3,9003,15
1787824800,2026-08-27T10:00:00+00:00,4580.29,4590.57,4569.11,4590.13,8733,15
1787828400,2026-08-27T11:00:00+00:00,4590.16,4600.3,4587.25,4598.33,9100,15
1787832000,2026-08-27T12:00:00+00:00,4598.43,4601.17,4580.52,4585.96,10254,15
1787835600,2026-08-27T13:00:00+00:00,4585.92,4593.27,4565.14,4572.34,12783,15
1787839200,2026-08-27T14:00:00+00:00,4571.73,4598.24,4568.46,4591.29,12398,15
1787842800,2026-08-27T15:00:00+00:00,4591.33,4611.18,4588.87,4610.54,11333,15
1787846400,2026-08-27T16:00:00+00:00,4610.44,4616.72,4602.44,4614.92,10669,15
1787850000,2026-08-27T17:00:00+00:00,4615.48,4616.49,4605.09,4606.45,9982,15
1787853600,2026-08-27T18:00:00+00:00,4606.64,4611.21,4600.94,4610.44,9612,15
1787857200,2026-08-27T19:00:00+00:00,4610.51,4618.12,4604.24,4609.28,9633,15
1787860800,2026-08-27T20:00:00+00:00,4609.41,4609.58,4599.99,4601.76,3553,15
1787868000,2026-08-27T22:00:00+00:00,4601.82,4610.7,4600.96,4610.6,4405,28
1787871600,2026-08-27T23:00:00+00:00,4610.6,4611.45,4594.21,4594.43,6138,15
1787875200,2026-08-28T00:00:00+00:00,4594.37,4602.51,4585.62,4588.83,9140,15
1787878800,2026-08-28T01:00:00+00:00,4589.01,4602.2,4575.39,4575.93,12218,15
1787882400,2026-08-28T02:00:00+00:00,4575.98,4589.69,4575.07,4586.41,9286,15
1787886000,2026-08-28T03:00:00+00:00,4586.41,4590.03,4578.59,4579.93,8331,15
1787889600,2026-08-28T04:00:00+00:00,4579.98,4585.41,4577.97,4584.34,6734,15
1787893200,2026-08-28T05:00:00+00:00,4584.34,4586.33,4571.69,4573.33,9132,15
1787896800,2026-08-28T06:00:00+00:00,4573.4,4613.34,4572.44,4612.72,10915,15
1787900400,2026-08-28T07:00:00+00:00,4612.55,4614.43,4596.68,4611.81,9660,15
1787904000,2026-08-28T08:00:00+00:00,4611.81,4614.55,4600.9,4602.89,8808,15
1787907600,2026-08-28T09:00:00+00:00,4602.61,4607.42,4600.45,4605.14,8853,15
1787911200,2026-08-28T10:00:00+00:00,4605.14,4609.9,4597.58,4600.18,8556,15
1787914800,2026-08-28T11:00:00+00:00,4600.21,4601.33,4591.3,4593.3,9287,15
1787918400,2026-08-28T12:00:00+00:00,4593.35,4603.74,4589.11,4601.7,10555,15
1787922000,2026-08-28T13:00:00+00:00,4601.74,4627.15,4593.73,4604.7,12405,15
1787925600,2026-08-28T14:00:00+00:00,4605.71,4631.83,4530.03,4576.64,13630,15
1787929200,2026-08-28T15:00:00+00:00,4576.81,4582.9,4524.07,4524.49,13623,15
1787932800,2026-08-28T16:00:00+00:00,4524.52,4529.51,4464.45,4479.53,13736,15
1787936400,2026-08-28T17:00:00+00:00,4479.39,4486.87,4460.53,4469.36,12498,15
1787940000,2026-08-28T18:00:00+00:00,4469.31,4471.56,4445.49,4456.97,12145,15
1787943600,2026-08-28T19:00:00+00:00,4456.82,4467.12,4453.04,4458.18,10997,15
1787947200,2026-08-28T20:00:00+00:00,4458.5,4462.7,4453.74,4456.98,3872,15
1788127200,2026-08-30T22:00:00+00:00,4455.83,4465.77,4452.83,4461.24,6093,58
1788130800,2026-08-30T23:00:00+00:00,4461.05,4466.83,4435.81,4458.43,9000,15
1788134400,2026-08-31T00:00:00+00:00,4458.89,4472.1,4452.25,4456.31,11359,15
1788138000,2026-08-31T01:00:00+00:00,4456.35,4463.3,4435.95,4440.22,13267,15
1788141600,2026-08-31T02:00:00+00:00,4440.16,4441.46,4396.5,4422.83,12647,15
1788145200,2026-08-31T03:00:00+00:00,4422.99,4433.98,4419.78,4422.49,10000,15
1788148800,2026-08-31T04:00:00+00:00,4422.53,4424.93,4412.94,4424.49,8453,15
1788152400,2026-08-31T05:00:00+00:00,4424.49,4443.88,4419.14,4442.99,10641,15
1788156000,2026-08-31T06:00:00+00:00,4443.13,4443.13,4429.3,4439.51,10419,15
1788159600,2026-08-31T07:00:00+00:00,4439.32,4448.19,4435.16,4443.23,9416,15
1788163200,2026-08-31T08:00:00+00:00,4442.97,4449.52,4433.87,4435.62,9389,15
1788166800,2026-08-31T09:00:00+00:00,4435.81,4445.56,4435.63,4445.21,8415,15
1788170400,2026-08-31T10:00:00+00:00,4445.38,4455.57,4444.84,4453.83,9026,15
1788174000,2026-08-31T11:00:00+00:00,4453.83,4464.0,4452.56,4455.41,8995,15
1788177600,2026-08-31T12:00:00+00:00,4455.12,4460.92,4435.42,4435.77,10946,15
1788181200,2026-08-31T13:00:00+00:00,4435.79,4448.23,4415.82,4418.33,12506,15
1788184800,2026-08-31T14:00:00+00:00,4418.6,4436.26,4416.22,4431.57,12830,15
1788188400,2026-08-31T15:00:00+00:00,4431.73,4437.91,4424.59,4426.18,11970,15
1788192000,2026-08-31T16:00:00+00:00,4426.51,4440.3,4423.73,4433.22,10243,15
1788195600,2026-08-31T17:00:00+00:00,4433.21,4440.06,4428.7,4436.52,9303,15
1788199200,2026-08-31T18:00:00+00:00,4436.54,4436.76,4426.29,4430.84,9336,15
1788202800,2026-08-31T19:00:00+00:00,4430.9,4453.72,4429.16,4453.43,9473,15
1788206400,2026-08-31T20:00:00+00:00,4453.37,4455.8,4446.45,4449.08,4496,15
1788213600,2026-08-31T22:00:00+00:00,4454.24,4455.68,4445.47,4446.84,3735,28
1788217200,2026-08-31T23:00:00+00:00,4447.06,4452.48,4441.78,4452.35,5268,15
1788220800,2026-09-01T00:00:00+00:00,4452.43,4461.42,4446.28,4453.62,10261,15
1788224400,2026-09-01T01:00:00+00:00,4453.67,4456.89,4436.33,4444.43,11558,15
1788228000,2026-09-01T02:00:00+00:00,4444.19,4449.15,4427.83,4443.17,10260,15
1788231600,2026-09-01T03:00:00+00:00,4443.45,4444.18,4431.76,4436.73,8786,15
1788235200,2026-09-01T04:00:00+00:00,4436.65,4437.72,4425.53,4426.66,7362,15
1788238800,2026-09-01T05:00:00+00:00,4426.68,4446.01,4424.08,4440.24,9557,15
1788242400,2026-09-01T06:00:00+00:00,4440.05,4440.5,4427.71,4429.59,9363,15
1788246000,2026-09-01T07:00:00+00:00,4429.63,4435.0,4412.24,4420.23,10619,15
1788249600,2026-09-01T08:00:00+00:00,4419.59,4419.59,4369.34,4370.86,12429,15
1788253200,2026-09-01T09:00:00+00:00,4370.79,4378.18,4364.67,4364.78,11209,15
1788256800,2026-09-01T10:00:00+00:00,4364.77,4385.94,4364.33,4378.22,10357,15
1788260400,2026-09-01T11:00:00+00:00,4378.24,4387.2,4371.94,4374.41,10645,15
1788264000,2026-09-01T12:00:00+00:00,4374.53,4376.06,4352.01,4356.42,11690,15
1788267600,2026-09-01T13:00:00+00:00,4356.24,4367.39,4326.15,4365.6,13032,15
1788271200,2026-09-01T14:00:00+00:00,4365.31,4375.6,4353.31,4360.32,12826,15
1788274800,2026-09-01T15:00:00+00:00,4360.55,4374.04,4355.26,4372.98,11614,15
1788278400,2026-09-01T16:00:00+00:00,4373.0,4374.9,4347.06,4351.25,11776,15
1788282000,2026-09-01T17:00:00+00:00,4351.35,4351.93,4341.06,4343.01,10976,15
1788285600,2026-09-01T18:00:00+00:00,4343.19,4344.56,4328.31,4331.69,10160,15
1788289200,2026-09-01T19:00:00+00:00,4331.69,4337.68,4322.93,4327.25,9820,15
1788292800,2026-09-01T20:00:00+00:00,4327.03,4330.74,4323.66,4328.07,4248,25
1788300000,2026-09-01T22:00:00+00:00,4331.11,4331.15,4326.21,4329.25,3880,28
1788303600,2026-09-01T23:00:00+00:00,4329.25,4335.81,4323.09,4324.42,5318,15
1788307200,2026-09-02T00:00:00+00:00,4324.47,4334.54,4314.64,4315.85,11748,15
1788310800,2026-09-02T01:00:00+00:00,4315.75,4326.67,4288.41,4291.0,12904,15
1788314400,2026-09-02T02:00:00+00:00,4290.79,4314.81,4287.37,4302.89,11006,15
1788318000,2026-09-02T03:00:00+00:00,4302.89,4304.26,4282.55,4303.26,9926,15
1788321600,2026-09-02T04:00:00+00:00,4303.27,4307.92,4301.42,4307.3,7103,15
1788325200,2026-09-02T05:00:00+00:00,4307.29,4326.42,4303.62,4319.8,9533,15
1788328800,2026-09-02T06:00:00+00:00,4319.81,4329.22,4314.58,4321.67,12591,15
1788332400,2026-09-02T07:00:00+00:00,4321.67,4331.32,4319.2,4323.3,10402,15
1788336000,2026-09-02T08:00:00+00:00,4323.34,4331.7,4312.61,4312.88,10382,15
1788339600,2026-09-02T09:00:00+00:00,4312.82,4322.4,4304.96,4308.56,10965,15
1788343200,2026-09-02T10:00:00+00:00,4308.54,4312.24,4301.8,4309.31,8650,15
1788346800,2026-09-02T11:00:00+00:00,4309.12,4332.98,4307.61,4332.35,10568,15
1788350400,2026-09-02T12:00:00+00:00,4332.54,4344.42,4327.37,4331.37,11587,15
1788354000,2026-09-02T13:00:00+00:00,4331.46,4385.48,4330.8,4385.44,12972,15
1788357600,2026-09-02T14:00:00+00:00,4385.44,4397.51,4374.27,4376.98,12931,15
1788361200,2026-09-02T15:00:00+00:00,4376.9,4380.86,4364.58,4373.14,11811,15
1788364800,2026-09-02T16:00:00+00:00,4373.15,4374.88,4364.54,4368.31,10050,15
1788368400,2026-09-02T17:00:00+00:00,4368.31,4380.76,4364.65,4376.93,9578,15
1788372000,2026-09-02T18:00:00+00:00,4376.97,4379.88,4369.25,4374.17,8767,15
1788375600,2026-09-02T19:00:00+00:00,4374.26,4391.34,4371.78,4391.17,8556,15
1788379200,2026-09-02T20:00:00+00:00,4391.04,4391.29,4383.96,4388.12,4637,17
1788386400,2026-09-02T22:00:00+00:00,4391.05,4391.73,4383.61,4384.5,5260,28
1788390000,2026-09-02T23:00:00+00:00,4384.52,4388.79,4381.09,4385.58,5694,15
1788393600,2026-09-03T00:00:00+00:00,4385.58,4397.78,4382.6,4395.48,9588,15
1788397200,2026-09-03T01:00:00+00:00,4395.5,4412.43,4387.34,4410.37,12102,15
1788400800,2026-09-03T02:00:00+00:00,4410.37,4420.53,4406.79,4420.35,11072,15
1788404400,2026-09-03T03:00:00+00:00,4420.34,4432.62,4419.42,4431.46,9196,15
1788408000,2026-09-03T04:00:00+00:00,4431.38,4438.48,4425.56,4437.37,7013,15
1788411600,2026-09-03T05:00:00+00:00,4437.37,4440.27,4422.58,4431.11,10480,15
1788415200,2026-09-03T06:00:00+00:00,4430.93,4436.32,4418.79,4420.67,10878,15
1788418800,2026-09-03T07:00:00+00:00,4420.68,4431.67,4419.07,4428.81,10427,15
1788422400,2026-09-03T08:00:00+00:00,4428.8,4443.63,4428.07,4434.98,10498,15
1788426000,2026-09-03T09:00:00+00:00,4435.05,4441.92,4425.63,4427.58,9440,15
1788429600,2026-09-03T10:00:00+00:00,4427.59,4429.88,4419.13,4427.58,9520,15
1788433200,2026-09-03T11:00:00+00:00,4427.29,4445.2,4425.01,4444.2,9553,15
1788436800,2026-09-03T12:00:00+00:00,4444.2,4495.15,4437.97,4493.35,12102,15
1788440400,2026-09-03T13:00:00+00:00,4493.56,4495.97,4456.8,4470.6,12955,15
1788444000,2026-09-03T14:00:00+00:00,4464.82,4485.39,4459.62,4485.39,12919,15
1788447600,2026-09-03T15:00:00+00:00,4485.38,4510.87,4484.26,4493.23,12274,15
1788451200,2026-09-03T16:00:00+00:00,4493.23,4495.49,4485.47,4486.27,9949,15
1788454800,2026-09-03T17:00:00+00:00,4486.29,4494.66,4483.26,4486.59,8644,15
1788458400,2026-09-03T18:00:00+00:00,4486.59,4489.79,4474.02,4475.18,9367,15
1788462000,2026-09-03T19:00:00+00:00,4475.07,4480.82,4472.64,4475.19,9031,15
1788465600,2026-09-03T20:00:00+00:00,4475.37,4475.65,4470.43,4473.07,4176,17
1788472800,2026-09-03T22:00:00+00:00,4476.29,4478.69,4471.27,4474.33,4449,28
1788476400,2026-09-03T23:00:00+00:00,4474.43,4480.23,4471.7,4480.09,5431,15
1788480000,2026-09-04T00:00:00+00:00,4480.05,4487.12,4472.83,4486.57,8671,15
1788483600,2026-09-04T01:00:00+00:00,4486.36,4486.99,4467.17,4478.91,11239,15
1788487200,2026-09-04T02:00:00+00:00,4478.82,4482.6,4470.14,4477.36,9435,15
1788490800,2026-09-04T03:00:00+00:00,4477.51,4478.69,4466.97,4466.98,7337,15
1788494400,2026-09-04T04:00:00+00:00,4466.97,4474.91,4465.47,4473.75,5814,15
1788498000,2026-09-04T05:00:00+00:00,4473.76,4477.69,4466.83,4472.08,7874,15
1788501600,2026-09-04T06:00:00+00:00,4472.14,4473.47,4460.14,4463.02,9822,15
1788505200,2026-09-04T07:00:00+00:00,4462.87,4490.69,4461.59,4483.39,9346,15
1788508800,2026-09-04T08:00:00+00:00,4483.27,4486.58,4474.46,4477.8,8964,15
1788512400,2026-09-04T09:00:00+00:00,4477.8,4479.24,4463.92,4465.57,8473,15
1788516000,2026-09-04T10:00:00+00:00,4465.45,4476.43,4465.45,4472.94,7556,15
1788519600,2026-09-04T11:00:00+00:00,4472.9,4473.33,4465.28,4466.91,8366,15
1788523200,2026-09-04T12:00:00+00:00,4466.91,4476.12,4376.61,4393.72,11399,15
1788526800,2026-09-04T13:00:00+00:00,4393.67,4434.48,4365.3,4413.04,13446,50
1788530400,2026-09-04T14:00:00+00:00,4413.76,4442.34,4412.14,4427.52,12966,15
1788534000,2026-09-04T15:00:00+00:00,4427.9,4448.94,4422.82,4436.73,12036,15
1788537600,2026-09-04T16:00:00+00:00,4436.68,4443.48,4432.34,4436.32,9855,15
1788541200,2026-09-04T17:00:00+00:00,4436.52,4440.43,4415.66,4416.46,9745,15
1788544800,2026-09-04T18:00:00+00:00,4416.61,4426.68,4412.12,4423.99,8203,15
1788548400,2026-09-04T19:00:00+00:00,4423.97,4438.38,4422.55,4434.84,7354,15
1788552000,2026-09-04T20:00:00+00:00,4434.93,4435.03,4428.87,4430.17,2742,15
1788732000,2026-09-06T22:00:00+00:00,4424.76,4434.95,4424.14,4429.12,5362,58
1788735600,2026-09-06T23:00:00+00:00,4429.13,4433.82,4421.22,4423.31,6566,15
1788739200,2026-09-07T00:00:00+00:00,4423.44,4429.62,4410.25,4412.66,9894,15
1788742800,2026-09-07T01:00:00+00:00,4412.48,4416.83,4389.6,4409.04,12103,15
1788746400,2026-09-07T02:00:00+00:00,4409.03,4418.97,4402.87,4408.75,10323,15
1788750000,2026-09-07T03:00:00+00:00,4408.73,4410.39,4401.39,4404.11,8595,15
1788753600,2026-09-07T04:00:00+00:00,4404.12,4407.16,4394.37,4397.94,6372,15
1788757200,2026-09-07T05:00:00+00:00,4397.98,4413.21,4393.22,4393.97,9149,15
1788760800,2026-09-07T06:00:00+00:00,4394.03,4399.85,4385.25,4392.84,10147,15
1788764400,2026-09-07T07:00:00+00:00,4392.83,4406.63,4391.85,4406.35,10332,15
1788768000,2026-09-07T08:00:00+00:00,4406.24,4423.82,4405.21,4411.01,10227,15
1788771600,2026-09-07T09:00:00+00:00,4411.07,4413.83,4403.61,4405.63,8043,15
1788775200,2026-09-07T10:00:00+00:00,4405.62,4406.22,4388.17,4391.67,7195,15
1788778800,2026-09-07T11:00:00+00:00,4391.37,4394.94,4381.15,4385.29,7947,15
1788782400,2026-09-07T12:00:00+00:00,4385.57,4398.06,4385.38,4396.76,8636,15
1788786000,2026-09-07T13:00:00+00:00,4396.86,4407.84,4395.4,4402.66,9465,15
1788789600,2026-09-07T14:00:00+00:00,4402.52,4419.61,4401.1,4416.12,9459,15
1788793200,2026-09-07T15:00:00+00:00,4416.07,4416.72,4408.82,4414.52,7439,15
1788796800,2026-09-07T16:00:00+00:00,4414.58,4417.34,4411.88,4414.49,3773,15
1788800400,2026-09-07T17:00:00+00:00,4414.52,4415.09,4407.19,4407.21,3019,15
1788804000,2026-09-07T18:00:00+00:00,4407.21,4409.23,4403.18,4406.64,2261,15
1788825600,2026-09-08T00:00:00+00:00,4423.0,4430.26,4415.06,4426.34,11474,15
1788829200,2026-09-08T01:00:00+00:00,4426.2,4440.72,4417.23,4437.09,12407,15
1788832800,2026-09-08T02:00:00+00:00,4437.46,4438.63,4421.26,4424.22,10567,15
1788836400,2026-09-08T03:00:00+00:00,4424.22,4440.07,4422.49,4437.83,8660,15
1788840000,2026-09-08T04:00:00+00:00,4437.83,4443.02,4431.56,4436.02,7965,15
1788843600,2026-09-08T05:00:00+00:00,4435.93,4437.72,4417.37,4419.07,10471,15
1788847200,2026-09-08T06:00:00+00:00,4419.79,4420.17,4398.21,4403.79,11578,15
1788850800,2026-09-08T07:00:00+00:00,4403.74,4409.49,4390.12,4392.33,10609,15
1788854400,2026-09-08T08:00:00+00:00,4392.36,4398.65,4387.87,4394.35,10685,15
1788858000,2026-09-08T09:00:00+00:00,4394.13,4405.64,4390.9,4403.0,9591,15
1788861600,2026-09-08T10:00:00+00:00,4402.99,4406.86,4393.72,4395.3,9358,15
1788865200,2026-09-08T11:00:00+00:00,4395.34,4407.86,4391.13,4406.44,9674,15
1788868800,2026-09-08T12:00:00+00:00,4406.63,4411.74,4385.38,4411.59,11370,15
1788872400,2026-09-08T13:00:00+00:00,4411.74,4412.72,4390.48,4395.68,12399,15
1788876000,2026-09-08T14:00:00+00:00,4395.6,4403.78,4389.16,4398.69,12259,15
1788879600,2026-09-08T15:00:00+00:00,4398.7,4409.36,4394.78,4394.79,11244,15
1788883200,2026-09-08T16:00:00+00:00,4394.93,4398.44,4380.73,4393.65,10506,15
1788886800,2026-09-08T17:00:00+00:00,4393.81,4403.82,4385.24,4390.02,9268,15
1788890400,2026-09-08T18:00:00+00:00,4390.02,4390.35,4358.18,4375.74,9881,15
1788894000,2026-09-08T19:00:00+00:00,4375.66,4377.25,4356.77,4359.51,10568,15
1788897600,2026-09-08T20:00:00+00:00,4359.52,4364.31,4345.41,4355.29,4655,15
1788904800,2026-09-08T22:00:00+00:00,4357.25,4357.58,4350.4,4354.0,3722,28
1788908400,2026-09-08T23:00:00+00:00,4353.97,4359.94,4349.25,4349.9,6199,15
1788912000,2026-09-09T00:00:00+00:00,4349.91,4365.59,4341.19,4364.67,10294,15
1788915600,2026-09-09T01:00:00+00:00,4364.81,4378.1,4354.13,4373.71,10844,15
1788919200,2026-09-09T02:00:00+00:00,4373.79,4384.37,4367.19,4382.18,10026,15
1788922800,2026-09-09T03:00:00+00:00,4382.29,4382.79,4375.08,4375.08,8602,15
1788926400,2026-09-09T04:00:00+00:00,4375.05,4382.59,4370.53,4381.68,7791,15
1788930000,2026-09-09T05:00:00+00:00,4381.55,4400.87,4380.43,4398.75,8465,15
1788933600,2026-09-09T06:00:00+00:00,4398.8,4406.05,4395.28,4400.58,9412,15
1788937200,2026-09-09T07:00:00+00:00,4400.58,4412.72,4399.25,4409.17,8951,15
1788940800,2026-09-09T08:00:00+00:00,4409.16,4412.03,4399.01,4400.62,8325,15
1788944400,2026-09-09T09:00:00+00:00,4400.66,4402.29,4388.64,4390.78,8700,15
1788948000,2026-09-09T10:00:00+00:00,4390.78,4402.99,4386.19,4399.57,8731,15
1788951600,2026-09-09T11:00:00+00:00,4399.82,4415.34,4399.78,4407.23,8793,15
1788955200,2026-09-09T12:00:00+00:00,4407.48,4409.47,4390.81,4400.12,10972,15
1788958800,2026-09-09T13:00:00+00:00,4400.23,4434.14,4398.66,4415.15,12662,15
1788962400,2026-09-09T14:00:00+00:00,4415.12,4428.72,4410.02,4418.7,12576,15
1788966000,2026-09-09T15:00:00+00:00,4419.05,4431.86,4375.19,4398.45,13218,15
1788969600,2026-09-09T16:00:00+00:00,4398.59,4410.45,4391.71,4409.69,10411,15
1788973200,2026-09-09T17:00:00+00:00,4409.45,4420.62,4409.04,4416.16,9864,15
1788976800,2026-09-09T18:00:00+00:00,4416.15,4421.64,4401.71,4403.11,8736,15
1788980400,2026-09-09T19:00:00+00:00,4403.11,4404.85,4395.61,4399.14,9631,15
1788984000,2026-09-09T20:00:00+00:00,4399.1,4401.71,4393.4,4401.71,3092,15
1788991200,2026-09-09T22:00:00+00:00,4405.17,4405.95,4397.62,4399.58,3913,28
1788994800,2026-09-09T23:00:00+00:00,4399.58,4403.07,4393.22,4394.23,6564,15
1788998400,2026-09-10T00:00:00+00:00,4394.26,4404.92,4389.76,4401.13,9525,15
1789002000,2026-09-10T01:00:00+00:00,4401.03,4419.06,4400.26,4412.2,11737,15
1789005600,2026-09-10T02:00:00+00:00,4412.32,4420.82,4408.02,4419.35,10373,15
1789009200,2026-09-10T03:00:00+00:00,4419.36,4420.85,4406.88,4409.11,8807,15
1789012800,2026-09-10T04:00:00+00:00,4409.09,4415.54,4405.64,4408.44,7281,15
1789016400,2026-09-10T05:00:00+00:00,4408.55,4431.2,4408.19,4431.0,9084,15
1789020000,2026-09-10T06:00:00+00:00,4431.31,4434.86,4410.95,4425.33,10254,15
1789023600,2026-09-10T07:00:00+00:00,4425.3,4425.47,4404.05,4411.86,9693,15
1789027200,2026-09-10T08:00:00+00:00,4411.73,4412.88,4392.56,4394.83,10186,15
1789030800,2026-09-10T09:00:00+00:00,4394.9,4396.93,4388.5,4394.09,9570,15
1789034400,2026-09-10T10:00:00+00:00,4394.03,4400.28,4375.36,4379.04,11065,15
1789038000,2026-09-10T11:00:00+00:00,4379.07,4390.72,4374.4,4374.69,11358,15
1789041600,2026-09-10T12:00:00+00:00,4374.45,4377.92,4324.05,4340.0,13035,15
1789045200,2026-09-10T13:00:00+00:00,4340.56,4375.85,4339.8,4366.02,13598,15
1789048800,2026-09-10T14:00:00+00:00,4366.06,4376.25,4354.01,4358.14,13167,15
1789052400,2026-09-10T15:00:00+00:00,4358.38,4372.2,4352.66,4365.78,11987,15
1789056000,2026-09-10T16:00:00+00:00,4365.94,4369.72,4354.12,4364.09,11375,15
1789059600,2026-09-10T17:00:00+00:00,4364.09,4367.35,4351.14,4352.63,10520,15
1789063200,2026-09-10T18:00:00+00:00,4352.84,4356.1,4329.95,4333.07,11156,15
1789066800,2026-09-10T19:00:00+00:00,4333.04,4333.04,4313.71,4324.39,10661,15
1789070400,2026-09-10T20:00:00+00:00,4324.46,4324.46,4314.54,4316.67,5079,19
1789077600,2026-09-10T22:00:00+00:00,4322.24,4323.45,4313.67,4318.54,3196,28
1789081200,2026-09-10T23:00:00+00:00,4318.54,4320.59,4311.32,4315.26,6984,15
1789084800,2026-09-11T00:00:00+00:00,4315.26,4333.9,4312.85,4332.1,11006,15
1789088400,2026-09-11T01:00:00+00:00,4332.04,4340.45,4320.94,4329.31,11902,15
1789092000,2026-09-11T02:00:00+00:00,4329.28,4334.62,4315.93,4322.72,10759,15
1789095600,2026-09-11T03:00:00+00:00,4322.7,4326.54,4300.76,4303.75,10720,15
1789099200,2026-09-11T04:00:00+00:00,4304.03,4335.29,4302.02,4331.76,9458,15
1789102800,2026-09-11T05:00:00+00:00,4331.98,4351.95,4328.23,4346.0,10502,15
1789106400,2026-09-11T06:00:00+00:00,4345.96,4360.9,4345.91,4353.24,11145,15
1789110000,2026-09-11T07:00:00+00:00,4353.09,4356.26,4340.52,4344.93,9404,15
1789113600,2026-09-11T08:00:00+00:00,4345.0,4357.44,4342.35,4346.95,10265,15
1789117200,2026-09-11T09:00:00+00:00,4347.03,4354.0,4340.92,4346.34,8735,15
1789120800,2026-09-11T10:00:00+00:00,4346.33,4350.02,4336.73,4337.61,9107,15
1789124400,2026-09-11T11:00:00+00:00,4337.6,4342.66,4330.09,4333.42,9848,15
1789128000,2026-09-11T12:00:00+00:00,4333.39,4390.0,4292.85,4388.4,12673,15
1789131600,2026-09-11T13:00:00+00:00,4387.91,4402.4,4380.57,4401.56,13353,15
1789135200,2026-09-11T14:00:00+00:00,4401.64,4402.38,4364.72,4370.77,13055,15
1789138800,2026-09-11T15:00:00+00:00,4370.58,4377.24,4359.2,4367.08,11615,15
1789142400,2026-09-11T16:00:00+00:00,4367.07,4372.8,4351.95,4361.7,10796,15
1789146000,2026-09-11T17:00:00+00:00,4361.74,4370.42,4357.92,4358.24,9880,15
1789149600,2026-09-11T18:00:00+00:00,4358.24,4360.11,4344.28,4347.01,9865,15
1789153200,2026-09-11T19:00:00+00:00,4347.06,4353.78,4342.8,4348.74,8747,15
1789156800,2026-09-11T20:00:00+00:00,4348.74,4351.34,4345.58,4346.28,3082,15
1789336800,2026-09-13T22:00:00+00:00,4330.8,4339.62,4328.04,4337.7,6138,58
1789340400,2026-09-13T23:00:00+00:00,4337.7,4342.38,4331.83,4332.83,7387,15
1789344000,2026-09-14T00:00:00+00:00,4332.31,4347.49,4329.76,4338.55,11007,15
1789347600,2026-09-14T01:00:00+00:00,4338.53,4355.24,4326.29,4353.35,12676,15
1789351200,2026-09-14T02:00:00+00:00,4353.31,4355.33,4330.22,4330.93,10289,15
1789354800,2026-09-14T03:00:00+00:00,4330.6,4336.49,4327.16,4330.41,8951,15
1789358400,2026-09-14T04:00:00+00:00,4330.45,4331.74,4322.12,4329.47,7940,15
1789362000,2026-09-14T05:00:00+00:00,4329.51,4337.54,4323.36,4337.43,10121,15
1789365600,2026-09-14T06:00:00+00:00,4337.41,4338.73,4320.65,4322.2,10452,15
1789369200,2026-09-14T07:00:00+00:00,4322.12,4324.23,4307.99,4311.0,10298,15
1789372800,2026-09-14T08:00:00+00:00,4311.25,4318.31,4303.28,4306.75,10477,15
1789376400,2026-09-14T09:00:00+00:00,4306.73,4311.78,4278.43,4285.48,11001,15
1789380000,2026-09-14T10:00:00+00:00,4285.39,4296.57,4278.31,4294.7,9087,15
1789383600,2026-09-14T11:00:00+00:00,4294.7,4296.85,4284.17,4286.97,9551,15
1789387200,2026-09-14T12:00:00+00:00,4286.97,4297.83,4265.88,4270.96,11888,15
1789390800,2026-09-14T13:00:00+00:00,4271.27,4281.18,4253.67,4272.53,12971,15
1789394400,2026-09-14T14:00:00+00:00,4272.61,4283.02,4264.12,4279.57,12580,15
1789398000,2026-09-14T15:00:00+00:00,4279.62,4298.04,4272.69,4288.3,12126,15
1789401600,2026-09-14T16:00:00+00:00,4288.37,4317.7,4286.38,4315.75,11196,15
1789405200,2026-09-14T17:00:00+00:00,4315.86,4316.43,4307.8,4311.07,10207,15
1789408800,2026-09-14T18:00:00+00:00,4311.07,4315.43,4304.83,4307.38,8854,15
1789412400,2026-09-14T19:00:00+00:00,4307.36,4307.88,4282.89,4283.55,8932,15
1789416000,2026-09-14T20:00:00+00:00,4283.87,4299.58,4282.28,4298.71,4090,20
1789423200,2026-09-14T22:00:00+00:00,4299.57,4300.08,4292.72,4295.45,3774,28
1789426800,2026-09-14T23:00:00+00:00,4295.24,4297.5,4287.15,4288.24,6453,15
1789430400,2026-09-15T00:00:00+00:00,4288.31,4296.68,4283.27,4293.03,8365,15
1789434000,2026-09-15T01:00:00+00:00,4293.01,4306.61,4287.93,4304.53,9870,15
1789437600,2026-09-15T02:00:00+00:00,4304.92,4317.33,4304.72,4314.07,8351,15
1789441200,2026-09-15T03:00:00+00:00,4314.16,4314.52,4303.35,4303.55,7441,15
1789444800,2026-09-15T04:00:00+00:00,4303.39,4309.68,4300.74,4304.91,6915,15
1789448400,2026-09-15T05:00:00+00:00,4304.86,4307.69,4289.22,4291.01,8851,15
1789452000,2026-09-15T06:00:00+00:00,4290.91,4295.39,4286.03,4293.45,9258,15
1789455600,2026-09-15T07:00:00+00:00,4293.38,4295.43,4276.22,4280.52,9538,15
1789459200,2026-09-15T08:00:00+00:00,4280.62,4280.62,4261.34,4262.42,9900,15
1789462800,2026-09-15T09:00:00+00:00,4262.38,4272.2,4261.55,4268.33,9106,15
1789466400,2026-09-15T10:00:00+00:00,4268.33,4283.88,4268.33,4281.53,8126,15
1789470000,2026-09-15T11:00:00+00:00,4281.42,4286.77,4278.73,4284.64,8490,15
1789473600,2026-09-15T12:00:00+00:00,4284.64,4295.81,4271.36,4290.6,10433,15
1789477200,2026-09-15T13:00:00+00:00,4290.1,4298.32,4283.82,4294.7,11912,15
1789480800,2026-09-15T14:00:00+00:00,4294.84,4300.45,4274.13,4277.12,11936,15
1789484400,2026-09-15T15:00:00+00:00,4277.12,4294.75,4276.68,4289.32,11083,15
1789488000,2026-09-15T16:00:00+00:00,4289.34,4298.31,4285.52,4295.56,9886,15
1789491600,2026-09-15T17:00:00+00:00,4295.58,4299.09,4290.3,4294.94,8778,15
1789495200,2026-09-15T18:00:00+00:00,4294.99,4310.41,4292.95,4308.71,9213,15
1789498800,2026-09-15T19:00:00+00:00,4308.78,4310.67,4294.25,4297.76,8052,15
1789502400,2026-09-15T20:00:00+00:00,4297.71,4298.99,4291.9,4294.04,3573,15
1789509600,2026-09-15T22:00:00+00:00,4295.26,4298.87,4288.85,4288.95,4601,28
1789513200,2026-09-15T23:00:00+00:00,4288.82,4289.55,4281.1,4283.51,5997,15
1789516800,2026-09-16T00:00:00+00:00,4283.63,4286.21,4275.49,4277.52,7921,15
1789520400,2026-09-16T01:00:00+00:00,4277.22,4293.66,4276.91,4282.52,9870,15
1789524000,2026-09-16T02:00:00+00:00,4282.52,4323.44,4281.93,4321.64,10346,15
1789527600,2026-09-16T03:00:00+00:00,4321.88,4341.25,4321.49,4327.11,9924,15
1789531200,2026-09-16T04:00:00+00:00,4327.1,4328.52,4320.56,4321.84,6655,15
1789534800,2026-09-16T05:00:00+00:00,4321.9,4333.69,4320.73,4326.54,8465,15
1789538400,2026-09-16T06:00:00+00:00,4326.54,4333.22,4321.55,4333.08,9237,15
1789542000,2026-09-16T07:00:00+00:00,4332.99,4339.16,4328.58,4329.38,9062,15
1789545600,2026-09-16T08:00:00+00:00,4329.39,4337.63,4323.09,4330.32,9437,15
1789549200,2026-09-16T09:00:00+00:00,4330.32,4339.28,4327.51,4338.18,8742,15
1789552800,2026-09-16T10:00:00+00:00,4338.17,4350.89,4337.6,4350.89,8460,15
1789556400,2026-09-16T11:00:00+00:00,4351.1,4353.64,4341.66,4341.72,9219,15
1789560000,2026-09-16T12:00:00+00:00,4341.73,4349.02,4335.65,4347.7,9928,15
1789563600,2026-09-16T13:00:00+00:00,4347.58,4360.42,4335.1,4338.6,12133,15
1789567200,2026-09-16T14:00:00+00:00,4338.61,4356.11,4324.16,4355.12,11738,15
1789570800,2026-09-16T15:00:00+00:00,4355.25,4360.9,4342.86,4352.54,10880,15
1789574400,2026-09-16T16:00:00+00:00,4352.77,4352.9,4343.74,4346.56,8431,15
1789578000,2026-09-16T17:00:00+00:00,4346.54,4365.2,4341.74,4359.56,8476,15
1789581600,2026-09-16T18:00:00+00:00,4359.97,4368.28,4256.8,4260.77,14078,50
1789585200,2026-09-16T19:00:00+00:00,4260.59,4287.18,4234.68,4272.32,13766,15
1789588800,2026-09-16T20:00:00+00:00,4272.2,4273.59,4257.21,4264.05,7973,15
