time,spread
1722619800,0.08000
1722620700,0.02000
1722621600,0.08000
1722622500,0.08000
1722623400,0.08000
1722624300,0.08000
1722625200,0.08000
1722626100,0.08000
1722627000,0.08000
1722627900,0.08000
1722628800,0.08000
1722629700,0.08000
1722630600,0.05000
1722808800,0.13000
1722809700,0.12000
1722810600,0.12000
1722811500,0.12000
1722812400,0.10000
1722813300,0.10000
1722814200,0.11000
1722815100,0.11000
1722816000,0.12000
1722816900,0.12000
1722817800,0.11000
1722818700,0.11000
1722819600,0.10000
1722820500,0.09000
1722821400,0.09000
1722822300,0.10000
1722823200,0.10000
1722824100,0.11000
1722825000,0.10000
1722825900,0.11000
1722826800,0.10000
1722827700,0.09000
1722828600,0.10000
1722829500,0.11000
1722830400,0.06000
1722831300,0.11000
1722832200,0.10000
1722833100,0.11000
1722834000,0.12000
1722834900,0.11000
1722835800,0.12000
1722836700,0.11000
1722837600,0.00000
1722838500,0.05000
1722839400,0.07000
1722840300,0.07000
1722841200,0.09000
1722842100,0.07000
1722843000,0.07000
1722843900,0.07000
1722844800,0.07000
1722845700,0.00000
1722846600,0.07000
1722847500,0.10000
1722848400,0.07000
1722849300,0.06000
1722850200,0.07000
1722851100,0.07000
1722852000,0.06000
1722852900,0.00000
1722853800,0.07000
1722854700,0.05000
1722855600,0.09000
1722856500,0.03000
1722857400,0.06000
1722858300,0.06000
1722859200,0.06000
1722860100,0.09000
1722861000,0.00000
1722861900,0.07000
1722862800,0.08000
1722863700,0.07000
1722864600,0.00000
1722865500,0.06000
1722866400,0.00000
1722867300,0.08000
1722868200,0.09000
1722869100,0.06000
1722870000,0.07000
1722870900,0.06000
1722871800,0.06000
1722872700,0.09000
1722873600,0.09000
1722874500,0.08000
1722875400,0.08000
1722876300,0.08000
1722877200,0.07000
1722878100,0.08000
1722879000,0.08000
1722879900,0.08000
1722880800,0.08000
1722881700,0.08000
1722882600,0.08000
1722883500,0.08000
1722884400,0.08000
1722885300,0.08000
1722886200,0.08000
1722887100,0.08000
1722888000,0.08000
1722888900,0.08000
1722889800,0.05000
1722890700,0.06000
1722895200,0.12000
1722896100,0.12000
1722897000,0.10000
1722897900,0.09000
1722898800,0.09000
1722899700,0.10000
1722900600,0.10000
1722901500,0.11000
1722902400,0.12000
1722903300,0.09000
1722904200,0.02000
1722905100,0.10000
1722906000,0.11000
1722906900,0.07000
1722907800,0.10000
1722908700,0.09000
1722909600,0.09000
1722910500,0.10000
1722911400,0.09000
1722912300,0.11000
1722913200,0.09000
1722914100,0.10000
1722915000,0.10000
1722915900,0.10000
1722916800,0.10000
1722917700,0.09000
1722918600,0.11000
1722919500,0.11000
1722920400,0.09000
1722921300,0.11000
1722922200,0.11000
1722923100,0.00000
1722924000,0.11000
1722924900,0.06000
1722925800,0.08000
1722926700,0.07000
1722927600,0.07000
1722928500,0.07000
1722929400,0.07000
1722930300,0.07000
1722931200,0.07000
1722932100,0.07000
1722933000,0.07000
1722933900,0.07000
1722934800,0.07000
1722935700,0.07000
1722936600,0.04000
1722937500,0.03000
1722938400,0.07000
1722939300,0.07000
1722940200,0.07000
1722941100,0.07000
1722942000,0.07000
1722942900,0.06000
1722943800,0.07000
1722944700,0.06000
1722945600,0.05000
1722946500,0.05000
1722947400,0.00000
1722948300,0.08000
1722949200,0.07000
1722950100,0.07000
1722951000,0.00000
1722951900,0.06000
1722952800,0.07000
1722953700,0.07000
1722954600,0.00000
1722955500,0.06000
1722956400,0.08000
1722957300,0.00000
1722958200,0.04000
1722959100,0.06000
1722960000,0.06000
1722960900,0.08000
1722961800,0.08000
1722962700,0.08000
1722963600,0.08000
1722964500,0.08000
1722965400,0.08000
1722966300,0.08000
1722967200,0.08000
1722968100,0.08000
1722969000,0.08000
1722969900,0.05000
1722970800,0.08000
1722971700,0.08000
1722972600,0.07000
1722973500,0.08000
1722974400,0.08000
1722975300,0.08000
1722976200,0.08000
1722977100,0.05000
1722981600,0.13000
1722982500,0.13000
1722983400,0.12000
1722984300,0.10000
1722985200,0.10000
1722986100,0.09000
1722987000,0.10000
1722987900,0.11000
1722988800,0.11000
1722989700,0.12000
1722990600,0.10000
1722991500,0.10000
1722992400,0.12000
1722993300,0.11000
1722994200,0.05000
1722995100,0.10000
1722996000,0.11000
1722996900,0.11000
1722997800,0.11000
1722998700,0.10000
1722999600,0.10000
1723000500,0.10000
1723001400,0.11000
1723002300,0.10000
1723003200,0.11000
1723004100,0.08000
1723005000,0.10000
1723005900,0.11000
1723006800,0.07000
1723007700,0.11000
1723008600,0.12000
1723009500,0.10000
1723010400,0.09000
1723011300,0.03000
1723012200,0.07000
1723013100,0.07000
1723014000,0.09000
1723014900,0.07000
1723015800,0.07000
1723016700,0.04000
1723017600,0.08000
1723018500,0.05000
1723019400,0.00000
1723020300,0.07000
1723021200,0.07000
1723022100,0.07000
1723023000,0.08000
1723023900,0.07000
1723024800,0.07000
1723025700,0.07000
1723026600,0.07000
1723027500,0.07000
1723028400,0.06000
1723029300,0.06000
1723030200,0.07000
1723031100,0.04000
1723032000,0.06000
1723032900,0.00000
1723033800,0.07000
1723034700,0.08000
1723035600,0.06000
1723036500,0.05000
1723037400,0.03000
1723038300,0.03000
1723039200,0.00000
1723040100,0.06000
1723041000,0.06000
1723041900,0.04000
1723042800,0.06000
1723043700,0.08000
1723044600,0.00000
1723045500,0.00000
1723046400,0.09000
1723047300,0.08000
1723048200,0.04000
1723049100,0.08000
1723050000,0.08000
1723050900,0.08000
1723051800,0.01000
1723052700,0.06000
1723053600,0.00000
1723054500,0.08000
1723055400,0.08000
1723056300,0.08000
1723057200,0.08000
1723058100,0.00000
1723059000,0.08000
1723059900,0.08000
1723060800,0.08000
1723061700,0.08000
1723062600,0.04000
1723063500,0.04000
1723068000,0.00000
1723068900,0.12000
1723069800,0.10000
1723070700,0.12000
1723071600,0.09000
1723072500,0.11000
1723073400,0.11000
1723074300,0.10000
1723075200,0.09000
1723076100,0.09000
1723077000,0.11000
1723077900,0.10000
1723078800,0.10000
1723079700,0.11000
1723080600,0.09000
1723081500,0.09000
1723082400,0.11000
1723083300,0.10000
1723084200,0.10000
1723085100,0.09000
1723086000,0.10000
1723086900,0.10000
1723087800,0.10000
1723088700,0.10000
1723089600,0.11000
1723090500,0.09000
1723091400,0.09000
1723092300,0.09000
1723093200,0.10000
1723094100,0.10000
1723095000,0.12000
1723095900,0.10000
1723096800,0.07000
1723097700,0.07000
1723098600,0.07000
1723099500,0.07000
1723100400,0.05000
1723101300,0.07000
1723102200,0.05000
1723103100,0.04000
1723104000,0.07000
1723104900,0.07000
1723105800,0.04000
1723106700,0.07000
1723107600,0.07000
1723108500,0.07000
1723109400,0.07000
1723110300,0.07000
1723111200,0.07000
1723112100,0.00000
1723113000,0.00000
1723113900,0.08000
1723114800,0.10000
1723115700,0.07000
1723116600,0.07000
1723117500,0.06000
1723118400,0.06000
1723119300,0.07000
1723120200,0.07000
1723121100,0.09000
1723122000,0.07000
1723122900,0.07000
1723123800,0.01000
1723124700,0.00000
1723125600,0.05000
1723126500,0.06000
1723127400,0.06000
1723128300,0.04000
1723129200,0.06000
1723130100,0.06000
1723131000,0.07000
1723131900,0.06000
1723132800,0.08000
1723133700,0.10000
1723134600,0.08000
1723135500,0.08000
1723136400,0.04000
1723137300,0.08000
1723138200,0.08000
1723139100,0.04000
1723140000,0.08000
1723140900,0.08000
1723141800,0.08000
1723142700,0.08000
1723143600,0.08000
1723144500,0.08000
1723145400,0.08000
1723146300,0.08000
1723147200,0.08000
1723148100,0.08000
1723149000,0.08000
1723149900,0.05000
1723154400,0.12000
1723155300,0.10000
1723156200,0.09000
1723157100,0.12000
1723158000,0.11000
1723158900,0.10000
1723159800,0.10000
1723160700,0.11000
1723161600,0.10000
1723162500,0.09000
1723163400,0.08000
1723164300,0.09000
1723165200,0.11000
1723166100,0.10000
1723167000,0.06000
1723167900,0.07000
1723168800,0.00000
1723169700,0.10000
1723170600,0.11000
1723171500,0.11000
1723172400,0.10000
1723173300,0.10000
1723174200,0.09000
1723175100,0.09000
1723176000,0.11000
1723176900,0.09000
1723177800,0.10000
1723178700,0.09000
1723179600,0.09000
1723180500,0.11000
1723181400,0.10000
1723182300,0.04000
1723183200,0.07000
1723184100,0.07000
1723185000,0.07000
1723185900,0.07000
1723186800,0.07000
1723187700,0.00000
1723188600,0.07000
1723189500,0.07000
1723190400,0.00000
1723191300,0.07000
1723192200,0.07000
1723193100,0.06000
1723194000,0.07000
1723194900,0.07000
1723195800,0.07000
1723196700,0.07000
1723197600,0.07000
1723198500,0.07000
1723199400,0.07000
1723200300,0.07000
1723201200,0.07000
1723202100,0.00000
1723203000,0.06000
1723203900,0.07000
1723204800,0.03000
1723205700,0.00000
1723206600,0.05000
1723207500,0.00000
1723208400,0.06000
1723209300,0.07000
1723210200,0.10000
1723211100,0.04000
1723212000,0.08000
1723212900,0.06000
1723213800,0.00000
1723214700,0.06000
1723215600,0.06000
1723216500,0.08000
1723217400,0.07000
1723218300,0.07000
1723219200,0.08000
1723220100,0.08000
1723221000,0.08000
1723221900,0.08000
1723222800,0.08000
1723223700,0.08000
1723224600,0.08000
1723225500,0.08000
1723226400,0.08000
1723227300,0.00000
1723228200,0.08000
1723229100,0.08000
1723230000,0.08000
1723230900,0.08000
1723231800,0.08000
1723232700,0.08000
1723233600,0.08000
1723234500,0.08000
1723235400,0.05000
1723413600,0.12000
1723414500,0.00000
1723415400,0.10000
1723416300,0.10000
1723417200,0.12000
1723418100,0.09000
1723419000,0.09000
1723419900,0.09000
1723420800,0.09000
1723421700,0.09000
1723422600,0.09000
1723423500,0.09000
1723424400,0.11000
1723425300,0.09000
1723426200,0.06000
1723427100,0.08000
1723428000,0.09000
1723428900,0.09000
1723429800,0.09000
1723430700,0.09000
1723431600,0.09000
1723432500,0.09000
1723433400,0.09000
1723434300,0.09000
1723435200,0.09000
1723436100,0.09000
1723437000,0.09000
1723437900,0.10000
1723438800,0.09000
1723439700,0.09000
1723440600,0.05000
1723441500,0.09000
1723442400,0.09000
1723443300,0.08000
1723444200,0.07000
1723445100,0.07000
1723446000,0.07000
1723446900,0.05000
1723447800,0.07000
1723448700,0.07000
1723449600,0.07000
1723450500,0.07000
1723451400,0.07000
1723452300,0.07000
1723453200,0.07000
1723454100,0.07000
1723455000,0.07000
1723455900,0.07000
1723456800,0.06000
1723457700,0.06000
1723458600,0.07000
1723459500,0.07000
1723460400,0.06000
1723461300,0.06000
1723462200,0.06000
1723463100,0.06000
1723464000,0.06000
1723464900,0.06000
1723465800,0.07000
1723466700,0.06000
1723467600,0.08000
1723468500,0.06000
1723469400,0.05000
1723470300,0.00000
1723471200,0.08000
1723472100,0.00000
1723473000,0.08000
1723473900,0.00000
1723474800,0.05000
1723475700,0.07000
1723476600,0.02000
1723477500,0.07000
1723478400,0.00000
1723479300,0.08000
1723480200,0.08000
1723481100,0.08000
1723482000,0.08000
1723482900,0.08000
1723483800,0.08000
1723484700,0.04000
1723485600,0.08000
1723486500,0.08000
1723487400,0.08000
1723488300,0.08000
1723489200,0.08000
1723490100,0.08000
1723491000,0.08000
1723491900,0.08000
1723492800,0.08000
1723493700,0.08000
1723494600,0.08000
1723495500,0.04000
1723500000,0.13000
1723500900,0.11000
1723501800,0.00000
1723502700,0.09000
1723503600,0.11000
1723504500,0.09000
1723505400,0.11000
1723506300,0.11000
1723507200,0.11000
1723508100,0.11000
1723509000,0.10000
1723509900,0.10000
1723510800,0.07000
1723511700,0.08000
1723512600,0.11000
1723513500,0.11000
1723514400,0.05000
1723515300,0.09000
1723516200,0.10000
1723517100,0.12000
1723518000,0.09000
1723518900,0.09000
1723519800,0.09000
1723520700,0.09000
1723521600,0.10000
1723522500,0.09000
1723523400,0.11000
1723524300,0.10000
1723525200,0.01000
1723526100,0.10000
1723527000,0.10000
1723527900,0.09000
1723528800,0.08000
1723529700,0.08000
1723530600,0.07000
1723531500,0.07000
1723532400,0.00000
1723533300,0.07000
1723534200,0.07000
1723535100,0.07000
1723536000,0.00000
1723536900,0.07000
1723537800,0.02000
1723538700,0.07000
1723539600,0.07000
1723540500,0.07000
1723541400,0.07000
1723542300,0.07000
1723543200,0.03000
1723544100,0.07000
1723545000,0.07000
1723545900,0.02000
1723546800,0.07000
1723547700,0.01000
1723548600,0.08000
1723549500,0.08000
1723550400,0.08000
1723551300,0.08000
1723552200,0.09000
1723553100,0.01000
1723554000,0.04000
1723554900,0.07000
1723555800,0.06000
1723556700,0.00000
1723557600,0.04000
1723558500,0.06000
1723559400,0.05000
1723560300,0.05000
1723561200,0.06000
1723562100,0.06000
1723563000,0.06000
1723563900,0.06000
1723564800,0.08000
1723565700,0.08000
1723566600,0.08000
1723567500,0.08000
1723568400,0.08000
1723569300,0.08000
1723570200,0.08000
1723571100,0.08000
1723572000,0.08000
1723572900,0.08000
1723573800,0.08000
1723574700,0.05000
1723575600,0.08000
1723576500,0.08000
1723577400,0.08000
1723578300,0.00000
1723579200,0.08000
1723580100,0.08000
1723581000,0.05000
1723581900,0.07000
1723586400,0.13000
1723587300,0.12000
1723588200,0.10000
1723589100,0.10000
1723590000,0.11000
1723590900,0.09000
1723591800,0.12000
1723592700,0.10000
1723593600,0.11000
1723594500,0.10000
1723595400,0.10000
1723596300,0.07000
1723597200,0.13000
1723598100,0.01000
1723599000,0.09000
1723599900,0.11000
1723600800,0.11000
1723601700,0.09000
1723602600,0.11000
1723603500,0.11000
1723604400,0.09000
1723605300,0.11000
1723606200,0.09000
1723607100,0.09000
1723608000,0.10000
1723608900,0.06000
1723609800,0.09000
1723610700,0.10000
1723611600,0.11000
1723612500,0.10000
1723613400,0.12000
1723614300,0.10000
1723615200,0.08000
1723616100,0.07000
1723617000,0.06000
1723617900,0.07000
1723618800,0.02000
1723619700,0.07000
1723620600,0.07000
1723621500,0.07000
1723622400,0.07000
1723623300,0.07000
1723624200,0.00000
1723625100,0.07000
1723626000,0.08000
1723626900,0.07000
1723627800,0.06000
1723628700,0.07000
1723629600,0.07000
1723630500,0.06000
1723631400,0.07000
1723632300,0.07000
1723633200,0.06000
1723634100,0.06000
1723635000,0.06000
1723635900,0.06000
1723636800,0.06000
1723637700,0.06000
1723638600,0.00000
1723639500,0.07000
1723640400,0.09000
1723641300,0.00000
1723642200,0.00000
1723643100,0.07000
1723644000,0.00000
1723644900,0.06000
1723645800,0.00000
1723646700,0.06000
1723647600,0.06000
1723648500,0.06000
1723649400,0.06000
1723650300,0.07000
1723651200,0.08000
1723652100,0.04000
1723653000,0.07000
1723653900,0.05000
1723654800,0.08000
1723655700,0.00000
1723656600,0.08000
1723657500,0.09000
1723658400,0.08000
1723659300,0.08000
1723660200,0.08000
1723661100,0.08000
1723662000,0.08000
1723662900,0.08000
1723663800,0.08000
1723664700,0.08000
1723665600,0.08000
1723666500,0.08000
1723667400,0.08000
1723668300,0.07000
1723672800,0.12000
1723673700,0.12000
1723674600,0.10000
1723675500,0.11000
1723676400,0.09000
1723677300,0.11000
1723678200,0.09000
1723679100,0.11000
1723680000,0.11000
1723680900,0.11000
1723681800,0.10000
1723682700,0.10000
1723683600,0.11000
1723684500,0.11000
1723685400,0.09000
1723686300,0.10000
1723687200,0.09000
1723688100,0.08000
1723689000,0.11000
1723689900,0.09000
1723690800,0.09000
1723691700,0.10000
1723692600,0.09000
1723693500,0.11000
1723694400,0.11000
1723695300,0.11000
1723696200,0.09000
1723697100,0.11000
1723698000,0.10000
1723698900,0.09000
1723699800,0.11000
1723700700,0.09000
1723701600,0.06000
1723702500,0.07000
1723703400,0.07000
1723704300,0.07000
1723705200,0.07000
1723706100,0.07000
1723707000,0.07000
1723707900,0.07000
1723708800,0.07000
1723709700,0.07000
1723710600,0.07000
1723711500,0.07000
1723712400,0.07000
1723713300,0.07000
1723714200,0.07000
1723715100,0.07000
1723716000,0.07000
1723716900,0.07000
1723717800,0.07000
1723718700,0.07000
1723719600,0.07000
1723720500,0.06000
1723721400,0.02000
1723722300,0.06000
1723723200,0.02000
1723724100,0.06000
1723725000,0.00000
1723725900,0.03000
1723726800,0.00000
1723727700,0.00000
1723728600,0.04000
1723729500,0.02000
1723730400,0.04000
1723731300,0.00000
1723732200,0.04000
1723733100,0.00000
1723734000,0.06000
1723734900,0.06000
1723735800,0.05000
1723736700,0.03000
1723737600,0.07000
1723738500,0.08000
1723739400,0.03000
1723740300,0.08000
1723741200,0.08000
1723742100,0.03000
1723743000,0.05000
1723743900,0.05000
1723744800,0.08000
1723745700,0.03000
1723746600,0.08000
1723747500,0.06000
1723748400,0.08000
1723749300,0.08000
1723750200,0.09000
1723751100,0.09000
1723752000,0.08000
1723752900,0.08000
1723753800,0.08000
1723754700,0.05000
1723759200,0.12000
1723760100,0.11000
1723761000,0.09000
1723761900,0.10000
1723762800,0.11000
1723763700,0.10000
1723764600,0.11000
1723765500,0.10000
1723766400,0.11000
1723767300,0.10000
1723768200,0.09000
1723769100,0.10000
1723770000,0.12000
1723770900,0.10000
1723771800,0.09000
1723772700,0.09000
1723773600,0.10000
1723774500,0.10000
1723775400,0.10000
1723776300,0.09000
1723777200,0.10000
1723778100,0.09000
1723779000,0.10000
1723779900,0.09000
1723780800,0.11000
1723781700,0.09000
1723782600,0.10000
1723783500,0.10000
1723784400,0.11000
1723785300,0.05000
1723786200,0.11000
1723787100,0.09000
1723788000,0.07000
1723788900,0.07000
1723789800,0.07000
1723790700,0.07000
1723791600,0.07000
1723792500,0.07000
1723793400,0.07000
1723794300,0.00000
1723795200,0.06000
1723796100,0.07000
1723797000,0.07000
1723797900,0.07000
1723798800,0.07000
1723799700,0.07000
1723800600,0.07000
1723801500,0.07000
1723802400,0.07000
1723803300,0.07000
1723804200,0.07000
1723805100,0.04000
1723806000,0.03000
1723806900,0.00000
1723807800,0.06000
1723808700,0.02000
1723809600,0.06000
1723810500,0.06000
1723811400,0.00000
1723812300,0.02000
1723813200,0.04000
1723814100,0.06000
1723815000,0.03000
1723815900,0.03000
1723816800,0.05000
1723817700,0.06000
1723818600,0.06000
1723819500,0.06000
1723820400,0.04000
1723821300,0.03000
1723822200,0.06000
1723823100,0.06000
1723824000,0.09000
1723824900,0.08000
1723825800,0.08000
1723826700,0.00000
1723827600,0.08000
1723828500,0.08000
1723829400,0.08000
1723830300,0.08000
1723831200,0.08000
1723832100,0.08000
1723833000,0.00000
1723833900,0.08000
1723834800,0.08000
1723835700,0.07000
1723836600,0.08000
1723837500,0.09000
1723838400,0.08000
1723839300,0.08000
1723840200,0.08000
1724018400,0.13000
1724019300,0.13000
1724020200,0.12000
1724021100,0.11000
1724022000,0.09000
1724022900,0.09000
1724023800,0.09000
1724024700,0.09000
1724025600,0.09000
1724026500,0.09000
1724027400,0.09000
1724028300,0.09000
1724029200,0.12000
1724030100,0.09000
1724031000,0.08000
1724031900,0.09000
1724032800,0.09000
1724033700,0.09000
1724034600,0.09000
1724035500,0.09000
1724036400,0.09000
1724037300,0.09000
1724038200,0.09000
1724039100,0.09000
1724040000,0.10000
1724040900,0.09000
1724041800,0.09000
1724042700,0.09000
1724043600,0.09000
1724044500,0.09000
1724045400,0.09000
1724046300,0.09000
1724047200,0.04000
1724048100,0.07000
1724049000,0.07000
1724049900,0.07000
1724050800,0.07000
1724051700,0.07000
1724052600,0.04000
1724053500,0.07000
1724054400,0.03000
1724055300,0.07000
1724056200,0.07000
1724057100,0.03000
1724058000,0.07000
1724058900,0.07000
1724059800,0.07000
1724060700,0.05000
1724061600,0.04000
1724062500,0.00000
1724063400,0.00000
1724064300,0.04000
1724065200,0.06000
1724066100,0.06000
1724067000,0.00000
1724067900,0.06000
1724068800,0.06000
1724069700,0.06000
1724070600,0.05000
1724071500,0.02000
1724072400,0.08000
1724073300,0.02000
1724074200,0.00000
1724075100,0.00000
1724076000,0.00000
1724076900,0.06000
1724077800,0.00000
1724078700,0.06000
1724079600,0.06000
1724080500,0.06000
1724081400,0.08000
1724082300,0.06000
1724083200,0.07000
1724084100,0.05000
1724085000,0.04000
1724085900,0.08000
1724086800,0.08000
1724087700,0.08000
1724088600,0.08000
1724089500,0.08000
1724090400,0.08000
1724091300,0.08000
1724092200,0.08000
1724093100,0.08000
1724094000,0.08000
1724094900,0.08000
1724095800,0.08000
1724096700,0.08000
1724097600,0.08000
1724098500,0.08000
1724099400,0.05000
1724100300,0.09000
1724104800,0.12000
1724105700,0.12000
1724106600,0.10000
1724107500,0.09000
1724108400,0.09000
1724109300,0.09000
1724110200,0.09000
1724111100,0.09000
1724112000,0.09000
1724112900,0.09000
1724113800,0.08000
1724114700,0.09000
1724115600,0.09000
1724116500,0.09000
1724117400,0.09000
1724118300,0.09000
1724119200,0.09000
1724120100,0.09000
1724121000,0.09000
1724121900,0.09000
1724122800,0.09000
1724123700,0.09000
1724124600,0.09000
1724125500,0.09000
1724126400,0.09000
1724127300,0.09000
1724128200,0.09000
1724129100,0.09000
1724130000,0.08000
1724130900,0.09000
1724131800,0.09000
1724132700,0.09000
1724133600,0.02000
1724134500,0.03000
1724135400,0.08000
1724136300,0.08000
1724137200,0.07000
1724138100,0.06000
1724139000,0.01000
1724139900,0.07000
1724140800,0.06000
1724141700,0.04000
1724142600,0.08000
1724143500,0.07000
1724144400,0.02000
1724145300,0.06000
1724146200,0.05000
1724147100,0.07000
1724148000,0.07000
1724148900,0.07000
1724149800,0.07000
1724150700,0.07000
1724151600,0.06000
1724152500,0.04000
1724153400,0.06000
1724154300,0.06000
1724155200,0.06000
1724156100,0.06000
1724157000,0.00000
1724157900,0.07000
1724158800,0.03000
1724159700,0.04000
1724160600,0.00000
1724161500,0.01000
1724162400,0.00000
1724163300,0.00000
1724164200,0.06000
1724165100,0.06000
1724166000,0.00000
1724166900,0.01000
1724167800,0.06000
1724168700,0.06000
1724169600,0.07000
1724170500,0.08000
1724171400,0.08000
1724172300,0.05000
1724173200,0.08000
1724174100,0.08000
1724175000,0.08000
1724175900,0.08000
1724176800,0.08000
1724177700,0.08000
1724178600,0.08000
1724179500,0.08000
1724180400,0.08000
1724181300,0.08000
1724182200,0.08000
1724183100,0.08000
1724184000,0.08000
1724184900,0.08000
1724185800,0.04000
1724186700,0.04000
1724191200,0.10000
1724192100,0.10000
1724193000,0.09000
1724193900,0.09000
1724194800,0.09000
1724195700,0.09000
1724196600,0.09000
1724197500,0.09000
1724198400,0.09000
1724199300,0.09000
1724200200,0.09000
1724201100,0.09000
1724202000,0.09000
1724202900,0.09000
1724203800,0.09000
1724204700,0.09000
1724205600,0.09000
1724206500,0.09000
1724207400,0.09000
1724208300,0.09000
1724209200,0.09000
1724210100,0.09000
1724211000,0.09000
1724211900,0.09000
1724212800,0.09000
1724213700,0.09000
1724214600,0.09000
1724215500,0.09000
1724216400,0.09000
1724217300,0.09000
1724218200,0.12000
1724219100,0.09000
1724220000,0.09000
1724220900,0.08000
1724221800,0.07000
1724222700,0.08000
1724223600,0.03000
1724224500,0.07000
1724225400,0.04000
1724226300,0.07000
1724227200,0.10000
1724228100,0.00000
1724229000,0.07000
1724229900,0.08000
1724230800,0.04000
1724231700,0.07000
1724232600,0.07000
1724233500,0.07000
1724234400,0.07000
1724235300,0.07000
1724236200,0.07000
1724237100,0.07000
1724238000,0.06000
1724238900,0.06000
1724239800,0.02000
1724240700,0.06000
1724241600,0.09000
1724242500,0.11000
1724243400,0.00000
1724244300,0.06000
1724245200,0.09000
1724246100,0.07000
1724247000,0.00000
1724247900,0.08000
1724248800,0.00000
1724249700,0.05000
1724250600,0.03000
1724251500,0.06000
1724252400,0.01000
1724253300,0.03000
1724254200,0.08000
1724255100,0.08000
1724256000,0.10000
1724256900,0.07000
1724257800,0.08000
1724258700,0.08000
1724259600,0.08000
1724260500,0.07000
1724261400,0.07000
1724262300,0.08000
1724263200,0.03000
1724264100,0.04000
1724265000,0.08000
1724265900,0.08000
1724266800,0.08000
1724267700,0.08000
1724268600,0.00000
1724269500,0.08000
1724270400,0.08000
1724271300,0.08000
1724272200,0.08000
1724273100,0.16000
1724277600,0.11000
1724278500,0.12000
1724279400,0.11000
1724280300,0.10000
1724281200,0.09000
1724282100,0.09000
1724283000,0.09000
1724283900,0.09000
1724284800,0.10000
1724285700,0.09000
1724286600,0.09000
1724287500,0.09000
1724288400,0.09000
1724289300,0.09000
1724290200,0.09000
1724291100,0.07000
1724292000,0.09000
1724292900,0.09000
1724293800,0.10000
1724294700,0.09000
1724295600,0.09000
1724296500,0.09000
1724297400,0.09000
1724298300,0.09000
1724299200,0.09000
1724300100,0.09000
1724301000,0.09000
1724301900,0.09000
1724302800,0.09000
1724303700,0.09000
1724304600,0.10000
1724305500,0.09000
1724306400,0.08000
1724307300,0.06000
1724308200,0.07000
1724309100,0.07000
1724310000,0.07000
1724310900,0.06000
1724311800,0.07000
1724312700,0.07000
1724313600,0.07000
1724314500,0.03000
1724315400,0.07000
1724316300,0.07000
1724317200,0.07000
1724318100,0.07000
1724319000,0.07000
1724319900,0.07000
1724320800,0.07000
1724321700,0.07000
1724322600,0.07000
1724323500,0.07000
1724324400,0.06000
1724325300,0.06000
1724326200,0.07000
1724327100,0.07000
1724328000,0.08000
1724328900,0.06000
1724329800,0.00000
1724330700,0.06000
1724331600,0.06000
1724332500,0.00000
1724333400,0.00000
1724334300,0.00000
1724335200,0.00000
1724336100,0.06000
1724337000,0.00000
1724337900,0.02000
1724338800,0.06000
1724339700,0.05000
1724340600,0.08000
1724341500,0.06000
1724342400,0.00000
1724343300,0.00000
1724344200,0.08000
1724345100,0.06000
1724346000,0.08000
1724346900,0.00000
1724347800,0.00000
1724348700,0.08000
1724349600,0.08000
1724350500,0.08000
1724351400,0.08000
1724352300,0.08000
1724353200,0.08000
1724354100,0.08000
1724355000,0.08000
1724355900,0.08000
1724356800,0.01000
1724357700,0.08000
1724358600,0.08000
1724359500,0.09000
1724364000,0.12000
1724364900,0.12000
1724365800,0.12000
1724366700,0.10000
1724367600,0.10000
1724368500,0.09000
1724369400,0.09000
1724370300,0.09000
1724371200,0.04000
1724372100,0.08000
1724373000,0.09000
1724373900,0.09000
1724374800,0.09000
1724375700,0.09000
1724376600,0.09000
1724377500,0.09000
1724378400,0.09000
1724379300,0.09000
1724380200,0.09000
1724381100,0.09000
1724382000,0.09000
1724382900,0.09000
1724383800,0.09000
1724384700,0.09000
1724385600,0.09000
1724386500,0.09000
1724387400,0.09000
1724388300,0.09000
1724389200,0.09000
1724390100,0.09000
1724391000,0.09000
1724391900,0.09000
1724392800,0.07000
1724393700,0.08000
1724394600,0.08000
1724395500,0.09000
1724396400,0.08000
1724397300,0.08000
1724398200,0.07000
1724399100,0.07000
1724400000,0.07000
1724400900,0.07000
1724401800,0.08000
1724402700,0.07000
1724403600,0.07000
1724404500,0.07000
1724405400,0.07000
1724406300,0.00000
1724407200,0.07000
1724408100,0.07000
1724409000,0.07000
1724409900,0.07000
1724410800,0.04000
1724411700,0.03000
1724412600,0.06000
1724413500,0.05000
1724414400,0.06000
1724415300,0.06000
1724416200,0.02000
1724417100,0.06000
1724418000,0.08000
1724418900,0.05000
1724419800,0.01000
1724420700,0.06000
1724421600,0.05000
1724422500,0.04000
1724423400,0.03000
1724424300,0.06000
1724425200,0.06000
1724426100,0.06000
1724427000,0.06000
1724427900,0.04000
1724428800,0.08000
1724429700,0.08000
1724430600,0.00000
1724431500,0.08000
1724432400,0.08000
1724433300,0.08000
1724434200,0.08000
1724435100,0.08000
1724436000,0.04000
1724436900,0.08000
1724437800,0.08000
1724438700,0.08000
1724439600,0.08000
1724440500,0.08000
1724441400,0.08000
1724442300,0.08000
1724443200,0.08000
1724444100,0.08000
1724445000,0.05000
1724623200,0.12000
1724624100,0.12000
1724625000,0.08000
1724625900,0.08000
1724626800,0.09000
1724627700,0.09000
1724628600,0.09000
1724629500,0.09000
1724630400,0.09000
1724631300,0.09000
1724632200,0.09000
1724633100,0.09000
1724634000,0.10000
1724634900,0.09000
1724635800,0.09000
1724636700,0.09000
1724637600,0.09000
1724638500,0.09000
1724639400,0.09000
1724640300,0.09000
1724641200,0.09000
1724642100,0.09000
1724643000,0.09000
1724643900,0.09000
1724644800,0.09000
1724645700,0.09000
1724646600,0.09000
1724647500,0.09000
1724648400,0.09000
1724649300,0.09000
1724650200,0.11000
1724651100,0.09000
1724652000,0.07000
1724652900,0.07000
1724653800,0.07000
1724654700,0.07000
1724655600,0.06000
1724656500,0.07000
1724657400,0.04000
1724658300,0.07000
1724659200,0.06000
1724660100,0.07000
1724661000,0.07000
1724661900,0.07000
1724662800,0.07000
1724663700,0.07000
1724664600,0.07000
1724665500,0.07000
1724666400,0.07000
1724667300,0.07000
1724668200,0.07000
1724669100,0.07000
1724670000,0.10000
1724670900,0.06000
1724671800,0.06000
1724672700,0.06000
1724673600,0.06000
1724674500,0.06000
1724675400,0.02000
1724676300,0.06000
1724677200,0.06000
1724678100,0.06000
1724679000,0.06000
1724679900,0.06000
1724680800,0.06000
1724681700,0.06000
1724682600,0.06000
1724683500,0.06000
1724684400,0.02000
1724685300,0.06000
1724686200,0.05000
1724687100,0.00000
1724688000,0.07000
1724688900,0.08000
1724689800,0.08000
1724690700,0.08000
1724691600,0.08000
1724692500,0.08000
1724693400,0.08000
1724694300,0.08000
1724695200,0.08000
1724696100,0.08000
1724697000,0.08000
1724697900,0.08000
1724698800,0.08000
1724699700,0.08000
1724700600,0.08000
1724701500,0.08000
1724702400,0.08000
1724703300,0.08000
1724704200,0.08000
1724705100,0.10000
1724709600,0.12000
1724710500,0.12000
1724711400,0.10000
1724712300,0.09000
1724713200,0.09000
1724714100,0.09000
1724715000,0.09000
1724715900,0.09000
1724716800,0.09000
1724717700,0.09000
1724718600,0.09000
1724719500,0.09000
1724720400,0.10000
1724721300,0.09000
1724722200,0.09000
1724723100,0.08000
1724724000,0.09000
1724724900,0.09000
1724725800,0.09000
1724726700,0.09000
1724727600,0.09000
1724728500,0.09000
1724729400,0.09000
1724730300,0.09000
1724731200,0.09000
1724732100,0.09000
1724733000,0.09000
1724733900,0.09000
1724734800,0.09000
1724735700,0.09000
1724736600,0.09000
1724737500,0.08000
1724738400,0.07000
1724739300,0.07000
1724740200,0.07000
1724741100,0.07000
1724742000,0.07000
1724742900,0.07000
1724743800,0.07000
1724744700,0.04000
1724745600,0.05000
1724746500,0.08000
1724747400,0.03000
1724748300,0.07000
1724749200,0.07000
1724750100,0.07000
1724751000,0.07000
1724751900,0.07000
1724752800,0.07000
1724753700,0.07000
1724754600,0.07000
1724755500,0.07000
1724756400,0.06000
1724757300,0.06000
1724758200,0.06000
1724759100,0.06000
1724760000,0.06000
1724760900,0.06000
1724761800,0.06000
1724762700,0.06000
1724763600,0.07000
1724764500,0.04000
1724765400,0.05000
1724766300,0.08000
1724767200,0.00000
1724768100,0.07000
1724769000,0.06000
1724769900,0.06000
1724770800,0.06000
1724771700,0.04000
1724772600,0.08000
1724773500,0.06000
1724774400,0.06000
1724775300,0.08000
1724776200,0.06000
1724777100,0.08000
1724778000,0.08000
1724778900,0.08000
1724779800,0.08000
1724780700,0.08000
1724781600,0.08000
1724782500,0.01000
1724783400,0.04000
1724784300,0.01000
1724785200,0.08000
1724786100,0.05000
1724787000,0.08000
1724787900,0.08000
1724788800,0.08000
1724789700,0.08000
1724790600,0.06000
1724791500,0.13000
1724796000,0.11000
1724796900,0.09000
1724797800,0.09000
1724798700,0.09000
1724799600,0.00000
1724800500,0.09000
1724801400,0.09000
1724802300,0.09000
1724803200,0.09000
1724804100,0.09000
1724805000,0.09000
1724805900,0.09000
1724806800,0.10000
1724807700,0.10000
1724808600,0.09000
1724809500,0.09000
1724810400,0.09000
1724811300,0.09000
1724812200,0.09000
1724813100,0.09000
1724814000,0.09000
1724814900,0.09000
1724815800,0.09000
1724816700,0.09000
1724817600,0.09000
1724818500,0.09000
1724819400,0.00000
1724820300,0.09000
1724821200,0.08000
1724822100,0.09000
1724823000,0.06000
1724823900,0.09000
1724824800,0.03000
1724825700,0.09000
1724826600,0.07000
1724827500,0.07000
1724828400,0.07000
1724829300,0.07000
1724830200,0.07000
1724831100,0.07000
1724832000,0.01000
1724832900,0.07000
1724833800,0.07000
1724834700,0.07000
1724835600,0.07000
1724836500,0.07000
1724837400,0.07000
1724838300,0.07000
1724839200,0.07000
1724840100,0.07000
1724841000,0.07000
1724841900,0.07000
1724842800,0.07000
1724843700,0.06000
1724844600,0.06000
1724845500,0.05000
1724846400,0.07000
1724847300,0.01000
1724848200,0.07000
1724849100,0.08000
1724850000,0.06000
1724850900,0.03000
1724851800,0.00000
1724852700,0.05000
1724853600,0.00000
1724854500,0.06000
1724855400,0.06000
1724856300,0.06000
1724857200,0.06000
1724858100,0.06000
1724859000,0.06000
1724859900,0.06000
1724860800,0.08000
1724861700,0.00000
1724862600,0.08000
1724863500,0.06000
1724864400,0.05000
1724865300,0.08000
1724866200,0.08000
1724867100,0.08000
1724868000,0.08000
1724868900,0.08000
1724869800,0.08000
1724870700,0.08000
1724871600,0.08000
1724872500,0.08000
1724873400,0.08000
1724874300,0.08000
1724875200,0.08000
1724876100,0.08000
1724877000,0.08000
1724877900,0.04000
1724882400,0.02000
1724883300,0.09000
1724884200,0.09000
1724885100,0.09000
1724886000,0.09000
1724886900,0.10000
1724887800,0.09000
1724888700,0.09000
1724889600,0.09000
1724890500,0.06000
1724891400,0.09000
1724892300,0.09000
1724893200,0.09000
1724894100,0.09000
1724895000,0.09000
1724895900,0.09000
1724896800,0.09000
1724897700,0.09000
1724898600,0.09000
1724899500,0.09000
1724900400,0.09000
1724901300,0.09000
1724902200,0.09000
1724903100,0.05000
1724904000,0.09000
1724904900,0.09000
1724905800,0.09000
1724906700,0.09000
1724907600,0.09000
1724908500,0.09000
1724909400,0.08000
1724910300,0.09000
1724911200,0.07000
1724912100,0.04000
1724913000,0.07000
1724913900,0.07000
1724914800,0.05000
1724915700,0.07000
1724916600,0.07000
1724917500,0.07000
1724918400,0.07000
1724919300,0.07000
1724920200,0.07000
1724921100,0.07000
1724922000,0.07000
1724922900,0.07000
1724923800,0.07000
1724924700,0.07000
1724925600,0.00000
1724926500,0.07000
1724927400,0.07000
1724928300,0.07000
1724929200,0.06000
1724930100,0.06000
1724931000,0.07000
1724931900,0.04000
1724932800,0.00000
1724933700,0.04000
1724934600,0.00000
1724935500,0.09000
1724936400,0.00000
1724937300,0.00000
1724938200,0.06000
1724939100,0.00000
1724940000,0.00000
1724940900,0.06000
1724941800,0.06000
1724942700,0.06000
1724943600,0.00000
1724944500,0.06000
1724945400,0.04000
1724946300,0.08000
1724947200,0.09000
1724948100,0.08000
1724949000,0.08000
1724949900,0.09000
1724950800,0.04000
1724951700,0.08000
1724952600,0.08000
1724953500,0.06000
1724954400,0.08000
1724955300,0.08000
1724956200,0.08000
1724957100,0.05000
1724958000,0.08000
1724958900,0.08000
1724959800,0.08000
1724960700,0.08000
1724961600,0.08000
1724962500,0.08000
1724963400,0.08000
1724964300,0.14000
1724968800,0.11000
1724969700,0.10000
1724970600,0.09000
1724971500,0.09000
1724972400,0.09000
1724973300,0.09000
1724974200,0.09000
1724975100,0.09000
1724976000,0.09000
1724976900,0.09000
1724977800,0.09000
1724978700,0.09000
1724979600,0.09000
1724980500,0.09000
1724981400,0.09000
1724982300,0.09000
1724983200,0.09000
1724984100,0.09000
1724985000,0.09000
1724985900,0.09000
1724986800,0.09000
1724987700,0.09000
1724988600,0.04000
1724989500,0.09000
1724990400,0.09000
1724991300,0.09000
1724992200,0.09000
1724993100,0.09000
1724994000,0.09000
1724994900,0.09000
1724995800,0.11000
1724996700,0.09000
1724997600,0.07000
1724998500,0.07000
1724999400,0.07000
1725000300,0.07000
1725001200,0.07000
1725002100,0.07000
1725003000,0.07000
1725003900,0.07000
1725004800,0.08000
1725005700,0.07000
1725006600,0.05000
1725007500,0.07000
1725008400,0.07000
1725009300,0.07000
1725010200,0.07000
1725011100,0.07000
1725012000,0.07000
1725012900,0.07000
1725013800,0.07000
1725014700,0.07000
1725015600,0.00000
1725016500,0.09000
1725017400,0.08000
1725018300,0.06000
1725019200,0.07000
1725020100,0.08000
1725021000,0.01000
1725021900,0.05000
1725022800,0.06000
1725023700,0.06000
1725024600,0.06000
1725025500,0.06000
1725026400,0.07000
1725027300,0.01000
1725028200,0.07000
1725029100,0.07000
1725030000,0.01000
1725030900,0.08000
1725031800,0.00000
1725032700,0.07000
1725033600,0.08000
1725034500,0.08000
1725035400,0.08000
1725036300,0.08000
1725037200,0.08000
1725038100,0.08000
1725039000,0.08000
1725039900,0.07000
1725040800,0.08000
1725041700,0.07000
1725042600,0.08000
1725043500,0.08000
1725044400,0.07000
1725045300,0.08000
1725046200,0.08000
1725047100,0.08000
1725048000,0.08000
1725048900,0.08000
1725049800,0.08000
1725228000,0.11000
1725228900,0.11000
1725229800,0.09000
1725230700,0.09000
1725231600,0.00000
1725232500,0.09000
1725233400,0.09000
1725234300,0.09000
1725235200,0.09000
1725236100,0.09000
1725237000,0.09000
1725237900,0.05000
1725238800,0.10000
1725239700,0.09000
1725240600,0.06000
1725241500,0.09000
1725242400,0.03000
1725243300,0.09000
1725244200,0.09000
1725245100,0.08000
1725246000,0.09000
1725246900,0.09000
1725247800,0.09000
1725248700,0.09000
1725249600,0.05000
1725250500,0.09000
1725251400,0.09000
1725252300,0.09000
1725253200,0.09000
1725254100,0.09000
1725255000,0.09000
1725255900,0.09000
1725256800,0.03000
1725257700,0.07000
1725258600,0.07000
1725259500,0.07000
1725260400,0.07000
1725261300,0.07000
1725262200,0.07000
1725263100,0.07000
1725264000,0.07000
1725264900,0.07000
1725265800,0.07000
1725266700,0.07000
1725267600,0.07000
1725268500,0.07000
1725269400,0.03000
1725270300,0.02000
1725271200,0.01000
1725272100,0.05000
1725273000,0.07000
1725273900,0.07000
1725274800,0.06000
1725275700,0.01000
1725276600,0.06000
1725277500,0.06000
1725278400,0.06000
1725279300,0.06000
1725280200,0.06000
1725281100,0.06000
1725282000,0.08000
1725282900,0.06000
1725283800,0.06000
1725284700,0.06000
1725285600,0.06000
1725286500,0.06000
1725287400,0.06000
1725288300,0.06000
1725289200,0.02000
1725290100,0.06000
1725291000,0.06000
1725291900,0.06000
1725292800,0.10000
1725293700,0.08000
1725294600,0.08000
1725295500,0.06000
1725296400,0.04000
1725297300,0.10000
1725298200,0.13000
1725314400,0.12000
1725315300,0.11000
1725316200,0.09000
1725317100,0.09000
1725318000,0.09000
1725318900,0.09000
1725319800,0.09000
1725320700,0.09000
1725321600,0.09000
1725322500,0.09000
1725323400,0.09000
1725324300,0.09000
1725325200,0.09000
1725326100,0.09000
1725327000,0.09000
1725327900,0.09000
1725328800,0.09000
1725329700,0.09000
1725330600,0.09000
1725331500,0.09000
1725332400,0.09000
1725333300,0.09000
1725334200,0.09000
1725335100,0.09000
1725336000,0.09000
1725336900,0.09000
1725337800,0.09000
1725338700,0.09000
1725339600,0.05000
1725340500,0.09000
1725341400,0.09000
1725342300,0.09000
1725343200,0.07000
1725344100,0.07000
1725345000,0.07000
1725345900,0.00000
1725346800,0.07000
1725347700,0.07000
1725348600,0.07000
1725349500,0.07000
1725350400,0.06000
1725351300,0.06000
1725352200,0.03000
1725353100,0.07000
1725354000,0.03000
1725354900,0.01000
1725355800,0.07000
1725356700,0.07000
1725357600,0.00000
1725358500,0.00000
1725359400,0.05000
1725360300,0.07000
1725361200,0.02000
1725362100,0.06000
1725363000,0.06000
1725363900,0.00000
1725364800,0.01000
1725365700,0.01000
1725366600,0.01000
1725367500,0.06000
1725368400,0.06000
1725369300,0.00000
1725370200,0.00000
1725371100,0.00000
1725372000,0.00000
1725372900,0.01000
1725373800,0.00000
1725374700,0.06000
1725375600,0.06000
1725376500,0.06000
1725377400,0.06000
1725378300,0.05000
1725379200,0.09000
1725380100,0.08000
1725381000,0.07000
1725381900,0.08000
1725382800,0.08000
1725383700,0.08000
1725384600,0.02000
1725385500,0.08000
1725386400,0.07000
1725387300,0.08000
1725388200,0.08000
1725389100,0.08000
1725390000,0.08000
1725390900,0.08000
1725391800,0.08000
1725392700,0.08000
1725393600,0.08000
1725394500,0.08000
1725395400,0.11000
1725396300,0.15000
1725400800,0.12000
1725401700,0.10000
1725402600,0.10000
1725403500,0.09000
1725404400,0.10000
1725405300,0.09000
1725406200,0.09000
1725407100,0.09000
1725408000,0.09000
1725408900,0.09000
1725409800,0.09000
1725410700,0.09000
1725411600,0.09000
1725412500,0.09000
1725413400,0.09000
1725414300,0.09000
1725415200,0.09000
1725416100,0.09000
1725417000,0.03000
1725417900,0.09000
1725418800,0.09000
1725419700,0.09000
1725420600,0.09000
1725421500,0.09000
1725422400,0.09000
1725423300,0.09000
1725424200,0.09000
1725425100,0.09000
1725426000,0.09000
1725426900,0.09000
1725427800,0.09000
1725428700,0.08000
1725429600,0.08000
1725430500,0.07000
1725431400,0.10000
1725432300,0.10000
1725433200,0.06000
1725434100,0.05000
1725435000,0.07000
1725435900,0.07000
1725436800,0.04000
1725437700,0.07000
1725438600,0.08000
1725439500,0.00000
1725440400,0.08000
1725441300,0.07000
1725442200,0.07000
1725443100,0.07000
1725444000,0.07000
1725444900,0.07000
1725445800,0.07000
1725446700,0.07000
1725447600,0.06000
1725448500,0.06000
1725449400,0.04000
1725450300,0.06000
1725451200,0.06000
1725452100,0.06000
1725453000,0.06000
1725453900,0.06000
1725454800,0.06000
1725455700,0.00000
1725456600,0.03000
1725457500,0.00000
1725458400,0.00000
1725459300,0.00000
1725460200,0.00000
1725461100,0.03000
1725462000,0.06000
1725462900,0.06000
1725463800,0.06000
1725464700,0.00000
1725465600,0.06000
1725466500,0.08000
1725467400,0.08000
1725468300,0.11000
1725469200,0.08000
1725470100,0.08000
1725471000,0.08000
1725471900,0.08000
1725472800,0.08000
1725473700,0.08000
1725474600,0.08000
1725475500,0.08000
1725476400,0.06000
1725477300,0.08000
1725478200,0.08000
1725479100,0.08000
1725480000,0.08000
1725480900,0.08000
1725481800,0.10000
1725482700,0.04000
1725487200,0.09000
1725488100,0.09000
1725489000,0.09000
1725489900,0.09000
1725490800,0.10000
1725491700,0.09000
1725492600,0.09000
1725493500,0.09000
1725494400,0.09000
1725495300,0.09000
1725496200,0.09000
1725497100,0.09000
1725498000,0.09000
1725498900,0.09000
1725499800,0.09000
1725500700,0.09000
1725501600,0.09000
1725502500,0.09000
1725503400,0.09000
1725504300,0.09000
1725505200,0.09000
1725506100,0.09000
1725507000,0.09000
1725507900,0.09000
1725508800,0.07000
1725509700,0.09000
1725510600,0.09000
1725511500,0.09000
1725512400,0.09000
1725513300,0.09000
1725514200,0.09000
1725515100,0.02000
1725516000,0.08000
1725516900,0.07000
1725517800,0.07000
1725518700,0.07000
1725519600,0.08000
1725520500,0.07000
1725521400,0.07000
1725522300,0.07000
1725523200,0.00000
1725524100,0.00000
1725525000,0.10000
1725525900,0.05000
1725526800,0.01000
1725527700,0.00000
1725528600,0.00000
1725529500,0.04000
1725530400,0.06000
1725531300,0.07000
1725532200,0.09000
1725533100,0.07000
1725534000,0.03000
1725534900,0.06000
1725535800,0.06000
1725536700,0.06000
1725537600,0.06000
1725538500,0.08000
1725539400,0.00000
1725540300,0.06000
1725541200,0.00000
1725542100,0.00000
1725543000,0.00000
1725543900,0.05000
1725544800,0.00000
1725545700,0.00000
1725546600,0.06000
1725547500,0.03000
1725548400,0.01000
1725549300,0.00000
1725550200,0.06000
1725551100,0.01000
1725552000,0.07000
1725552900,0.08000
1725553800,0.08000
1725554700,0.08000
1725555600,0.08000
1725556500,0.00000
1725557400,0.08000
1725558300,0.08000
1725559200,0.08000
1725560100,0.08000
1725561000,0.08000
1725561900,0.09000
1725562800,0.10000
1725563700,0.08000
1725564600,0.08000
1725565500,0.08000
1725566400,0.08000
1725567300,0.08000
1725568200,0.08000
1725569100,0.21000
1725573600,0.12000
1725574500,0.09000
1725575400,0.09000
1725576300,0.09000
1725577200,0.09000
1725578100,0.09000
1725579000,0.09000
1725579900,0.09000
1725580800,0.09000
1725581700,0.09000
1725582600,0.09000
1725583500,0.09000
1725584400,0.10000
1725585300,0.09000
1725586200,0.09000
1725587100,0.09000
1725588000,0.09000
1725588900,0.09000
1725589800,0.09000
1725590700,0.09000
1725591600,0.09000
1725592500,0.09000
1725593400,0.09000
1725594300,0.09000
1725595200,0.09000
1725596100,0.09000
1725597000,0.09000
1725597900,0.09000
1725598800,0.09000
1725599700,0.09000
1725600600,0.09000
1725601500,0.07000
1725602400,0.07000
1725603300,0.07000
1725604200,0.07000
1725605100,0.07000
1725606000,0.07000
1725606900,0.07000
1725607800,0.07000
1725608700,0.06000
1725609600,0.07000
1725610500,0.07000
1725611400,0.07000
1725612300,0.07000
1725613200,0.07000
1725614100,0.08000
1725615000,0.07000
1725615900,0.07000
1725616800,0.06000
1725617700,0.08000
1725618600,0.07000
1725619500,0.07000
1725620400,0.07000
1725621300,0.06000
1725622200,0.06000
1725623100,0.03000
1725624000,0.06000
1725624900,0.02000
1725625800,0.00000
1725626700,0.00000
1725627600,0.02000
1725628500,0.00000
1725629400,0.00000
1725630300,0.06000
1725631200,0.06000
1725632100,0.00000
1725633000,0.00000
1725633900,0.06000
1725634800,0.00000
1725635700,0.05000
1725636600,0.00000
1725637500,0.00000
1725638400,0.00000
1725639300,0.00000
1725640200,0.06000
1725641100,0.08000
1725642000,0.04000
1725642900,0.09000
1725643800,0.10000
1725644700,0.08000
1725645600,0.08000
1725646500,0.08000
1725647400,0.08000
1725648300,0.09000
1725649200,0.10000
1725650100,0.08000
1725651000,0.08000
1725651900,0.07000
1725652800,0.08000
1725653700,0.08000
1725654600,0.08000
1725832800,0.12000
1725833700,0.12000
1725834600,0.10000
1725835500,0.07000
1725836400,0.09000
1725837300,0.05000
1725838200,0.09000
1725839100,0.09000
1725840000,0.09000
1725840900,0.09000
1725841800,0.09000
1725842700,0.09000
1725843600,0.10000
1725844500,0.09000
1725845400,0.09000
1725846300,0.09000
1725847200,0.09000
1725848100,0.09000
1725849000,0.09000
1725849900,0.09000
1725850800,0.09000
1725851700,0.09000
1725852600,0.09000
1725853500,0.09000
1725854400,0.09000
1725855300,0.09000
1725856200,0.10000
1725857100,0.09000
1725858000,0.09000
1725858900,0.09000
1725859800,0.12000
1725860700,0.09000
1725861600,0.08000
1725862500,0.00000
1725863400,0.08000
1725864300,0.07000
1725865200,0.07000
1725866100,0.06000
1725867000,0.08000
1725867900,0.07000
1725868800,0.07000
1725869700,0.07000
1725870600,0.07000
1725871500,0.07000
1725872400,0.08000
1725873300,0.07000
1725874200,0.06000
1725875100,0.07000
1725876000,0.08000
1725876900,0.06000
1725877800,0.00000
1725878700,0.07000
1725879600,0.06000
1725880500,0.06000
1725881400,0.06000
1725882300,0.06000
1725883200,0.06000
1725884100,0.05000
1725885000,0.07000
1725885900,0.06000
1725886800,0.03000
1725887700,0.00000
1725888600,0.06000
1725889500,0.06000
1725890400,0.05000
1725891300,0.05000
1725892200,0.06000
1725893100,0.06000
1725894000,0.06000
1725894900,0.00000
1725895800,0.05000
1725896700,0.06000
1725897600,0.11000
1725898500,0.08000
1725899400,0.08000
1725900300,0.10000
1725901200,0.08000
1725902100,0.08000
1725903000,0.00000
1725903900,0.08000
1725904800,0.08000
1725905700,0.08000
1725906600,0.08000
1725907500,0.10000
1725908400,0.09000
1725909300,0.08000
1725910200,0.08000
1725911100,0.10000
1725912000,0.08000
1725912900,0.08000
1725913800,0.05000
1725914700,0.13000
1725919200,0.07000
1725920100,0.09000
1725921000,0.09000
1725921900,0.09000
1725922800,0.09000
1725923700,0.09000
1725924600,0.09000
1725925500,0.09000
1725926400,0.09000
1725927300,0.09000
1725928200,0.09000
1725929100,0.09000
1725930000,0.10000
1725930900,0.09000
1725931800,0.09000
1725932700,0.09000
1725933600,0.09000
1725934500,0.09000
1725935400,0.09000
1725936300,0.09000
1725937200,0.09000
1725938100,0.09000
1725939000,0.09000
1725939900,0.09000
1725940800,0.10000
1725941700,0.09000
1725942600,0.09000
1725943500,0.09000
1725944400,0.08000
1725945300,0.09000
1725946200,0.09000
1725947100,0.09000
1725948000,0.06000
1725948900,0.07000
1725949800,0.07000
1725950700,0.07000
1725951600,0.07000
1725952500,0.07000
1725953400,0.07000
1725954300,0.07000
1725955200,0.09000
1725956100,0.07000
1725957000,0.07000
1725957900,0.07000
1725958800,0.07000
1725959700,0.07000
1725960600,0.07000
1725961500,0.00000
1725962400,0.04000
1725963300,0.04000
1725964200,0.07000
1725965100,0.00000
1725966000,0.07000
1725966900,0.06000
1725967800,0.06000
1725968700,0.06000
1725969600,0.06000
1725970500,0.06000
1725971400,0.01000
1725972300,0.00000
1725973200,0.06000
1725974100,0.06000
1725975000,0.06000
1725975900,0.06000
1725976800,0.06000
1725977700,0.04000
1725978600,0.00000
1725979500,0.06000
1725980400,0.01000
1725981300,0.06000
1725982200,0.04000
1725983100,0.03000
1725984000,0.08000
1725984900,0.11000
1725985800,0.09000
1725986700,0.06000
1725987600,0.08000
1725988500,0.08000
1725989400,0.08000
1725990300,0.08000
1725991200,0.09000
1725992100,0.08000
1725993000,0.10000
1725993900,0.08000
1725994800,0.08000
1725995700,0.08000
1725996600,0.08000
1725997500,0.08000
1725998400,0.08000
1725999300,0.08000
1726000200,0.07000
1726001100,0.12000
1726005600,0.09000
1726006500,0.09000
1726007400,0.09000
1726008300,0.09000
1726009200,0.09000
1726010100,0.09000
1726011000,0.09000
1726011900,0.09000
1726012800,0.09000
1726013700,0.09000
1726014600,0.09000
1726015500,0.09000
1726016400,0.09000
1726017300,0.09000
1726018200,0.09000
1726019100,0.02000
1726020000,0.04000
1726020900,0.09000
1726021800,0.09000
1726022700,0.09000
1726023600,0.09000
1726024500,0.09000
1726025400,0.09000
1726026300,0.09000
1726027200,0.09000
1726028100,0.03000
1726029000,0.09000
1726029900,0.09000
1726030800,0.09000
1726031700,0.09000
1726032600,0.07000
1726033500,0.09000
1726034400,0.08000
1726035300,0.07000
1726036200,0.08000
1726037100,0.08000
1726038000,0.07000
1726038900,0.07000
1726039800,0.07000
1726040700,0.07000
1726041600,0.07000
1726042500,0.07000
1726043400,0.07000
1726044300,0.04000
1726045200,0.07000
1726046100,0.07000
1726047000,0.07000
1726047900,0.07000
1726048800,0.08000
1726049700,0.07000
1726050600,0.07000
1726051500,0.07000
1726052400,0.08000
1726053300,0.06000
1726054200,0.06000
1726055100,0.05000
1726056000,0.06000
1726056900,0.04000
1726057800,0.00000
1726058700,0.00000
1726059600,0.00000
1726060500,0.06000
1726061400,0.00000
1726062300,0.06000
1726063200,0.00000
1726064100,0.06000
1726065000,0.06000
1726065900,0.02000
1726066800,0.02000
1726067700,0.03000
1726068600,0.00000
1726069500,0.00000
1726070400,0.00000
1726071300,0.08000
1726072200,0.05000
1726073100,0.00000
1726074000,0.00000
1726074900,0.00000
1726075800,0.08000
1726076700,0.05000
1726077600,0.08000
1726078500,0.02000
1726079400,0.08000
1726080300,0.08000
1726081200,0.08000
1726082100,0.08000
1726083000,0.08000
1726083900,0.08000
1726084800,0.08000
1726085700,0.08000
1726086600,0.13000
1726087500,0.13000
1726092000,0.12000
1726092900,0.09000
1726093800,0.09000
1726094700,0.09000
1726095600,0.09000
1726096500,0.09000
1726097400,0.09000
1726098300,0.09000
1726099200,0.09000
1726100100,0.09000
1726101000,0.09000
1726101900,0.09000
1726102800,0.09000
1726103700,0.09000
1726104600,0.08000
1726105500,0.09000
1726106400,0.09000
1726107300,0.09000
1726108200,0.09000
1726109100,0.09000
1726110000,0.09000
1726110900,0.09000
1726111800,0.09000
1726112700,0.09000
1726113600,0.09000
1726114500,0.03000
1726115400,0.09000
1726116300,0.09000
1726117200,0.09000
1726118100,0.09000
1726119000,0.09000
1726119900,0.09000
1726120800,0.08000
1726121700,0.07000
1726122600,0.07000
1726123500,0.07000
1726124400,0.08000
1726125300,0.07000
1726126200,0.07000
1726127100,0.07000
1726128000,0.07000
1726128900,0.07000
1726129800,0.07000
1726130700,0.07000
1726131600,0.07000
1726132500,0.07000
1726133400,0.07000
1726134300,0.07000
1726135200,0.07000
1726136100,0.05000
1726137000,0.05000
1726137900,0.08000
1726138800,0.06000
1726139700,0.06000
1726140600,0.05000
1726141500,0.06000
1726142400,0.01000
1726143300,0.03000
1726144200,0.00000
1726145100,0.00000
1726146000,0.00000
1726146900,0.00000
1726147800,0.00000
1726148700,0.03000
1726149600,0.00000
1726150500,0.02000
1726151400,0.00000
1726152300,0.00000
1726153200,0.06000
1726154100,0.06000
1726155000,0.05000
1726155900,0.06000
1726156800,0.05000
1726157700,0.11000
1726158600,0.08000
1726159500,0.07000
1726160400,0.07000
1726161300,0.08000
1726162200,0.08000
1726163100,0.08000
1726164000,0.08000
1726164900,0.05000
1726165800,0.06000
1726166700,0.08000
1726167600,0.08000
1726168500,0.06000
1726169400,0.08000
1726170300,0.09000
1726171200,0.08000
1726172100,0.08000
1726173000,0.09000
1726173900,0.16000
1726178400,0.10000
1726179300,0.09000
1726180200,0.09000
1726181100,0.09000
1726182000,0.09000
1726182900,0.09000
1726183800,0.09000
1726184700,0.09000
1726185600,0.09000
1726186500,0.09000
1726187400,0.09000
1726188300,0.06000
1726189200,0.04000
1726190100,0.09000
1726191000,0.09000
1726191900,0.09000
1726192800,0.09000
1726193700,0.09000
1726194600,0.09000
1726195500,0.08000
1726196400,0.06000
1726197300,0.09000
1726198200,0.09000
1726199100,0.09000
1726200000,0.09000
1726200900,0.09000
1726201800,0.09000
1726202700,0.09000
1726203600,0.09000
1726204500,0.09000
1726205400,0.09000
1726206300,0.09000
1726207200,0.09000
1726208100,0.05000
1726209000,0.07000
1726209900,0.07000
1726210800,0.07000
1726211700,0.07000
1726212600,0.07000
1726213500,0.03000
1726214400,0.07000
1726215300,0.07000
1726216200,0.07000
1726217100,0.07000
1726218000,0.07000
1726218900,0.07000
1726219800,0.08000
1726220700,0.07000
1726221600,0.05000
1726222500,0.07000
1726223400,0.07000
1726224300,0.07000
1726225200,0.04000
1726226100,0.07000
1726227000,0.06000
1726227900,0.06000
1726228800,0.06000
1726229700,0.06000
1726230600,0.03000
1726231500,0.02000
1726232400,0.08000
1726233300,0.00000
1726234200,0.05000
1726235100,0.02000
1726236000,0.00000
1726236900,0.05000
1726237800,0.06000
1726238700,0.06000
1726239600,0.02000
1726240500,0.00000
1726241400,0.03000
1726242300,0.05000
1726243200,0.03000
1726244100,0.10000
1726245000,0.08000
1726245900,0.03000
1726246800,0.03000
1726247700,0.08000
1726248600,0.08000
1726249500,0.08000
1726250400,0.08000
1726251300,0.08000
1726252200,0.08000
1726253100,0.08000
1726254000,0.03000
1726254900,0.08000
1726255800,0.08000
1726256700,0.08000
1726257600,0.10000
1726258500,0.08000
1726259400,0.09000
1726437600,0.03000
1726438500,0.09000
1726439400,0.09000
1726440300,0.09000
1726441200,0.09000
1726442100,0.09000
1726443000,0.09000
1726443900,0.09000
1726444800,0.09000
1726445700,0.09000
1726446600,0.09000
1726447500,0.09000
1726448400,0.09000
1726449300,0.09000
1726450200,0.09000
1726451100,0.09000
1726452000,0.09000
1726452900,0.09000
1726453800,0.09000
1726454700,0.09000
1726455600,0.09000
1726456500,0.09000
1726457400,0.09000
1726458300,0.09000
1726459200,0.09000
1726460100,0.09000
1726461000,0.09000
1726461900,0.09000
1726462800,0.09000
1726463700,0.09000
1726464600,0.04000
1726465500,0.09000
1726466400,0.06000
1726467300,0.08000
1726468200,0.07000
1726469100,0.01000
1726470000,0.00000
1726470900,0.07000
1726471800,0.07000
1726472700,0.01000
1726473600,0.04000
1726474500,0.00000
1726475400,0.06000
1726476300,0.00000
1726477200,0.07000
1726478100,0.04000
1726479000,0.00000
1726479900,0.01000
1726480800,0.07000
1726481700,0.07000
1726482600,0.06000
1726483500,0.07000
1726484400,0.00000
1726485300,0.08000
1726486200,0.00000
1726487100,0.03000
1726488000,0.01000
1726488900,0.00000
1726489800,0.00000
1726490700,0.00000
1726491600,0.00000
1726492500,0.00000
1726493400,0.00000
1726494300,0.00000
1726495200,0.00000
1726496100,0.00000
1726497000,0.00000
1726497900,0.03000
1726498800,0.01000
1726499700,0.00000
1726500600,0.06000
1726501500,0.06000
1726502400,0.06000
1726503300,0.05000
1726504200,0.11000
1726505100,0.10000
1726506000,0.08000
1726506900,0.04000
1726507800,0.09000
1726508700,0.08000
1726509600,0.00000
1726510500,0.11000
1726511400,0.08000
1726512300,0.09000
1726513200,0.09000
1726514100,0.10000
1726515000,0.09000
1726515900,0.09000
1726516800,0.08000
1726517700,0.08000
1726518600,0.07000
1726519500,0.12000
1726524000,0.09000
1726524900,0.09000
1726525800,0.09000
1726526700,0.09000
1726527600,0.09000
1726528500,0.09000
1726529400,0.09000
1726530300,0.09000
1726531200,0.09000
1726532100,0.09000
1726533000,0.09000
1726533900,0.09000
1726534800,0.09000
1726535700,0.09000
1726536600,0.10000
1726537500,0.09000
1726538400,0.09000
1726539300,0.09000
1726540200,0.09000
1726541100,0.09000
1726542000,0.09000
1726542900,0.09000
1726543800,0.09000
1726544700,0.09000
1726545600,0.09000
1726546500,0.09000
1726547400,0.09000
1726548300,0.09000
1726549200,0.09000
1726550100,0.08000
1726551000,0.09000
1726551900,0.00000
1726552800,0.02000
1726553700,0.07000
1726554600,0.03000
1726555500,0.07000
1726556400,0.07000
1726557300,0.07000
1726558200,0.07000
1726559100,0.07000
1726560000,0.07000
1726560900,0.03000
1726561800,0.05000
1726562700,0.07000
1726563600,0.05000
1726564500,0.03000
1726565400,0.07000
1726566300,0.04000
1726567200,0.07000
1726568100,0.07000
1726569000,0.05000
1726569900,0.07000
1726570800,0.06000
1726571700,0.06000
1726572600,0.00000
1726573500,0.06000
1726574400,0.06000
1726575300,0.03000
1726576200,0.00000
1726577100,0.00000
1726578000,0.01000
1726578900,0.00000
1726579800,0.03000
1726580700,0.00000
1726581600,0.06000
1726582500,0.06000
1726583400,0.00000
1726584300,0.06000
1726585200,0.06000
1726586100,0.03000
1726587000,0.01000
1726587900,0.06000
1726588800,0.11000
1726589700,0.07000
1726590600,0.10000
1726591500,0.04000
1726592400,0.06000
1726593300,0.08000
1726594200,0.00000
1726595100,0.08000
1726596000,0.10000
1726596900,0.09000
1726597800,0.07000
1726598700,0.02000
1726599600,0.10000
1726600500,0.09000
1726601400,0.08000
1726602300,0.08000
1726603200,0.09000
1726604100,0.10000
1726605000,0.10000
1726605900,0.08000
1726610400,0.10000
1726611300,0.09000
1726612200,0.09000
1726613100,0.09000
1726614000,0.05000
1726614900,0.09000
1726615800,0.09000
1726616700,0.07000
1726617600,0.09000
1726618500,0.07000
1726619400,0.09000
1726620300,0.09000
1726621200,0.02000
1726622100,0.09000
1726623000,0.09000
1726623900,0.09000
1726624800,0.07000
1726625700,0.09000
1726626600,0.09000
1726627500,0.09000
1726628400,0.09000
1726629300,0.09000
1726630200,0.09000
1726631100,0.09000
1726632000,0.09000
1726632900,0.09000
1726633800,0.09000
1726634700,0.09000
1726635600,0.09000
1726636500,0.08000
1726637400,0.07000
1726638300,0.09000
1726639200,0.10000
1726640100,0.07000
1726641000,0.07000
1726641900,0.07000
1726642800,0.07000
1726643700,0.07000
1726644600,0.07000
1726645500,0.07000
1726646400,0.08000
1726647300,0.08000
1726648200,0.07000
1726649100,0.07000
1726650000,0.07000
1726650900,0.07000
1726651800,0.03000
1726652700,0.07000
1726653600,0.07000
1726654500,0.03000
1726655400,0.07000
1726656300,0.07000
1726657200,0.06000
1726658100,0.06000
1726659000,0.06000
1726659900,0.05000
1726660800,0.06000
1726661700,0.00000
1726662600,0.06000
1726663500,0.05000
1726664400,0.06000
1726665300,0.06000
1726666200,0.06000
1726667100,0.00000
1726668000,0.06000
1726668900,0.00000
1726669800,0.06000
1726670700,0.06000
1726671600,0.06000
1726672500,0.06000
1726673400,0.00000
1726674300,0.06000
1726675200,0.09000
1726676100,0.08000
1726677000,0.09000
1726677900,0.08000
1726678800,0.12000
1726679700,0.09000
1726680600,0.08000
1726681500,0.05000
1726682400,0.00000
1726683300,0.00000
1726684200,0.04000
1726685100,0.00000
1726686000,0.00000
1726686900,0.00000
1726687800,0.00000
1726688700,0.00000
1726689600,0.03000
1726690500,0.01000
1726691400,0.10000
1726692300,0.07000
1726696800,0.00000
1726697700,0.09000
1726698600,0.09000
1726699500,0.09000
1726700400,0.09000
1726701300,0.09000
1726702200,0.09000
1726703100,0.09000
1726704000,0.09000
1726704900,0.09000
1726705800,0.09000
1726706700,0.09000
1726707600,0.09000
1726708500,0.09000
1726709400,0.09000
1726710300,0.09000
1726711200,0.09000
1726712100,0.09000
1726713000,0.09000
1726713900,0.09000
1726714800,0.09000
1726715700,0.09000
1726716600,0.09000
1726717500,0.09000
1726718400,0.09000
1726719300,0.09000
1726720200,0.09000
1726721100,0.09000
1726722000,0.09000
1726722900,0.09000
1726723800,0.07000
1726724700,0.08000
1726725600,0.00000
1726726500,0.07000
1726727400,0.07000
1726728300,0.07000
1726729200,0.00000
1726730100,0.06000
1726731000,0.06000
1726731900,0.00000
1726732800,0.09000
1726733700,0.07000
1726734600,0.07000
1726735500,0.07000
1726736400,0.06000
1726737300,0.00000
1726738200,0.00000
1726739100,0.07000
1726740000,0.09000
1726740900,0.07000
1726741800,0.07000
1726742700,0.03000
1726743600,0.07000
1726744500,0.06000
1726745400,0.06000
1726746300,0.06000
1726747200,0.06000
1726748100,0.02000
1726749000,0.00000
1726749900,0.00000
1726750800,0.00000
1726751700,0.02000
1726752600,0.06000
1726753500,0.00000
1726754400,0.00000
1726755300,0.01000
1726756200,0.02000
1726757100,0.06000
1726758000,0.05000
1726758900,0.06000
1726759800,0.06000
1726760700,0.06000
1726761600,0.04000
1726762500,0.06000
1726763400,0.00000
1726764300,0.08000
1726765200,0.09000
1726766100,0.08000
1726767000,0.08000
1726767900,0.00000
1726768800,0.08000
1726769700,0.10000
1726770600,0.08000
1726771500,0.08000
1726772400,0.08000
1726773300,0.08000
1726774200,0.08000
1726775100,0.08000
1726776000,0.08000
1726776900,0.00000
1726777800,0.08000
1726778700,0.14000
1726783200,0.10000
1726784100,0.09000
1726785000,0.09000
1726785900,0.09000
1726786800,0.09000
1726787700,0.09000
1726788600,0.09000
1726789500,0.09000
1726790400,0.09000
1726791300,0.09000
1726792200,0.09000
1726793100,0.09000
1726794000,0.09000
1726794900,0.09000
1726795800,0.09000
1726796700,0.09000
1726797600,0.08000
1726798500,0.09000
1726799400,0.09000
1726800300,0.09000
1726801200,0.07000
1726802100,0.09000
1726803000,0.09000
1726803900,0.09000
1726804800,0.09000
1726805700,0.09000
1726806600,0.09000
1726807500,0.09000
1726808400,0.09000
1726809300,0.09000
1726810200,0.09000
1726811100,0.03000
1726812000,0.08000
1726812900,0.08000
1726813800,0.00000
1726814700,0.06000
1726815600,0.05000
1726816500,0.07000
1726817400,0.07000
1726818300,0.08000
1726819200,0.10000
1726820100,0.07000
1726821000,0.03000
1726821900,0.07000
1726822800,0.06000
1726823700,0.07000
1726824600,0.07000
1726825500,0.01000
1726826400,0.07000
1726827300,0.07000
1726828200,0.08000
1726829100,0.03000
1726830000,0.06000
1726830900,0.04000
1726831800,0.00000
1726832700,0.03000
1726833600,0.06000
1726834500,0.06000
1726835400,0.03000
1726836300,0.06000
1726837200,0.06000
1726838100,0.06000
1726839000,0.07000
1726839900,0.01000
1726840800,0.06000
1726841700,0.02000
1726842600,0.01000
1726843500,0.06000
1726844400,0.06000
1726845300,0.05000
1726846200,0.06000
1726847100,0.06000
1726848000,0.04000
1726848900,0.00000
1726849800,0.04000
1726850700,0.06000
1726851600,0.07000
1726852500,0.09000
1726853400,0.08000
1726854300,0.08000
1726855200,0.10000
1726856100,0.09000
1726857000,0.11000
1726857900,0.08000
1726858800,0.09000
1726859700,0.08000
1726860600,0.08000
1726861500,0.08000
1726862400,0.08000
1726863300,0.09000
1726864200,0.08000
1727042400,0.11000
1727043300,0.11000
1727044200,0.09000
1727045100,0.09000
1727046000,0.09000
1727046900,0.09000
1727047800,0.09000
1727048700,0.09000
1727049600,0.09000
1727050500,0.09000
1727051400,0.09000
1727052300,0.09000
1727053200,0.09000
1727054100,0.03000
1727055000,0.09000
1727055900,0.09000
1727056800,0.09000
1727057700,0.09000
1727058600,0.11000
1727059500,0.09000
1727060400,0.09000
1727061300,0.03000
1727062200,0.09000
1727063100,0.09000
1727064000,0.09000
1727064900,0.09000
1727065800,0.09000
1727066700,0.09000
1727067600,0.09000
1727068500,0.09000
1727069400,0.09000
1727070300,0.09000
1727071200,0.07000
1727072100,0.07000
1727073000,0.08000
1727073900,0.07000
1727074800,0.09000
1727075700,0.05000
1727076600,0.00000
1727077500,0.03000
1727078400,0.00000
1727079300,0.07000
1727080200,0.02000
1727081100,0.04000
1727082000,0.08000
1727082900,0.07000
1727083800,0.05000
1727084700,0.07000
1727085600,0.03000
1727086500,0.05000
1727087400,0.07000
1727088300,0.07000
1727089200,0.07000
1727090100,0.08000
1727091000,0.06000
1727091900,0.06000
1727092800,0.05000
1727093700,0.00000
1727094600,0.04000
1727095500,0.03000
1727096400,0.04000
1727097300,0.04000
1727098200,0.00000
1727099100,0.00000
1727100000,0.03000
1727100900,0.06000
1727101800,0.07000
1727102700,0.06000
1727103600,0.04000
1727104500,0.05000
1727105400,0.06000
1727106300,0.06000
1727107200,0.10000
1727108100,0.11000
1727109000,0.08000
1727109900,0.08000
1727110800,0.08000
1727111700,0.10000
1727112600,0.08000
1727113500,0.08000
1727114400,0.08000
1727115300,0.08000
1727116200,0.08000
1727117100,0.08000
1727118000,0.08000
1727118900,0.08000
1727119800,0.04000
1727120700,0.09000
1727121600,0.08000
1727122500,0.08000
1727123400,0.08000
1727124300,0.16000
1727128800,0.11000
1727129700,0.11000
1727130600,0.09000
1727131500,0.09000
1727132400,0.09000
1727133300,0.09000
1727134200,0.09000
1727135100,0.09000
1727136000,0.09000
1727136900,0.09000
1727137800,0.09000
1727138700,0.09000
1727139600,0.11000
1727140500,0.09000
1727141400,0.09000
1727142300,0.09000
1727143200,0.09000
1727144100,0.09000
1727145000,0.09000
1727145900,0.09000
1727146800,0.09000
1727147700,0.06000
1727148600,0.09000
1727149500,0.09000
1727150400,0.09000
1727151300,0.09000
1727152200,0.08000
1727153100,0.09000
1727154000,0.09000
1727154900,0.09000
1727155800,0.09000
1727156700,0.09000
1727157600,0.07000
1727158500,0.07000
1727159400,0.07000
1727160300,0.07000
1727161200,0.07000
1727162100,0.02000
1727163000,0.04000
1727163900,0.07000
1727164800,0.07000
1727165700,0.07000
1727166600,0.07000
1727167500,0.07000
1727168400,0.01000
1727169300,0.07000
1727170200,0.07000
1727171100,0.07000
1727172000,0.07000
1727172900,0.07000
1727173800,0.07000
1727174700,0.07000
1727175600,0.04000
1727176500,0.06000
1727177400,0.00000
1727178300,0.06000
1727179200,0.06000
1727180100,0.06000
1727181000,0.06000
1727181900,0.04000
1727182800,0.05000
1727183700,0.06000
1727184600,0.01000
1727185500,0.02000
1727186400,0.02000
1727187300,0.03000
1727188200,0.00000
1727189100,0.00000
1727190000,0.00000
1727190900,0.06000
1727191800,0.06000
1727192700,0.06000
1727193600,0.08000
1727194500,0.08000
1727195400,0.06000
1727196300,0.08000
1727197200,0.06000
1727198100,0.03000
1727199000,0.08000
1727199900,0.04000
1727200800,0.10000
1727201700,0.08000
1727202600,0.08000
1727203500,0.08000
1727204400,0.08000
1727205300,0.07000
1727206200,0.05000
1727207100,0.10000
1727208000,0.08000
1727208900,0.08000
1727209800,0.08000
1727210700,0.04000
1727215200,0.10000
1727216100,0.10000
1727217000,0.09000
1727217900,0.09000
1727218800,0.09000
1727219700,0.09000
1727220600,0.09000
1727221500,0.09000
1727222400,0.09000
1727223300,0.09000
1727224200,0.09000
1727225100,0.00000
1727226000,0.10000
1727226900,0.09000
1727227800,0.09000
1727228700,0.09000
1727229600,0.09000
1727230500,0.08000
1727231400,0.09000
1727232300,0.09000
1727233200,0.09000
1727234100,0.09000
1727235000,0.09000
1727235900,0.09000
1727236800,0.09000
1727237700,0.09000
1727238600,0.09000
1727239500,0.09000
1727240400,0.09000
1727241300,0.09000
1727242200,0.10000
1727243100,0.09000
1727244000,0.07000
1727244900,0.07000
1727245800,0.07000
1727246700,0.07000
1727247600,0.00000
1727248500,0.07000
1727249400,0.07000
1727250300,0.03000
1727251200,0.05000
1727252100,0.07000
1727253000,0.07000
1727253900,0.07000
1727254800,0.07000
1727255700,0.05000
1727256600,0.07000
1727257500,0.05000
1727258400,0.07000
1727259300,0.07000
1727260200,0.07000
1727261100,0.07000
1727262000,0.06000
1727262900,0.06000
1727263800,0.06000
1727264700,0.05000
1727265600,0.06000
1727266500,0.06000
1727267400,0.06000
1727268300,0.04000
1727269200,0.06000
1727270100,0.06000
1727271000,0.05000
1727271900,0.00000
1727272800,0.00000
1727273700,0.06000
1727274600,0.04000
1727275500,0.00000
1727276400,0.07000
1727277300,0.06000
1727278200,0.06000
1727279100,0.00000
1727280000,0.10000
1727280900,0.09000
1727281800,0.08000
1727282700,0.08000
1727283600,0.08000
1727284500,0.00000
1727285400,0.08000
1727286300,0.08000
1727287200,0.08000
1727288100,0.09000
1727289000,0.10000
1727289900,0.11000
1727290800,0.08000
1727291700,0.08000
1727292600,0.08000
1727293500,0.08000
1727294400,0.08000
1727295300,0.08000
1727296200,0.08000
1727297100,0.04000
1727301600,0.09000
1727302500,0.09000
1727303400,0.09000
1727304300,0.09000
1727305200,0.09000
1727306100,0.09000
1727307000,0.09000
1727307900,0.09000
1727308800,0.09000
1727309700,0.09000
1727310600,0.09000
1727311500,0.09000
1727312400,0.09000
1727313300,0.09000
1727314200,0.09000
1727315100,0.07000
1727316000,0.09000
1727316900,0.09000
1727317800,0.09000
1727318700,0.09000
1727319600,0.09000
1727320500,0.09000
1727321400,0.09000
1727322300,0.09000
1727323200,0.09000
1727324100,0.09000
1727325000,0.09000
1727325900,0.09000
1727326800,0.09000
1727327700,0.09000
1727328600,0.09000
1727329500,0.06000
1727330400,0.07000
1727331300,0.07000
1727332200,0.07000
1727333100,0.07000
1727334000,0.07000
1727334900,0.07000
1727335800,0.05000
1727336700,0.04000
1727337600,0.06000
1727338500,0.07000
1727339400,0.05000
1727340300,0.07000
1727341200,0.07000
1727342100,0.07000
1727343000,0.07000
1727343900,0.07000
1727344800,0.07000
1727345700,0.00000
1727346600,0.07000
1727347500,0.07000
1727348400,0.00000
1727349300,0.05000
1727350200,0.06000
1727351100,0.06000
1727352000,0.06000
1727352900,0.05000
1727353800,0.00000
1727354700,0.00000
1727355600,0.00000
1727356500,0.00000
1727357400,0.06000
1727358300,0.00000
1727359200,0.02000
1727360100,0.06000
1727361000,0.06000
1727361900,0.06000
1727362800,0.05000
1727363700,0.01000
1727364600,0.06000
1727365500,0.06000
1727366400,0.05000
1727367300,0.08000
1727368200,0.07000
1727369100,0.06000
1727370000,0.07000
1727370900,0.05000
1727371800,0.08000
1727372700,0.08000
1727373600,0.09000
1727374500,0.07000
1727375400,0.08000
1727376300,0.08000
1727377200,0.08000
1727378100,0.08000
1727379000,0.08000
1727379900,0.08000
1727380800,0.08000
1727381700,0.08000
1727382600,0.08000
1727383500,0.13000
1727388000,0.10000
1727388900,0.09000
1727389800,0.09000
1727390700,0.09000
1727391600,0.09000
1727392500,0.09000
1727393400,0.09000
1727394300,0.09000
1727395200,0.09000
1727396100,0.09000
1727397000,0.09000
1727397900,0.09000
1727398800,0.09000
1727399700,0.09000
1727400600,0.10000
1727401500,0.09000
1727402400,0.09000
1727403300,0.09000
1727404200,0.09000
1727405100,0.09000
1727406000,0.09000
1727406900,0.07000
1727407800,0.09000
1727408700,0.09000
1727409600,0.09000
1727410500,0.09000
1727411400,0.09000
1727412300,0.09000
1727413200,0.09000
1727414100,0.02000
1727415000,0.09000
1727415900,0.09000
1727416800,0.07000
1727417700,0.07000
1727418600,0.07000
1727419500,0.07000
1727420400,0.01000
1727421300,0.07000
1727422200,0.07000
1727423100,0.06000
1727424000,0.06000
1727424900,0.07000
1727425800,0.07000
1727426700,0.07000
1727427600,0.05000
1727428500,0.06000
1727429400,0.06000
1727430300,0.07000
1727431200,0.07000
1727432100,0.07000
1727433000,0.07000
1727433900,0.07000
1727434800,0.07000
1727435700,0.06000
1727436600,0.06000
1727437500,0.06000
1727438400,0.05000
1727439300,0.06000
1727440200,0.03000
1727441100,0.00000
1727442000,0.00000
1727442900,0.06000
1727443800,0.03000
1727444700,0.03000
1727445600,0.06000
1727446500,0.03000
1727447400,0.06000
1727448300,0.05000
1727449200,0.04000
1727450100,0.02000
1727451000,0.06000
1727451900,0.06000
1727452800,0.06000
1727453700,0.08000
1727454600,0.09000
1727455500,0.08000
1727456400,0.09000
1727457300,0.08000
1727458200,0.01000
1727459100,0.08000
1727460000,0.08000
1727460900,0.08000
1727461800,0.08000
1727462700,0.08000
1727463600,0.08000
1727464500,0.08000
1727465400,0.10000
1727466300,0.08000
1727467200,0.08000
1727468100,0.08000
1727469000,0.08000
1727647200,0.12000
1727648100,0.11000
1727649000,0.11000
1727649900,0.12000
1727650800,0.12000
1727651700,0.11000
1727652600,0.11000
1727653500,0.14000
1727654400,0.13000
1727655300,0.09000
1727656200,0.09000
1727657100,0.09000
1727658000,0.10000
1727658900,0.00000
1727659800,0.09000
1727660700,0.07000
1727661600,0.09000
1727662500,0.09000
1727663400,0.09000
1727664300,0.09000
1727665200,0.09000
1727666100,0.09000
1727667000,0.09000
1727667900,0.09000
1727668800,0.09000
1727669700,0.08000
1727670600,0.09000
1727671500,0.09000
1727672400,0.09000
1727673300,0.09000
1727674200,0.09000
1727675100,0.09000
1727676000,0.07000
1727676900,0.05000
1727677800,0.07000
1727678700,0.07000
1727679600,0.07000
1727680500,0.07000
1727681400,0.07000
1727682300,0.01000
1727683200,0.07000
1727684100,0.07000
1727685000,0.07000
1727685900,0.07000
1727686800,0.07000
1727687700,0.06000
1727688600,0.07000
1727689500,0.07000
1727690400,0.07000
1727691300,0.07000
1727692200,0.00000
1727693100,0.00000
1727694000,0.04000
1727694900,0.02000
1727695800,0.03000
1727696700,0.03000
1727697600,0.05000
1727698500,0.07000
1727699400,0.10000
1727700300,0.05000
1727701200,0.10000
1727702100,0.08000
1727703000,0.00000
1727703900,0.00000
1727704800,0.02000
1727705700,0.04000
1727706600,0.05000
1727707500,0.07000
1727708400,0.09000
1727709300,0.09000
1727710200,0.09000
1727711100,0.10000
1727712000,0.10000
1727712900,0.11000
1727713800,0.09000
1727714700,0.08000
1727715600,0.00000
1727716500,0.10000
1727717400,0.00000
1727718300,0.00000
1727719200,0.04000
1727720100,0.03000
1727721000,0.11000
1727721900,0.05000
1727722800,0.08000
1727723700,0.06000
1727724600,0.11000
1727725500,0.07000
1727726400,0.09000
1727727300,0.09000
1727728200,0.09000
1727729100,0.09000
1727733600,0.02000
1727734500,0.12000
1727735400,0.12000
1727736300,0.12000
1727737200,0.13000
1727738100,0.11000
1727739000,0.11000
1727739900,0.09000
1727740800,0.10000
1727741700,0.10000
1727742600,0.09000
1727743500,0.11000
1727744400,0.09000
1727745300,0.09000
1727746200,0.09000
1727747100,0.09000
1727748000,0.09000
1727748900,0.05000
1727749800,0.09000
1727750700,0.02000
1727751600,0.09000
1727752500,0.09000
1727753400,0.09000
1727754300,0.09000
1727755200,0.09000
1727756100,0.09000
1727757000,0.09000
1727757900,0.09000
1727758800,0.09000
1727759700,0.10000
1727760600,0.13000
1727761500,0.10000
1727762400,0.07000
1727763300,0.07000
1727764200,0.07000
1727765100,0.07000
1727766000,0.07000
1727766900,0.07000
1727767800,0.07000
1727768700,0.07000
1727769600,0.07000
1727770500,0.07000
1727771400,0.07000
1727772300,0.07000
1727773200,0.03000
1727774100,0.00000
1727775000,0.07000
1727775900,0.04000
1727776800,0.07000
1727777700,0.07000
1727778600,0.07000
1727779500,0.07000
1727780400,0.06000
1727781300,0.02000
1727782200,0.11000
1727783100,0.10000
1727784000,0.11000
1727784900,0.11000
1727785800,0.11000
1727786700,0.06000
1727787600,0.02000
1727788500,0.09000
1727789400,0.00000
1727790300,0.00000
1727791200,0.00000
1727792100,0.00000
1727793000,0.08000
1727793900,0.09000
1727794800,0.01000
1727795700,0.08000
1727796600,0.08000
1727797500,0.08000
1727798400,0.06000
1727799300,0.09000
1727800200,0.00000
1727801100,0.12000
1727802000,0.00000
1727802900,0.09000
1727803800,0.00000
1727804700,0.08000
1727805600,0.08000
1727806500,0.09000
1727807400,0.09000
1727808300,0.11000
1727809200,0.11000
1727810100,0.11000
1727811000,0.12000
1727811900,0.14000
1727812800,0.08000
1727813700,0.08000
1727814600,0.04000
1727815500,0.22000
1727820000,0.11000
1727820900,0.10000
1727821800,0.10000
1727822700,0.10000
1727823600,0.09000
1727824500,0.09000
1727825400,0.09000
1727826300,0.09000
1727827200,0.07000
1727828100,0.09000
1727829000,0.09000
1727829900,0.09000
1727830800,0.09000
1727831700,0.09000
1727832600,0.09000
1727833500,0.09000
1727834400,0.09000
1727835300,0.09000
1727836200,0.09000
1727837100,0.09000
1727838000,0.09000
1727838900,0.09000
1727839800,0.09000
1727840700,0.09000
1727841600,0.09000
1727842500,0.09000
1727843400,0.09000
1727844300,0.09000
1727845200,0.09000
1727846100,0.00000
1727847000,0.10000
1727847900,0.09000
1727848800,0.08000
1727849700,0.09000
1727850600,0.07000
1727851500,0.07000
1727852400,0.08000
1727853300,0.07000
1727854200,0.07000
1727855100,0.07000
1727856000,0.01000
1727856900,0.08000
1727857800,0.07000
1727858700,0.07000
1727859600,0.07000
1727860500,0.07000
1727861400,0.07000
1727862300,0.07000
1727863200,0.07000
1727864100,0.07000
1727865000,0.07000
1727865900,0.00000
1727866800,0.06000
1727867700,0.08000
1727868600,0.07000
1727869500,0.08000
1727870400,0.04000
1727871300,0.01000
1727872200,0.08000
1727873100,0.09000
1727874000,0.09000
1727874900,0.00000
1727875800,0.01000
1727876700,0.06000
1727877600,0.00000
1727878500,0.06000
1727879400,0.03000
1727880300,0.03000
1727881200,0.03000
1727882100,0.07000
1727883000,0.06000
1727883900,0.09000
1727884800,0.10000
1727885700,0.09000
1727886600,0.10000
1727887500,0.09000
1727888400,0.08000
1727889300,0.09000
1727890200,0.08000
1727891100,0.08000
1727892000,0.15000
1727892900,0.07000
1727893800,0.08000
1727894700,0.08000
1727895600,0.07000
1727896500,0.08000
1727897400,0.08000
1727898300,0.08000
1727899200,0.08000
1727900100,0.08000
1727901000,0.08000
1727901900,0.16000
1727906400,0.09000
1727907300,0.09000
1727908200,0.09000
1727909100,0.09000
1727910000,0.09000
1727910900,0.09000
1727911800,0.09000
1727912700,0.09000
1727913600,0.09000
1727914500,0.09000
1727915400,0.09000
1727916300,0.09000
1727917200,0.09000
1727918100,0.09000
1727919000,0.09000
1727919900,0.09000
1727920800,0.09000
1727921700,0.09000
1727922600,0.09000
1727923500,0.09000
1727924400,0.09000
1727925300,0.09000
1727926200,0.09000
1727927100,0.09000
1727928000,0.09000
1727928900,0.09000
1727929800,0.09000
1727930700,0.09000
1727931600,0.09000
1727932500,0.09000
1727933400,0.09000
1727934300,0.09000
1727935200,0.07000
1727936100,0.07000
1727937000,0.04000
1727937900,0.07000
1727938800,0.07000
1727939700,0.07000
1727940600,0.01000
1727941500,0.00000
1727942400,0.07000
1727943300,0.03000
1727944200,0.07000
1727945100,0.07000
1727946000,0.04000
1727946900,0.07000
1727947800,0.07000
1727948700,0.07000
1727949600,0.07000
1727950500,0.07000
1727951400,0.07000
1727952300,0.07000
1727953200,0.06000
1727954100,0.10000
1727955000,0.09000
1727955900,0.10000
1727956800,0.09000
1727957700,0.09000
1727958600,0.01000
1727959500,0.00000
1727960400,0.00000
1727961300,0.01000
1727962200,0.00000
1727963100,0.01000
1727964000,0.00000
1727964900,0.00000
1727965800,0.06000
1727966700,0.05000
1727967600,0.10000
1727968500,0.10000
1727969400,0.03000
1727970300,0.09000
1727971200,0.10000
1727972100,0.10000
1727973000,0.00000
1727973900,0.12000
1727974800,0.10000
1727975700,0.11000
1727976600,0.08000
1727977500,0.08000
1727978400,0.09000
1727979300,0.10000
1727980200,0.12000
1727981100,0.12000
1727982000,0.10000
1727982900,0.09000
1727983800,0.08000
1727984700,0.13000
1727985600,0.08000
1727986500,0.08000
1727987400,0.11000
1727988300,0.17000
1727992800,0.09000
1727993700,0.07000
1727994600,0.09000
1727995500,0.09000
1727996400,0.09000
1727997300,0.09000
1727998200,0.09000
1727999100,0.09000
1728000000,0.09000
1728000900,0.09000
1728001800,0.09000
1728002700,0.09000
1728003600,0.09000
1728004500,0.09000
1728005400,0.09000
1728006300,0.09000
1728007200,0.09000
1728008100,0.09000
1728009000,0.00000
1728009900,0.09000
1728010800,0.09000
1728011700,0.09000
1728012600,0.09000
1728013500,0.09000
1728014400,0.09000
1728015300,0.08000
1728016200,0.09000
1728017100,0.09000
1728018000,0.09000
1728018900,0.05000
1728019800,0.09000
1728020700,0.09000
1728021600,0.07000
1728022500,0.07000
1728023400,0.07000
1728024300,0.07000
1728025200,0.05000
1728026100,0.07000
1728027000,0.07000
1728027900,0.07000
1728028800,0.04000
1728029700,0.07000
1728030600,0.07000
1728031500,0.07000
1728032400,0.01000
1728033300,0.07000
1728034200,0.07000
1728035100,0.07000
1728036000,0.07000
1728036900,0.07000
1728037800,0.04000
1728038700,0.07000
1728039600,0.06000
1728040500,0.06000
1728041400,0.06000
1728042300,0.06000
1728043200,0.06000
1728044100,0.01000
1728045000,0.02000
1728045900,0.00000
1728046800,0.04000
1728047700,0.00000
1728048600,0.06000
1728049500,0.02000
1728050400,0.06000
1728051300,0.06000
1728052200,0.06000
1728053100,0.06000
1728054000,0.00000
1728054900,0.03000
1728055800,0.06000
1728056700,0.03000
1728057600,0.07000
1728058500,0.10000
1728059400,0.03000
1728060300,0.09000
1728061200,0.09000
1728062100,0.08000
1728063000,0.13000
1728063900,0.06000
1728064800,0.01000
1728065700,0.09000
1728066600,0.08000
1728067500,0.09000
1728068400,0.10000
1728069300,0.08000
1728070200,0.08000
1728071100,0.08000
1728072000,0.08000
1728072900,0.09000
1728073800,0.10000
1728252000,0.10000
1728252900,0.10000
1728253800,0.09000
1728254700,0.09000
1728255600,0.10000
1728256500,0.09000
1728257400,0.09000
1728258300,0.09000
1728259200,0.10000
1728260100,0.09000
1728261000,0.09000
1728261900,0.09000
1728262800,0.13000
1728263700,0.09000
1728264600,0.09000
1728265500,0.10000
1728266400,0.09000
1728267300,0.09000
1728268200,0.09000
1728269100,0.09000
1728270000,0.09000
1728270900,0.09000
1728271800,0.09000
1728272700,0.09000
1728273600,0.09000
1728274500,0.09000
1728275400,0.09000
1728276300,0.09000
1728277200,0.11000
1728278100,0.09000
1728279000,0.10000
1728279900,0.09000
1728280800,0.08000
1728281700,0.07000
1728282600,0.07000
1728283500,0.07000
1728284400,0.07000
1728285300,0.07000
1728286200,0.04000
1728287100,0.07000
1728288000,0.07000
1728288900,0.07000
1728289800,0.07000
1728290700,0.08000
1728291600,0.04000
1728292500,0.02000
1728293400,0.08000
1728294300,0.07000
1728295200,0.08000
1728296100,0.07000
1728297000,0.08000
1728297900,0.08000
1728298800,0.11000
1728299700,0.09000
1728300600,0.08000
1728301500,0.07000
1728302400,0.10000
1728303300,0.10000
1728304200,0.10000
1728305100,0.10000
1728306000,0.01000
1728306900,0.05000
1728307800,0.09000
1728308700,0.02000
1728309600,0.06000
1728310500,0.02000
1728311400,0.02000
1728312300,0.07000
1728313200,0.07000
1728314100,0.08000
1728315000,0.08000
1728315900,0.08000
1728316800,0.09000
1728317700,0.10000
1728318600,0.09000
1728319500,0.11000
1728320400,0.10000
1728321300,0.09000
1728322200,0.08000
1728323100,0.08000
1728324000,0.08000
1728324900,0.04000
1728325800,0.11000
1728326700,0.08000
1728327600,0.11000
1728328500,0.08000
1728329400,0.08000
1728330300,0.11000
1728331200,0.10000
1728332100,0.09000
1728333000,0.12000
1728333900,0.23000
1728338400,0.11000
1728339300,0.11000
1728340200,0.09000
1728341100,0.10000
1728342000,0.09000
1728342900,0.09000
1728343800,0.09000
1728344700,0.09000
1728345600,0.10000
1728346500,0.12000
1728347400,0.09000
1728348300,0.09000
1728349200,0.00000
1728350100,0.09000
1728351000,0.08000
1728351900,0.09000
1728352800,0.10000
1728353700,0.00000
1728354600,0.07000
1728355500,0.09000
1728356400,0.03000
1728357300,0.09000
1728358200,0.09000
1728359100,0.09000
1728360000,0.09000
1728360900,0.09000
1728361800,0.09000
1728362700,0.09000
1728363600,0.10000
1728364500,0.12000
1728365400,0.12000
1728366300,0.11000
1728367200,0.09000
1728368100,0.09000
1728369000,0.05000
1728369900,0.07000
1728370800,0.00000
1728371700,0.10000
1728372600,0.01000
1728373500,0.08000
1728374400,0.06000
1728375300,0.03000
1728376200,0.02000
1728377100,0.07000
1728378000,0.08000
1728378900,0.08000
1728379800,0.10000
1728380700,0.09000
1728381600,0.09000
1728382500,0.09000
1728383400,0.12000
1728384300,0.11000
1728385200,0.09000
1728386100,0.07000
1728387000,0.00000
1728387900,0.00000
1728388800,0.02000
1728389700,0.04000
1728390600,0.00000
1728391500,0.00000
1728392400,0.01000
1728393300,0.05000
1728394200,0.00000
1728395100,0.08000
1728396000,0.07000
1728396900,0.00000
1728397800,0.00000
1728398700,0.04000
1728399600,0.06000
1728400500,0.00000
1728401400,0.00000
1728402300,0.00000
1728403200,0.08000
1728404100,0.09000
1728405000,0.13000
1728405900,0.06000
1728406800,0.08000
1728407700,0.10000
1728408600,0.08000
1728409500,0.08000
1728410400,0.00000
1728411300,0.09000
1728412200,0.10000
1728413100,0.10000
1728414000,0.11000
1728414900,0.08000
1728415800,0.08000
1728416700,0.06000
1728417600,0.09000
1728418500,0.08000
1728419400,0.05000
1728420300,0.18000
1728424800,0.14000
1728425700,0.10000
1728426600,0.09000
1728427500,0.09000
1728428400,0.10000
1728429300,0.09000
1728430200,0.09000
1728431100,0.09000
1728432000,0.10000
1728432900,0.09000
1728433800,0.09000
1728434700,0.09000
1728435600,0.14000
1728436500,0.14000
1728437400,0.04000
1728438300,0.09000
1728439200,0.00000
1728440100,0.09000
1728441000,0.09000
1728441900,0.09000
1728442800,0.09000
1728443700,0.09000
1728444600,0.05000
1728445500,0.09000
1728446400,0.09000
1728447300,0.09000
1728448200,0.09000
1728449100,0.09000
1728450000,0.07000
1728450900,0.10000
1728451800,0.11000
1728452700,0.06000
1728453600,0.10000
1728454500,0.02000
1728455400,0.06000
1728456300,0.04000
1728457200,0.10000
1728458100,0.11000
1728459000,0.08000
1728459900,0.09000
1728460800,0.01000
1728461700,0.09000
1728462600,0.09000
1728463500,0.12000
1728464400,0.08000
1728465300,0.08000
1728466200,0.08000
1728467100,0.08000
1728468000,0.08000
1728468900,0.08000
1728469800,0.05000
1728470700,0.10000
1728471600,0.06000
1728472500,0.06000
1728473400,0.06000
1728474300,0.00000
1728475200,0.06000
1728476100,0.06000
1728477000,0.06000
1728477900,0.06000
1728478800,0.07000
1728479700,0.04000
1728480600,0.01000
1728481500,0.05000
1728482400,0.06000
1728483300,0.00000
1728484200,0.00000
1728485100,0.05000
1728486000,0.06000
1728486900,0.06000
1728487800,0.06000
1728488700,0.06000
1728489600,0.11000
1728490500,0.02000
1728491400,0.11000
1728492300,0.12000
1728493200,0.08000
1728494100,0.04000
1728495000,0.05000
1728495900,0.06000
1728496800,0.08000
1728497700,0.00000
1728498600,0.08000
1728499500,0.09000
1728500400,0.09000
1728501300,0.09000
1728502200,0.09000
1728503100,0.08000
1728504000,0.08000
1728504900,0.10000
1728505800,0.08000
1728506700,0.22000
1728511200,0.12000
1728512100,0.09000
1728513000,0.09000
1728513900,0.09000
1728514800,0.10000
1728515700,0.11000
1728516600,0.11000
1728517500,0.10000
1728518400,0.12000
1728519300,0.11000
1728520200,0.09000
1728521100,0.09000
1728522000,0.11000
1728522900,0.12000
1728523800,0.10000
1728524700,0.10000
1728525600,0.09000
1728526500,0.08000
1728527400,0.09000
1728528300,0.09000
1728529200,0.09000
1728530100,0.09000
1728531000,0.07000
1728531900,0.09000
1728532800,0.09000
1728533700,0.09000
1728534600,0.09000
1728535500,0.09000
1728536400,0.10000
1728537300,0.10000
1728538200,0.10000
1728539100,0.12000
1728540000,0.11000
1728540900,0.03000
1728541800,0.03000
1728542700,0.08000
1728543600,0.11000
1728544500,0.10000
1728545400,0.10000
1728546300,0.09000
1728547200,0.08000
1728548100,0.10000
1728549000,0.10000
1728549900,0.10000
1728550800,0.09000
1728551700,0.07000
1728552600,0.02000
1728553500,0.00000
1728554400,0.02000
1728555300,0.08000
1728556200,0.09000
1728557100,0.09000
1728558000,0.06000
1728558900,0.06000
1728559800,0.02000
1728560700,0.06000
1728561600,0.06000
1728562500,0.00000
1728563400,0.00000
1728564300,0.00000
1728565200,0.00000
1728566100,0.05000
1728567000,0.06000
1728567900,0.00000
1728568800,0.00000
1728569700,0.06000
1728570600,0.06000
1728571500,0.06000
1728572400,0.06000
1728573300,0.06000
1728574200,0.06000
1728575100,0.06000
1728576000,0.05000
1728576900,0.06000
1728577800,0.11000
1728578700,0.09000
1728579600,0.09000
1728580500,0.08000
1728581400,0.04000
1728582300,0.09000
1728583200,0.08000
1728584100,0.09000
1728585000,0.11000
1728585900,0.05000
1728586800,0.09000
1728587700,0.08000
1728588600,0.08000
1728589500,0.09000
1728590400,0.09000
1728591300,0.08000
1728592200,0.00000
1728593100,0.23000
1728597600,0.11000
1728598500,0.09000
1728599400,0.09000
1728600300,0.09000
1728601200,0.13000
1728602100,0.13000
1728603000,0.00000
1728603900,0.09000
1728604800,0.09000
1728605700,0.09000
1728606600,0.09000
1728607500,0.09000
1728608400,0.10000
1728609300,0.09000
1728610200,0.09000
1728611100,0.09000
1728612000,0.09000
1728612900,0.09000
1728613800,0.05000
1728614700,0.09000
1728615600,0.09000
1728616500,0.09000
1728617400,0.09000
1728618300,0.08000
1728619200,0.09000
1728620100,0.09000
1728621000,0.09000
1728621900,0.09000
1728622800,0.09000
1728623700,0.09000
1728624600,0.10000
1728625500,0.13000
1728626400,0.11000
1728627300,0.00000
1728628200,0.08000
1728629100,0.07000
1728630000,0.07000
1728630900,0.05000
1728631800,0.07000
1728632700,0.07000
1728633600,0.07000
1728634500,0.04000
1728635400,0.07000
1728636300,0.07000
1728637200,0.09000
1728638100,0.00000
1728639000,0.07000
1728639900,0.07000
1728640800,0.07000
1728641700,0.07000
1728642600,0.06000
1728643500,0.11000
1728644400,0.08000
1728645300,0.06000
1728646200,0.06000
1728647100,0.00000
1728648000,0.06000
1728648900,0.02000
1728649800,0.00000
1728650700,0.05000
1728651600,0.00000
1728652500,0.00000
1728653400,0.00000
1728654300,0.00000
1728655200,0.02000
1728656100,0.03000
1728657000,0.06000
1728657900,0.06000
1728658800,0.06000
1728659700,0.03000
1728660600,0.03000
1728661500,0.06000
1728662400,0.11000
1728663300,0.11000
1728664200,0.04000
1728665100,0.13000
1728666000,0.08000
1728666900,0.08000
1728667800,0.05000
1728668700,0.08000
1728669600,0.10000
1728670500,0.08000
1728671400,0.00000
1728672300,0.09000
1728673200,0.14000
1728674100,0.08000
1728675000,0.08000
1728675900,0.08000
1728676800,0.08000
1728677700,0.09000
1728678600,0.11000
1728856800,0.09000
1728857700,0.09000
1728858600,0.09000
1728859500,0.09000
1728860400,0.09000
1728861300,0.09000
1728862200,0.09000
1728863100,0.08000
1728864000,0.09000
1728864900,0.09000
1728865800,0.09000
1728866700,0.09000
1728867600,0.09000
1728868500,0.09000
1728869400,0.09000
1728870300,0.09000
1728871200,0.09000
1728872100,0.09000
1728873000,0.09000
1728873900,0.09000
1728874800,0.09000
1728875700,0.09000
1728876600,0.09000
1728877500,0.09000
1728878400,0.09000
1728879300,0.09000
1728880200,0.09000
1728881100,0.00000
1728882000,0.09000
1728882900,0.09000
1728883800,0.09000
1728884700,0.09000
1728885600,0.08000
1728886500,0.00000
1728887400,0.08000
1728888300,0.07000
1728889200,0.07000
1728890100,0.07000
1728891000,0.08000
1728891900,0.07000
1728892800,0.07000
1728893700,0.07000
1728894600,0.07000
1728895500,0.06000
1728896400,0.07000
1728897300,0.07000
1728898200,0.03000
1728899100,0.07000
1728900000,0.07000
1728900900,0.07000
1728901800,0.07000
1728902700,0.07000
1728903600,0.01000
1728904500,0.06000
1728905400,0.06000
1728906300,0.06000
1728907200,0.06000
1728908100,0.06000
1728909000,0.06000
1728909900,0.06000
1728910800,0.02000
1728911700,0.06000
1728912600,0.06000
1728913500,0.00000
1728914400,0.06000
1728915300,0.06000
1728916200,0.06000
1728917100,0.00000
1728918000,0.02000
1728918900,0.06000
1728919800,0.06000
1728920700,0.06000
1728921600,0.06000
1728922500,0.10000
1728923400,0.08000
1728924300,0.08000
1728925200,0.08000
1728926100,0.08000
1728927000,0.05000
1728927900,0.04000
1728928800,0.08000
1728929700,0.09000
1728930600,0.09000
1728931500,0.08000
1728932400,0.10000
1728933300,0.09000
1728934200,0.08000
1728935100,0.03000
1728936000,0.09000
1728936900,0.08000
1728937800,0.08000
1728938700,0.04000
1728943200,0.10000
1728944100,0.09000
1728945000,0.09000
1728945900,0.09000
1728946800,0.09000
1728947700,0.09000
1728948600,0.08000
1728949500,0.09000
1728950400,0.09000
1728951300,0.09000
1728952200,0.09000
1728953100,0.09000
1728954000,0.09000
1728954900,0.09000
1728955800,0.09000
1728956700,0.09000
1728957600,0.06000
1728958500,0.09000
1728959400,0.09000
1728960300,0.09000
1728961200,0.09000
1728962100,0.09000
1728963000,0.09000
1728963900,0.00000
1728964800,0.09000
1728965700,0.09000
1728966600,0.09000
1728967500,0.09000
1728968400,0.09000
1728969300,0.09000
1728970200,0.09000
1728971100,0.09000
1728972000,0.10000
1728972900,0.10000
1728973800,0.08000
1728974700,0.07000
1728975600,0.07000
1728976500,0.07000
1728977400,0.07000
1728978300,0.07000
1728979200,0.00000
1728980100,0.03000
1728981000,0.07000
1728981900,0.06000
1728982800,0.07000
1728983700,0.09000
1728984600,0.07000
1728985500,0.07000
1728986400,0.07000
1728987300,0.01000
1728988200,0.07000
1728989100,0.05000
1728990000,0.06000
1728990900,0.06000
1728991800,0.04000
1728992700,0.06000
1728993600,0.06000
1728994500,0.08000
1728995400,0.00000
1728996300,0.06000
1728997200,0.06000
1728998100,0.06000
1728999000,0.00000
1728999900,0.04000
1729000800,0.06000
1729001700,0.00000
1729002600,0.06000
1729003500,0.01000
1729004400,0.06000
1729005300,0.00000
1729006200,0.01000
1729007100,0.06000
1729008000,0.08000
1729008900,0.06000
1729009800,0.08000
1729010700,0.11000
1729011600,0.09000
1729012500,0.08000
1729013400,0.08000
1729014300,0.08000
1729015200,0.08000
1729016100,0.08000
1729017000,0.08000
1729017900,0.08000
1729018800,0.08000
1729019700,0.08000
1729020600,0.08000
1729021500,0.08000
1729022400,0.08000
1729023300,0.08000
1729024200,0.08000
1729025100,0.11000
1729029600,0.12000
1729030500,0.11000
1729031400,0.09000
1729032300,0.09000
1729033200,0.09000
1729034100,0.09000
1729035000,0.09000
1729035900,0.09000
1729036800,0.09000
1729037700,0.09000
1729038600,0.09000
1729039500,0.09000
1729040400,0.11000
1729041300,0.01000
1729042200,0.09000
1729043100,0.09000
1729044000,0.09000
1729044900,0.09000
1729045800,0.09000
1729046700,0.09000
1729047600,0.09000
1729048500,0.09000
1729049400,0.03000
1729050300,0.09000
1729051200,0.09000
1729052100,0.09000
1729053000,0.09000
1729053900,0.09000
1729054800,0.09000
1729055700,0.09000
1729056600,0.09000
1729057500,0.09000
1729058400,0.00000
1729059300,0.11000
1729060200,0.08000
1729061100,0.07000
1729062000,0.08000
1729062900,0.10000
1729063800,0.09000
1729064700,0.08000
1729065600,0.07000
1729066500,0.07000
1729067400,0.07000
1729068300,0.00000
1729069200,0.11000
1729070100,0.07000
1729071000,0.01000
1729071900,0.06000
1729072800,0.00000
1729073700,0.08000
1729074600,0.07000
1729075500,0.07000
1729076400,0.06000
1729077300,0.06000
1729078200,0.02000
1729079100,0.08000
1729080000,0.06000
1729080900,0.06000
1729081800,0.06000
1729082700,0.06000
1729083600,0.03000
1729084500,0.06000
1729085400,0.00000
1729086300,0.00000
1729087200,0.00000
1729088100,0.02000
1729089000,0.07000
1729089900,0.00000
1729090800,0.06000
1729091700,0.06000
1729092600,0.07000
1729093500,0.00000
1729094400,0.07000
1729095300,0.07000
1729096200,0.09000
1729097100,0.10000
1729098000,0.08000
1729098900,0.08000
1729099800,0.08000
1729100700,0.08000
1729101600,0.08000
1729102500,0.09000
1729103400,0.09000
1729104300,0.08000
1729105200,0.08000
1729106100,0.08000
1729107000,0.08000
1729107900,0.08000
1729108800,0.08000
1729109700,0.08000
1729110600,0.08000
1729111500,0.13000
1729116000,0.12000
1729116900,0.11000
1729117800,0.11000
1729118700,0.09000
1729119600,0.09000
1729120500,0.09000
1729121400,0.09000
1729122300,0.09000
1729123200,0.10000
1729124100,0.09000
1729125000,0.09000
1729125900,0.09000
1729126800,0.03000
1729127700,0.09000
1729128600,0.06000
1729129500,0.09000
1729130400,0.08000
1729131300,0.09000
1729132200,0.09000
1729133100,0.09000
1729134000,0.09000
1729134900,0.09000
1729135800,0.09000
1729136700,0.09000
1729137600,0.09000
1729138500,0.09000
1729139400,0.09000
1729140300,0.09000
1729141200,0.09000
1729142100,0.04000
1729143000,0.06000
1729143900,0.09000
1729144800,0.05000
1729145700,0.07000
1729146600,0.07000
1729147500,0.07000
1729148400,0.07000
1729149300,0.07000
1729150200,0.07000
1729151100,0.07000
1729152000,0.07000
1729152900,0.07000
1729153800,0.08000
1729154700,0.00000
1729155600,0.11000
1729156500,0.08000
1729157400,0.07000
1729158300,0.07000
1729159200,0.07000
1729160100,0.08000
1729161000,0.05000
1729161900,0.07000
1729162800,0.06000
1729163700,0.06000
1729164600,0.06000
1729165500,0.06000
1729166400,0.06000
1729167300,0.05000
1729168200,0.00000
1729169100,0.07000
1729170000,0.00000
1729170900,0.01000
1729171800,0.07000
1729172700,0.01000
1729173600,0.05000
1729174500,0.06000
1729175400,0.06000
1729176300,0.05000
1729177200,0.06000
1729178100,0.03000
1729179000,0.06000
1729179900,0.06000
1729180800,0.08000
1729181700,0.09000
1729182600,0.09000
1729183500,0.08000
1729184400,0.08000
1729185300,0.08000
1729186200,0.08000
1729187100,0.08000
1729188000,0.08000
1729188900,0.08000
1729189800,0.08000
1729190700,0.08000
1729191600,0.07000
1729192500,0.09000
1729193400,0.08000
1729194300,0.08000
1729195200,0.08000
1729196100,0.08000
1729197000,0.08000
1729197900,0.06000
1729202400,0.12000
1729203300,0.12000
1729204200,0.11000
1729205100,0.10000
1729206000,0.09000
1729206900,0.09000
1729207800,0.09000
1729208700,0.09000
1729209600,0.10000
1729210500,0.09000
1729211400,0.09000
1729212300,0.09000
1729213200,0.03000
1729214100,0.09000
1729215000,0.10000
1729215900,0.09000
1729216800,0.09000
1729217700,0.09000
1729218600,0.02000
1729219500,0.09000
1729220400,0.09000
1729221300,0.09000
1729222200,0.09000
1729223100,0.09000
1729224000,0.09000
1729224900,0.09000
1729225800,0.09000
1729226700,0.09000
1729227600,0.09000
1729228500,0.09000
1729229400,0.10000
1729230300,0.09000
1729231200,0.00000
1729232100,0.08000
1729233000,0.10000
1729233900,0.07000
1729234800,0.07000
1729235700,0.08000
1729236600,0.07000
1729237500,0.08000
1729238400,0.07000
1729239300,0.07000
1729240200,0.04000
1729241100,0.07000
1729242000,0.07000
1729242900,0.13000
1729243800,0.09000
1729244700,0.07000
1729245600,0.04000
1729246500,0.07000
1729247400,0.06000
1729248300,0.10000
1729249200,0.06000
1729250100,0.04000
1729251000,0.06000
1729251900,0.06000
1729252800,0.06000
1729253700,0.03000
1729254600,0.02000
1729255500,0.06000
1729256400,0.03000
1729257300,0.04000
1729258200,0.01000
1729259100,0.00000
1729260000,0.06000
1729260900,0.00000
1729261800,0.06000
1729262700,0.06000
1729263600,0.00000
1729264500,0.06000
1729265400,0.06000
1729266300,0.06000
1729267200,0.08000
1729268100,0.08000
1729269000,0.08000
1729269900,0.08000
1729270800,0.08000
1729271700,0.08000
1729272600,0.08000
1729273500,0.08000
1729274400,0.08000
1729275300,0.08000
1729276200,0.08000
1729277100,0.08000
1729278000,0.08000
1729278900,0.08000
1729279800,0.02000
1729280700,0.08000
1729281600,0.08000
1729282500,0.08000
1729283400,0.09000
1729461600,0.11000
1729462500,0.11000
1729463400,0.11000
1729464300,0.11000
1729465200,0.11000
1729466100,0.10000
1729467000,0.13000
1729467900,0.12000
1729468800,0.11000
1729469700,0.09000
1729470600,0.10000
1729471500,0.10000
1729472400,0.10000
1729473300,0.11000
1729474200,0.09000
1729475100,0.09000
1729476000,0.09000
1729476900,0.09000
1729477800,0.09000
1729478700,0.06000
1729479600,0.09000
1729480500,0.08000
1729481400,0.09000
1729482300,0.09000
1729483200,0.09000
1729484100,0.09000
1729485000,0.10000
1729485900,0.09000
1729486800,0.05000
1729487700,0.11000
1729488600,0.12000
1729489500,0.11000
1729490400,0.09000
1729491300,0.10000
1729492200,0.09000
1729493100,0.07000
1729494000,0.07000
1729494900,0.07000
1729495800,0.07000
1729496700,0.06000
1729497600,0.07000
1729498500,0.07000
1729499400,0.07000
1729500300,0.07000
1729501200,0.00000
1729502100,0.07000
1729503000,0.07000
1729503900,0.07000
1729504800,0.07000
1729505700,0.07000
1729506600,0.07000
1729507500,0.07000
1729508400,0.07000
1729509300,0.06000
1729510200,0.06000
1729511100,0.06000
1729512000,0.06000
1729512900,0.06000
1729513800,0.06000
1729514700,0.06000
1729515600,0.05000
1729516500,0.06000
1729517400,0.00000
1729518300,0.06000
1729519200,0.06000
1729520100,0.05000
1729521000,0.01000
1729521900,0.06000
1729522800,0.06000
1729523700,0.00000
1729524600,0.06000
1729525500,0.00000
1729526400,0.08000
1729527300,0.08000
1729528200,0.08000
1729529100,0.08000
1729530000,0.08000
1729530900,0.08000
1729531800,0.08000
1729532700,0.08000
1729533600,0.08000
1729534500,0.08000
1729535400,0.08000
1729536300,0.08000
1729537200,0.09000
1729538100,0.08000
1729539000,0.08000
1729539900,0.08000
1729540800,0.08000
1729541700,0.08000
1729542600,0.08000
1729543500,0.16000
1729548000,0.08000
1729548900,0.11000
1729549800,0.11000
1729550700,0.12000
1729551600,0.10000
1729552500,0.11000
1729553400,0.10000
1729554300,0.09000
1729555200,0.10000
1729556100,0.10000
1729557000,0.09000
1729557900,0.09000
1729558800,0.16000
1729559700,0.10000
1729560600,0.11000
1729561500,0.09000
1729562400,0.09000
1729563300,0.09000
1729564200,0.09000
1729565100,0.10000
1729566000,0.10000
1729566900,0.09000
1729567800,0.09000
1729568700,0.09000
1729569600,0.09000
1729570500,0.09000
1729571400,0.09000
1729572300,0.02000
1729573200,0.09000
1729574100,0.09000
1729575000,0.11000
1729575900,0.06000
1729576800,0.07000
1729577700,0.07000
1729578600,0.07000
1729579500,0.07000
1729580400,0.05000
1729581300,0.07000
1729582200,0.07000
1729583100,0.07000
1729584000,0.05000
1729584900,0.07000
1729585800,0.05000
1729586700,0.07000
1729587600,0.06000
1729588500,0.08000
1729589400,0.10000
1729590300,0.07000
1729591200,0.07000
1729592100,0.05000
1729593000,0.07000
1729593900,0.07000
1729594800,0.06000
1729595700,0.06000
1729596600,0.06000
1729597500,0.06000
1729598400,0.06000
1729599300,0.06000
1729600200,0.05000
1729601100,0.06000
1729602000,0.07000
1729602900,0.01000
1729603800,0.03000
1729604700,0.04000
1729605600,0.06000
1729606500,0.05000
1729607400,0.00000
1729608300,0.05000
1729609200,0.06000
1729610100,0.06000
1729611000,0.06000
1729611900,0.06000
1729612800,0.06000
1729613700,0.06000
1729614600,0.08000
1729615500,0.08000
1729616400,0.07000
1729617300,0.08000
1729618200,0.08000
1729619100,0.08000
1729620000,0.08000
1729620900,0.08000
1729621800,0.08000
1729622700,0.08000
1729623600,0.08000
1729624500,0.08000
1729625400,0.08000
1729626300,0.08000
1729627200,0.08000
1729628100,0.08000
1729629000,0.08000
1729629900,0.18000
1729634400,0.12000
1729635300,0.11000
1729636200,0.11000
1729637100,0.11000
1729638000,0.11000
1729638900,0.10000
1729639800,0.12000
1729640700,0.13000
1729641600,0.10000
1729642500,0.09000
1729643400,0.09000
1729644300,0.09000
1729645200,0.12000
1729646100,0.10000
1729647000,0.13000
1729647900,0.11000
1729648800,0.09000
1729649700,0.09000
1729650600,0.09000
1729651500,0.09000
1729652400,0.09000
1729653300,0.09000
1729654200,0.09000
1729655100,0.09000
1729656000,0.09000
1729656900,0.09000
1729657800,0.09000
1729658700,0.09000
1729659600,0.09000
1729660500,0.11000
1729661400,0.12000
1729662300,0.10000
1729663200,0.09000
1729664100,0.08000
1729665000,0.09000
1729665900,0.07000
1729666800,0.07000
1729667700,0.07000
1729668600,0.07000
1729669500,0.07000
1729670400,0.07000
1729671300,0.07000
1729672200,0.07000
1729673100,0.07000
1729674000,0.07000
1729674900,0.06000
1729675800,0.03000
1729676700,0.07000
1729677600,0.07000
1729678500,0.07000
1729679400,0.07000
1729680300,0.07000
1729681200,0.07000
1729682100,0.06000
1729683000,0.06000
1729683900,0.06000
1729684800,0.06000
1729685700,0.02000
1729686600,0.06000
1729687500,0.06000
1729688400,0.00000
1729689300,0.03000
1729690200,0.06000
1729691100,0.01000
1729692000,0.00000
1729692900,0.03000
1729693800,0.06000
1729694700,0.06000
1729695600,0.00000
1729696500,0.06000
1729697400,0.06000
1729698300,0.06000
1729699200,0.07000
1729700100,0.08000
1729701000,0.06000
1729701900,0.08000
1729702800,0.08000
1729703700,0.08000
1729704600,0.05000
1729705500,0.08000
1729706400,0.06000
1729707300,0.08000
1729708200,0.08000
1729709100,0.08000
1729710000,0.08000
1729710900,0.08000
1729711800,0.08000
1729712700,0.08000
1729713600,0.08000
1729714500,0.08000
1729715400,0.08000
1729716300,0.16000
1729720800,0.12000
1729721700,0.12000
1729722600,0.12000
1729723500,0.11000
1729724400,0.10000
1729725300,0.10000
1729726200,0.09000
1729727100,0.12000
1729728000,0.12000
1729728900,0.09000
1729729800,0.09000
1729730700,0.13000
1729731600,0.14000
1729732500,0.12000
1729733400,0.09000
1729734300,0.09000
1729735200,0.09000
1729736100,0.09000
1729737000,0.09000
1729737900,0.09000
1729738800,0.09000
1729739700,0.09000
1729740600,0.09000
1729741500,0.09000
1729742400,0.09000
1729743300,0.09000
1729744200,0.09000
1729745100,0.09000
1729746000,0.09000
1729746900,0.08000
1729747800,0.16000
1729748700,0.11000
1729749600,0.06000
1729750500,0.07000
1729751400,0.07000
1729752300,0.06000
1729753200,0.00000
1729754100,0.07000
1729755000,0.07000
1729755900,0.01000
1729756800,0.03000
1729757700,0.01000
1729758600,0.04000
1729759500,0.06000
1729760400,0.07000
1729761300,0.07000
1729762200,0.02000
1729763100,0.07000
1729764000,0.07000
1729764900,0.07000
1729765800,0.07000
1729766700,0.07000
1729767600,0.06000
1729768500,0.01000
1729769400,0.06000
1729770300,0.06000
1729771200,0.04000
1729772100,0.03000
1729773000,0.00000
1729773900,0.06000
1729774800,0.06000
1729775700,0.06000
1729776600,0.06000
1729777500,0.00000
1729778400,0.00000
1729779300,0.00000
1729780200,0.00000
1729781100,0.06000
1729782000,0.05000
1729782900,0.06000
1729783800,0.05000
1729784700,0.06000
1729785600,0.07000
1729786500,0.08000
1729787400,0.05000
1729788300,0.08000
1729789200,0.08000
1729790100,0.06000
1729791000,0.08000
1729791900,0.08000
1729792800,0.08000
1729793700,0.08000
1729794600,0.08000
1729795500,0.08000
1729796400,0.08000
1729797300,0.08000
1729798200,0.08000
1729799100,0.08000
1729800000,0.08000
1729800900,0.05000
1729801800,0.08000
1729802700,0.12000
1729807200,0.03000
1729808100,0.09000
1729809000,0.09000
1729809900,0.09000
1729810800,0.10000
1729811700,0.09000
1729812600,0.14000
1729813500,0.13000
1729814400,0.14000
1729815300,0.02000
1729816200,0.02000
1729817100,0.09000
1729818000,0.09000
1729818900,0.13000
1729819800,0.12000
1729820700,0.09000
1729821600,0.09000
1729822500,0.09000
1729823400,0.09000
1729824300,0.11000
1729825200,0.09000
1729826100,0.09000
1729827000,0.09000
1729827900,0.09000
1729828800,0.09000
1729829700,0.11000
1729830600,0.10000
1729831500,0.09000
1729832400,0.10000
1729833300,0.09000
1729834200,0.10000
1729835100,0.09000
1729836000,0.11000
1729836900,0.08000
1729837800,0.07000
1729838700,0.07000
1729839600,0.07000
1729840500,0.07000
1729841400,0.07000
1729842300,0.00000
1729843200,0.09000
1729844100,0.05000
1729845000,0.07000
1729845900,0.07000
1729846800,0.07000
1729847700,0.02000
1729848600,0.07000
1729849500,0.06000
1729850400,0.07000
1729851300,0.07000
1729852200,0.07000
1729853100,0.07000
1729854000,0.06000
1729854900,0.06000
1729855800,0.06000
1729856700,0.06000
1729857600,0.06000
1729858500,0.06000
1729859400,0.05000
1729860300,0.06000
1729861200,0.05000
1729862100,0.01000
1729863000,0.06000
1729863900,0.06000
1729864800,0.06000
1729865700,0.06000
1729866600,0.06000
1729867500,0.06000
1729868400,0.06000
1729869300,0.06000
1729870200,0.06000
1729871100,0.06000
1729872000,0.08000
1729872900,0.08000
1729873800,0.08000
1729874700,0.08000
1729875600,0.08000
1729876500,0.08000
1729877400,0.08000
1729878300,0.06000
1729879200,0.08000
1729880100,0.08000
1729881000,0.08000
1729881900,0.08000
1729882800,0.08000
1729883700,0.08000
1729884600,0.08000
1729885500,0.08000
1729886400,0.08000
1729887300,0.08000
1729888200,0.08000
1730066400,0.12000
1730067300,0.11000
1730068200,0.11000
1730069100,0.11000
1730070000,0.11000
1730070900,0.11000
1730071800,0.11000
1730072700,0.12000
1730073600,0.13000
1730074500,0.09000
1730075400,0.09000
1730076300,0.09000
1730077200,0.11000
1730078100,0.10000
1730079000,0.09000
1730079900,0.09000
1730080800,0.09000
1730081700,0.09000
1730082600,0.09000
1730083500,0.09000
1730084400,0.09000
1730085300,0.09000
1730086200,0.09000
1730087100,0.08000
1730088000,0.09000
1730088900,0.09000
1730089800,0.09000
1730090700,0.12000
1730091600,0.09000
1730092500,0.09000
1730093400,0.11000
1730094300,0.11000
1730095200,0.09000
1730096100,0.09000
1730097000,0.07000
1730097900,0.07000
1730098800,0.07000
1730099700,0.04000
1730100600,0.07000
1730101500,0.07000
1730102400,0.07000
1730103300,0.06000
1730104200,0.05000
1730105100,0.07000
1730106000,0.10000
1730106900,0.07000
1730107800,0.10000
1730108700,0.07000
1730109600,0.07000
1730110500,0.07000
1730111400,0.06000
1730112300,0.07000
1730113200,0.06000
1730114100,0.06000
1730115000,0.06000
1730115900,0.06000
1730116800,0.06000
1730117700,0.06000
1730118600,0.06000
1730119500,0.06000
1730120400,0.06000
1730121300,0.06000
1730122200,0.03000
1730123100,0.06000
1730124000,0.01000
1730124900,0.06000
1730125800,0.06000
1730126700,0.06000
1730127600,0.06000
1730128500,0.06000
1730129400,0.08000
1730130300,0.06000
1730131200,0.08000
1730132100,0.08000
1730133000,0.08000
1730133900,0.08000
1730134800,0.08000
1730135700,0.00000
1730136600,0.05000
1730137500,0.08000
1730138400,0.08000
1730139300,0.08000
1730140200,0.08000
1730141100,0.08000
1730142000,0.08000
1730142900,0.08000
1730143800,0.08000
1730144700,0.08000
1730145600,0.08000
1730146500,0.08000
1730147400,0.08000
1730148300,0.16000
1730152800,0.10000
1730153700,0.09000
1730154600,0.09000
1730155500,0.09000
1730156400,0.09000
1730157300,0.09000
1730158200,0.09000
1730159100,0.09000
1730160000,0.09000
1730160900,0.09000
1730161800,0.09000
1730162700,0.09000
1730163600,0.08000
1730164500,0.10000
1730165400,0.09000
1730166300,0.09000
1730167200,0.10000
1730168100,0.09000
1730169000,0.05000
1730169900,0.09000
1730170800,0.09000
1730171700,0.09000
1730172600,0.09000
1730173500,0.09000
1730174400,0.09000
1730175300,0.09000
1730176200,0.09000
1730177100,0.09000
1730178000,0.10000
1730178900,0.09000
1730179800,0.09000
1730180700,0.10000
1730181600,0.09000
1730182500,0.08000
1730183400,0.08000
1730184300,0.07000
1730185200,0.08000
1730186100,0.07000
1730187000,0.07000
1730187900,0.07000
1730188800,0.01000
1730189700,0.05000
1730190600,0.10000
1730191500,0.05000
1730192400,0.09000
1730193300,0.10000
1730194200,0.08000
1730195100,0.07000
1730196000,0.09000
1730196900,0.07000
1730197800,0.08000
1730198700,0.07000
1730199600,0.06000
1730200500,0.06000
1730201400,0.06000
1730202300,0.06000
1730203200,0.06000
1730204100,0.06000
1730205000,0.06000
1730205900,0.06000
1730206800,0.06000
1730207700,0.06000
1730208600,0.06000
1730209500,0.05000
1730210400,0.07000
1730211300,0.02000
1730212200,0.01000
1730213100,0.06000
1730214000,0.06000
1730214900,0.06000
1730215800,0.06000
1730216700,0.06000
1730217600,0.06000
1730218500,0.09000
1730219400,0.08000
1730220300,0.08000
1730221200,0.07000
1730222100,0.08000
1730223000,0.08000
1730223900,0.07000
1730224800,0.08000
1730225700,0.08000
1730226600,0.08000
1730227500,0.08000
1730228400,0.08000
1730229300,0.05000
1730230200,0.08000
1730231100,0.08000
1730232000,0.08000
1730232900,0.08000
1730233800,0.06000
1730234700,0.06000
1730239200,0.12000
1730240100,0.12000
1730241000,0.11000
1730241900,0.10000
1730242800,0.10000
1730243700,0.09000
1730244600,0.09000
1730245500,0.11000
1730246400,0.11000
1730247300,0.10000
1730248200,0.10000
1730249100,0.09000
1730250000,0.14000
1730250900,0.11000
1730251800,0.09000
1730252700,0.09000
1730253600,0.06000
1730254500,0.02000
1730255400,0.11000
1730256300,0.09000
1730257200,0.09000
1730258100,0.10000
1730259000,0.09000
1730259900,0.09000
1730260800,0.09000
1730261700,0.08000
1730262600,0.09000
1730263500,0.09000
1730264400,0.09000
1730265300,0.09000
1730266200,0.13000
1730267100,0.12000
1730268000,0.10000
1730268900,0.07000
1730269800,0.08000
1730270700,0.09000
1730271600,0.07000
1730272500,0.00000
1730273400,0.07000
1730274300,0.11000
1730275200,0.09000
1730276100,0.07000
1730277000,0.03000
1730277900,0.02000
1730278800,0.07000
1730279700,0.03000
1730280600,0.07000
1730281500,0.07000
1730282400,0.09000
1730283300,0.07000
1730284200,0.00000
1730285100,0.09000
1730286000,0.05000
1730286900,0.04000
1730287800,0.04000
1730288700,0.04000
1730289600,0.04000
1730290500,0.00000
1730291400,0.04000
1730292300,0.04000
1730293200,0.00000
1730294100,0.03000
1730295000,0.00000
1730295900,0.03000
1730296800,0.04000
1730297700,0.03000
1730298600,0.04000
1730299500,0.04000
1730300400,0.04000
1730301300,0.04000
1730302200,0.04000
1730303100,0.04000
1730304000,0.04000
1730304900,0.04000
1730305800,0.04000
1730306700,0.04000
1730307600,0.04000
1730308500,0.00000
1730309400,0.04000
1730310300,0.04000
1730311200,0.04000
1730312100,0.04000
1730313000,0.04000
1730313900,0.04000
1730314800,0.04000
1730315700,0.04000
1730316600,0.04000
1730317500,0.04000
1730318400,0.04000
1730319300,0.02000
1730320200,0.04000
1730321100,0.04000
1730325600,0.04000
1730326500,0.04000
1730327400,0.04000
1730328300,0.04000
1730329200,0.04000
1730330100,0.04000
1730331000,0.04000
1730331900,0.04000
1730332800,0.04000
1730333700,0.04000
1730334600,0.04000
1730335500,0.04000
1730336400,0.04000
1730337300,0.04000
1730338200,0.04000
1730339100,0.04000
1730340000,0.04000
1730340900,0.04000
1730341800,0.04000
1730342700,0.04000
1730343600,0.04000
1730344500,0.04000
1730345400,0.04000
1730346300,0.04000
1730347200,0.04000
1730348100,0.04000
1730349000,0.04000
1730349900,0.04000
1730350800,0.04000
1730351700,0.04000
1730352600,0.04000
1730353500,0.04000
1730354400,0.04000
1730355300,0.04000
1730356200,0.04000
1730357100,0.04000
1730358000,0.00000
1730358900,0.04000
1730359800,0.04000
1730360700,0.04000
1730361600,0.04000
1730362500,0.04000
1730363400,0.04000
1730364300,0.04000
1730365200,0.04000
1730366100,0.04000
1730367000,0.04000
1730367900,0.04000
1730368800,0.04000
1730369700,0.03000
1730370600,0.04000
1730371500,0.04000
1730372400,0.04000
1730373300,0.04000
1730374200,0.04000
1730375100,0.04000
1730376000,0.04000
1730376900,0.04000
1730377800,0.04000
1730378700,0.03000
1730379600,0.00000
1730380500,0.00000
1730381400,0.01000
1730382300,0.01000
1730383200,0.03000
1730384100,0.04000
1730385000,0.00000
1730385900,0.00000
1730386800,0.00000
1730387700,0.04000
1730388600,0.04000
1730389500,0.04000
1730390400,0.04000
1730391300,0.04000
1730392200,0.02000
1730393100,0.04000
1730394000,0.04000
1730394900,0.04000
1730395800,0.04000
1730396700,0.04000
1730397600,0.04000
1730398500,0.04000
1730399400,0.01000
1730400300,0.04000
1730401200,0.04000
1730402100,0.04000
1730403000,0.04000
1730403900,0.04000
1730404800,0.04000
1730405700,0.04000
1730406600,0.04000
1730407500,0.04000
1730412000,0.11000
1730412900,0.07000
1730413800,0.05000
1730414700,0.10000
1730415600,0.05000
1730416500,0.04000
1730417400,0.04000
1730418300,0.04000
1730419200,0.04000
1730420100,0.04000
1730421000,0.04000
1730421900,0.04000
1730422800,0.04000
1730423700,0.04000
1730424600,0.04000
1730425500,0.04000
1730426400,0.04000
1730427300,0.04000
1730428200,0.04000
1730429100,0.04000
1730430000,0.04000
1730430900,0.04000
1730431800,0.04000
1730432700,0.04000
1730433600,0.05000
1730434500,0.04000
1730435400,0.04000
1730436300,0.04000
1730437200,0.04000
1730438100,0.04000
1730439000,0.04000
1730439900,0.04000
1730440800,0.04000
1730441700,0.04000
1730442600,0.04000
1730443500,0.04000
1730444400,0.04000
1730445300,0.04000
1730446200,0.04000
1730447100,0.04000
1730448000,0.04000
1730448900,0.04000
1730449800,0.00000
1730450700,0.04000
1730451600,0.04000
1730452500,0.04000
1730453400,0.04000
1730454300,0.04000
1730455200,0.04000
1730456100,0.04000
1730457000,0.04000
1730457900,0.04000
1730458800,0.04000
1730459700,0.04000
1730460600,0.04000
1730461500,0.04000
1730462400,0.04000
1730463300,0.04000
1730464200,0.00000
1730465100,0.03000
1730466000,0.04000
1730466900,0.00000
1730467800,0.00000
1730468700,0.04000
1730469600,0.00000
1730470500,0.00000
1730471400,0.03000
1730472300,0.01000
1730473200,0.04000
1730474100,0.04000
1730475000,0.04000
1730475900,0.02000
1730476800,0.04000
1730477700,0.04000
1730478600,0.01000
1730479500,0.04000
1730480400,0.04000
1730481300,0.02000
1730482200,0.04000
1730483100,0.04000
1730484000,0.04000
1730484900,0.04000
1730485800,0.04000
1730486700,0.04000
1730487600,0.04000
1730488500,0.04000
1730489400,0.04000
1730490300,0.04000
1730491200,0.04000
1730492100,0.04000
1730493000,0.04000
1730674800,0.08000
1730675700,0.04000
1730676600,0.07000
1730677500,0.04000
1730678400,0.04000
1730679300,0.04000
1730680200,0.06000
1730681100,0.05000
1730682000,0.04000
1730682900,0.04000
1730683800,0.04000
1730684700,0.04000
1730685600,0.04000
1730686500,0.04000
1730687400,0.04000
1730688300,0.04000
1730689200,0.04000
1730690100,0.04000
1730691000,0.04000
1730691900,0.04000
1730692800,0.05000
1730693700,0.04000
1730694600,0.04000
1730695500,0.04000
1730696400,0.04000
1730697300,0.04000
1730698200,0.04000
1730699100,0.04000
1730700000,0.04000
1730700900,0.04000
1730701800,0.04000
1730702700,0.04000
1730703600,0.04000
1730704500,0.04000
1730705400,0.04000
1730706300,0.04000
1730707200,0.04000
1730708100,0.04000
1730709000,0.04000
1730709900,0.04000
1730710800,0.04000
1730711700,0.04000
1730712600,0.04000
1730713500,0.04000
1730714400,0.04000
1730715300,0.04000
1730716200,0.04000
1730717100,0.04000
1730718000,0.04000
1730718900,0.03000
1730719800,0.04000
1730720700,0.04000
1730721600,0.04000
1730722500,0.04000
1730723400,0.04000
1730724300,0.04000
1730725200,0.04000
1730726100,0.04000
1730727000,0.04000
1730727900,0.04000
1730728800,0.04000
1730729700,0.04000
1730730600,0.04000
1730731500,0.04000
1730732400,0.04000
1730733300,0.04000
1730734200,0.04000
1730735100,0.04000
1730736000,0.04000
1730736900,0.04000
1730737800,0.04000
1730738700,0.04000
1730739600,0.04000
1730740500,0.04000
1730741400,0.04000
1730742300,0.04000
1730743200,0.04000
1730744100,0.04000
1730745000,0.04000
1730745900,0.04000
1730746800,0.04000
1730747700,0.04000
1730748600,0.04000
1730749500,0.04000
1730750400,0.04000
1730751300,0.04000
1730752200,0.04000
1730753100,0.04000
1730754000,0.04000
1730754900,0.04000
1730755800,0.04000
1730756700,0.04000
1730761200,0.04000
1730762100,0.05000
1730763000,0.04000
1730763900,0.04000
1730764800,0.04000
1730765700,0.05000
1730766600,0.04000
1730767500,0.04000
1730768400,0.04000
1730769300,0.04000
1730770200,0.04000
1730771100,0.04000
1730772000,0.04000
1730772900,0.04000
1730773800,0.01000
1730774700,0.04000
1730775600,0.04000
1730776500,0.04000
1730777400,0.04000
1730778300,0.04000
1730779200,0.04000
1730780100,0.04000
1730781000,0.04000
1730781900,0.04000
1730782800,0.04000
1730783700,0.04000
1730784600,0.04000
1730785500,0.04000
1730786400,0.04000
1730787300,0.04000
1730788200,0.04000
1730789100,0.04000
1730790000,0.04000
1730790900,0.04000
1730791800,0.04000
1730792700,0.04000
1730793600,0.02000
1730794500,0.04000
1730795400,0.04000
1730796300,0.04000
1730797200,0.04000
1730798100,0.04000
1730799000,0.04000
1730799900,0.04000
1730800800,0.04000
1730801700,0.04000
1730802600,0.04000
1730803500,0.04000
1730804400,0.04000
1730805300,0.04000
1730806200,0.04000
1730807100,0.04000
1730808000,0.04000
1730808900,0.04000
1730809800,0.04000
1730810700,0.04000
1730811600,0.04000
1730812500,0.04000
1730813400,0.04000
1730814300,0.04000
1730815200,0.04000
1730816100,0.03000
1730817000,0.00000
1730817900,0.04000
1730818800,0.02000
1730819700,0.04000
1730820600,0.04000
1730821500,0.04000
1730822400,0.04000
1730823300,0.00000
1730824200,0.04000
1730825100,0.04000
1730826000,0.04000
1730826900,0.04000
1730827800,0.00000
1730828700,0.04000
1730829600,0.04000
1730830500,0.04000
1730831400,0.04000
1730832300,0.04000
1730833200,0.04000
1730834100,0.04000
1730835000,0.04000
1730835900,0.04000
1730836800,0.04000
1730837700,0.04000
1730838600,0.04000
1730839500,0.04000
1730840400,0.05000
1730841300,0.00000
1730842200,0.04000
1730843100,0.04000
1730847600,0.14000
1730848500,0.04000
1730849400,0.04000
1730850300,0.04000
1730851200,0.04000
1730852100,0.04000
1730853000,0.04000
1730853900,0.04000
1730854800,0.04000
1730855700,0.04000
1730856600,0.04000
1730857500,0.04000
1730858400,0.04000
1730859300,0.04000
1730860200,0.04000
1730861100,0.04000
1730862000,0.04000
1730862900,0.04000
1730863800,0.04000
1730864700,0.04000
1730865600,0.04000
1730866500,0.04000
1730867400,0.04000
1730868300,0.04000
1730869200,0.04000
1730870100,0.04000
1730871000,0.04000
1730871900,0.04000
1730872800,0.04000
1730873700,0.02000
1730874600,0.04000
1730875500,0.04000
1730876400,0.00000
1730877300,0.04000
1730878200,0.04000
1730879100,0.04000
1730880000,0.00000
1730880900,0.00000
1730881800,0.04000
1730882700,0.04000
1730883600,0.02000
1730884500,0.04000
1730885400,0.04000
1730886300,0.04000
1730887200,0.04000
1730888100,0.04000
1730889000,0.04000
1730889900,0.04000
1730890800,0.04000
1730891700,0.04000
1730892600,0.04000
1730893500,0.00000
1730894400,0.04000
1730895300,0.04000
1730896200,0.04000
1730897100,0.04000
1730898000,0.03000
1730898900,0.02000
1730899800,0.00000
1730900700,0.00000
1730901600,0.02000
1730902500,0.04000
1730903400,0.04000
1730904300,0.04000
1730905200,0.00000
1730906100,0.00000
1730907000,0.00000
1730907900,0.04000
1730908800,0.01000
1730909700,0.00000
1730910600,0.04000
1730911500,0.04000
1730912400,0.04000
1730913300,0.04000
1730914200,0.04000
1730915100,0.04000
1730916000,0.04000
1730916900,0.04000
1730917800,0.04000
1730918700,0.04000
1730919600,0.04000
1730920500,0.04000
1730921400,0.05000
1730922300,0.05000
1730923200,0.04000
1730924100,0.04000
1730925000,0.04000
1730925900,0.04000
1730926800,0.04000
1730927700,0.04000
1730928600,0.04000
1730929500,0.04000
1730934000,0.04000
1730934900,0.04000
1730935800,0.07000
1730936700,0.08000
1730937600,0.04000
1730938500,0.04000
1730939400,0.04000
1730940300,0.04000
1730941200,0.04000
1730942100,0.04000
1730943000,0.04000
1730943900,0.04000
1730944800,0.02000
1730945700,0.04000
1730946600,0.04000
1730947500,0.04000
1730948400,0.04000
1730949300,0.04000
1730950200,0.04000
1730951100,0.04000
1730952000,0.04000
1730952900,0.04000
1730953800,0.04000
1730954700,0.04000
1730955600,0.04000
1730956500,0.04000
1730957400,0.04000
1730958300,0.04000
1730959200,0.04000
1730960100,0.04000
1730961000,0.04000
1730961900,0.05000
1730962800,0.04000
1730963700,0.04000
1730964600,0.04000
1730965500,0.04000
1730966400,0.01000
1730967300,0.04000
1730968200,0.04000
1730969100,0.04000
1730970000,0.04000
1730970900,0.04000
1730971800,0.04000
1730972700,0.04000
1730973600,0.04000
1730974500,0.04000
1730975400,0.04000
1730976300,0.04000
1730977200,0.04000
1730978100,0.04000
1730979000,0.06000
1730979900,0.04000
1730980800,0.04000
1730981700,0.04000
1730982600,0.03000
1730983500,0.04000
1730984400,0.03000
1730985300,0.04000
1730986200,0.01000
1730987100,0.04000
1730988000,0.04000
1730988900,0.04000
1730989800,0.00000
1730990700,0.04000
1730991600,0.00000
1730992500,0.04000
1730993400,0.04000
1730994300,0.04000
1730995200,0.04000
1730996100,0.02000
1730997000,0.02000
1730997900,0.04000
1730998800,0.02000
1730999700,0.04000
1731000600,0.00000
1731001500,0.04000
1731002400,0.04000
1731003300,0.04000
1731004200,0.04000
1731005100,0.02000
1731006000,0.00000
1731006900,0.04000
1731007800,0.03000
1731008700,0.00000
1731009600,0.01000
1731010500,0.03000
1731011400,0.04000
1731012300,0.04000
1731013200,0.04000
1731014100,0.04000
1731015000,0.07000
1731015900,0.04000
1731020400,0.09000
1731021300,0.04000
1731022200,0.04000
1731023100,0.04000
1731024000,0.04000
1731024900,0.06000
1731025800,0.04000
1731026700,0.04000
1731027600,0.04000
1731028500,0.04000
1731029400,0.04000
1731030300,0.04000
1731031200,0.04000
1731032100,0.04000
1731033000,0.04000
1731033900,0.04000
1731034800,0.04000
1731035700,0.04000
1731036600,0.04000
1731037500,0.04000
1731038400,0.04000
1731039300,0.04000
1731040200,0.04000
1731041100,0.04000
1731042000,0.04000
1731042900,0.04000
1731043800,0.04000
1731044700,0.04000
1731045600,0.04000
1731046500,0.04000
1731047400,0.04000
1731048300,0.04000
1731049200,0.04000
1731050100,0.04000
1731051000,0.04000
1731051900,0.04000
1731052800,0.04000
1731053700,0.04000
1731054600,0.03000
1731055500,0.04000
1731056400,0.03000
1731057300,0.04000
1731058200,0.04000
1731059100,0.04000
1731060000,0.04000
1731060900,0.00000
1731061800,0.04000
1731062700,0.04000
1731063600,0.04000
1731064500,0.04000
1731065400,0.04000
1731066300,0.04000
1731067200,0.04000
1731068100,0.04000
1731069000,0.04000
1731069900,0.04000
1731070800,0.04000
1731071700,0.04000
1731072600,0.04000
1731073500,0.00000
1731074400,0.00000
1731075300,0.04000
1731076200,0.00000
1731077100,0.00000
1731078000,0.00000
1731078900,0.04000
1731079800,0.04000
1731080700,0.04000
1731081600,0.04000
1731082500,0.04000
1731083400,0.04000
1731084300,0.00000
1731085200,0.04000
1731086100,0.04000
1731087000,0.00000
1731087900,0.04000
1731088800,0.04000
1731089700,0.04000
1731090600,0.04000
1731091500,0.04000
1731092400,0.04000
1731093300,0.04000
1731094200,0.04000
1731095100,0.04000
1731096000,0.04000
1731096900,0.04000
1731097800,0.04000
1731098700,0.04000
1731099600,0.04000
1731100500,0.06000
1731101400,0.15000
1731279600,0.04000
1731280500,0.04000
1731281400,0.04000
1731282300,0.04000
1731283200,0.03000
1731284100,0.04000
1731285000,0.04000
1731285900,0.04000
1731286800,0.04000
1731287700,0.04000
1731288600,0.04000
1731289500,0.04000
1731290400,0.04000
1731291300,0.04000
1731292200,0.00000
1731293100,0.04000
1731294000,0.04000
1731294900,0.04000
1731295800,0.04000
1731296700,0.04000
1731297600,0.04000
1731298500,0.04000
1731299400,0.04000
1731300300,0.04000
1731301200,0.04000
1731302100,0.04000
1731303000,0.00000
1731303900,0.04000
1731304800,0.04000
1731305700,0.04000
1731306600,0.04000
1731307500,0.04000
1731308400,0.04000
1731309300,0.04000
1731310200,0.04000
1731311100,0.04000
1731312000,0.02000
1731312900,0.04000
1731313800,0.04000
1731314700,0.04000
1731315600,0.04000
1731316500,0.04000
1731317400,0.04000
1731318300,0.04000
1731319200,0.04000
1731320100,0.00000
1731321000,0.04000
1731321900,0.01000
1731322800,0.04000
1731323700,0.04000
1731324600,0.04000
1731325500,0.04000
1731326400,0.03000
1731327300,0.02000
1731328200,0.04000
1731329100,0.04000
1731330000,0.04000
1731330900,0.03000
1731331800,0.03000
1731332700,0.00000
1731333600,0.01000
1731334500,0.04000
1731335400,0.00000
1731336300,0.02000
1731337200,0.04000
1731338100,0.04000
1731339000,0.00000
1731339900,0.04000
1731340800,0.04000
1731341700,0.04000
1731342600,0.04000
1731343500,0.04000
1731344400,0.04000
1731345300,0.00000
1731346200,0.04000
1731347100,0.04000
1731348000,0.04000
1731348900,0.04000
1731349800,0.04000
1731350700,0.04000
1731351600,0.04000
1731352500,0.04000
1731353400,0.04000
1731354300,0.06000
1731355200,0.04000
1731356100,0.04000
1731357000,0.04000
1731357900,0.04000
1731358800,0.00000
1731359700,0.03000
1731360600,0.05000
1731361500,0.04000
1731366000,0.04000
1731366900,0.07000
1731367800,0.05000
1731368700,0.07000
1731369600,0.04000
1731370500,0.04000
1731371400,0.04000
1731372300,0.04000
1731373200,0.04000
1731374100,0.04000
1731375000,0.04000
1731375900,0.04000
1731376800,0.04000
1731377700,0.04000
1731378600,0.04000
1731379500,0.04000
1731380400,0.04000
1731381300,0.04000
1731382200,0.04000
1731383100,0.04000
1731384000,0.00000
1731384900,0.04000
1731385800,0.04000
1731386700,0.04000
1731387600,0.04000
1731388500,0.04000
1731389400,0.04000
1731390300,0.04000
1731391200,0.04000
1731392100,0.04000
1731393000,0.04000
1731393900,0.04000
1731394800,0.00000
1731395700,0.04000
1731396600,0.04000
1731397500,0.04000
1731398400,0.00000
1731399300,0.04000
1731400200,0.04000
1731401100,0.04000
1731402000,0.00000
1731402900,0.03000
1731403800,0.04000
1731404700,0.04000
1731405600,0.04000
1731406500,0.04000
1731407400,0.04000
1731408300,0.04000
1731409200,0.04000
1731410100,0.00000
1731411000,0.04000
1731411900,0.04000
1731412800,0.00000
1731413700,0.00000
1731414600,0.04000
1731415500,0.04000
1731416400,0.04000
1731417300,0.00000
1731418200,0.04000
1731419100,0.04000
1731420000,0.04000
1731420900,0.04000
1731421800,0.04000
1731422700,0.04000
1731423600,0.00000
1731424500,0.04000
1731425400,0.04000
1731426300,0.04000
1731427200,0.04000
1731428100,0.04000
1731429000,0.04000
1731429900,0.04000
1731430800,0.04000
1731431700,0.00000
1731432600,0.04000
1731433500,0.04000
1731434400,0.04000
1731435300,0.04000
1731436200,0.04000
1731437100,0.04000
1731438000,0.04000
1731438900,0.04000
1731439800,0.04000
1731440700,0.04000
1731441600,0.03000
1731442500,0.04000
1731443400,0.04000
1731444300,0.04000
1731445200,0.04000
1731446100,0.04000
1731447000,0.04000
1731447900,0.04000
1731452400,0.07000
1731453300,0.06000
1731454200,0.10000
1731455100,0.06000
1731456000,0.06000
1731456900,0.06000
1731457800,0.04000
1731458700,0.04000
1731459600,0.04000
1731460500,0.04000
1731461400,0.04000
1731462300,0.04000
1731463200,0.04000
1731464100,0.04000
1731465000,0.04000
1731465900,0.04000
1731466800,0.00000
1731467700,0.03000
1731468600,0.04000
1731469500,0.04000
1731470400,0.04000
1731471300,0.04000
1731472200,0.04000
1731473100,0.04000
1731474000,0.00000
1731474900,0.04000
1731475800,0.04000
1731476700,0.04000
1731477600,0.04000
1731478500,0.04000
1731479400,0.04000
1731480300,0.04000
1731481200,0.04000
1731482100,0.04000
1731483000,0.04000
1731483900,0.04000
1731484800,0.04000
1731485700,0.04000
1731486600,0.04000
1731487500,0.04000
1731488400,0.04000
1731489300,0.04000
1731490200,0.04000
1731491100,0.04000
1731492000,0.04000
1731492900,0.04000
1731493800,0.04000
1731494700,0.04000
1731495600,0.04000
1731496500,0.04000
1731497400,0.04000
1731498300,0.04000
1731499200,0.04000
1731500100,0.04000
1731501000,0.04000
1731501900,0.04000
1731502800,0.04000
1731503700,0.04000
1731504600,0.02000
1731505500,0.00000
1731506400,0.00000
1731507300,0.04000
1731508200,0.04000
1731509100,0.03000
1731510000,0.00000
1731510900,0.04000
1731511800,0.04000
1731512700,0.04000
1731513600,0.04000
1731514500,0.04000
1731515400,0.00000
1731516300,0.02000
1731517200,0.03000
1731518100,0.04000
1731519000,0.00000
1731519900,0.04000
1731520800,0.04000
1731521700,0.04000
1731522600,0.04000
1731523500,0.04000
1731524400,0.04000
1731525300,0.04000
1731526200,0.04000
1731527100,0.04000
1731528000,0.04000
1731528900,0.04000
1731529800,0.04000
1731530700,0.04000
1731531600,0.02000
1731532500,0.04000
1731533400,0.04000
1731534300,0.04000
1731538800,0.10000
1731539700,0.04000
1731540600,0.04000
1731541500,0.04000
1731542400,0.04000
1731543300,0.04000
1731544200,0.04000
1731545100,0.04000
1731546000,0.04000
1731546900,0.04000
1731547800,0.04000
1731548700,0.04000
1731549600,0.04000
1731550500,0.04000
1731551400,0.04000
1731552300,0.04000
1731553200,0.04000
1731554100,0.04000
1731555000,0.04000
1731555900,0.04000
1731556800,0.04000
1731557700,0.04000
1731558600,0.04000
1731559500,0.04000
1731560400,0.04000
1731561300,0.04000
1731562200,0.04000
1731563100,0.04000
1731564000,0.04000
1731564900,0.04000
1731565800,0.04000
1731566700,0.04000
1731567600,0.04000
1731568500,0.04000
1731569400,0.04000
1731570300,0.04000
1731571200,0.04000
1731572100,0.04000
1731573000,0.04000
1731573900,0.04000
1731574800,0.04000
1731575700,0.04000
1731576600,0.01000
1731577500,0.04000
1731578400,0.04000
1731579300,0.04000
1731580200,0.04000
1731581100,0.04000
1731582000,0.04000
1731582900,0.04000
1731583800,0.04000
1731584700,0.04000
1731585600,0.02000
1731586500,0.04000
1731587400,0.04000
1731588300,0.04000
1731589200,0.04000
1731590100,0.03000
1731591000,0.00000
1731591900,0.02000
1731592800,0.00000
1731593700,0.00000
1731594600,0.03000
1731595500,0.04000
1731596400,0.00000
1731597300,0.04000
1731598200,0.04000
1731599100,0.04000
1731600000,0.04000
1731600900,0.04000
1731601800,0.04000
1731602700,0.04000
1731603600,0.04000
1731604500,0.04000
1731605400,0.04000
1731606300,0.04000
1731607200,0.04000
1731608100,0.04000
1731609000,0.00000
1731609900,0.04000
1731610800,0.04000
1731611700,0.04000
1731612600,0.04000
1731613500,0.04000
1731614400,0.02000
1731615300,0.04000
1731616200,0.04000
1731617100,0.04000
1731618000,0.04000
1731618900,0.04000
1731619800,0.04000
1731620700,0.04000
1731625200,0.07000
1731626100,0.07000
1731627000,0.06000
1731627900,0.07000
1731628800,0.04000
1731629700,0.04000
1731630600,0.04000
1731631500,0.04000
1731632400,0.02000
1731633300,0.04000
1731634200,0.04000
1731635100,0.04000
1731636000,0.04000
1731636900,0.04000
1731637800,0.04000
1731638700,0.04000
1731639600,0.04000
1731640500,0.04000
1731641400,0.05000
1731642300,0.04000
1731643200,0.04000
1731644100,0.04000
1731645000,0.06000
1731645900,0.04000
1731646800,0.04000
1731647700,0.04000
1731648600,0.04000
1731649500,0.04000
1731650400,0.04000
1731651300,0.04000
1731652200,0.04000
1731653100,0.04000
1731654000,0.04000
1731654900,0.04000
1731655800,0.04000
1731656700,0.04000
1731657600,0.04000
1731658500,0.04000
1731659400,0.04000
1731660300,0.04000
1731661200,0.04000
1731662100,0.04000
1731663000,0.04000
1731663900,0.04000
1731664800,0.04000
1731665700,0.04000
1731666600,0.04000
1731667500,0.04000
1731668400,0.04000
1731669300,0.04000
1731670200,0.04000
1731671100,0.04000
1731672000,0.04000
1731672900,0.04000
1731673800,0.04000
1731674700,0.04000
1731675600,0.04000
1731676500,0.04000
1731677400,0.00000
1731678300,0.00000
1731679200,0.04000
1731680100,0.04000
1731681000,0.04000
1731681900,0.04000
1731682800,0.04000
1731683700,0.04000
1731684600,0.04000
1731685500,0.04000
1731686400,0.04000
1731687300,0.04000
1731688200,0.04000
1731689100,0.04000
1731690000,0.04000
1731690900,0.04000
1731691800,0.04000
1731692700,0.04000
1731693600,0.04000
1731694500,0.04000
1731695400,0.04000
1731696300,0.04000
1731697200,0.04000
1731698100,0.04000
1731699000,0.04000
1731699900,0.04000
1731700800,0.04000
1731701700,0.04000
1731702600,0.04000
1731703500,0.04000
1731704400,0.04000
1731705300,0.04000
1731706200,0.04000
1731884400,0.04000
1731885300,0.04000
1731886200,0.04000
1731887100,0.04000
1731888000,0.04000
1731888900,0.04000
1731889800,0.04000
1731890700,0.04000
1731891600,0.04000
1731892500,0.04000
1731893400,0.04000
1731894300,0.04000
1731895200,0.04000
1731896100,0.04000
1731897000,0.04000
1731897900,0.04000
1731898800,0.04000
1731899700,0.04000
1731900600,0.04000
1731901500,0.04000
1731902400,0.04000
1731903300,0.04000
1731904200,0.04000
1731905100,0.04000
1731906000,0.04000
1731906900,0.04000
1731907800,0.04000
1731908700,0.04000
1731909600,0.04000
1731910500,0.04000
1731911400,0.04000
1731912300,0.04000
1731913200,0.04000
1731914100,0.04000
1731915000,0.04000
1731915900,0.04000
1731916800,0.04000
1731917700,0.04000
1731918600,0.04000
1731919500,0.04000
1731920400,0.04000
1731921300,0.04000
1731922200,0.04000
1731923100,0.04000
1731924000,0.04000
1731924900,0.04000
1731925800,0.04000
1731926700,0.04000
1731927600,0.04000
1731928500,0.04000
1731929400,0.04000
1731930300,0.04000
1731931200,0.04000
1731932100,0.04000
1731933000,0.04000
1731933900,0.04000
1731934800,0.04000
1731935700,0.04000
1731936600,0.04000
1731937500,0.04000
1731938400,0.04000
1731939300,0.04000
1731940200,0.04000
1731941100,0.04000
1731942000,0.04000
1731942900,0.04000
1731943800,0.04000
1731944700,0.04000
1731945600,0.04000
1731946500,0.04000
1731947400,0.04000
1731948300,0.04000
1731949200,0.04000
1731950100,0.04000
1731951000,0.04000
1731951900,0.04000
1731952800,0.04000
1731953700,0.04000
1731954600,0.04000
1731955500,0.04000
1731956400,0.04000
1731957300,0.04000
1731958200,0.04000
1731959100,0.04000
1731960000,0.04000
1731960900,0.04000
1731961800,0.04000
1731962700,0.04000
1731963600,0.04000
1731964500,0.04000
1731965400,0.04000
1731966300,0.04000
1731970800,0.10000
1731971700,0.17000
1731972600,0.16000
1731973500,0.14000
1731974400,0.04000
1731975300,0.04000
1731976200,0.04000
1731977100,0.04000
1731978000,0.04000
1731978900,0.04000
1731979800,0.04000
1731980700,0.04000
1731981600,0.04000
1731982500,0.04000
1731983400,0.04000
1731984300,0.04000
1731985200,0.04000
1731986100,0.04000
1731987000,0.04000
1731987900,0.04000
1731988800,0.04000
1731989700,0.04000
1731990600,0.04000
1731991500,0.04000
1731992400,0.05000
1731993300,0.04000
1731994200,0.04000
1731995100,0.04000
1731996000,0.04000
1731996900,0.04000
1731997800,0.04000
1731998700,0.04000
1731999600,0.04000
1732000500,0.04000
1732001400,0.04000
1732002300,0.04000
1732003200,0.04000
1732004100,0.04000
1732005000,0.04000
1732005900,0.04000
1732006800,0.04000
1732007700,0.04000
1732008600,0.00000
1732009500,0.04000
1732010400,0.04000
1732011300,0.04000
1732012200,0.04000
1732013100,0.04000
1732014000,0.04000
1732014900,0.04000
1732015800,0.04000
1732016700,0.04000
1732017600,0.04000
1732018500,0.04000
1732019400,0.04000
1732020300,0.04000
1732021200,0.04000
1732022100,0.04000
1732023000,0.04000
1732023900,0.04000
1732024800,0.04000
1732025700,0.04000
1732026600,0.04000
1732027500,0.04000
1732028400,0.04000
1732029300,0.04000
1732030200,0.04000
1732031100,0.04000
1732032000,0.04000
1732032900,0.04000
1732033800,0.04000
1732034700,0.04000
1732035600,0.04000
1732036500,0.04000
1732037400,0.04000
1732038300,0.04000
1732039200,0.04000
1732040100,0.04000
1732041000,0.04000
1732041900,0.04000
1732042800,0.04000
1732043700,0.04000
1732044600,0.04000
1732045500,0.04000
1732046400,0.04000
1732047300,0.04000
1732048200,0.04000
1732049100,0.04000
1732050000,0.04000
1732050900,0.04000
1732051800,0.04000
1732052700,0.04000
1732057200,0.04000
1732058100,0.04000
1732059000,0.04000
1732059900,0.04000
1732060800,0.04000
1732061700,0.04000
1732062600,0.04000
1732063500,0.04000
1732064400,0.03000
1732065300,0.04000
1732066200,0.04000
1732067100,0.04000
1732068000,0.04000
1732068900,0.04000
1732069800,0.04000
1732070700,0.04000
1732071600,0.04000
1732072500,0.04000
1732073400,0.04000
1732074300,0.04000
1732075200,0.04000
1732076100,0.04000
1732077000,0.04000
1732077900,0.04000
1732078800,0.04000
1732079700,0.04000
1732080600,0.04000
1732081500,0.04000
1732082400,0.04000
1732083300,0.04000
1732084200,0.04000
1732085100,0.04000
1732086000,0.04000
1732086900,0.04000
1732087800,0.04000
1732088700,0.04000
1732089600,0.04000
1732090500,0.04000
1732091400,0.04000
1732092300,0.04000
1732093200,0.04000
1732094100,0.04000
1732095000,0.04000
1732095900,0.04000
1732096800,0.04000
1732097700,0.04000
1732098600,0.04000
1732099500,0.04000
1732100400,0.04000
1732101300,0.04000
1732102200,0.04000
1732103100,0.04000
1732104000,0.04000
1732104900,0.04000
1732105800,0.04000
1732106700,0.04000
1732107600,0.04000
1732108500,0.04000
1732109400,0.04000
1732110300,0.04000
1732111200,0.04000
1732112100,0.04000
1732113000,0.04000
1732113900,0.04000
1732114800,0.04000
1732115700,0.04000
1732116600,0.04000
1732117500,0.00000
1732118400,0.04000
1732119300,0.04000
1732120200,0.04000
1732121100,0.04000
1732122000,0.04000
1732122900,0.04000
1732123800,0.03000
1732124700,0.04000
1732125600,0.04000
1732126500,0.04000
1732127400,0.04000
1732128300,0.04000
1732129200,0.04000
1732130100,0.04000
1732131000,0.04000
1732131900,0.04000
1732132800,0.04000
1732133700,0.04000
1732134600,0.04000
1732135500,0.04000
1732136400,0.04000
1732137300,0.04000
1732138200,0.04000
1732139100,0.04000
1732143600,0.00000
1732144500,0.12000
1732145400,0.05000
1732146300,0.05000
1732147200,0.04000
1732148100,0.04000
1732149000,0.04000
1732149900,0.04000
1732150800,0.04000
1732151700,0.04000
1732152600,0.04000
1732153500,0.04000
1732154400,0.04000
1732155300,0.04000
1732156200,0.04000
1732157100,0.04000
1732158000,0.04000
1732158900,0.04000
1732159800,0.04000
1732160700,0.04000
1732161600,0.04000
1732162500,0.04000
1732163400,0.04000
1732164300,0.04000
1732165200,0.02000
1732166100,0.04000
1732167000,0.04000
1732167900,0.04000
1732168800,0.04000
1732169700,0.04000
1732170600,0.04000
1732171500,0.04000
1732172400,0.04000
1732173300,0.04000
1732174200,0.04000
1732175100,0.04000
1732176000,0.04000
1732176900,0.04000
1732177800,0.04000
1732178700,0.04000
1732179600,0.01000
1732180500,0.00000
1732181400,0.03000
1732182300,0.04000
1732183200,0.04000
1732184100,0.04000
1732185000,0.04000
1732185900,0.04000
1732186800,0.04000
1732187700,0.04000
1732188600,0.04000
1732189500,0.04000
1732190400,0.04000
1732191300,0.04000
1732192200,0.04000
1732193100,0.04000
1732194000,0.04000
1732194900,0.04000
1732195800,0.04000
1732196700,0.00000
1732197600,0.00000
1732198500,0.04000
1732199400,0.04000
1732200300,0.04000
1732201200,0.04000
1732202100,0.03000
1732203000,0.04000
1732203900,0.04000
1732204800,0.04000
1732205700,0.04000
1732206600,0.04000
1732207500,0.04000
1732208400,0.04000
1732209300,0.04000
1732210200,0.04000
1732211100,0.04000
1732212000,0.04000
1732212900,0.04000
1732213800,0.04000
1732214700,0.04000
1732215600,0.04000
1732216500,0.04000
1732217400,0.04000
1732218300,0.04000
1732219200,0.04000
1732220100,0.04000
1732221000,0.04000
1732221900,0.04000
1732222800,0.04000
1732223700,0.04000
1732224600,0.04000
1732225500,0.04000
1732230000,0.04000
1732230900,0.04000
1732231800,0.05000
1732232700,0.07000
1732233600,0.04000
1732234500,0.04000
1732235400,0.04000
1732236300,0.04000
1732237200,0.04000
1732238100,0.04000
1732239000,0.04000
1732239900,0.04000
1732240800,0.04000
1732241700,0.04000
1732242600,0.04000
1732243500,0.04000
1732244400,0.04000
1732245300,0.04000
1732246200,0.04000
1732247100,0.04000
1732248000,0.04000
1732248900,0.04000
1732249800,0.04000
1732250700,0.04000
1732251600,0.04000
1732252500,0.05000
1732253400,0.04000
1732254300,0.04000
1732255200,0.04000
1732256100,0.04000
1732257000,0.04000
1732257900,0.04000
1732258800,0.04000
1732259700,0.04000
1732260600,0.04000
1732261500,0.04000
1732262400,0.04000
1732263300,0.04000
1732264200,0.04000
1732265100,0.04000
1732266000,0.04000
1732266900,0.04000
1732267800,0.04000
1732268700,0.04000
1732269600,0.04000
1732270500,0.04000
1732271400,0.04000
1732272300,0.04000
1732273200,0.04000
1732274100,0.04000
1732275000,0.04000
1732275900,0.00000
1732276800,0.01000
1732277700,0.00000
1732278600,0.00000
1732279500,0.00000
1732280400,0.00000
1732281300,0.00000
1732282200,0.00000
1732283100,0.00000
1732284000,0.00000
1732284900,0.01000
1732285800,0.00000
1732286700,0.00000
1732287600,0.00000
1732288500,0.00000
1732289400,0.00000
1732290300,0.00000
1732291200,0.00000
1732292100,0.01000
1732293000,0.00000
1732293900,0.00000
1732294800,0.00000
1732295700,0.00000
1732296600,0.00000
1732297500,0.00000
1732298400,0.00000
1732299300,0.01000
1732300200,0.00000
1732301100,0.00000
1732302000,0.00000
1732302900,0.00000
1732303800,0.00000
1732304700,0.00000
1732305600,0.00000
1732306500,0.01000
1732307400,0.00000
1732308300,0.00000
1732309200,0.00000
1732310100,0.02000
1732311000,0.00000
1732489200,0.00000
1732490100,0.00000
1732491000,0.00000
1732491900,0.00000
1732492800,0.02000
1732493700,0.00000
1732494600,0.00000
1732495500,0.00000
1732496400,0.00000
1732497300,0.00000
1732498200,0.00000
1732499100,0.00000
1732500000,0.00000
1732500900,0.00000
1732501800,0.00000
1732502700,0.00000
1732503600,0.01000
1732504500,0.00000
1732505400,0.00000
1732506300,0.00000
1732507200,0.00000
1732508100,0.00000
1732509000,0.00000
1732509900,0.00000
1732510800,0.02000
1732511700,0.01000
1732512600,0.00000
1732513500,0.00000
1732514400,0.00000
1732515300,0.00000
1732516200,0.00000
1732517100,0.01000
1732518000,0.00000
1732518900,0.00000
1732519800,0.00000
1732520700,0.00000
1732521600,0.00000
1732522500,0.00000
1732523400,0.00000
1732524300,0.00000
1732525200,0.00000
1732526100,0.00000
1732527000,0.00000
1732527900,0.00000
1732528800,0.00000
1732529700,0.00000
1732530600,0.00000
1732531500,0.01000
1732532400,0.00000
1732533300,0.00000
1732534200,0.01000
1732535100,0.01000
1732536000,0.00000
1732536900,0.01000
1732537800,0.01000
1732538700,0.00000
1732539600,0.01000
1732540500,0.00000
1732541400,0.00000
1732542300,0.00000
1732543200,0.00000
1732544100,0.00000
1732545000,0.00000
1732545900,0.00000
1732546800,0.00000
1732547700,0.00000
1732548600,0.00000
1732549500,0.00000
1732550400,0.00000
1732551300,0.00000
1732552200,0.00000
1732553100,0.00000
1732554000,0.00000
1732554900,0.00000
1732555800,0.01000
1732556700,0.00000
1732557600,0.00000
1732558500,0.01000
1732559400,0.01000
1732560300,0.00000
1732561200,0.00000
1732562100,0.00000
1732563000,0.01000
1732563900,0.00000
1732564800,0.01000
1732565700,0.01000
1732566600,0.00000
1732567500,0.01000
1732568400,0.01000
1732569300,0.02000
1732570200,0.02000
1732571100,0.05000
1732575600,0.00000
1732576500,0.01000
1732577400,0.00000
1732578300,0.00000
1732579200,0.00000
1732580100,0.00000
1732581000,0.00000
1732581900,0.00000
1732582800,0.00000
1732583700,0.00000
1732584600,0.00000
1732585500,0.00000
1732586400,0.00000
1732587300,0.00000
1732588200,0.00000
1732589100,0.01000
1732590000,0.00000
1732590900,0.01000
1732591800,0.02000
1732592700,0.00000
1732593600,0.00000
1732594500,0.00000
1732595400,0.00000
1732596300,0.02000
1732597200,0.00000
1732598100,0.01000
1732599000,0.00000
1732599900,0.01000
1732600800,0.01000
1732601700,0.00000
1732602600,0.02000
1732603500,0.00000
1732604400,0.00000
1732605300,0.00000
1732606200,0.00000
1732607100,0.00000
1732608000,0.00000
1732608900,0.00000
1732609800,0.00000
1732610700,0.00000
1732611600,0.00000
1732612500,0.00000
1732613400,0.00000
1732614300,0.00000
1732615200,0.00000
1732616100,0.00000
1732617000,0.00000
1732617900,0.02000
1732618800,0.00000
1732619700,0.00000
1732620600,0.00000
1732621500,0.00000
1732622400,0.00000
1732623300,0.00000
1732624200,0.02000
1732625100,0.00000
1732626000,0.00000
1732626900,0.00000
1732627800,0.00000
1732628700,0.00000
1732629600,0.00000
1732630500,0.00000
1732631400,0.00000
1732632300,0.00000
1732633200,0.00000
1732634100,0.00000
1732635000,0.00000
1732635900,0.00000
1732636800,0.00000
1732637700,0.00000
1732638600,0.00000
1732639500,0.00000
1732640400,0.00000
1732641300,0.00000
1732642200,0.00000
1732643100,0.00000
1732644000,0.00000
1732644900,0.02000
1732645800,0.00000
1732646700,0.00000
1732647600,0.00000
1732648500,0.01000
1732649400,0.02000
1732650300,0.02000
1732651200,0.02000
1732652100,0.02000
1732653000,0.01000
1732653900,0.00000
1732654800,0.00000
1732655700,0.02000
1732656600,0.00000
1732657500,0.04000
1732662000,0.00000
1732662900,0.03000
1732663800,0.00000
1732664700,0.06000
1732665600,0.10000
1732666500,0.04000
1732667400,0.04000
1732668300,0.03000
1732669200,0.08000
1732670100,0.05000
1732671000,0.07000
1732671900,0.02000
1732672800,0.00000
1732673700,0.00000
1732674600,0.00000
1732675500,0.00000
1732676400,0.00000
1732677300,0.03000
1732678200,0.03000
1732679100,0.01000
1732680000,0.00000
1732680900,0.04000
1732681800,0.00000
1732682700,0.00000
1732683600,0.04000
1732684500,0.02000
1732685400,0.01000
1732686300,0.03000
1732687200,0.00000
1732688100,0.02000
1732689000,0.04000
1732689900,0.02000
1732690800,0.00000
1732691700,0.00000
1732692600,0.02000
1732693500,0.03000
1732694400,0.02000
1732695300,0.00000
1732696200,0.00000
1732697100,0.02000
1732698000,0.01000
1732698900,0.01000
1732699800,0.02000
1732700700,0.03000
1732701600,0.02000
1732702500,0.00000
1732703400,0.00000
1732704300,0.01000
1732705200,0.00000
1732706100,0.00000
1732707000,0.00000
1732707900,0.00000
1732708800,0.01000
1732709700,0.02000
1732710600,0.00000
1732711500,0.03000
1732712400,0.00000
1732713300,0.00000
1732714200,0.00000
1732715100,0.01000
1732716000,0.00000
1732716900,0.00000
1732717800,0.00000
1732718700,0.01000
1732719600,0.00000
1732720500,0.04000
1732721400,0.04000
1732722300,0.04000
1732723200,0.04000
1732724100,0.04000
1732725000,0.04000
1732725900,0.04000
1732726800,0.04000
1732727700,0.04000
1732728600,0.04000
1732729500,0.04000
1732730400,0.04000
1732731300,0.04000
1732732200,0.04000
1732733100,0.04000
1732734000,0.04000
1732734900,0.04000
1732735800,0.04000
1732736700,0.04000
1732737600,0.04000
1732738500,0.04000
1732739400,0.04000
1732740300,0.04000
1732741200,0.04000
1732742100,0.04000
1732743000,0.11000
1732743900,0.14000
1732748400,0.04000
1732749300,0.06000
1732750200,0.10000
1732751100,0.06000
1732752000,0.04000
1732752900,0.04000
1732753800,0.04000
1732754700,0.04000
1732755600,0.04000
1732756500,0.04000
1732757400,0.04000
1732758300,0.04000
1732759200,0.04000
1732760100,0.04000
1732761000,0.04000
1732761900,0.04000
1732762800,0.04000
1732763700,0.04000
1732764600,0.04000
1732765500,0.04000
1732766400,0.04000
1732767300,0.04000
1732768200,0.04000
1732769100,0.04000
1732770000,0.04000
1732770900,0.04000
1732771800,0.04000
1732772700,0.04000
1732773600,0.04000
1732774500,0.04000
1732775400,0.04000
1732776300,0.04000
1732777200,0.04000
1732778100,0.04000
1732779000,0.04000
1732779900,0.04000
1732780800,0.04000
1732781700,0.04000
1732782600,0.04000
1732783500,0.04000
1732784400,0.04000
1732785300,0.04000
1732786200,0.04000
1732787100,0.04000
1732788000,0.04000
1732788900,0.04000
1732789800,0.04000
1732790700,0.04000
1732791600,0.04000
1732792500,0.04000
1732793400,0.04000
1732794300,0.04000
1732795200,0.06000
1732796100,0.04000
1732797000,0.04000
1732797900,0.04000
1732798800,0.04000
1732799700,0.04000
1732800600,0.04000
1732801500,0.02000
1732802400,0.04000
1732803300,0.04000
1732804200,0.04000
1732805100,0.04000
1732806000,0.04000
1732806900,0.04000
1732807800,0.04000
1732808700,0.04000
1732809600,0.04000
1732810500,0.04000
1732811400,0.04000
1732812300,0.04000
1732813200,0.05000
1732814100,0.04000
1732815000,0.04000
1732815900,0.08000
1732816800,0.05000
1732817700,0.18000
1732834800,0.04000
1732835700,0.04000
1732836600,0.04000
1732837500,0.04000
1732838400,0.04000
1732839300,0.04000
1732840200,0.04000
1732841100,0.04000
1732842000,0.04000
1732842900,0.04000
1732843800,0.04000
1732844700,0.04000
1732845600,0.04000
1732846500,0.04000
1732847400,0.04000
1732848300,0.04000
1732849200,0.04000
1732850100,0.04000
1732851000,0.04000
1732851900,0.04000
1732852800,0.04000
1732853700,0.04000
1732854600,0.04000
1732855500,0.04000
1732856400,0.04000
1732857300,0.04000
1732858200,0.04000
1732859100,0.04000
1732860000,0.04000
1732860900,0.04000
1732861800,0.04000
1732862700,0.04000
1732863600,0.04000
1732864500,0.04000
1732865400,0.04000
1732866300,0.04000
1732867200,0.04000
1732868100,0.04000
1732869000,0.04000
1732869900,0.04000
1732870800,0.04000
1732871700,0.04000
1732872600,0.04000
1732873500,0.04000
1732874400,0.04000
1732875300,0.04000
1732876200,0.04000
1732877100,0.04000
1732878000,0.04000
1732878900,0.04000
1732879800,0.04000
1732880700,0.04000
1732881600,0.04000
1732882500,0.04000
1732883400,0.04000
1732884300,0.04000
1732885200,0.04000
1732886100,0.04000
1732887000,0.04000
1732887900,0.04000
1732888800,0.04000
1732889700,0.04000
1732890600,0.04000
1732891500,0.04000
1732892400,0.04000
1732893300,0.04000
1732894200,0.04000
1732895100,0.04000
1732896000,0.04000
1732896900,0.04000
1732897800,0.04000
1732898700,0.04000
1732899600,0.04000
1732900500,0.04000
1732901400,0.04000
1732902300,0.04000
1732903200,0.04000
1732904100,0.04000
1732905000,0.04000
1733094000,0.04000
1733094900,0.04000
1733095800,0.04000
1733096700,0.04000
1733097600,0.04000
1733098500,0.04000
1733099400,0.04000
1733100300,0.04000
1733101200,0.04000
1733102100,0.04000
1733103000,0.04000
1733103900,0.04000
1733104800,0.04000
1733105700,0.04000
1733106600,0.04000
1733107500,0.04000
1733108400,0.04000
1733109300,0.04000
1733110200,0.04000
1733111100,0.04000
1733112000,0.04000
1733112900,0.04000
1733113800,0.04000
1733114700,0.04000
1733115600,0.04000
1733116500,0.04000
1733117400,0.04000
1733118300,0.04000
1733119200,0.04000
1733120100,0.04000
1733121000,0.04000
1733121900,0.04000
1733122800,0.04000
1733123700,0.04000
1733124600,0.04000
1733125500,0.04000
1733126400,0.04000
1733127300,0.04000
1733128200,0.04000
1733129100,0.04000
1733130000,0.04000
1733130900,0.04000
1733131800,0.04000
1733132700,0.04000
1733133600,0.04000
1733134500,0.04000
1733135400,0.04000
1733136300,0.04000
1733137200,0.04000
1733138100,0.04000
1733139000,0.04000
1733139900,0.04000
1733140800,0.04000
1733141700,0.04000
1733142600,0.04000
1733143500,0.04000
1733144400,0.04000
1733145300,0.04000
1733146200,0.04000
1733147100,0.04000
1733148000,0.04000
1733148900,0.04000
1733149800,0.04000
1733150700,0.04000
1733151600,0.04000
1733152500,0.04000
1733153400,0.04000
1733154300,0.04000
1733155200,0.04000
1733156100,0.04000
1733157000,0.04000
1733157900,0.04000
1733158800,0.04000
1733159700,0.04000
1733160600,0.04000
1733161500,0.04000
1733162400,0.04000
1733163300,0.04000
1733164200,0.04000
1733165100,0.04000
1733166000,0.04000
1733166900,0.04000
1733167800,0.04000
1733168700,0.04000
1733169600,0.04000
1733170500,0.04000
1733171400,0.04000
1733172300,0.04000
1733173200,0.04000
1733174100,0.04000
1733175000,0.04000
1733175900,0.04000
1733180400,0.00000
1733181300,0.04000
1733182200,0.04000
1733183100,0.04000
1733184000,0.04000
1733184900,0.04000
1733185800,0.04000
1733186700,0.04000
1733187600,0.04000
1733188500,0.04000
1733189400,0.04000
1733190300,0.04000
1733191200,0.04000
1733192100,0.04000
1733193000,0.04000
1733193900,0.04000
1733194800,0.04000
1733195700,0.04000
1733196600,0.04000
1733197500,0.04000
1733198400,0.04000
1733199300,0.04000
1733200200,0.04000
1733201100,0.04000
1733202000,0.04000
1733202900,0.04000
1733203800,0.04000
1733204700,0.04000
1733205600,0.04000
1733206500,0.04000
1733207400,0.04000
1733208300,0.04000
1733209200,0.04000
1733210100,0.04000
1733211000,0.04000
1733211900,0.04000
1733212800,0.04000
1733213700,0.04000
1733214600,0.04000
1733215500,0.04000
1733216400,0.04000
1733217300,0.04000
1733218200,0.04000
1733219100,0.04000
1733220000,0.04000
1733220900,0.04000
1733221800,0.04000
1733222700,0.04000
1733223600,0.04000
1733224500,0.04000
1733225400,0.04000
1733226300,0.04000
1733227200,0.04000
1733228100,0.04000
1733229000,0.04000
1733229900,0.04000
1733230800,0.04000
1733231700,0.04000
1733232600,0.01000
1733233500,0.04000
1733234400,0.04000
1733235300,0.04000
1733236200,0.04000
1733237100,0.04000
1733238000,0.04000
1733238900,0.04000
1733239800,0.04000
1733240700,0.04000
1733241600,0.04000
1733242500,0.04000
1733243400,0.04000
1733244300,0.04000
1733245200,0.04000
1733246100,0.04000
1733247000,0.04000
1733247900,0.04000
1733248800,0.04000
1733249700,0.04000
1733250600,0.04000
1733251500,0.04000
1733252400,0.04000
1733253300,0.04000
1733254200,0.04000
1733255100,0.04000
1733256000,0.04000
1733256900,0.04000
1733257800,0.04000
1733258700,0.04000
1733259600,0.04000
1733260500,0.04000
1733261400,0.04000
1733262300,0.04000
1733266800,0.06000
1733267700,0.04000
1733268600,0.04000
1733269500,0.04000
1733270400,0.04000
1733271300,0.04000
1733272200,0.04000
1733273100,0.04000
1733274000,0.04000
1733274900,0.04000
1733275800,0.04000
1733276700,0.04000
1733277600,0.04000
1733278500,0.04000
1733279400,0.04000
1733280300,0.04000
1733281200,0.04000
1733282100,0.04000
1733283000,0.04000
1733283900,0.04000
1733284800,0.04000
1733285700,0.04000
1733286600,0.04000
1733287500,0.04000
1733288400,0.04000
1733289300,0.04000
1733290200,0.04000
1733291100,0.04000
1733292000,0.04000
1733292900,0.04000
1733293800,0.04000
1733294700,0.04000
1733295600,0.04000
1733296500,0.04000
1733297400,0.04000
1733298300,0.04000
1733299200,0.04000
1733300100,0.04000
1733301000,0.04000
1733301900,0.04000
1733302800,0.04000
1733303700,0.04000
1733304600,0.04000
1733305500,0.04000
1733306400,0.04000
1733307300,0.04000
1733308200,0.04000
1733309100,0.04000
1733310000,0.04000
1733310900,0.04000
1733311800,0.04000
1733312700,0.04000
1733313600,0.04000
1733314500,0.04000
1733315400,0.04000
1733316300,0.04000
1733317200,0.04000
1733318100,0.04000
1733319000,0.04000
1733319900,0.04000
1733320800,0.04000
1733321700,0.04000
1733322600,0.04000
1733323500,0.04000
1733324400,0.04000
1733325300,0.04000
1733326200,0.04000
1733327100,0.04000
1733328000,0.04000
1733328900,0.04000
1733329800,0.04000
1733330700,0.04000
1733331600,0.04000
1733332500,0.04000
1733333400,0.04000
1733334300,0.04000
1733335200,0.04000
1733336100,0.04000
1733337000,0.04000
1733337900,0.04000
1733338800,0.04000
1733339700,0.04000
1733340600,0.04000
1733341500,0.04000
1733342400,0.04000
1733343300,0.04000
1733344200,0.04000
1733345100,0.04000
1733346000,0.04000
1733346900,0.04000
1733347800,0.04000
1733348700,0.14000
1733353200,0.13000
1733354100,0.12000
1733355000,0.04000
1733355900,0.10000
1733356800,0.04000
1733357700,0.05000
1733358600,0.04000
1733359500,0.04000
1733360400,0.04000
1733361300,0.04000
1733362200,0.04000
1733363100,0.04000
1733364000,0.04000
1733364900,0.04000
1733365800,0.04000
1733366700,0.04000
1733367600,0.04000
1733368500,0.04000
1733369400,0.04000
1733370300,0.04000
1733371200,0.04000
1733372100,0.04000
1733373000,0.04000
1733373900,0.04000
1733374800,0.04000
1733375700,0.04000
1733376600,0.04000
1733377500,0.04000
1733378400,0.04000
1733379300,0.04000
1733380200,0.04000
1733381100,0.04000
1733382000,0.03000
1733382900,0.04000
1733383800,0.04000
1733384700,0.04000
1733385600,0.04000
1733386500,0.04000
1733387400,0.04000
1733388300,0.04000
1733389200,0.04000
1733390100,0.04000
1733391000,0.04000
1733391900,0.04000
1733392800,0.04000
1733393700,0.04000
1733394600,0.04000
1733395500,0.04000
1733396400,0.04000
1733397300,0.04000
1733398200,0.04000
1733399100,0.04000
1733400000,0.04000
1733400900,0.04000
1733401800,0.04000
1733402700,0.04000
1733403600,0.04000
1733404500,0.04000
1733405400,0.04000
1733406300,0.04000
1733407200,0.04000
1733408100,0.04000
1733409000,0.04000
1733409900,0.04000
1733410800,0.04000
1733411700,0.04000
1733412600,0.04000
1733413500,0.04000
1733414400,0.04000
1733415300,0.04000
1733416200,0.04000
1733417100,0.04000
1733418000,0.04000
1733418900,0.04000
1733419800,0.04000
1733420700,0.04000
1733421600,0.04000
1733422500,0.04000
1733423400,0.04000
1733424300,0.04000
1733425200,0.04000
1733426100,0.04000
1733427000,0.04000
1733427900,0.04000
1733428800,0.04000
1733429700,0.04000
1733430600,0.04000
1733431500,0.04000
1733432400,0.04000
1733433300,0.04000
1733434200,0.04000
1733435100,0.04000
1733439600,0.08000
1733440500,0.05000
1733441400,0.04000
1733442300,0.04000
1733443200,0.04000
1733444100,0.04000
1733445000,0.04000
1733445900,0.04000
1733446800,0.04000
1733447700,0.04000
1733448600,0.04000
1733449500,0.04000
1733450400,0.04000
1733451300,0.04000
1733452200,0.04000
1733453100,0.04000
1733454000,0.04000
1733454900,0.04000
1733455800,0.04000
1733456700,0.04000
1733457600,0.04000
1733458500,0.04000
1733459400,0.04000
1733460300,0.04000
1733461200,0.04000
1733462100,0.07000
1733463000,0.04000
1733463900,0.04000
1733464800,0.04000
1733465700,0.04000
1733466600,0.04000
1733467500,0.04000
1733468400,0.05000
1733469300,0.04000
1733470200,0.06000
1733471100,0.04000
1733472000,0.04000
1733472900,0.04000
1733473800,0.04000
1733474700,0.04000
1733475600,0.04000
1733476500,0.04000
1733477400,0.04000
1733478300,0.04000
1733479200,0.04000
1733480100,0.04000
1733481000,0.04000
1733481900,0.04000
1733482800,0.04000
1733483700,0.04000
1733484600,0.04000
1733485500,0.04000
1733486400,0.04000
1733487300,0.04000
1733488200,0.04000
1733489100,0.04000
1733490000,0.04000
1733490900,0.04000
1733491800,0.04000
1733492700,0.04000
1733493600,0.04000
1733494500,0.04000
1733495400,0.04000
1733496300,0.04000
1733497200,0.04000
1733498100,0.04000
1733499000,0.04000
1733499900,0.04000
1733500800,0.04000
1733501700,0.04000
1733502600,0.04000
1733503500,0.04000
1733504400,0.04000
1733505300,0.04000
1733506200,0.04000
1733507100,0.04000
1733508000,0.04000
1733508900,0.04000
1733509800,0.04000
1733510700,0.04000
1733511600,0.04000
1733512500,0.04000
1733513400,0.04000
1733514300,0.04000
1733515200,0.04000
1733516100,0.04000
1733517000,0.04000
1733517900,0.04000
1733518800,0.04000
1733519700,0.05000
1733520600,0.07000
1733698800,0.04000
1733699700,0.09000
1733700600,0.04000
1733701500,0.04000
1733702400,0.04000
1733703300,0.04000
1733704200,0.04000
1733705100,0.04000
1733706000,0.04000
1733706900,0.04000
1733707800,0.04000
1733708700,0.04000
1733709600,0.04000
1733710500,0.04000
1733711400,0.04000
1733712300,0.04000
1733713200,0.04000
1733714100,0.04000
1733715000,0.04000
1733715900,0.04000
1733716800,0.04000
1733717700,0.04000
1733718600,0.04000
1733719500,0.04000
1733720400,0.04000
1733721300,0.04000
1733722200,0.04000
1733723100,0.04000
1733724000,0.04000
1733724900,0.04000
1733725800,0.04000
1733726700,0.04000
1733727600,0.04000
1733728500,0.04000
1733729400,0.04000
1733730300,0.04000
1733731200,0.04000
1733732100,0.04000
1733733000,0.04000
1733733900,0.04000
1733734800,0.04000
1733735700,0.04000
1733736600,0.04000
1733737500,0.04000
1733738400,0.04000
1733739300,0.04000
1733740200,0.04000
1733741100,0.04000
1733742000,0.04000
1733742900,0.04000
1733743800,0.04000
1733744700,0.04000
1733745600,0.04000
1733746500,0.04000
1733747400,0.04000
1733748300,0.04000
1733749200,0.04000
1733750100,0.04000
1733751000,0.04000
1733751900,0.04000
1733752800,0.04000
1733753700,0.04000
1733754600,0.04000
1733755500,0.04000
1733756400,0.04000
1733757300,0.04000
1733758200,0.04000
1733759100,0.04000
1733760000,0.04000
1733760900,0.04000
1733761800,0.00000
1733762700,0.04000
1733763600,0.04000
1733764500,0.04000
1733765400,0.04000
1733766300,0.04000
1733767200,0.04000
1733768100,0.04000
1733769000,0.04000
1733769900,0.04000
1733770800,0.04000
1733771700,0.04000
1733772600,0.04000
1733773500,0.04000
1733774400,0.04000
1733775300,0.04000
1733776200,0.04000
1733777100,0.04000
1733778000,0.04000
1733778900,0.04000
1733779800,0.04000
1733780700,0.04000
1733785200,0.11000
1733786100,0.07000
1733787000,0.04000
1733787900,0.11000
1733788800,0.04000
1733789700,0.06000
1733790600,0.04000
1733791500,0.04000
1733792400,0.04000
1733793300,0.04000
1733794200,0.04000
1733795100,0.04000
1733796000,0.04000
1733796900,0.04000
1733797800,0.04000
1733798700,0.04000
1733799600,0.04000
1733800500,0.04000
1733801400,0.04000
1733802300,0.04000
1733803200,0.04000
1733804100,0.04000
1733805000,0.04000
1733805900,0.04000
1733806800,0.06000
1733807700,0.04000
1733808600,0.04000
1733809500,0.04000
1733810400,0.04000
1733811300,0.04000
1733812200,0.04000
1733813100,0.04000
1733814000,0.02000
1733814900,0.04000
1733815800,0.04000
1733816700,0.04000
1733817600,0.04000
1733818500,0.04000
1733819400,0.04000
1733820300,0.04000
1733821200,0.04000
1733822100,0.04000
1733823000,0.04000
1733823900,0.04000
1733824800,0.04000
1733825700,0.04000
1733826600,0.04000
1733827500,0.04000
1733828400,0.04000
1733829300,0.04000
1733830200,0.04000
1733831100,0.04000
1733832000,0.04000
1733832900,0.04000
1733833800,0.04000
1733834700,0.04000
1733835600,0.04000
1733836500,0.04000
1733837400,0.04000
1733838300,0.04000
1733839200,0.04000
1733840100,0.04000
1733841000,0.04000
1733841900,0.04000
1733842800,0.04000
1733843700,0.04000
1733844600,0.04000
1733845500,0.04000
1733846400,0.04000
1733847300,0.04000
1733848200,0.04000
1733849100,0.04000
1733850000,0.04000
1733850900,0.04000
1733851800,0.04000
1733852700,0.04000
1733853600,0.04000
1733854500,0.04000
1733855400,0.04000
1733856300,0.04000
1733857200,0.04000
1733858100,0.04000
1733859000,0.04000
1733859900,0.04000
1733860800,0.04000
1733861700,0.04000
1733862600,0.04000
1733863500,0.04000
1733864400,0.04000
1733865300,0.04000
1733866200,0.04000
1733867100,0.17000
1733871600,0.11000
1733872500,0.05000
1733873400,0.06000
1733874300,0.04000
1733875200,0.07000
1733876100,0.04000
1733877000,0.04000
1733877900,0.04000
1733878800,0.05000
1733879700,0.10000
1733880600,0.04000
1733881500,0.04000
1733882400,0.04000
1733883300,0.04000
1733884200,0.04000
1733885100,0.04000
1733886000,0.04000
1733886900,0.04000
1733887800,0.02000
1733888700,0.08000
1733889600,0.00000
1733890500,0.04000
1733891400,0.26000
1733892300,0.27000
1733893200,0.04000
1733894100,0.04000
1733895000,0.00000
1733895900,0.04000
1733896800,0.04000
1733897700,0.09000
1733898600,0.09000
1733899500,0.17000
1733900400,0.00000
1733901300,0.04000
1733902200,0.04000
1733903100,0.23000
1733904000,0.04000
1733904900,0.05000
1733905800,0.10000
1733906700,0.11000
1733907600,0.22000
1733908500,0.15000
1733909400,0.06000
1733910300,0.18000
1733911200,0.04000
1733912100,0.04000
1733913000,0.12000
1733913900,0.08000
1733914800,0.04000
1733915700,0.04000
1733916600,0.04000
1733917500,0.04000
1733918400,0.04000
1733919300,0.04000
1733920200,0.04000
1733921100,0.04000
1733922000,0.09000
1733922900,0.04000
1733923800,0.04000
1733924700,0.05000
1733925600,0.04000
1733926500,0.04000
1733927400,0.04000
1733928300,0.04000
1733929200,0.04000
1733930100,0.04000
1733931000,0.04000
1733931900,0.04000
1733932800,0.04000
1733933700,0.04000
1733934600,0.04000
1733935500,0.04000
1733936400,0.04000
1733937300,0.06000
1733938200,0.02000
1733939100,0.04000
1733940000,0.04000
1733940900,0.04000
1733941800,0.07000
1733942700,0.05000
1733943600,0.04000
1733944500,0.04000
1733945400,0.07000
1733946300,0.04000
1733947200,0.06000
1733948100,0.08000
1733949000,0.09000
1733949900,0.04000
1733950800,0.02000
1733951700,0.04000
1733952600,0.04000
1733953500,0.08000
1733958000,0.04000
1733958900,0.09000
1733959800,0.13000
1733960700,0.11000
1733961600,0.07000
1733962500,0.15000
1733963400,0.04000
1733964300,0.04000
1733965200,0.04000
1733966100,0.04000
1733967000,0.04000
1733967900,0.04000
1733968800,0.04000
1733969700,0.04000
1733970600,0.04000
1733971500,0.04000
1733972400,0.04000
1733973300,0.04000
1733974200,0.04000
1733975100,0.04000
1733976000,0.04000
1733976900,0.04000
1733977800,0.04000
1733978700,0.04000
1733979600,0.04000
1733980500,0.15000
1733981400,0.04000
1733982300,0.04000
1733983200,0.04000
1733984100,0.04000
1733985000,0.04000
1733985900,0.04000
1733986800,0.04000
1733987700,0.04000
1733988600,0.04000
1733989500,0.04000
1733990400,0.00000
1733991300,0.04000
1733992200,0.04000
1733993100,0.04000
1733994000,0.04000
1733994900,0.04000
1733995800,0.04000
1733996700,0.04000
1733997600,0.04000
1733998500,0.04000
1733999400,0.04000
1734000300,0.04000
1734001200,0.00000
1734002100,0.04000
1734003000,0.04000
1734003900,0.04000
1734004800,0.04000
1734005700,0.07000
1734006600,0.04000
1734007500,0.09000
1734008400,0.04000
1734009300,0.04000
1734010200,0.04000
1734011100,0.04000
1734012000,0.02000
1734012900,0.04000
1734013800,0.04000
1734014700,0.04000
1734015600,0.04000
1734016500,0.04000
1734017400,0.04000
1734018300,0.07000
1734019200,0.04000
1734020100,0.04000
1734021000,0.09000
1734021900,0.04000
1734022800,0.04000
1734023700,0.06000
1734024600,0.14000
1734025500,0.06000
1734026400,0.11000
1734027300,0.05000
1734028200,0.04000
1734029100,0.04000
1734030000,0.04000
1734030900,0.04000
1734031800,0.04000
1734032700,0.10000
1734033600,0.06000
1734034500,0.04000
1734035400,0.06000
1734036300,0.04000
1734037200,0.04000
1734038100,0.04000
1734039000,0.04000
1734039900,0.04000
1734044400,0.04000
1734045300,0.18000
1734046200,0.24000
1734047100,0.13000
1734048000,0.04000
1734048900,0.04000
1734049800,0.11000
1734050700,0.07000
1734051600,0.04000
1734052500,0.04000
1734053400,0.04000
1734054300,0.04000
1734055200,0.04000
1734056100,0.04000
1734057000,0.04000
1734057900,0.04000
1734058800,0.04000
1734059700,0.04000
1734060600,0.04000
1734061500,0.04000
1734062400,0.04000
1734063300,0.04000
1734064200,0.04000
1734065100,0.06000
1734066000,0.04000
1734066900,0.04000
1734067800,0.04000
1734068700,0.04000
1734069600,0.04000
1734070500,0.04000
1734071400,0.04000
1734072300,0.04000
1734073200,0.04000
1734074100,0.04000
1734075000,0.04000
1734075900,0.04000
1734076800,0.04000
1734077700,0.09000
1734078600,0.06000
1734079500,0.09000
1734080400,0.10000
1734081300,0.04000
1734082200,0.04000
1734083100,0.04000
1734084000,0.04000
1734084900,0.12000
1734085800,0.10000
1734086700,0.04000
1734087600,0.04000
1734088500,0.04000
1734089400,0.04000
1734090300,0.04000
1734091200,0.04000
1734092100,0.04000
1734093000,0.05000
1734093900,0.04000
1734094800,0.04000
1734095700,0.04000
1734096600,0.04000
1734097500,0.04000
1734098400,0.04000
1734099300,0.04000
1734100200,0.04000
1734101100,0.04000
1734102000,0.04000
1734102900,0.04000
1734103800,0.04000
1734104700,0.04000
1734105600,0.04000
1734106500,0.04000
1734107400,0.04000
1734108300,0.04000
1734109200,0.04000
1734110100,0.04000
1734111000,0.04000
1734111900,0.04000
1734112800,0.04000
1734113700,0.04000
1734114600,0.04000
1734115500,0.04000
1734116400,0.04000
1734117300,0.04000
1734118200,0.04000
1734119100,0.04000
1734120000,0.04000
1734120900,0.04000
1734121800,0.04000
1734122700,0.04000
1734123600,0.04000
1734124500,0.04000
1734125400,0.05000
1734303600,0.13000
1734304500,0.18000
1734305400,0.07000
1734306300,0.04000
1734307200,0.04000
1734308100,0.04000
1734309000,0.04000
1734309900,0.04000
1734310800,0.04000
1734311700,0.04000
1734312600,0.04000
1734313500,0.04000
1734314400,0.04000
1734315300,0.04000
1734316200,0.04000
1734317100,0.04000
1734318000,0.04000
1734318900,0.04000
1734319800,0.04000
1734320700,0.04000
1734321600,0.04000
1734322500,0.04000
1734323400,0.04000
1734324300,0.04000
1734325200,0.04000
1734326100,0.04000
1734327000,0.04000
1734327900,0.04000
1734328800,0.04000
1734329700,0.04000
1734330600,0.04000
1734331500,0.04000
1734332400,0.04000
1734333300,0.04000
1734334200,0.04000
1734335100,0.04000
1734336000,0.04000
1734336900,0.04000
1734337800,0.04000
1734338700,0.04000
1734339600,0.04000
1734340500,0.04000
1734341400,0.04000
1734342300,0.04000
1734343200,0.04000
1734344100,0.04000
1734345000,0.04000
1734345900,0.04000
1734346800,0.04000
1734347700,0.04000
1734348600,0.04000
1734349500,0.04000
1734350400,0.04000
1734351300,0.04000
1734352200,0.04000
1734353100,0.04000
1734354000,0.04000
1734354900,0.04000
1734355800,0.04000
1734356700,0.04000
1734357600,0.04000
1734358500,0.04000
1734359400,0.04000
1734360300,0.04000
1734361200,0.04000
1734362100,0.04000
1734363000,0.04000
1734363900,0.04000
1734364800,0.04000
1734365700,0.04000
1734366600,0.04000
1734367500,0.04000
1734368400,0.04000
1734369300,0.04000
1734370200,0.04000
1734371100,0.04000
1734372000,0.04000
1734372900,0.04000
1734373800,0.04000
1734374700,0.04000
1734375600,0.04000
1734376500,0.04000
1734377400,0.04000
1734378300,0.04000
1734379200,0.04000
1734380100,0.04000
1734381000,0.04000
1734381900,0.04000
1734382800,0.04000
1734383700,0.04000
1734384600,0.04000
1734385500,0.04000
1734390000,0.04000
1734390900,0.10000
1734391800,0.09000
1734392700,0.08000
1734393600,0.04000
1734394500,0.04000
1734395400,0.04000
1734396300,0.04000
1734397200,0.04000
1734398100,0.04000
1734399000,0.04000
1734399900,0.04000
1734400800,0.04000
1734401700,0.04000
1734402600,0.04000
1734403500,0.04000
1734404400,0.04000
1734405300,0.04000
1734406200,0.04000
1734407100,0.07000
1734408000,0.07000
1734408900,0.04000
1734409800,0.04000
1734410700,0.04000
1734411600,0.04000
1734412500,0.04000
1734413400,0.04000
1734414300,0.04000
1734415200,0.04000
1734416100,0.04000
1734417000,0.04000
1734417900,0.04000
1734418800,0.04000
1734419700,0.04000
1734420600,0.04000
1734421500,0.04000
1734422400,0.04000
1734423300,0.04000
1734424200,0.04000
1734425100,0.04000
1734426000,0.04000
1734426900,0.04000
1734427800,0.04000
1734428700,0.04000
1734429600,0.04000
1734430500,0.04000
1734431400,0.04000
1734432300,0.04000
1734433200,0.04000
1734434100,0.04000
1734435000,0.04000
1734435900,0.04000
1734436800,0.04000
1734437700,0.04000
1734438600,0.04000
1734439500,0.04000
1734440400,0.04000
1734441300,0.04000
1734442200,0.04000
1734443100,0.04000
1734444000,0.04000
1734444900,0.04000
1734445800,0.04000
1734446700,0.04000
1734447600,0.04000
1734448500,0.04000
1734449400,0.04000
1734450300,0.04000
1734451200,0.04000
1734452100,0.04000
1734453000,0.04000
1734453900,0.04000
1734454800,0.04000
1734455700,0.04000
1734456600,0.04000
1734457500,0.04000
1734458400,0.04000
1734459300,0.04000
1734460200,0.04000
1734461100,0.04000
1734462000,0.04000
1734462900,0.04000
1734463800,0.04000
1734464700,0.04000
1734465600,0.04000
1734466500,0.04000
1734467400,0.04000
1734468300,0.04000
1734469200,0.04000
1734470100,0.04000
1734471000,0.04000
1734471900,0.04000
1734476400,0.04000
1734477300,0.06000
1734478200,0.04000
1734479100,0.04000
1734480000,0.04000
1734480900,0.04000
1734481800,0.04000
1734482700,0.04000
1734483600,0.04000
1734484500,0.04000
1734485400,0.04000
1734486300,0.04000
1734487200,0.04000
1734488100,0.04000
1734489000,0.04000
1734489900,0.04000
1734490800,0.04000
1734491700,0.04000
1734492600,0.04000
1734493500,0.04000
1734494400,0.04000
1734495300,0.04000
1734496200,0.04000
1734497100,0.04000
1734498000,0.04000
1734498900,0.04000
1734499800,0.04000
1734500700,0.04000
1734501600,0.04000
1734502500,0.04000
1734503400,0.04000
1734504300,0.04000
1734505200,0.04000
1734506100,0.04000
1734507000,0.04000
1734507900,0.04000
1734508800,0.04000
1734509700,0.04000
1734510600,0.04000
1734511500,0.04000
1734512400,0.04000
1734513300,0.04000
1734514200,0.04000
1734515100,0.04000
1734516000,0.04000
1734516900,0.04000
1734517800,0.04000
1734518700,0.04000
1734519600,0.04000
1734520500,0.04000
1734521400,0.04000
1734522300,0.04000
1734523200,0.04000
1734524100,0.04000
1734525000,0.04000
1734525900,0.04000
1734526800,0.04000
1734527700,0.04000
1734528600,0.04000
1734529500,0.04000
1734530400,0.04000
1734531300,0.04000
1734532200,0.04000
1734533100,0.04000
1734534000,0.04000
1734534900,0.04000
1734535800,0.04000
1734536700,0.04000
1734537600,0.04000
1734538500,0.04000
1734539400,0.04000
1734540300,0.04000
1734541200,0.04000
1734542100,0.04000
1734543000,0.04000
1734543900,0.04000
1734544800,0.04000
1734545700,0.04000
1734546600,0.04000
1734547500,0.04000
1734548400,0.04000
1734549300,0.04000
1734550200,0.04000
1734551100,0.04000
1734552000,0.04000
1734552900,0.04000
1734553800,0.04000
1734554700,0.04000
1734555600,0.00000
1734556500,0.04000
1734557400,0.04000
1734558300,0.04000
1734562800,0.21000
1734563700,0.04000
1734564600,0.05000
1734565500,0.04000
1734566400,0.04000
1734567300,0.04000
1734568200,0.04000
1734569100,0.04000
1734570000,0.04000
1734570900,0.04000
1734571800,0.04000
1734572700,0.04000
1734573600,0.04000
1734574500,0.04000
1734575400,0.04000
1734576300,0.04000
1734577200,0.04000
1734578100,0.04000
1734579000,0.04000
1734579900,0.04000
1734580800,0.04000
1734581700,0.04000
1734582600,0.04000
1734583500,0.04000
1734584400,0.04000
1734585300,0.04000
1734586200,0.04000
1734587100,0.04000
1734588000,0.04000
1734588900,0.04000
1734589800,0.04000
1734590700,0.04000
1734591600,0.04000
1734592500,0.04000
1734593400,0.04000
1734594300,0.04000
1734595200,0.04000
1734596100,0.04000
1734597000,0.04000
1734597900,0.04000
1734598800,0.04000
1734599700,0.04000
1734600600,0.04000
1734601500,0.04000
1734602400,0.04000
1734603300,0.04000
1734604200,0.04000
1734605100,0.04000
1734606000,0.04000
1734606900,0.04000
1734607800,0.04000
1734608700,0.04000
1734609600,0.04000
1734610500,0.04000
1734611400,0.04000
1734612300,0.04000
1734613200,0.04000
1734614100,0.04000
1734615000,0.04000
1734615900,0.03000
1734616800,0.04000
1734617700,0.04000
1734618600,0.04000
1734619500,0.04000
1734620400,0.04000
1734621300,0.04000
1734622200,0.04000
1734623100,0.04000
1734624000,0.04000
1734624900,0.04000
1734625800,0.04000
1734626700,0.04000
1734627600,0.04000
1734628500,0.04000
1734629400,0.04000
1734630300,0.04000
1734631200,0.04000
1734632100,0.04000
1734633000,0.04000
1734633900,0.04000
1734634800,0.04000
1734635700,0.04000
1734636600,0.04000
1734637500,0.04000
1734638400,0.04000
1734639300,0.04000
1734640200,0.04000
1734641100,0.04000
1734642000,0.04000
1734642900,0.04000
1734643800,0.04000
1734644700,0.04000
1734649200,0.04000
1734650100,0.04000
1734651000,0.14000
1734651900,0.04000
1734652800,0.04000
1734653700,0.04000
1734654600,0.04000
1734655500,0.04000
1734656400,0.04000
1734657300,0.04000
1734658200,0.04000
1734659100,0.04000
1734660000,0.04000
1734660900,0.04000
1734661800,0.04000
1734662700,0.04000
1734663600,0.04000
1734664500,0.04000
1734665400,0.04000
1734666300,0.04000
1734667200,0.04000
1734668100,0.04000
1734669000,0.04000
1734669900,0.04000
1734670800,0.06000
1734671700,0.04000
1734672600,0.04000
1734673500,0.04000
1734674400,0.04000
1734675300,0.04000
1734676200,0.04000
1734677100,0.04000
1734678000,0.04000
1734678900,0.04000
1734679800,0.04000
1734680700,0.04000
1734681600,0.04000
1734682500,0.04000
1734683400,0.04000
1734684300,0.04000
1734685200,0.04000
1734686100,0.04000
1734687000,0.04000
1734687900,0.04000
1734688800,0.04000
1734689700,0.04000
1734690600,0.04000
1734691500,0.04000
1734692400,0.04000
1734693300,0.04000
1734694200,0.04000
1734695100,0.04000
1734696000,0.04000
1734696900,0.04000
1734697800,0.04000
1734698700,0.04000
1734699600,0.04000
1734700500,0.04000
1734701400,0.04000
1734702300,0.04000
1734703200,0.04000
1734704100,0.04000
1734705000,0.04000
1734705900,0.04000
1734706800,0.04000
1734707700,0.04000
1734708600,0.04000
1734709500,0.04000
1734710400,0.04000
1734711300,0.04000
1734712200,0.04000
1734713100,0.04000
1734714000,0.04000
1734714900,0.04000
1734715800,0.04000
1734716700,0.04000
1734717600,0.04000
1734718500,0.04000
1734719400,0.04000
1734720300,0.04000
1734721200,0.04000
1734722100,0.04000
1734723000,0.04000
1734723900,0.04000
1734724800,0.04000
1734725700,0.04000
1734726600,0.04000
1734727500,0.04000
1734728400,0.04000
1734729300,0.04000
1734730200,0.04000
1734908400,0.04000
1734909300,0.04000
1734910200,0.04000
1734911100,0.09000
1734912000,0.06000
1734912900,0.04000
1734913800,0.04000
1734914700,0.04000
1734915600,0.04000
1734916500,0.04000
1734917400,0.04000
1734918300,0.04000
1734919200,0.04000
1734920100,0.04000
1734921000,0.04000
1734921900,0.04000
1734922800,0.04000
1734923700,0.04000
1734924600,0.04000
1734925500,0.04000
1734926400,0.04000
1734927300,0.04000
1734928200,0.04000
1734929100,0.04000
1734930000,0.04000
1734930900,0.04000
1734931800,0.04000
1734932700,0.04000
1734933600,0.04000
1734934500,0.04000
1734935400,0.04000
1734936300,0.04000
1734937200,0.02000
1734938100,0.04000
1734939000,0.04000
1734939900,0.04000
1734940800,0.04000
1734941700,0.04000
1734942600,0.04000
1734943500,0.04000
1734944400,0.04000
1734945300,0.04000
1734946200,0.04000
1734947100,0.00000
1734948000,0.04000
1734948900,0.04000
1734949800,0.04000
1734950700,0.04000
1734951600,0.04000
1734952500,0.04000
1734953400,0.04000
1734954300,0.04000
1734955200,0.04000
1734956100,0.04000
1734957000,0.04000
1734957900,0.04000
1734958800,0.04000
1734959700,0.04000
1734960600,0.04000
1734961500,0.04000
1734962400,0.04000
1734963300,0.04000
1734964200,0.04000
1734965100,0.04000
1734966000,0.04000
1734966900,0.04000
1734967800,0.04000
1734968700,0.04000
1734969600,0.04000
1734970500,0.04000
1734971400,0.04000
1734972300,0.04000
1734973200,0.04000
1734974100,0.04000
1734975000,0.04000
1734975900,0.04000
1734976800,0.04000
1734977700,0.04000
1734978600,0.04000
1734979500,0.04000
1734980400,0.07000
1734981300,0.04000
1734982200,0.04000
1734983100,0.04000
1734984000,0.04000
1734984900,0.04000
1734985800,0.04000
1734986700,0.04000
1734987600,0.04000
1734988500,0.07000
1734989400,0.10000
1734990300,0.13000
1734994800,0.04000
1734995700,0.04000
1734996600,0.17000
1734997500,0.07000
1734998400,0.08000
1734999300,0.12000
1735000200,0.04000
1735001100,0.04000
1735002000,0.04000
1735002900,0.04000
1735003800,0.04000
1735004700,0.04000
1735005600,0.04000
1735006500,0.04000
1735007400,0.04000
1735008300,0.04000
1735009200,0.04000
1735010100,0.04000
1735011000,0.05000
1735011900,0.04000
1735012800,0.04000
1735013700,0.04000
1735014600,0.04000
1735015500,0.07000
1735016400,0.04000
1735017300,0.08000
1735018200,0.04000
1735019100,0.04000
1735020000,0.04000
1735020900,0.04000
1735021800,0.04000
1735022700,0.04000
1735023600,0.04000
1735024500,0.06000
1735025400,0.04000
1735026300,0.04000
1735027200,0.04000
1735028100,0.02000
1735029000,0.04000
1735029900,0.04000
1735030800,0.04000
1735031700,0.04000
1735032600,0.04000
1735033500,0.04000
1735034400,0.04000
1735035300,0.08000
1735036200,0.05000
1735037100,0.04000
1735038000,0.05000
1735038900,0.04000
1735039800,0.04000
1735040700,0.04000
1735041600,0.04000
1735042500,0.04000
1735043400,0.12000
1735044300,0.04000
1735045200,0.04000
1735046100,0.04000
1735047000,0.04000
1735047900,0.04000
1735048800,0.04000
1735049700,0.04000
1735050600,0.04000
1735051500,0.04000
1735052400,0.04000
1735053300,0.04000
1735054200,0.04000
1735055100,0.04000
1735056000,0.04000
1735056900,0.08000
1735057800,0.12000
1735058700,0.04000
1735059600,0.04000
1735060500,0.04000
1735061400,0.11000
1735062300,0.18000
1735063200,0.21000
1735064100,0.33000
1735065000,0.80000
1735167600,0.36000
1735168500,0.19000
1735169400,0.32000
1735170300,0.38000
1735171200,0.36000
1735172100,0.27000
1735173000,0.18000
1735173900,0.23000
1735174800,0.05000
1735175700,0.04000
1735176600,0.04000
1735177500,0.05000
1735178400,0.06000
1735179300,0.04000
1735180200,0.09000
1735181100,0.04000
1735182000,0.04000
1735182900,0.04000
1735183800,0.14000
1735184700,0.04000
1735185600,0.04000
1735186500,0.04000
1735187400,0.07000
1735188300,0.10000
1735189200,0.04000
1735190100,0.04000
1735191000,0.04000
1735191900,0.08000
1735192800,0.11000
1735193700,0.15000
1735194600,0.06000
1735195500,0.04000
1735196400,0.04000
1735197300,0.04000
1735198200,0.19000
1735199100,0.07000
1735200000,0.10000
1735200900,0.05000
1735201800,0.00000
1735202700,0.04000
1735203600,0.11000
1735204500,0.08000
1735205400,0.09000
1735206300,0.09000
1735207200,0.04000
1735208100,0.04000
1735209000,0.04000
1735209900,0.09000
1735210800,0.04000
1735211700,0.04000
1735212600,0.04000
1735213500,0.15000
1735214400,0.04000
1735215300,0.04000
1735216200,0.04000
1735217100,0.04000
1735218000,0.04000
1735218900,0.04000
1735219800,0.04000
1735220700,0.04000
1735221600,0.04000
1735222500,0.04000
1735223400,0.04000
1735224300,0.04000
1735225200,0.04000
1735226100,0.06000
1735227000,0.04000
1735227900,0.10000
1735228800,0.04000
1735229700,0.04000
1735230600,0.04000
1735231500,0.04000
1735232400,0.05000
1735233300,0.04000
1735234200,0.12000
1735235100,0.04000
1735236000,0.04000
1735236900,0.04000
1735237800,0.10000
1735238700,0.07000
1735239600,0.14000
1735240500,0.04000
1735241400,0.04000
1735242300,0.06000
1735243200,0.04000
1735244100,0.04000
1735245000,0.04000
1735245900,0.04000
1735246800,0.09000
1735247700,0.04000
1735248600,0.09000
1735249500,0.25000
1735254000,0.04000
1735254900,0.12000
1735255800,0.10000
1735256700,0.09000
1735257600,0.07000
1735258500,0.10000
1735259400,0.06000
1735260300,0.07000
1735261200,0.04000
1735262100,0.04000
1735263000,0.04000
1735263900,0.04000
1735264800,0.04000
1735265700,0.04000
1735266600,0.04000
1735267500,0.05000
1735268400,0.04000
1735269300,0.04000
1735270200,0.04000
1735271100,0.04000
1735272000,0.04000
1735272900,0.04000
1735273800,0.04000
1735274700,0.04000
1735275600,0.04000
1735276500,0.12000
1735277400,0.06000
1735278300,0.04000
1735279200,0.04000
1735280100,0.04000
1735281000,0.08000
1735281900,0.09000
1735282800,0.04000
1735283700,0.04000
1735284600,0.04000
1735285500,0.05000
1735286400,0.04000
1735287300,0.04000
1735288200,0.04000
1735289100,0.06000
1735290000,0.04000
1735290900,0.04000
1735291800,0.07000
1735292700,0.04000
1735293600,0.04000
1735294500,0.11000
1735295400,0.04000
1735296300,0.04000
1735297200,0.14000
1735298100,0.09000
1735299000,0.04000
1735299900,0.08000
1735300800,0.04000
1735301700,0.04000
1735302600,0.04000
1735303500,0.04000
1735304400,0.04000
1735305300,0.04000
1735306200,0.04000
1735307100,0.04000
1735308000,0.04000
1735308900,0.04000
1735309800,0.04000
1735310700,0.04000
1735311600,0.04000
1735312500,0.04000
1735313400,0.04000
1735314300,0.04000
1735315200,0.04000
1735316100,0.04000
1735317000,0.04000
1735317900,0.04000
1735318800,0.04000
1735319700,0.04000
1735320600,0.09000
1735321500,0.08000
1735322400,0.04000
1735323300,0.04000
1735324200,0.04000
1735325100,0.04000
1735326000,0.04000
1735326900,0.11000
1735327800,0.13000
1735328700,0.06000
1735329600,0.04000
1735330500,0.04000
1735331400,0.04000
1735332300,0.04000
1735333200,0.11000
1735334100,0.09000
1735335000,0.07000
1735513200,0.18000
1735514100,0.04000
1735515000,0.20000
1735515900,0.04000
1735516800,0.16000
1735517700,0.12000
1735518600,0.19000
1735519500,0.12000
1735520400,0.14000
1735521300,0.04000
1735522200,0.04000
1735523100,0.05000
1735524000,0.10000
1735524900,0.12000
1735525800,0.10000
1735526700,0.04000
1735527600,0.06000
1735528500,0.04000
1735529400,0.04000
1735530300,0.04000
1735531200,0.06000
1735532100,0.04000
1735533000,0.04000
1735533900,0.04000
1735534800,0.04000
1735535700,0.04000
1735536600,0.04000
1735537500,0.04000
1735538400,0.04000
1735539300,0.04000
1735540200,0.04000
1735541100,0.04000
1735542000,0.04000
1735542900,0.04000
1735543800,0.11000
1735544700,0.07000
1735545600,0.11000
1735546500,0.06000
1735547400,0.04000
1735548300,0.04000
1735549200,0.04000
1735550100,0.04000
1735551000,0.04000
1735551900,0.04000
1735552800,0.04000
1735553700,0.04000
1735554600,0.04000
1735555500,0.04000
1735556400,0.04000
1735557300,0.04000
1735558200,0.04000
1735559100,0.06000
1735560000,0.04000
1735560900,0.04000
1735561800,0.04000
1735562700,0.08000
1735563600,0.04000
1735564500,0.04000
1735565400,0.04000
1735566300,0.04000
1735567200,0.04000
1735568100,0.04000
1735569000,0.04000
1735569900,0.04000
1735570800,0.04000
1735571700,0.04000
1735572600,0.04000
1735573500,0.04000
1735574400,0.04000
1735575300,0.04000
1735576200,0.04000
1735577100,0.04000
1735578000,0.04000
1735578900,0.04000
1735579800,0.04000
1735580700,0.04000
1735581600,0.04000
1735582500,0.04000
1735583400,0.04000
1735584300,0.04000
1735585200,0.04000
1735586100,0.04000
1735587000,0.04000
1735587900,0.04000
1735588800,0.04000
1735589700,0.04000
1735590600,0.04000
1735591500,0.04000
1735592400,0.04000
1735593300,0.04000
1735594200,0.05000
1735595100,0.04000
1735599600,0.04000
1735600500,0.09000
1735601400,0.20000
1735602300,0.04000
1735603200,0.04000
1735604100,0.04000
1735605000,0.08000
1735605900,0.04000
1735606800,0.04000
1735607700,0.04000
1735608600,0.04000
1735609500,0.04000
1735610400,0.04000
1735611300,0.04000
1735612200,0.04000
1735613100,0.04000
1735614000,0.04000
1735614900,0.04000
1735615800,0.11000
1735616700,0.04000
1735617600,0.08000
1735618500,0.05000
1735619400,0.04000
1735620300,0.04000
1735621200,0.04000
1735622100,0.04000
1735623000,0.04000
1735623900,0.04000
1735624800,0.04000
1735625700,0.04000
1735626600,0.04000
1735627500,0.04000
1735628400,0.05000
1735629300,0.04000
1735630200,0.04000
1735631100,0.04000
1735632000,0.04000
1735632900,0.05000
1735633800,0.04000
1735634700,0.04000
1735635600,0.04000
1735636500,0.04000
1735637400,0.04000
1735638300,0.04000
1735639200,0.04000
1735640100,0.04000
1735641000,0.04000
1735641900,0.09000
1735642800,0.08000
1735643700,0.04000
1735644600,0.04000
1735645500,0.04000
1735646400,0.07000
1735647300,0.04000
1735648200,0.04000
1735649100,0.04000
1735650000,0.04000
1735650900,0.04000
1735651800,0.04000
1735652700,0.04000
1735653600,0.04000
1735654500,0.04000
1735655400,0.04000
1735656300,0.04000
1735657200,0.04000
1735658100,0.04000
1735659000,0.04000
1735659900,0.04000
1735660800,0.04000
1735661700,0.04000
1735662600,0.04000
1735663500,0.04000
1735664400,0.04000
1735665300,0.04000
1735666200,0.04000
1735667100,0.04000
1735668000,0.04000
1735668900,0.04000
1735669800,0.04000
1735670700,0.04000
1735671600,0.07000
1735672500,0.04000
1735673400,0.04000
1735674300,0.04000
1735675200,0.05000
1735676100,0.04000
1735677000,0.04000
1735677900,0.04000
1735678800,0.06000
1735679700,0.04000
1735680600,0.14000
1735681500,0.34000
1735772400,0.15000
1735773300,0.14000
1735774200,0.09000
1735775100,0.06000
1735776000,0.04000
1735776900,0.04000
1735777800,0.04000
1735778700,0.04000
1735779600,0.04000
1735780500,0.04000
1735781400,0.04000
1735782300,0.04000
1735783200,0.04000
1735784100,0.04000
1735785000,0.04000
1735785900,0.04000
1735786800,0.04000
1735787700,0.04000
1735788600,0.04000
1735789500,0.04000
1735790400,0.04000
1735791300,0.04000
1735792200,0.04000
1735793100,0.04000
1735794000,0.04000
1735794900,0.04000
1735795800,0.04000
1735796700,0.04000
1735797600,0.04000
1735798500,0.04000
1735799400,0.04000
1735800300,0.04000
1735801200,0.04000
1735802100,0.04000
1735803000,0.04000
1735803900,0.04000
1735804800,0.04000
1735805700,0.04000
1735806600,0.04000
1735807500,0.04000
1735808400,0.04000
1735809300,0.04000
1735810200,0.04000
1735811100,0.04000
1735812000,0.04000
1735812900,0.04000
1735813800,0.04000
1735814700,0.04000
1735815600,0.04000
1735816500,0.04000
1735817400,0.04000
1735818300,0.04000
1735819200,0.04000
1735820100,0.04000
1735821000,0.04000
1735821900,0.04000
1735822800,0.04000
1735823700,0.04000
1735824600,0.04000
1735825500,0.04000
1735826400,0.04000
1735827300,0.04000
1735828200,0.04000
1735829100,0.04000
1735830000,0.04000
1735830900,0.04000
1735831800,0.04000
1735832700,0.04000
1735833600,0.04000
1735834500,0.04000
1735835400,0.04000
1735836300,0.04000
1735837200,0.04000
1735838100,0.04000
1735839000,0.04000
1735839900,0.04000
1735840800,0.04000
1735841700,0.04000
1735842600,0.04000
1735843500,0.04000
1735844400,0.04000
1735845300,0.04000
1735846200,0.04000
1735847100,0.04000
1735848000,0.06000
1735848900,0.04000
1735849800,0.04000
1735850700,0.04000
1735851600,0.04000
1735852500,0.04000
1735853400,0.04000
1735854300,0.07000
1735858800,0.08000
1735859700,0.11000
1735860600,0.10000
1735861500,0.04000
1735862400,0.04000
1735863300,0.04000
1735864200,0.04000
1735865100,0.04000
1735866000,0.04000
1735866900,0.04000
1735867800,0.04000
1735868700,0.04000
1735869600,0.04000
1735870500,0.04000
1735871400,0.04000
1735872300,0.04000
1735873200,0.04000
1735874100,0.04000
1735875000,0.04000
1735875900,0.04000
1735876800,0.04000
1735877700,0.04000
1735878600,0.04000
1735879500,0.04000
1735880400,0.04000
1735881300,0.04000
1735882200,0.04000
1735883100,0.04000
1735884000,0.04000
1735884900,0.04000
1735885800,0.04000
1735886700,0.04000
1735887600,0.04000
1735888500,0.04000
1735889400,0.04000
1735890300,0.04000
1735891200,0.04000
1735892100,0.04000
1735893000,0.04000
1735893900,0.04000
1735894800,0.04000
1735895700,0.04000
1735896600,0.04000
1735897500,0.04000
1735898400,0.04000
1735899300,0.04000
1735900200,0.04000
1735901100,0.04000
1735902000,0.04000
1735902900,0.04000
1735903800,0.04000
1735904700,0.04000
1735905600,0.04000
1735906500,0.04000
1735907400,0.04000
1735908300,0.04000
1735909200,0.04000
1735910100,0.04000
1735911000,0.04000
1735911900,0.04000
1735912800,0.04000
1735913700,0.04000
1735914600,0.04000
1735915500,0.04000
1735916400,0.04000
1735917300,0.04000
1735918200,0.04000
1735919100,0.04000
1735920000,0.04000
1735920900,0.04000
1735921800,0.04000
1735922700,0.04000
1735923600,0.04000
1735924500,0.04000
1735925400,0.04000
1735926300,0.04000
1735927200,0.04000
1735928100,0.04000
1735929000,0.04000
1735929900,0.04000
1735930800,0.04000
1735931700,0.04000
1735932600,0.04000
1735933500,0.04000
1735934400,0.04000
1735935300,0.04000
1735936200,0.04000
1735937100,0.04000
1735938000,0.04000
1735938900,0.04000
1735939800,0.04000
1736118000,0.08000
1736118900,0.04000
1736119800,0.04000
1736120700,0.04000
1736121600,0.04000
1736122500,0.04000
1736123400,0.04000
1736124300,0.04000
1736125200,0.04000
1736126100,0.04000
1736127000,0.04000
1736127900,0.04000
1736128800,0.04000
1736129700,0.04000
1736130600,0.04000
1736131500,0.04000
1736132400,0.04000
1736133300,0.04000
1736134200,0.04000
1736135100,0.04000
1736136000,0.04000
1736136900,0.04000
1736137800,0.04000
1736138700,0.04000
1736139600,0.04000
1736140500,0.04000
1736141400,0.04000
1736142300,0.04000
1736143200,0.04000
1736144100,0.04000
1736145000,0.04000
1736145900,0.04000
1736146800,0.04000
1736147700,0.04000
1736148600,0.04000
1736149500,0.04000
1736150400,0.04000
1736151300,0.04000
1736152200,0.04000
1736153100,0.04000
1736154000,0.04000
1736154900,0.04000
1736155800,0.04000
1736156700,0.04000
1736157600,0.04000
1736158500,0.04000
1736159400,0.04000
1736160300,0.04000
1736161200,0.04000
1736162100,0.04000
1736163000,0.04000
1736163900,0.04000
1736164800,0.04000
1736165700,0.04000
1736166600,0.04000
1736167500,0.04000
1736168400,0.04000
1736169300,0.04000
1736170200,0.04000
1736171100,0.04000
1736172000,0.04000
1736172900,0.04000
1736173800,0.04000
1736174700,0.04000
1736175600,0.04000
1736176500,0.04000
1736177400,0.04000
1736178300,0.04000
1736179200,0.04000
1736180100,0.04000
1736181000,0.04000
1736181900,0.04000
1736182800,0.04000
1736183700,0.04000
1736184600,0.04000
1736185500,0.04000
1736186400,0.04000
1736187300,0.04000
1736188200,0.04000
1736189100,0.04000
1736190000,0.04000
1736190900,0.04000
1736191800,0.04000
1736192700,0.04000
1736193600,0.04000
1736194500,0.04000
1736195400,0.04000
1736196300,0.04000
1736197200,0.04000
1736198100,0.04000
1736199000,0.04000
1736199900,0.04000
1736204400,0.01000
1736205300,0.04000
1736206200,0.04000
1736207100,0.04000
1736208000,0.04000
1736208900,0.04000
1736209800,0.04000
1736210700,0.04000
1736211600,0.04000
1736212500,0.04000
1736213400,0.04000
1736214300,0.04000
1736215200,0.04000
1736216100,0.04000
1736217000,0.04000
1736217900,0.04000
1736218800,0.04000
1736219700,0.04000
1736220600,0.04000
1736221500,0.04000
1736222400,0.04000
1736223300,0.04000
1736224200,0.04000
1736225100,0.04000
1736226000,0.04000
1736226900,0.04000
1736227800,0.04000
1736228700,0.04000
1736229600,0.04000
1736230500,0.04000
1736231400,0.04000
1736232300,0.04000
1736233200,0.04000
1736234100,0.04000
1736235000,0.04000
1736235900,0.04000
1736236800,0.04000
1736237700,0.04000
1736238600,0.04000
1736239500,0.04000
1736240400,0.04000
1736241300,0.04000
1736242200,0.04000
1736243100,0.04000
1736244000,0.04000
1736244900,0.04000
1736245800,0.04000
1736246700,0.04000
1736247600,0.04000
1736248500,0.04000
1736249400,0.04000
1736250300,0.04000
1736251200,0.04000
1736252100,0.04000
1736253000,0.04000
1736253900,0.04000
1736254800,0.04000
1736255700,0.04000
1736256600,0.04000
1736257500,0.04000
1736258400,0.04000
1736259300,0.04000
1736260200,0.04000
1736261100,0.04000
1736262000,0.04000
1736262900,0.04000
1736263800,0.04000
1736264700,0.04000
1736265600,0.04000
1736266500,0.04000
1736267400,0.04000
1736268300,0.04000
1736269200,0.04000
1736270100,0.04000
1736271000,0.04000
1736271900,0.04000
1736272800,0.04000
1736273700,0.04000
1736274600,0.04000
1736275500,0.04000
1736276400,0.04000
1736277300,0.04000
1736278200,0.04000
1736279100,0.04000
1736280000,0.04000
1736280900,0.04000
1736281800,0.04000
1736282700,0.04000
1736283600,0.04000
1736284500,0.04000
1736285400,0.04000
1736286300,0.04000
1736290800,0.04000
1736291700,0.05000
1736292600,0.11000
1736293500,0.04000
1736294400,0.04000
1736295300,0.04000
1736296200,0.04000
1736297100,0.04000
1736298000,0.04000
1736298900,0.04000
1736299800,0.04000
1736300700,0.05000
1736301600,0.04000
1736302500,0.04000
1736303400,0.04000
1736304300,0.04000
1736305200,0.04000
1736306100,0.04000
1736307000,0.04000
1736307900,0.04000
1736308800,0.04000
1736309700,0.04000
1736310600,0.04000
1736311500,0.04000
1736312400,0.04000
1736313300,0.04000
1736314200,0.04000
1736315100,0.04000
1736316000,0.04000
1736316900,0.04000
1736317800,0.04000
1736318700,0.04000
1736319600,0.04000
1736320500,0.04000
1736321400,0.04000
1736322300,0.04000
1736323200,0.04000
1736324100,0.04000
1736325000,0.04000
1736325900,0.04000
1736326800,0.04000
1736327700,0.04000
1736328600,0.04000
1736329500,0.04000
1736330400,0.04000
1736331300,0.04000
1736332200,0.04000
1736333100,0.04000
1736334000,0.04000
1736334900,0.04000
1736335800,0.01000
1736336700,0.04000
1736337600,0.04000
1736338500,0.04000
1736339400,0.04000
1736340300,0.04000
1736341200,0.04000
1736342100,0.04000
1736343000,0.04000
1736343900,0.04000
1736344800,0.04000
1736345700,0.04000
1736346600,0.04000
1736347500,0.04000
1736348400,0.01000
1736349300,0.04000
1736350200,0.04000
1736351100,0.04000
1736352000,0.04000
1736352900,0.04000
1736353800,0.04000
1736354700,0.04000
1736355600,0.04000
1736356500,0.04000
1736357400,0.04000
1736358300,0.04000
1736359200,0.04000
1736360100,0.04000
1736361000,0.04000
1736361900,0.04000
1736362800,0.04000
1736363700,0.04000
1736364600,0.04000
1736365500,0.04000
1736366400,0.04000
1736367300,0.04000
1736368200,0.04000
1736369100,0.04000
1736370000,0.04000
1736370900,0.04000
1736371800,0.04000
1736372700,0.04000
1736377200,0.01000
1736378100,0.18000
1736379000,0.07000
1736379900,0.04000
1736380800,0.04000
1736381700,0.07000
1736382600,0.05000
1736383500,0.04000
1736384400,0.04000
1736385300,0.04000
1736386200,0.04000
1736387100,0.04000
1736388000,0.04000
1736388900,0.04000
1736389800,0.04000
1736390700,0.04000
1736391600,0.04000
1736392500,0.04000
1736393400,0.04000
1736394300,0.04000
1736395200,0.04000
1736396100,0.04000
1736397000,0.04000
1736397900,0.04000
1736398800,0.04000
1736399700,0.04000
1736400600,0.04000
1736401500,0.04000
1736402400,0.04000
1736403300,0.04000
1736404200,0.04000
1736405100,0.04000
1736406000,0.04000
1736406900,0.07000
1736407800,0.04000
1736408700,0.04000
1736409600,0.04000
1736410500,0.04000
1736411400,0.04000
1736412300,0.04000
1736413200,0.04000
1736414100,0.04000
1736415000,0.04000
1736415900,0.04000
1736416800,0.04000
1736417700,0.04000
1736418600,0.05000
1736419500,0.04000
1736420400,0.04000
1736421300,0.04000
1736422200,0.04000
1736423100,0.04000
1736424000,0.04000
1736424900,0.07000
1736425800,0.04000
1736426700,0.04000
1736427600,0.04000
1736428500,0.04000
1736429400,0.04000
1736430300,0.04000
1736431200,0.04000
1736432100,0.04000
1736433000,0.04000
1736433900,0.04000
1736434800,0.04000
1736435700,0.04000
1736436600,0.04000
1736437500,0.04000
1736438400,0.04000
1736439300,0.04000
1736440200,0.04000
1736441100,0.04000
1736442000,0.04000
1736442900,0.04000
1736443800,0.04000
1736444700,0.04000
1736445600,0.04000
1736446500,0.04000
1736447400,0.04000
1736448300,0.08000
1736449200,0.04000
1736450100,0.04000
1736451000,0.04000
1736451900,0.05000
1736452800,0.04000
1736453700,0.04000
1736454600,0.04000
1736455500,0.04000
1736456400,0.04000
1736457300,0.04000
1736458200,0.04000
1736459100,0.04000
1736463600,0.04000
1736464500,0.06000
1736465400,0.04000
1736466300,0.08000
1736467200,0.04000
1736468100,0.04000
1736469000,0.04000
1736469900,0.04000
1736470800,0.04000
1736471700,0.04000
1736472600,0.04000
1736473500,0.04000
1736474400,0.04000
1736475300,0.04000
1736476200,0.04000
1736477100,0.04000
1736478000,0.04000
1736478900,0.11000
1736479800,0.04000
1736480700,0.04000
1736481600,0.04000
1736482500,0.04000
1736483400,0.04000
1736484300,0.04000
1736485200,0.04000
1736486100,0.05000
1736487000,0.04000
1736487900,0.04000
1736488800,0.04000
1736489700,0.04000
1736490600,0.04000
1736491500,0.04000
1736492400,0.04000
1736493300,0.04000
1736494200,0.04000
1736495100,0.04000
1736496000,0.04000
1736496900,0.04000
1736497800,0.04000
1736498700,0.04000
1736499600,0.04000
1736500500,0.03000
1736501400,0.04000
1736502300,0.04000
1736503200,0.04000
1736504100,0.04000
1736505000,0.04000
1736505900,0.04000
1736506800,0.05000
1736507700,0.04000
1736508600,0.04000
1736509500,0.04000
1736510400,0.04000
1736511300,0.04000
1736512200,0.04000
1736513100,0.04000
1736514000,0.04000
1736514900,0.04000
1736515800,0.04000
1736516700,0.04000
1736517600,0.04000
1736518500,0.04000
1736519400,0.02000
1736520300,0.04000
1736521200,0.04000
1736522100,0.04000
1736523000,0.04000
1736523900,0.04000
1736524800,0.04000
1736525700,0.04000
1736526600,0.02000
1736527500,0.04000
1736528400,0.04000
1736529300,0.04000
1736530200,0.04000
1736531100,0.04000
1736532000,0.04000
1736532900,0.04000
1736533800,0.04000
1736534700,0.04000
1736535600,0.04000
1736536500,0.04000
1736537400,0.04000
1736538300,0.04000
1736539200,0.04000
1736540100,0.04000
1736541000,0.04000
1736541900,0.04000
1736542800,0.04000
1736543700,0.04000
1736544600,0.04000
1736722800,0.20000
1736723700,0.16000
1736724600,0.04000
1736725500,0.04000
1736726400,0.04000
1736727300,0.04000
1736728200,0.14000
1736729100,0.08000
1736730000,0.04000
1736730900,0.04000
1736731800,0.04000
1736732700,0.04000
1736733600,0.04000
1736734500,0.04000
1736735400,0.04000
1736736300,0.04000
1736737200,0.04000
1736738100,0.04000
1736739000,0.04000
1736739900,0.04000
1736740800,0.04000
1736741700,0.04000
1736742600,0.04000
1736743500,0.04000
1736744400,0.04000
1736745300,0.04000
1736746200,0.07000
1736747100,0.04000
1736748000,0.04000
1736748900,0.04000
1736749800,0.04000
1736750700,0.04000
1736751600,0.04000
1736752500,0.04000
1736753400,0.04000
1736754300,0.04000
1736755200,0.04000
1736756100,0.04000
1736757000,0.04000
1736757900,0.04000
1736758800,0.04000
1736759700,0.04000
1736760600,0.04000
1736761500,0.04000
1736762400,0.04000
1736763300,0.04000
1736764200,0.04000
1736765100,0.04000
1736766000,0.04000
1736766900,0.04000
1736767800,0.04000
1736768700,0.04000
1736769600,0.04000
1736770500,0.04000
1736771400,0.04000
1736772300,0.04000
1736773200,0.04000
1736774100,0.04000
1736775000,0.04000
1736775900,0.04000
1736776800,0.04000
1736777700,0.04000
1736778600,0.04000
1736779500,0.04000
1736780400,0.04000
1736781300,0.04000
1736782200,0.04000
1736783100,0.04000
1736784000,0.04000
1736784900,0.04000
1736785800,0.04000
1736786700,0.04000
1736787600,0.04000
1736788500,0.04000
1736789400,0.04000
1736790300,0.04000
1736791200,0.04000
1736792100,0.04000
1736793000,0.04000
1736793900,0.04000
1736794800,0.04000
1736795700,0.06000
1736796600,0.08000
1736797500,0.04000
1736798400,0.04000
1736799300,0.04000
1736800200,0.04000
1736801100,0.04000
1736802000,0.04000
1736802900,0.04000
1736803800,0.04000
1736804700,0.04000
1736809200,0.04000
1736810100,0.04000
1736811000,0.04000
1736811900,0.04000
1736812800,0.04000
1736813700,0.04000
1736814600,0.04000
1736815500,0.08000
1736816400,0.04000
1736817300,0.04000
1736818200,0.04000
1736819100,0.04000
1736820000,0.04000
1736820900,0.04000
1736821800,0.04000
1736822700,0.04000
1736823600,0.04000
1736824500,0.04000
1736825400,0.04000
1736826300,0.04000
1736827200,0.04000
1736828100,0.04000
1736829000,0.04000
1736829900,0.04000
1736830800,0.04000
1736831700,0.04000
1736832600,0.04000
1736833500,0.04000
1736834400,0.04000
1736835300,0.04000
1736836200,0.04000
1736837100,0.07000
1736838000,0.04000
1736838900,0.04000
1736839800,0.04000
1736840700,0.07000
1736841600,0.02000
1736842500,0.04000
1736843400,0.04000
1736844300,0.09000
1736845200,0.04000
1736846100,0.04000
1736847000,0.04000
1736847900,0.04000
1736848800,0.04000
1736849700,0.04000
1736850600,0.04000
1736851500,0.10000
1736852400,0.07000
1736853300,0.04000
1736854200,0.04000
1736855100,0.04000
1736856000,0.04000
1736856900,0.04000
1736857800,0.04000
1736858700,0.04000
1736859600,0.04000
1736860500,0.04000
1736861400,0.04000
1736862300,0.04000
1736863200,0.04000
1736864100,0.04000
1736865000,0.04000
1736865900,0.04000
1736866800,0.04000
1736867700,0.04000
1736868600,0.04000
1736869500,0.04000
1736870400,0.04000
1736871300,0.04000
1736872200,0.04000
1736873100,0.04000
1736874000,0.04000
1736874900,0.04000
1736875800,0.04000
1736876700,0.04000
1736877600,0.04000
1736878500,0.04000
1736879400,0.04000
1736880300,0.04000
1736881200,0.04000
1736882100,0.04000
1736883000,0.04000
1736883900,0.04000
1736884800,0.04000
1736885700,0.04000
1736886600,0.04000
1736887500,0.04000
1736888400,0.04000
1736889300,0.04000
1736890200,0.04000
1736891100,0.04000
1736895600,0.04000
1736896500,0.12000
1736897400,0.12000
1736898300,0.12000
1736899200,0.07000
1736900100,0.04000
1736901000,0.08000
1736901900,0.04000
1736902800,0.04000
1736903700,0.04000
1736904600,0.04000
1736905500,0.04000
1736906400,0.04000
1736907300,0.04000
1736908200,0.04000
1736909100,0.04000
1736910000,0.04000
1736910900,0.04000
1736911800,0.04000
1736912700,0.04000
1736913600,0.04000
1736914500,0.04000
1736915400,0.04000
1736916300,0.04000
1736917200,0.04000
1736918100,0.04000
1736919000,0.04000
1736919900,0.04000
1736920800,0.04000
1736921700,0.04000
1736922600,0.04000
1736923500,0.06000
1736924400,0.04000
1736925300,0.04000
1736926200,0.04000
1736927100,0.04000
1736928000,0.04000
1736928900,0.08000
1736929800,0.04000
1736930700,0.12000
1736931600,0.04000
1736932500,0.04000
1736933400,0.04000
1736934300,0.04000
1736935200,0.04000
1736936100,0.04000
1736937000,0.04000
1736937900,0.04000
1736938800,0.04000
1736939700,0.04000
1736940600,0.04000
1736941500,0.04000
1736942400,0.04000
1736943300,0.04000
1736944200,0.04000
1736945100,0.04000
1736946000,0.04000
1736946900,0.04000
1736947800,0.04000
1736948700,0.04000
1736949600,0.04000
1736950500,0.04000
1736951400,0.00000
1736952300,0.04000
1736953200,0.04000
1736954100,0.04000
1736955000,0.04000
1736955900,0.04000
1736956800,0.04000
1736957700,0.04000
1736958600,0.04000
1736959500,0.04000
1736960400,0.04000
1736961300,0.04000
1736962200,0.04000
1736963100,0.04000
1736964000,0.04000
1736964900,0.04000
1736965800,0.04000
1736966700,0.04000
1736967600,0.04000
1736968500,0.04000
1736969400,0.04000
1736970300,0.04000
1736971200,0.04000
1736972100,0.04000
1736973000,0.04000
1736973900,0.04000
1736974800,0.04000
1736975700,0.04000
1736976600,0.04000
1736977500,0.04000
1736982000,0.04000
1736982900,0.09000
1736983800,0.04000
1736984700,0.04000
1736985600,0.04000
1736986500,0.04000
1736987400,0.04000
1736988300,0.11000
1736989200,0.04000
1736990100,0.04000
1736991000,0.04000
1736991900,0.04000
1736992800,0.04000
1736993700,0.04000
1736994600,0.05000
1736995500,0.04000
1736996400,0.04000
1736997300,0.04000
1736998200,0.04000
1736999100,0.04000
1737000000,0.04000
1737000900,0.04000
1737001800,0.06000
1737002700,0.04000
1737003600,0.04000
1737004500,0.04000
1737005400,0.04000
1737006300,0.04000
1737007200,0.04000
1737008100,0.04000
1737009000,0.04000
1737009900,0.04000
1737010800,0.04000
1737011700,0.04000
1737012600,0.04000
1737013500,0.04000
1737014400,0.02000
1737015300,0.04000
1737016200,0.04000
1737017100,0.04000
1737018000,0.04000
1737018900,0.01000
1737019800,0.04000
1737020700,0.04000
1737021600,0.04000
1737022500,0.04000
1737023400,0.04000
1737024300,0.04000
1737025200,0.04000
1737026100,0.04000
1737027000,0.04000
1737027900,0.04000
1737028800,0.04000
1737029700,0.04000
1737030600,0.04000
1737031500,0.04000
1737032400,0.04000
1737033300,0.04000
1737034200,0.04000
1737035100,0.04000
1737036000,0.04000
1737036900,0.04000
1737037800,0.03000
1737038700,0.04000
1737039600,0.04000
1737040500,0.04000
1737041400,0.04000
1737042300,0.06000
1737043200,0.04000
1737044100,0.04000
1737045000,0.04000
1737045900,0.04000
1737046800,0.04000
1737047700,0.04000
1737048600,0.04000
1737049500,0.04000
1737050400,0.04000
1737051300,0.04000
1737052200,0.04000
1737053100,0.04000
1737054000,0.04000
1737054900,0.04000
1737055800,0.06000
1737056700,0.04000
1737057600,0.04000
1737058500,0.04000
1737059400,0.04000
1737060300,0.00000
1737061200,0.04000
1737062100,0.04000
1737063000,0.04000
1737063900,0.22000
1737068400,0.18000
1737069300,0.05000
1737070200,0.04000
1737071100,0.04000
1737072000,0.04000
1737072900,0.04000
1737073800,0.05000
1737074700,0.04000
1737075600,0.04000
1737076500,0.04000
1737077400,0.04000
1737078300,0.04000
1737079200,0.04000
1737080100,0.04000
1737081000,0.04000
1737081900,0.04000
1737082800,0.04000
1737083700,0.04000
1737084600,0.09000
1737085500,0.10000
1737086400,0.04000
1737087300,0.04000
1737088200,0.09000
1737089100,0.04000
1737090000,0.04000
1737090900,0.04000
1737091800,0.04000
1737092700,0.04000
1737093600,0.04000
1737094500,0.04000
1737095400,0.04000
1737096300,0.04000
1737097200,0.04000
1737098100,0.04000
1737099000,0.04000
1737099900,0.04000
1737100800,0.04000
1737101700,0.04000
1737102600,0.04000
1737103500,0.04000
1737104400,0.04000
1737105300,0.04000
1737106200,0.04000
1737107100,0.04000
1737108000,0.04000
1737108900,0.04000
1737109800,0.04000
1737110700,0.04000
1737111600,0.04000
1737112500,0.04000
1737113400,0.04000
1737114300,0.04000
1737115200,0.04000
1737116100,0.03000
1737117000,0.04000
1737117900,0.04000
1737118800,0.04000
1737119700,0.04000
1737120600,0.04000
1737121500,0.04000
1737122400,0.04000
1737123300,0.04000
1737124200,0.04000
1737125100,0.04000
1737126000,0.04000
1737126900,0.04000
1737127800,0.04000
1737128700,0.04000
1737129600,0.04000
1737130500,0.04000
1737131400,0.04000
1737132300,0.04000
1737133200,0.04000
1737134100,0.04000
1737135000,0.04000
1737135900,0.04000
1737136800,0.04000
1737137700,0.04000
1737138600,0.04000
1737139500,0.04000
1737140400,0.04000
1737141300,0.04000
1737142200,0.04000
1737143100,0.04000
1737144000,0.04000
1737144900,0.04000
1737145800,0.04000
1737146700,0.04000
1737147600,0.04000
1737148500,0.04000
1737149400,0.04000
1737327600,0.20000
1737328500,0.04000
1737329400,0.04000
1737330300,0.13000
1737331200,0.04000
1737332100,0.04000
1737333000,0.10000
1737333900,0.04000
1737334800,0.04000
1737335700,0.04000
1737336600,0.04000
1737337500,0.04000
1737338400,0.04000
1737339300,0.04000
1737340200,0.04000
1737341100,0.04000
1737342000,0.04000
1737342900,0.04000
1737343800,0.04000
1737344700,0.04000
1737345600,0.04000
1737346500,0.04000
1737347400,0.04000
1737348300,0.04000
1737349200,0.04000
1737350100,0.04000
1737351000,0.04000
1737351900,0.04000
1737352800,0.04000
1737353700,0.04000
1737354600,0.04000
1737355500,0.04000
1737356400,0.04000
1737357300,0.04000
1737358200,0.09000
1737359100,0.04000
1737360000,0.04000
1737360900,0.04000
1737361800,0.04000
1737362700,0.04000
1737363600,0.04000
1737364500,0.04000
1737365400,0.04000
1737366300,0.04000
1737367200,0.04000
1737368100,0.04000
1737369000,0.04000
1737369900,0.04000
1737370800,0.04000
1737371700,0.04000
1737372600,0.04000
1737373500,0.08000
1737374400,0.04000
1737375300,0.04000
1737376200,0.04000
1737377100,0.04000
1737378000,0.04000
1737378900,0.04000
1737379800,0.04000
1737380700,0.04000
1737381600,0.04000
1737382500,0.04000
1737383400,0.04000
1737384300,0.04000
1737385200,0.04000
1737386100,0.04000
1737387000,0.04000
1737387900,0.10000
1737388800,0.04000
1737389700,0.04000
1737390600,0.04000
1737391500,0.04000
1737392400,0.04000
1737393300,0.04000
1737394200,0.04000
1737395100,0.13000
1737396000,0.04000
1737396900,0.04000
1737397800,0.04000
1737398700,0.11000
1737399600,0.04000
1737400500,0.33000
1737417600,0.04000
1737418500,0.04000
1737419400,0.04000
1737420300,0.04000
1737421200,0.04000
1737422100,0.04000
1737423000,0.04000
1737423900,0.04000
1737424800,0.04000
1737425700,0.04000
1737426600,0.04000
1737427500,0.04000
1737428400,0.04000
1737429300,0.04000
1737430200,0.04000
1737431100,0.04000
1737432000,0.04000
1737432900,0.04000
1737433800,0.04000
1737434700,0.04000
1737435600,0.04000
1737436500,0.04000
1737437400,0.04000
1737438300,0.04000
1737439200,0.04000
1737440100,0.04000
1737441000,0.04000
1737441900,0.04000
1737442800,0.04000
1737443700,0.04000
1737444600,0.04000
1737445500,0.04000
1737446400,0.04000
1737447300,0.04000
1737448200,0.04000
1737449100,0.04000
1737450000,0.04000
1737450900,0.04000
1737451800,0.04000
1737452700,0.04000
1737453600,0.04000
1737454500,0.04000
1737455400,0.04000
1737456300,0.04000
1737457200,0.04000
1737458100,0.04000
1737459000,0.04000
1737459900,0.04000
1737460800,0.04000
1737461700,0.04000
1737462600,0.04000
1737463500,0.04000
1737464400,0.04000
1737465300,0.04000
1737466200,0.04000
1737467100,0.04000
1737468000,0.04000
1737468900,0.04000
1737469800,0.04000
1737470700,0.04000
1737471600,0.04000
1737472500,0.04000
1737473400,0.02000
1737474300,0.04000
1737475200,0.04000
1737476100,0.04000
1737477000,0.04000
1737477900,0.04000
1737478800,0.04000
1737479700,0.04000
1737480600,0.04000
1737481500,0.04000
1737482400,0.04000
1737483300,0.04000
1737484200,0.04000
1737485100,0.04000
1737486000,0.04000
1737486900,0.04000
1737487800,0.04000
1737488700,0.04000
1737489600,0.04000
1737490500,0.04000
1737491400,0.04000
1737492300,0.04000
1737493200,0.04000
1737494100,0.05000
1737495000,0.04000
1737495900,0.04000
1737500400,0.04000
1737501300,0.04000
1737502200,0.04000
1737503100,0.04000
1737504000,0.04000
1737504900,0.04000
1737505800,0.04000
1737506700,0.04000
1737507600,0.04000
1737508500,0.04000
1737509400,0.04000
1737510300,0.04000
1737511200,0.04000
1737512100,0.04000
1737513000,0.04000
1737513900,0.04000
1737514800,0.04000
1737515700,0.04000
1737516600,0.04000
1737517500,0.04000
1737518400,0.04000
1737519300,0.04000
1737520200,0.04000
1737521100,0.04000
1737522000,0.06000
1737522900,0.06000
1737523800,0.06000
1737524700,0.06000
1737525600,0.06000
1737526500,0.06000
1737527400,0.06000
1737528300,0.06000
1737529200,0.06000
1737530100,0.06000
1737531000,0.06000
1737531900,0.06000
1737532800,0.06000
1737533700,0.06000
1737534600,0.06000
1737535500,0.06000
1737536400,0.06000
1737537300,0.06000
1737538200,0.06000
1737539100,0.06000
1737540000,0.06000
1737540900,0.06000
1737541800,0.06000
1737542700,0.06000
1737543600,0.06000
1737544500,0.06000
1737545400,0.07000
1737546300,0.06000
1737547200,0.06000
1737548100,0.06000
1737549000,0.06000
1737549900,0.06000
1737550800,0.06000
1737551700,0.06000
1737552600,0.06000
1737553500,0.06000
1737554400,0.06000
1737555300,0.06000
1737556200,0.06000
1737557100,0.06000
1737558000,0.06000
1737558900,0.06000
1737559800,0.06000
1737560700,0.06000
1737561600,0.07000
1737562500,0.06000
1737563400,0.06000
1737564300,0.06000
1737565200,0.06000
1737566100,0.06000
1737567000,0.06000
1737567900,0.06000
1737568800,0.06000
1737569700,0.06000
1737570600,0.06000
1737571500,0.06000
1737572400,0.06000
1737573300,0.06000
1737574200,0.06000
1737575100,0.06000
1737576000,0.06000
1737576900,0.06000
1737577800,0.06000
1737578700,0.06000
1737579600,0.06000
1737580500,0.06000
1737581400,0.06000
1737582300,0.06000
1737586800,0.20000
1737587700,0.07000
1737588600,0.06000
1737589500,0.06000
1737590400,0.06000
1737591300,0.06000
1737592200,0.06000
1737593100,0.06000
1737594000,0.06000
1737594900,0.06000
1737595800,0.06000
1737596700,0.06000
1737597600,0.06000
1737598500,0.06000
1737599400,0.06000
1737600300,0.06000
1737601200,0.06000
1737602100,0.06000
1737603000,0.06000
1737603900,0.06000
1737604800,0.06000
1737605700,0.06000
1737606600,0.06000
1737607500,0.06000
1737608400,0.06000
1737609300,0.06000
1737610200,0.06000
1737611100,0.06000
1737612000,0.06000
1737612900,0.06000
1737613800,0.06000
1737614700,0.06000
1737615600,0.06000
1737616500,0.06000
1737617400,0.06000
1737618300,0.06000
1737619200,0.06000
1737620100,0.06000
1737621000,0.06000
1737621900,0.06000
1737622800,0.06000
1737623700,0.06000
1737624600,0.06000
1737625500,0.06000
1737626400,0.06000
1737627300,0.06000
1737628200,0.06000
1737629100,0.06000
1737630000,0.08000
1737630900,0.06000
1737631800,0.06000
1737632700,0.06000
1737633600,0.06000
1737634500,0.06000
1737635400,0.06000
1737636300,0.06000
1737637200,0.06000
1737638100,0.06000
1737639000,0.06000
1737639900,0.06000
1737640800,0.06000
1737641700,0.06000
1737642600,0.06000
1737643500,0.06000
1737644400,0.06000
1737645300,0.06000
1737646200,0.05000
1737647100,0.06000
1737648000,0.06000
1737648900,0.06000
1737649800,0.06000
1737650700,0.06000
1737651600,0.06000
1737652500,0.06000
1737653400,0.04000
1737654300,0.06000
1737655200,0.06000
1737656100,0.06000
1737657000,0.08000
1737657900,0.06000
1737658800,0.06000
1737659700,0.06000
1737660600,0.06000
1737661500,0.06000
1737662400,0.06000
1737663300,0.06000
1737664200,0.06000
1737665100,0.06000
1737666000,0.06000
1737666900,0.06000
1737667800,0.06000
1737668700,0.06000
1737673200,0.06000
1737674100,0.13000
1737675000,0.06000
1737675900,0.06000
1737676800,0.06000
1737677700,0.06000
1737678600,0.06000
1737679500,0.06000
1737680400,0.06000
1737681300,0.06000
1737682200,0.06000
1737683100,0.06000
1737684000,0.06000
1737684900,0.06000
1737685800,0.06000
1737686700,0.06000
1737687600,0.06000
1737688500,0.06000
1737689400,0.06000
1737690300,0.06000
1737691200,0.06000
1737692100,0.06000
1737693000,0.06000
1737693900,0.06000
1737694800,0.06000
1737695700,0.06000
1737696600,0.06000
1737697500,0.06000
1737698400,0.06000
1737699300,0.06000
1737700200,0.06000
1737701100,0.06000
1737702000,0.06000
1737702900,0.06000
1737703800,0.06000
1737704700,0.06000
1737705600,0.06000
1737706500,0.06000
1737707400,0.06000
1737708300,0.06000
1737709200,0.06000
1737710100,0.06000
1737711000,0.06000
1737711900,0.06000
1737712800,0.06000
1737713700,0.06000
1737714600,0.06000
1737715500,0.06000
1737716400,0.06000
1737717300,0.06000
1737718200,0.06000
1737719100,0.06000
1737720000,0.06000
1737720900,0.06000
1737721800,0.06000
1737722700,0.06000
1737723600,0.06000
1737724500,0.06000
1737725400,0.06000
1737726300,0.06000
1737727200,0.06000
1737728100,0.06000
1737729000,0.06000
1737729900,0.06000
1737730800,0.06000
1737731700,0.06000
1737732600,0.06000
1737733500,0.06000
1737734400,0.06000
1737735300,0.06000
1737736200,0.06000
1737737100,0.06000
1737738000,0.06000
1737738900,0.06000
1737739800,0.09000
1737740700,0.06000
1737741600,0.06000
1737742500,0.06000
1737743400,0.06000
1737744300,0.06000
1737745200,0.06000
1737746100,0.06000
1737747000,0.06000
1737747900,0.06000
1737748800,0.06000
1737749700,0.06000
1737750600,0.06000
1737751500,0.06000
1737752400,0.06000
1737753300,0.06000
1737754200,0.10000
1737932400,0.06000
1737933300,0.06000
1737934200,0.06000
1737935100,0.06000
1737936000,0.06000
1737936900,0.06000
1737937800,0.06000
1737938700,0.06000
1737939600,0.06000
1737940500,0.06000
1737941400,0.06000
1737942300,0.06000
1737943200,0.06000
1737944100,0.06000
1737945000,0.06000
1737945900,0.06000
1737946800,0.06000
1737947700,0.06000
1737948600,0.06000
1737949500,0.06000
1737950400,0.06000
1737951300,0.06000
1737952200,0.06000
1737953100,0.07000
1737954000,0.06000
1737954900,0.06000
1737955800,0.06000
1737956700,0.06000
1737957600,0.06000
1737958500,0.06000
1737959400,0.06000
1737960300,0.06000
1737961200,0.06000
1737962100,0.06000
1737963000,0.06000
1737963900,0.06000
1737964800,0.06000
1737965700,0.06000
1737966600,0.06000
1737967500,0.06000
1737968400,0.06000
1737969300,0.06000
1737970200,0.06000
1737971100,0.06000
1737972000,0.06000
1737972900,0.06000
1737973800,0.06000
1737974700,0.06000
1737975600,0.06000
1737976500,0.06000
1737977400,0.06000
1737978300,0.06000
1737979200,0.06000
1737980100,0.06000
1737981000,0.12000
1737981900,0.12000
1737982800,0.12000
1737983700,0.12000
1737984600,0.12000
1737985500,0.12000
1737986400,0.12000
1737987300,0.12000
1737988200,0.12000
1737989100,0.12000
1737990000,0.12000
1737990900,0.12000
1737991800,0.12000
1737992700,0.12000
1737993600,0.12000
1737994500,0.12000
1737995400,0.12000
1737996300,0.12000
1737997200,0.12000
1737998100,0.12000
1737999000,0.12000
1737999900,0.12000
1738000800,0.12000
1738001700,0.12000
1738002600,0.12000
1738003500,0.12000
1738004400,0.12000
1738005300,0.12000
1738006200,0.12000
1738007100,0.12000
1738008000,0.12000
1738008900,0.12000
1738009800,0.12000
1738010700,0.12000
1738011600,0.12000
1738012500,0.12000
1738013400,0.12000
1738014300,0.12000
1738018800,0.19000
1738019700,0.12000
1738020600,0.12000
1738021500,0.12000
1738022400,0.12000
1738023300,0.12000
1738024200,0.12000
1738025100,0.12000
1738026000,0.12000
1738026900,0.12000
1738027800,0.12000
1738028700,0.12000
1738029600,0.12000
1738030500,0.12000
1738031400,0.12000
1738032300,0.12000
1738033200,0.12000
1738034100,0.12000
1738035000,0.12000
1738035900,0.12000
1738036800,0.12000
1738037700,0.12000
1738038600,0.12000
1738039500,0.12000
1738040400,0.12000
1738041300,0.12000
1738042200,0.12000
1738043100,0.12000
1738044000,0.12000
1738044900,0.12000
1738045800,0.12000
1738046700,0.12000
1738047600,0.12000
1738048500,0.12000
1738049400,0.12000
1738050300,0.12000
1738051200,0.12000
1738052100,0.12000
1738053000,0.12000
1738053900,0.12000
1738054800,0.12000
1738055700,0.12000
1738056600,0.12000
1738057500,0.12000
1738058400,0.12000
1738059300,0.12000
1738060200,0.12000
1738061100,0.12000
1738062000,0.12000
1738062900,0.12000
1738063800,0.12000
1738064700,0.12000
1738065600,0.12000
1738066500,0.12000
1738067400,0.12000
1738068300,0.12000
1738069200,0.12000
1738070100,0.12000
1738071000,0.12000
1738071900,0.12000
1738072800,0.12000
1738073700,0.12000
1738074600,0.12000
1738075500,0.12000
1738076400,0.12000
1738077300,0.12000
1738078200,0.12000
1738079100,0.12000
1738080000,0.12000
1738080900,0.12000
1738081800,0.12000
1738082700,0.12000
1738083600,0.12000
1738084500,0.12000
1738085400,0.12000
1738086300,0.12000
1738087200,0.12000
1738088100,0.12000
1738089000,0.12000
1738089900,0.12000
1738090800,0.12000
1738091700,0.12000
1738092600,0.12000
1738093500,0.12000
1738094400,0.12000
1738095300,0.12000
1738096200,0.12000
1738097100,0.12000
1738098000,0.12000
1738098900,0.12000
1738099800,0.12000
1738100700,0.12000
1738105200,0.12000
1738106100,0.12000
1738107000,0.12000
1738107900,0.12000
1738108800,0.12000
1738109700,0.12000
1738110600,0.12000
1738111500,0.12000
1738112400,0.12000
1738113300,0.12000
1738114200,0.12000
1738115100,0.12000
1738116000,0.12000
1738116900,0.12000
1738117800,0.12000
1738118700,0.12000
1738119600,0.12000
1738120500,0.12000
1738121400,0.12000
1738122300,0.12000
1738123200,0.12000
1738124100,0.12000
1738125000,0.12000
1738125900,0.12000
1738126800,0.12000
1738127700,0.12000
1738128600,0.12000
1738129500,0.12000
1738130400,0.12000
1738131300,0.12000
1738132200,0.12000
1738133100,0.12000
1738134000,0.12000
1738134900,0.12000
1738135800,0.12000
1738136700,0.12000
1738137600,0.12000
1738138500,0.12000
1738139400,0.12000
1738140300,0.12000
1738141200,0.12000
1738142100,0.12000
1738143000,0.08000
1738143900,0.12000
1738144800,0.12000
1738145700,0.12000
1738146600,0.12000
1738147500,0.12000
1738148400,0.12000
1738149300,0.12000
1738150200,0.12000
1738151100,0.12000
1738152000,0.12000
1738152900,0.12000
1738153800,0.12000
1738154700,0.12000
1738155600,0.12000
1738156500,0.12000
1738157400,0.12000
1738158300,0.12000
1738159200,0.12000
1738160100,0.12000
1738161000,0.12000
1738161900,0.12000
1738162800,0.12000
1738163700,0.12000
1738164600,0.12000
1738165500,0.12000
1738166400,0.12000
1738167300,0.12000
1738168200,0.12000
1738169100,0.12000
1738170000,0.12000
1738170900,0.12000
1738171800,0.12000
1738172700,0.12000
1738173600,0.12000
1738174500,0.12000
1738175400,0.12000
1738176300,0.12000
1738177200,0.12000
1738178100,0.12000
1738179000,0.12000
1738179900,0.12000
1738180800,0.12000
1738181700,0.12000
1738182600,0.12000
1738183500,0.12000
1738184400,0.12000
1738185300,0.12000
1738186200,0.12000
1738187100,0.12000
1738191600,0.15000
1738192500,0.12000
1738193400,0.18000
1738194300,0.16000
1738195200,0.12000
1738196100,0.12000
1738197000,0.12000
1738197900,0.12000
1738198800,0.12000
1738199700,0.12000
1738200600,0.12000
1738201500,0.12000
1738202400,0.12000
1738203300,0.12000
1738204200,0.12000
1738205100,0.12000
1738206000,0.12000
1738206900,0.12000
1738207800,0.12000
1738208700,0.12000
1738209600,0.12000
1738210500,0.12000
1738211400,0.12000
1738212300,0.12000
1738213200,0.12000
1738214100,0.12000
1738215000,0.12000
1738215900,0.12000
1738216800,0.12000
1738217700,0.12000
1738218600,0.12000
1738219500,0.12000
1738220400,0.12000
1738221300,0.12000
1738222200,0.12000
1738223100,0.12000
1738224000,0.12000
1738224900,0.12000
1738225800,0.12000
1738226700,0.12000
1738227600,0.12000
1738228500,0.12000
1738229400,0.12000
1738230300,0.12000
1738231200,0.12000
1738232100,0.12000
1738233000,0.12000
1738233900,0.12000
1738234800,0.12000
1738235700,0.12000
1738236600,0.12000
1738237500,0.12000
1738238400,0.12000
1738239300,0.12000
1738240200,0.12000
1738241100,0.12000
1738242000,0.12000
1738242900,0.12000
1738243800,0.12000
1738244700,0.12000
1738245600,0.12000
1738246500,0.12000
1738247400,0.12000
1738248300,0.12000
1738249200,0.12000
1738250100,0.12000
1738251000,0.12000
1738251900,0.12000
1738252800,0.12000
1738253700,0.12000
1738254600,0.12000
1738255500,0.12000
1738256400,0.12000
1738257300,0.12000
1738258200,0.12000
1738259100,0.12000
1738260000,0.12000
1738260900,0.12000
1738261800,0.12000
1738262700,0.12000
1738263600,0.12000
1738264500,0.12000
1738265400,0.12000
1738266300,0.12000
1738267200,0.12000
1738268100,0.12000
1738269000,0.12000
1738269900,0.12000
1738270800,0.12000
1738271700,0.12000
1738272600,0.12000
1738273500,0.12000
1738278000,0.72000
1738278900,0.12000
1738279800,0.12000
1738280700,0.12000
1738281600,0.12000
1738282500,0.12000
1738283400,0.12000
1738284300,0.12000
1738285200,0.12000
1738286100,0.12000
1738287000,0.12000
1738287900,0.12000
1738288800,0.12000
1738289700,0.12000
1738290600,0.12000
1738291500,0.12000
1738292400,0.12000
1738293300,0.12000
1738294200,0.12000
1738295100,0.12000
1738296000,0.12000
1738296900,0.12000
1738297800,0.12000
1738298700,0.12000
1738299600,0.12000
1738300500,0.12000
1738301400,0.12000
1738302300,0.12000
1738303200,0.12000
1738304100,0.12000
1738305000,0.12000
1738305900,0.12000
1738306800,0.12000
1738307700,0.12000
1738308600,0.12000
1738309500,0.12000
1738310400,0.12000
1738311300,0.12000
1738312200,0.12000
1738313100,0.12000
1738314000,0.12000
1738314900,0.12000
1738315800,0.12000
1738316700,0.12000
1738317600,0.12000
1738318500,0.12000
1738319400,0.12000
1738320300,0.12000
1738321200,0.12000
1738322100,0.12000
1738323000,0.12000
1738323900,0.12000
1738324800,0.12000
1738325700,0.12000
1738326600,0.12000
1738327500,0.12000
1738328400,0.12000
1738329300,0.12000
1738330200,0.12000
1738331100,0.12000
1738332000,0.12000
1738332900,0.12000
1738333800,0.12000
1738334700,0.12000
1738335600,0.12000
1738336500,0.12000
1738337400,0.12000
1738338300,0.12000
1738339200,0.12000
1738340100,0.12000
1738341000,0.12000
1738341900,0.12000
1738342800,0.12000
1738343700,0.12000
1738344600,0.12000
1738345500,0.12000
1738346400,0.12000
1738347300,0.12000
1738348200,0.12000
1738349100,0.12000
1738350000,0.12000
1738350900,0.12000
1738351800,0.12000
1738352700,0.12000
1738353600,0.12000
1738354500,0.12000
1738355400,0.12000
1738356300,0.12000
1738357200,0.12000
1738358100,0.12000
1738359000,0.12000
1738537200,0.12000
1738538100,0.12000
1738539000,0.12000
1738539900,0.12000
1738540800,0.12000
1738541700,0.12000
1738542600,0.12000
1738543500,0.12000
1738544400,0.12000
1738545300,0.12000
1738546200,0.12000
1738547100,0.12000
1738548000,0.12000
1738548900,0.12000
1738549800,0.12000
1738550700,0.12000
1738551600,0.12000
1738552500,0.12000
1738553400,0.12000
1738554300,0.12000
1738555200,0.12000
1738556100,0.12000
1738557000,0.12000
1738557900,0.12000
1738558800,0.12000
1738559700,0.12000
1738560600,0.12000
1738561500,0.12000
1738562400,0.12000
1738563300,0.12000
1738564200,0.12000
1738565100,0.12000
1738566000,0.12000
1738566900,0.12000
1738567800,0.12000
1738568700,0.12000
1738569600,0.12000
1738570500,0.12000
1738571400,0.12000
1738572300,0.12000
1738573200,0.12000
1738574100,0.12000
1738575000,0.12000
1738575900,0.12000
1738576800,0.12000
1738577700,0.12000
1738578600,0.12000
1738579500,0.12000
1738580400,0.12000
1738581300,0.10000
1738582200,0.10000
1738583100,0.10000
1738584000,0.10000
1738584900,0.10000
1738585800,0.10000
1738586700,0.10000
1738587600,0.10000
1738588500,0.10000
1738589400,0.10000
1738590300,0.10000
1738591200,0.10000
1738592100,0.10000
1738593000,0.10000
1738593900,0.10000
1738594800,0.10000
1738595700,0.10000
1738596600,0.10000
1738597500,0.10000
1738598400,0.10000
1738599300,0.10000
1738600200,0.10000
1738601100,0.10000
1738602000,0.10000
1738602900,0.10000
1738603800,0.10000
1738604700,0.10000
1738605600,0.10000
1738606500,0.10000
1738607400,0.10000
1738608300,0.10000
1738609200,0.10000
1738610100,0.10000
1738611000,0.10000
1738611900,0.10000
1738612800,0.10000
1738613700,0.10000
1738614600,0.10000
1738615500,0.10000
1738616400,0.10000
1738617300,0.10000
1738618200,0.10000
1738619100,0.10000
1738623600,0.10000
1738624500,0.12000
1738625400,0.10000
1738626300,0.10000
1738627200,0.10000
1738628100,0.10000
1738629000,0.10000
1738629900,0.10000
1738630800,0.10000
1738631700,0.10000
1738632600,0.10000
1738633500,0.10000
1738634400,0.10000
1738635300,0.10000
1738636200,0.10000
1738637100,0.10000
1738638000,0.10000
1738638900,0.10000
1738639800,0.10000
1738640700,0.10000
1738641600,0.10000
1738642500,0.10000
1738643400,0.10000
1738644300,0.10000
1738645200,0.10000
1738646100,0.10000
1738647000,0.10000
1738647900,0.10000
1738648800,0.10000
1738649700,0.10000
1738650600,0.10000
1738651500,0.10000
1738652400,0.10000
1738653300,0.10000
1738654200,0.10000
1738655100,0.10000
1738656000,0.10000
1738656900,0.10000
1738657800,0.10000
1738658700,0.10000
1738659600,0.10000
1738660500,0.10000
1738661400,0.10000
1738662300,0.10000
1738663200,0.10000
1738664100,0.10000
1738665000,0.10000
1738665900,0.10000
1738666800,0.10000
1738667700,0.10000
1738668600,0.10000
1738669500,0.10000
1738670400,0.10000
1738671300,0.10000
1738672200,0.10000
1738673100,0.10000
1738674000,0.10000
1738674900,0.10000
1738675800,0.10000
1738676700,0.10000
1738677600,0.10000
1738678500,0.10000
1738679400,0.10000
1738680300,0.10000
1738681200,0.10000
1738682100,0.10000
1738683000,0.10000
1738683900,0.10000
1738684800,0.10000
1738685700,0.10000
1738686600,0.10000
1738687500,0.10000
1738688400,0.10000
1738689300,0.10000
1738690200,0.10000
1738691100,0.10000
1738692000,0.10000
1738692900,0.10000
1738693800,0.10000
1738694700,0.10000
1738695600,0.10000
1738696500,0.10000
1738697400,0.10000
1738698300,0.10000
1738699200,0.10000
1738700100,0.10000
1738701000,0.10000
1738701900,0.10000
1738702800,0.10000
1738703700,0.10000
1738704600,0.10000
1738705500,0.10000
1738710000,0.10000
1738710900,0.10000
1738711800,0.10000
1738712700,0.10000
1738713600,0.10000
1738714500,0.10000
1738715400,0.10000
1738716300,0.10000
1738717200,0.10000
1738718100,0.10000
1738719000,0.10000
1738719900,0.10000
1738720800,0.10000
1738721700,0.10000
1738722600,0.10000
1738723500,0.10000
1738724400,0.10000
1738725300,0.10000
1738726200,0.10000
1738727100,0.10000
1738728000,0.10000
1738728900,0.10000
1738729800,0.10000
1738730700,0.10000
1738731600,0.10000
1738732500,0.10000
1738733400,0.10000
1738734300,0.10000
1738735200,0.10000
1738736100,0.10000
1738737000,0.10000
1738737900,0.10000
1738738800,0.10000
1738739700,0.10000
1738740600,0.10000
1738741500,0.10000
1738742400,0.10000
1738743300,0.10000
1738744200,0.10000
1738745100,0.10000
1738746000,0.10000
1738746900,0.10000
1738747800,0.10000
1738748700,0.10000
1738749600,0.10000
1738750500,0.10000
1738751400,0.10000
1738752300,0.10000
1738753200,0.10000
1738754100,0.10000
1738755000,0.10000
1738755900,0.10000
1738756800,0.10000
1738757700,0.10000
1738758600,0.10000
1738759500,0.10000
1738760400,0.10000
1738761300,0.10000
1738762200,0.10000
1738763100,0.10000
1738764000,0.10000
1738764900,0.10000
1738765800,0.10000
1738766700,0.08000
1738767600,0.10000
1738768500,0.10000
1738769400,0.10000
1738770300,0.10000
1738771200,0.10000
1738772100,0.10000
1738773000,0.10000
1738773900,0.10000
1738774800,0.10000
1738775700,0.10000
1738776600,0.10000
1738777500,0.10000
1738778400,0.10000
1738779300,0.10000
1738780200,0.10000
1738781100,0.10000
1738782000,0.10000
1738782900,0.10000
1738783800,0.10000
1738784700,0.10000
1738785600,0.10000
1738786500,0.10000
1738787400,0.10000
1738788300,0.10000
1738789200,0.10000
1738790100,0.10000
1738791000,0.10000
1738791900,0.10000
1738796400,0.10000
1738797300,0.10000
1738798200,0.10000
1738799100,0.10000
1738800000,0.10000
1738800900,0.10000
1738801800,0.10000
1738802700,0.10000
1738803600,0.10000
1738804500,0.10000
1738805400,0.10000
1738806300,0.10000
1738807200,0.10000
1738808100,0.10000
1738809000,0.10000
1738809900,0.10000
1738810800,0.10000
1738811700,0.10000
1738812600,0.10000
1738813500,0.10000
1738814400,0.10000
1738815300,0.10000
1738816200,0.10000
1738817100,0.10000
1738818000,0.10000
1738818900,0.10000
1738819800,0.10000
1738820700,0.10000
1738821600,0.10000
1738822500,0.10000
1738823400,0.10000
1738824300,0.10000
1738825200,0.10000
1738826100,0.10000
1738827000,0.10000
1738827900,0.10000
1738828800,0.10000
1738829700,0.08000
1738830600,0.10000
1738831500,0.10000
1738832400,0.10000
1738833300,0.10000
1738834200,0.10000
1738835100,0.10000
1738836000,0.10000
1738836900,0.10000
1738837800,0.10000
1738838700,0.10000
1738839600,0.10000
1738840500,0.10000
1738841400,0.10000
1738842300,0.10000
1738843200,0.10000
1738844100,0.08000
1738845000,0.10000
1738845900,0.10000
1738846800,0.10000
1738847700,0.10000
1738848600,0.10000
1738849500,0.10000
1738850400,0.10000
1738851300,0.10000
1738852200,0.10000
1738853100,0.10000
1738854000,0.10000
1738854900,0.10000
1738855800,0.10000
1738856700,0.10000
1738857600,0.10000
1738858500,0.10000
1738859400,0.10000
1738860300,0.10000
1738861200,0.10000
1738862100,0.10000
1738863000,0.10000
1738863900,0.10000
1738864800,0.10000
1738865700,0.10000
1738866600,0.10000
1738867500,0.10000
1738868400,0.10000
1738869300,0.10000
1738870200,0.10000
1738871100,0.10000
1738872000,0.10000
1738872900,0.10000
1738873800,0.10000
1738874700,0.10000
1738875600,0.10000
1738876500,0.10000
1738877400,0.10000
1738878300,0.10000
1738882800,0.10000
1738883700,0.10000
1738884600,0.10000
1738885500,0.10000
1738886400,0.10000
1738887300,0.10000
1738888200,0.10000
1738889100,0.10000
1738890000,0.10000
1738890900,0.10000
1738891800,0.10000
1738892700,0.10000
1738893600,0.10000
1738894500,0.10000
1738895400,0.10000
1738896300,0.10000
1738897200,0.10000
1738898100,0.10000
1738899000,0.10000
1738899900,0.10000
1738900800,0.10000
1738901700,0.10000
1738902600,0.10000
1738903500,0.10000
1738904400,0.10000
1738905300,0.10000
1738906200,0.10000
1738907100,0.10000
1738908000,0.10000
1738908900,0.10000
1738909800,0.10000
1738910700,0.10000
1738911600,0.10000
1738912500,0.10000
1738913400,0.10000
1738914300,0.10000
1738915200,0.10000
1738916100,0.10000
1738917000,0.10000
1738917900,0.10000
1738918800,0.10000
1738919700,0.10000
1738920600,0.10000
1738921500,0.10000
1738922400,0.10000
1738923300,0.10000
1738924200,0.10000
1738925100,0.10000
1738926000,0.10000
1738926900,0.10000
1738927800,0.10000
1738928700,0.10000
1738929600,0.10000
1738930500,0.10000
1738931400,0.10000
1738932300,0.10000
1738933200,0.10000
1738934100,0.10000
1738935000,0.10000
1738935900,0.10000
1738936800,0.10000
1738937700,0.10000
1738938600,0.10000
1738939500,0.10000
1738940400,0.10000
1738941300,0.10000
1738942200,0.10000
1738943100,0.10000
1738944000,0.10000
1738944900,0.10000
1738945800,0.10000
1738946700,0.10000
1738947600,0.10000
1738948500,0.10000
1738949400,0.10000
1738950300,0.10000
1738951200,0.10000
1738952100,0.10000
1738953000,0.10000
1738953900,0.10000
1738954800,0.10000
1738955700,0.10000
1738956600,0.10000
1738957500,0.10000
1738958400,0.10000
1738959300,0.10000
1738960200,0.10000
1738961100,0.10000
1738962000,0.10000
1738962900,0.10000
1738963800,0.10000
1739142000,0.10000
1739142900,0.10000
1739143800,0.10000
1739144700,0.10000
1739145600,0.10000
1739146500,0.10000
1739147400,0.10000
1739148300,0.10000
1739149200,0.10000
1739150100,0.10000
1739151000,0.10000
1739151900,0.10000
1739152800,0.10000
1739153700,0.10000
1739154600,0.10000
1739155500,0.10000
1739156400,0.10000
1739157300,0.10000
1739158200,0.10000
1739159100,0.10000
1739160000,0.10000
1739160900,0.10000
1739161800,0.10000
1739162700,0.10000
1739163600,0.10000
1739164500,0.10000
1739165400,0.10000
1739166300,0.10000
1739167200,0.10000
1739168100,0.10000
1739169000,0.10000
1739169900,0.10000
1739170800,0.10000
1739171700,0.10000
1739172600,0.10000
1739173500,0.10000
1739174400,0.10000
1739175300,0.10000
1739176200,0.10000
1739177100,0.10000
1739178000,0.10000
1739178900,0.10000
1739179800,0.10000
1739180700,0.10000
1739181600,0.10000
1739182500,0.10000
1739183400,0.10000
1739184300,0.10000
1739185200,0.10000
1739186100,0.10000
1739187000,0.10000
1739187900,0.10000
1739188800,0.10000
1739189700,0.10000
1739190600,0.10000
1739191500,0.10000
1739192400,0.10000
1739193300,0.10000
1739194200,0.10000
1739195100,0.10000
1739196000,0.10000
1739196900,0.10000
1739197800,0.10000
1739198700,0.10000
1739199600,0.10000
1739200500,0.10000
1739201400,0.10000
1739202300,0.10000
1739203200,0.10000
1739204100,0.10000
1739205000,0.10000
1739205900,0.10000
1739206800,0.10000
1739207700,0.10000
1739208600,0.10000
1739209500,0.10000
1739210400,0.10000
1739211300,0.10000
1739212200,0.10000
1739213100,0.10000
1739214000,0.10000
1739214900,0.10000
1739215800,0.10000
1739216700,0.10000
1739217600,0.10000
1739218500,0.10000
1739219400,0.10000
1739220300,0.10000
1739221200,0.10000
1739222100,0.10000
1739223000,0.10000
1739223900,0.10000
1739228400,0.10000
1739229300,0.10000
1739230200,0.10000
1739231100,0.10000
1739232000,0.10000
1739232900,0.10000
1739233800,0.10000
1739234700,0.10000
1739235600,0.10000
1739236500,0.10000
1739237400,0.10000
1739238300,0.10000
1739239200,0.10000
1739240100,0.10000
1739241000,0.10000
1739241900,0.10000
1739242800,0.10000
1739243700,0.10000
1739244600,0.10000
1739245500,0.10000
1739246400,0.10000
1739247300,0.10000
1739248200,0.10000
1739249100,0.10000
1739250000,0.10000
1739250900,0.10000
1739251800,0.10000
1739252700,0.10000
1739253600,0.10000
1739254500,0.10000
1739255400,0.10000
1739256300,0.10000
1739257200,0.10000
1739258100,0.10000
1739259000,0.10000
1739259900,0.10000
1739260800,0.10000
1739261700,0.10000
1739262600,0.10000
1739263500,0.10000
1739264400,0.10000
1739265300,0.10000
1739266200,0.10000
1739267100,0.10000
1739268000,0.10000
1739268900,0.10000
1739269800,0.10000
1739270700,0.10000
1739271600,0.10000
1739272500,0.10000
1739273400,0.10000
1739274300,0.10000
1739275200,0.10000
1739276100,0.10000
1739277000,0.10000
1739277900,0.10000
1739278800,0.10000
1739279700,0.10000
1739280600,0.10000
1739281500,0.10000
1739282400,0.10000
1739283300,0.10000
1739284200,0.10000
1739285100,0.10000
1739286000,0.10000
1739286900,0.10000
1739287800,0.10000
1739288700,0.10000
1739289600,0.10000
1739290500,0.10000
1739291400,0.10000
1739292300,0.10000
1739293200,0.10000
1739294100,0.10000
1739295000,0.10000
1739295900,0.10000
1739296800,0.10000
1739297700,0.10000
1739298600,0.10000
1739299500,0.10000
1739300400,0.10000
1739301300,0.10000
1739302200,0.10000
1739303100,0.10000
1739304000,0.10000
1739304900,0.10000
1739305800,0.10000
1739306700,0.10000
1739307600,0.10000
1739308500,0.10000
1739309400,0.10000
1739310300,0.10000
1739314800,0.10000
1739315700,0.10000
1739316600,0.10000
1739317500,0.10000
1739318400,0.10000
1739319300,0.10000
1739320200,0.10000
1739321100,0.10000
1739322000,0.10000
1739322900,0.10000
1739323800,0.10000
1739324700,0.10000
1739325600,0.10000
1739326500,0.10000
1739327400,0.10000
1739328300,0.10000
1739329200,0.10000
1739330100,0.10000
1739331000,0.10000
1739331900,0.10000
1739332800,0.10000
1739333700,0.10000
1739334600,0.10000
1739335500,0.10000
1739336400,0.10000
1739337300,0.10000
1739338200,0.10000
1739339100,0.10000
1739340000,0.10000
1739340900,0.10000
1739341800,0.10000
1739342700,0.10000
1739343600,0.10000
1739344500,0.10000
1739345400,0.10000
1739346300,0.10000
1739347200,0.10000
1739348100,0.10000
1739349000,0.10000
1739349900,0.10000
1739350800,0.10000
1739351700,0.10000
1739352600,0.10000
1739353500,0.10000
1739354400,0.10000
1739355300,0.10000
1739356200,0.10000
1739357100,0.10000
1739358000,0.10000
1739358900,0.10000
1739359800,0.10000
1739360700,0.10000
1739361600,0.10000
1739362500,0.10000
1739363400,0.10000
1739364300,0.10000
1739365200,0.10000
1739366100,0.10000
1739367000,0.10000
1739367900,0.10000
1739368800,0.10000
1739369700,0.10000
1739370600,0.10000
1739371500,0.10000
1739372400,0.10000
1739373300,0.10000
1739374200,0.10000
1739375100,0.10000
1739376000,0.10000
1739376900,0.10000
1739377800,0.10000
1739378700,0.10000
1739379600,0.10000
1739380500,0.10000
1739381400,0.10000
1739382300,0.10000
1739383200,0.10000
1739384100,0.10000
1739385000,0.10000
1739385900,0.10000
1739386800,0.10000
1739387700,0.10000
1739388600,0.10000
1739389500,0.10000
1739390400,0.10000
1739391300,0.10000
1739392200,0.10000
1739393100,0.10000
1739394000,0.10000
1739394900,0.10000
1739395800,0.10000
1739396700,0.10000
1739401200,0.10000
1739402100,0.10000
1739403000,0.10000
1739403900,0.10000
1739404800,0.10000
1739405700,0.10000
1739406600,0.10000
1739407500,0.10000
1739408400,0.10000
1739409300,0.10000
1739410200,0.10000
1739411100,0.10000
1739412000,0.10000
1739412900,0.10000
1739413800,0.10000
1739414700,0.10000
1739415600,0.10000
1739416500,0.10000
1739417400,0.10000
1739418300,0.10000
1739419200,0.10000
1739420100,0.10000
1739421000,0.10000
1739421900,0.10000
1739422800,0.10000
1739423700,0.10000
1739424600,0.10000
1739425500,0.10000
1739426400,0.10000
1739427300,0.10000
1739428200,0.10000
1739429100,0.10000
1739430000,0.10000
1739430900,0.10000
1739431800,0.10000
1739432700,0.10000
1739433600,0.10000
1739434500,0.10000
1739435400,0.10000
1739436300,0.10000
1739437200,0.10000
1739438100,0.10000
1739439000,0.10000
1739439900,0.10000
1739440800,0.10000
1739441700,0.10000
1739442600,0.10000
1739443500,0.10000
1739444400,0.10000
1739445300,0.10000
1739446200,0.10000
1739447100,0.10000
1739448000,0.10000
1739448900,0.10000
1739449800,0.10000
1739450700,0.10000
1739451600,0.10000
1739452500,0.10000
1739453400,0.10000
1739454300,0.10000
1739455200,0.10000
1739456100,0.10000
1739457000,0.10000
1739457900,0.10000
1739458800,0.10000
1739459700,0.10000
1739460600,0.10000
1739461500,0.10000
1739462400,0.10000
1739463300,0.10000
1739464200,0.10000
1739465100,0.10000
1739466000,0.10000
1739466900,0.10000
1739467800,0.10000
1739468700,0.10000
1739469600,0.10000
1739470500,0.10000
1739471400,0.10000
1739472300,0.10000
1739473200,0.10000
1739474100,0.10000
1739475000,0.10000
1739475900,0.10000
1739476800,0.10000
1739477700,0.10000
1739478600,0.10000
1739479500,0.10000
1739480400,0.10000
1739481300,0.10000
1739482200,0.10000
1739483100,0.21000
1739487600,0.10000
1739488500,0.10000
1739489400,0.10000
1739490300,0.10000
1739491200,0.10000
1739492100,0.10000
1739493000,0.10000
1739493900,0.10000
1739494800,0.10000
1739495700,0.10000
1739496600,0.10000
1739497500,0.10000
1739498400,0.10000
1739499300,0.10000
1739500200,0.10000
1739501100,0.10000
1739502000,0.10000
1739502900,0.10000
1739503800,0.10000
1739504700,0.10000
1739505600,0.10000
1739506500,0.10000
1739507400,0.10000
1739508300,0.10000
1739509200,0.10000
1739510100,0.10000
1739511000,0.10000
1739511900,0.10000
1739512800,0.10000
1739513700,0.10000
1739514600,0.10000
1739515500,0.10000
1739516400,0.10000
1739517300,0.10000
1739518200,0.10000
1739519100,0.10000
1739520000,0.10000
1739520900,0.10000
1739521800,0.10000
1739522700,0.10000
1739523600,0.10000
1739524500,0.10000
1739525400,0.10000
1739526300,0.10000
1739527200,0.10000
1739528100,0.10000
1739529000,0.10000
1739529900,0.10000
1739530800,0.10000
1739531700,0.10000
1739532600,0.10000
1739533500,0.10000
1739534400,0.10000
1739535300,0.10000
1739536200,0.10000
1739537100,0.10000
1739538000,0.10000
1739538900,0.10000
1739539800,0.10000
1739540700,0.10000
1739541600,0.10000
1739542500,0.10000
1739543400,0.10000
1739544300,0.10000
1739545200,0.10000
1739546100,0.10000
1739547000,0.10000
1739547900,0.10000
1739548800,0.10000
1739549700,0.10000
1739550600,0.10000
1739551500,0.10000
1739552400,0.10000
1739553300,0.10000
1739554200,0.10000
1739555100,0.10000
1739556000,0.10000
1739556900,0.10000
1739557800,0.10000
1739558700,0.10000
1739559600,0.10000
1739560500,0.10000
1739561400,0.10000
1739562300,0.10000
1739563200,0.10000
1739564100,0.10000
1739565000,0.10000
1739565900,0.10000
1739566800,0.10000
1739567700,0.10000
1739568600,0.10000
1739746800,0.10000
1739747700,0.10000
1739748600,0.10000
1739749500,0.10000
1739750400,0.10000
1739751300,0.10000
1739752200,0.10000
1739753100,0.10000
1739754000,0.10000
1739754900,0.10000
1739755800,0.10000
1739756700,0.10000
1739757600,0.10000
1739758500,0.10000
1739759400,0.10000
1739760300,0.10000
1739761200,0.10000
1739762100,0.10000
1739763000,0.10000
1739763900,0.10000
1739764800,0.10000
1739765700,0.11000
1739766600,0.10000
1739767500,0.10000
1739768400,0.10000
1739769300,0.10000
1739770200,0.10000
1739771100,0.10000
1739772000,0.10000
1739772900,0.10000
1739773800,0.10000
1739774700,0.10000
1739775600,0.10000
1739776500,0.10000
1739777400,0.10000
1739778300,0.10000
1739779200,0.10000
1739780100,0.10000
1739781000,0.10000
1739781900,0.10000
1739782800,0.10000
1739783700,0.10000
1739784600,0.10000
1739785500,0.10000
1739786400,0.10000
1739787300,0.10000
1739788200,0.10000
1739789100,0.10000
1739790000,0.10000
1739790900,0.10000
1739791800,0.10000
1739792700,0.10000
1739793600,0.10000
1739794500,0.10000
1739795400,0.10000
1739796300,0.10000
1739797200,0.10000
1739798100,0.10000
1739799000,0.10000
1739799900,0.10000
1739800800,0.10000
1739801700,0.10000
1739802600,0.10000
1739803500,0.10000
1739804400,0.10000
1739805300,0.10000
1739806200,0.10000
1739807100,0.10000
1739808000,0.10000
1739808900,0.10000
1739809800,0.10000
1739810700,0.10000
1739811600,0.10000
1739812500,0.10000
1739813400,0.10000
1739814300,0.10000
1739815200,0.10000
1739816100,0.10000
1739817000,0.10000
1739817900,0.10000
1739818800,0.10000
1739819700,0.13000
1739833200,0.10000
1739834100,0.10000
1739835000,0.12000
1739835900,0.12000
1739836800,0.10000
1739837700,0.10000
1739838600,0.10000
1739839500,0.10000
1739840400,0.10000
1739841300,0.10000
1739842200,0.10000
1739843100,0.10000
1739844000,0.10000
1739844900,0.10000
1739845800,0.10000
1739846700,0.10000
1739847600,0.10000
1739848500,0.10000
1739849400,0.10000
1739850300,0.10000
1739851200,0.10000
1739852100,0.10000
1739853000,0.10000
1739853900,0.10000
1739854800,0.10000
1739855700,0.10000
1739856600,0.10000
1739857500,0.10000
1739858400,0.10000
1739859300,0.10000
1739860200,0.10000
1739861100,0.10000
1739862000,0.10000
1739862900,0.10000
1739863800,0.10000
1739864700,0.10000
1739865600,0.10000
1739866500,0.10000
1739867400,0.10000
1739868300,0.10000
1739869200,0.10000
1739870100,0.10000
1739871000,0.10000
1739871900,0.10000
1739872800,0.10000
1739873700,0.10000
1739874600,0.10000
1739875500,0.10000
1739876400,0.10000
1739877300,0.10000
1739878200,0.10000
1739879100,0.10000
1739880000,0.10000
1739880900,0.10000
1739881800,0.10000
1739882700,0.10000
1739883600,0.10000
1739884500,0.10000
1739885400,0.10000
1739886300,0.10000
1739887200,0.10000
1739888100,0.10000
1739889000,0.10000
1739889900,0.10000
1739890800,0.10000
1739891700,0.10000
1739892600,0.10000
1739893500,0.10000
1739894400,0.10000
1739895300,0.10000
1739896200,0.10000
1739897100,0.10000
1739898000,0.10000
1739898900,0.10000
1739899800,0.10000
1739900700,0.10000
1739901600,0.10000
1739902500,0.10000
1739903400,0.10000
1739904300,0.10000
1739905200,0.10000
1739906100,0.10000
1739907000,0.10000
1739907900,0.10000
1739908800,0.10000
1739909700,0.10000
1739910600,0.10000
1739911500,0.10000
1739912400,0.10000
1739913300,0.10000
1739914200,0.10000
1739915100,0.10000
1739919600,0.10000
1739920500,0.10000
1739921400,0.12000
1739922300,0.10000
1739923200,0.10000
1739924100,0.10000
1739925000,0.10000
1739925900,0.10000
1739926800,0.10000
1739927700,0.10000
1739928600,0.10000
1739929500,0.10000
1739930400,0.10000
1739931300,0.10000
1739932200,0.10000
1739933100,0.10000
1739934000,0.10000
1739934900,0.10000
1739935800,0.10000
1739936700,0.10000
1739937600,0.10000
1739938500,0.10000
1739939400,0.10000
1739940300,0.10000
1739941200,0.10000
1739942100,0.10000
1739943000,0.10000
1739943900,0.10000
1739944800,0.10000
1739945700,0.10000
1739946600,0.10000
1739947500,0.10000
1739948400,0.10000
1739949300,0.10000
1739950200,0.10000
1739951100,0.10000
1739952000,0.10000
1739952900,0.10000
1739953800,0.10000
1739954700,0.10000
1739955600,0.10000
1739956500,0.10000
1739957400,0.10000
1739958300,0.10000
1739959200,0.10000
1739960100,0.10000
1739961000,0.10000
1739961900,0.10000
1739962800,0.10000
1739963700,0.10000
1739964600,0.10000
1739965500,0.10000
1739966400,0.10000
1739967300,0.10000
1739968200,0.10000
1739969100,0.10000
1739970000,0.10000
1739970900,0.10000
1739971800,0.10000
1739972700,0.12000
1739973600,0.12000
1739974500,0.12000
1739975400,0.12000
1739976300,0.12000
1739977200,0.12000
1739978100,0.12000
1739979000,0.12000
1739979900,0.12000
1739980800,0.07000
1739981700,0.12000
1739982600,0.12000
1739983500,0.12000
1739984400,0.12000
1739985300,0.12000
1739986200,0.12000
1739987100,0.12000
1739988000,0.12000
1739988900,0.12000
1739989800,0.12000
1739990700,0.12000
1739991600,0.12000
1739992500,0.12000
1739993400,0.12000
1739994300,0.12000
1739995200,0.12000
1739996100,0.12000
1739997000,0.12000
1739997900,0.12000
1739998800,0.12000
1739999700,0.12000
1740000600,0.12000
1740001500,0.12000
1740006000,0.12000
1740006900,0.12000
1740007800,0.12000
1740008700,0.12000
1740009600,0.12000
1740010500,0.12000
1740011400,0.14000
1740012300,0.12000
1740013200,0.12000
1740014100,0.12000
1740015000,0.12000
1740015900,0.12000
1740016800,0.12000
1740017700,0.12000
1740018600,0.12000
1740019500,0.12000
1740020400,0.12000
1740021300,0.12000
1740022200,0.12000
1740023100,0.12000
1740024000,0.12000
1740024900,0.12000
1740025800,0.12000
1740026700,0.12000
1740027600,0.12000
1740028500,0.12000
1740029400,0.12000
1740030300,0.12000
1740031200,0.12000
1740032100,0.12000
1740033000,0.12000
1740033900,0.12000
1740034800,0.12000
1740035700,0.12000
1740036600,0.12000
1740037500,0.12000
1740038400,0.12000
1740039300,0.12000
1740040200,0.12000
1740041100,0.12000
1740042000,0.12000
1740042900,0.12000
1740043800,0.12000
1740044700,0.12000
1740045600,0.12000
1740046500,0.12000
1740047400,0.12000
1740048300,0.12000
1740049200,0.12000
1740050100,0.12000
1740051000,0.12000
1740051900,0.12000
1740052800,0.12000
1740053700,0.12000
1740054600,0.12000
1740055500,0.12000
1740056400,0.12000
1740057300,0.12000
1740058200,0.12000
1740059100,0.12000
1740060000,0.12000
1740060900,0.12000
1740061800,0.12000
1740062700,0.12000
1740063600,0.12000
1740064500,0.12000
1740065400,0.12000
1740066300,0.12000
1740067200,0.12000
1740068100,0.12000
1740069000,0.12000
1740069900,0.12000
1740070800,0.12000
1740071700,0.12000
1740072600,0.12000
1740073500,0.12000
1740074400,0.12000
1740075300,0.12000
1740076200,0.12000
1740077100,0.12000
1740078000,0.12000
1740078900,0.12000
1740079800,0.12000
1740080700,0.12000
1740081600,0.12000
1740082500,0.12000
1740083400,0.12000
1740084300,0.12000
1740085200,0.12000
1740086100,0.12000
1740087000,0.12000
1740087900,0.12000
1740092400,0.12000
1740093300,0.12000
1740094200,0.12000
1740095100,0.12000
1740096000,0.12000
1740096900,0.12000
1740097800,0.12000
1740098700,0.12000
1740099600,0.12000
1740100500,0.12000
1740101400,0.12000
1740102300,0.12000
1740103200,0.12000
1740104100,0.12000
1740105000,0.12000
1740105900,0.12000
1740106800,0.12000
1740107700,0.12000
1740108600,0.12000
1740109500,0.12000
1740110400,0.12000
1740111300,0.12000
1740112200,0.10000
1740113100,0.12000
1740114000,0.12000
1740114900,0.12000
1740115800,0.12000
1740116700,0.12000
1740117600,0.12000
1740118500,0.12000
1740119400,0.12000
1740120300,0.12000
1740121200,0.12000
1740122100,0.12000
1740123000,0.12000
1740123900,0.12000
1740124800,0.12000
1740125700,0.12000
1740126600,0.12000
1740127500,0.12000
1740128400,0.12000
1740129300,0.12000
1740130200,0.12000
1740131100,0.12000
1740132000,0.12000
1740132900,0.12000
1740133800,0.12000
1740134700,0.12000
1740135600,0.12000
1740136500,0.12000
1740137400,0.12000
1740138300,0.12000
1740139200,0.12000
1740140100,0.12000
1740141000,0.12000
1740141900,0.12000
1740142800,0.12000
1740143700,0.12000
1740144600,0.12000
1740145500,0.12000
1740146400,0.12000
1740147300,0.12000
1740148200,0.12000
1740149100,0.12000
1740150000,0.12000
1740150900,0.12000
1740151800,0.12000
1740152700,0.12000
1740153600,0.12000
1740154500,0.12000
1740155400,0.12000
1740156300,0.12000
1740157200,0.12000
1740158100,0.12000
1740159000,0.12000
1740159900,0.12000
1740160800,0.12000
1740161700,0.12000
1740162600,0.12000
1740163500,0.12000
1740164400,0.12000
1740165300,0.12000
1740166200,0.12000
1740167100,0.12000
1740168000,0.12000
1740168900,0.12000
1740169800,0.12000
1740170700,0.12000
1740171600,0.12000
1740172500,0.12000
1740173400,0.12000
1740351600,0.12000
1740352500,0.12000
1740353400,0.12000
1740354300,0.12000
1740355200,0.12000
1740356100,0.12000
1740357000,0.12000
1740357900,0.12000
1740358800,0.12000
1740359700,0.12000
1740360600,0.12000
1740361500,0.12000
1740362400,0.12000
1740363300,0.12000
1740364200,0.12000
1740365100,0.12000
1740366000,0.12000
1740366900,0.12000
1740367800,0.12000
1740368700,0.12000
1740369600,0.12000
1740370500,0.12000
1740371400,0.12000
1740372300,0.12000
1740373200,0.12000
1740374100,0.12000
1740375000,0.12000
1740375900,0.12000
1740376800,0.12000
1740377700,0.12000
1740378600,0.12000
1740379500,0.12000
1740380400,0.12000
1740381300,0.12000
1740382200,0.12000
1740383100,0.12000
1740384000,0.12000
1740384900,0.12000
1740385800,0.12000
1740386700,0.12000
1740387600,0.12000
1740388500,0.12000
1740389400,0.12000
1740390300,0.12000
1740391200,0.12000
1740392100,0.12000
1740393000,0.12000
1740393900,0.12000
1740394800,0.12000
1740395700,0.12000
1740396600,0.12000
1740397500,0.12000
1740398400,0.12000
1740399300,0.12000
1740400200,0.12000
1740401100,0.12000
1740402000,0.12000
1740402900,0.12000
1740403800,0.12000
1740404700,0.12000
1740405600,0.12000
1740406500,0.12000
1740407400,0.12000
1740408300,0.12000
1740409200,0.12000
1740410100,0.12000
1740411000,0.12000
1740411900,0.12000
1740412800,0.12000
1740413700,0.12000
1740414600,0.12000
1740415500,0.12000
1740416400,0.12000
1740417300,0.12000
1740418200,0.12000
1740419100,0.12000
1740420000,0.12000
1740420900,0.12000
1740421800,0.12000
1740422700,0.12000
1740423600,0.12000
1740424500,0.12000
1740425400,0.12000
1740426300,0.12000
1740427200,0.12000
1740428100,0.12000
1740429000,0.12000
1740429900,0.12000
1740430800,0.12000
1740431700,0.12000
1740432600,0.12000
1740433500,0.19000
1740438000,0.12000
1740438900,0.12000
1740439800,0.12000
1740440700,0.12000
1740441600,0.12000
1740442500,0.13000
1740443400,0.12000
1740444300,0.12000
1740445200,0.12000
1740446100,0.12000
1740447000,0.12000
1740447900,0.12000
1740448800,0.12000
1740449700,0.12000
1740450600,0.12000
1740451500,0.12000
1740452400,0.12000
1740453300,0.12000
1740454200,0.12000
1740455100,0.12000
1740456000,0.12000
1740456900,0.12000
1740457800,0.12000
1740458700,0.12000
1740459600,0.12000
1740460500,0.12000
1740461400,0.12000
1740462300,0.12000
1740463200,0.12000
1740464100,0.12000
1740465000,0.12000
1740465900,0.12000
1740466800,0.12000
1740467700,0.12000
1740468600,0.12000
1740469500,0.12000
1740470400,0.12000
1740471300,0.12000
1740472200,0.12000
1740473100,0.12000
1740474000,0.12000
1740474900,0.12000
1740475800,0.12000
1740476700,0.12000
1740477600,0.12000
1740478500,0.12000
1740479400,0.12000
1740480300,0.12000
1740481200,0.12000
1740482100,0.12000
1740483000,0.12000
1740483900,0.12000
1740484800,0.12000
1740485700,0.12000
1740486600,0.12000
1740487500,0.12000
1740488400,0.12000
1740489300,0.12000
1740490200,0.12000
1740491100,0.12000
1740492000,0.12000
1740492900,0.12000
1740493800,0.12000
1740494700,0.12000
1740495600,0.12000
1740496500,0.12000
1740497400,0.12000
1740498300,0.12000
1740499200,0.12000
1740500100,0.12000
1740501000,0.12000
1740501900,0.12000
1740502800,0.12000
1740503700,0.12000
1740504600,0.12000
1740505500,0.12000
1740506400,0.12000
1740507300,0.12000
1740508200,0.12000
1740509100,0.12000
1740510000,0.12000
1740510900,0.12000
1740511800,0.12000
1740512700,0.12000
1740513600,0.12000
1740514500,0.12000
1740515400,0.12000
1740516300,0.12000
1740517200,0.12000
1740518100,0.12000
1740519000,0.12000
1740519900,0.12000
1740524400,0.12000
1740525300,0.12000
1740526200,0.12000
1740527100,0.12000
1740528000,0.12000
1740528900,0.12000
1740529800,0.12000
1740530700,0.12000
1740531600,0.12000
1740532500,0.12000
1740533400,0.12000
1740534300,0.12000
1740535200,0.12000
1740536100,0.12000
1740537000,0.12000
1740537900,0.12000
1740538800,0.12000
1740539700,0.12000
1740540600,0.12000
1740541500,0.12000
1740542400,0.12000
1740543300,0.12000
1740544200,0.12000
1740545100,0.12000
1740546000,0.12000
1740546900,0.12000
1740547800,0.12000
1740548700,0.12000
1740549600,0.12000
1740550500,0.12000
1740551400,0.12000
1740552300,0.12000
1740553200,0.12000
1740554100,0.12000
1740555000,0.12000
1740555900,0.12000
1740556800,0.12000
1740557700,0.12000
1740558600,0.12000
1740559500,0.12000
1740560400,0.12000
1740561300,0.12000
1740562200,0.12000
1740563100,0.12000
1740564000,0.12000
1740564900,0.12000
1740565800,0.12000
1740566700,0.12000
1740567600,0.12000
1740568500,0.12000
1740569400,0.12000
1740570300,0.12000
1740571200,0.12000
1740572100,0.12000
1740573000,0.12000
1740573900,0.12000
1740574800,0.12000
1740575700,0.12000
1740576600,0.12000
1740577500,0.12000
1740578400,0.12000
1740579300,0.12000
1740580200,0.12000
1740581100,0.12000
1740582000,0.12000
1740582900,0.12000
1740583800,0.12000
1740584700,0.12000
1740585600,0.12000
1740586500,0.12000
1740587400,0.12000
1740588300,0.12000
1740589200,0.12000
1740590100,0.12000
1740591000,0.12000
1740591900,0.12000
1740592800,0.12000
1740593700,0.12000
1740594600,0.12000
1740595500,0.12000
1740596400,0.12000
1740597300,0.12000
1740598200,0.12000
1740599100,0.12000
1740600000,0.12000
1740600900,0.12000
1740601800,0.12000
1740602700,0.12000
1740603600,0.12000
1740604500,0.12000
1740605400,0.12000
1740606300,0.12000
1740610800,0.12000
1740611700,0.12000
1740612600,0.12000
1740613500,0.12000
1740614400,0.12000
1740615300,0.12000
1740616200,0.12000
1740617100,0.12000
1740618000,0.12000
1740618900,0.12000
1740619800,0.12000
1740620700,0.12000
1740621600,0.11000
1740622500,0.12000
1740623400,0.12000
1740624300,0.12000
1740625200,0.12000
1740626100,0.12000
1740627000,0.12000
1740627900,0.12000
1740628800,0.12000
1740629700,0.12000
1740630600,0.12000
1740631500,0.12000
1740632400,0.12000
1740633300,0.12000
1740634200,0.12000
1740635100,0.12000
1740636000,0.12000
1740636900,0.12000
1740637800,0.12000
1740638700,0.12000
1740639600,0.12000
1740640500,0.12000
1740641400,0.12000
1740642300,0.12000
1740643200,0.12000
1740644100,0.12000
1740645000,0.12000
1740645900,0.12000
1740646800,0.12000
1740647700,0.12000
1740648600,0.12000
1740649500,0.12000
1740650400,0.12000
1740651300,0.12000
1740652200,0.12000
1740653100,0.12000
1740654000,0.12000
1740654900,0.12000
1740655800,0.12000
1740656700,0.12000
1740657600,0.12000
1740658500,0.12000
1740659400,0.12000
1740660300,0.12000
1740661200,0.12000
1740662100,0.12000
1740663000,0.12000
1740663900,0.12000
1740664800,0.12000
1740665700,0.12000
1740666600,0.12000
1740667500,0.12000
1740668400,0.12000
1740669300,0.12000
1740670200,0.12000
1740671100,0.12000
1740672000,0.12000
1740672900,0.12000
1740673800,0.12000
1740674700,0.12000
1740675600,0.12000
1740676500,0.12000
1740677400,0.12000
1740678300,0.12000
1740679200,0.12000
1740680100,0.12000
1740681000,0.12000
1740681900,0.12000
1740682800,0.12000
1740683700,0.12000
1740684600,0.12000
1740685500,0.12000
1740686400,0.12000
1740687300,0.12000
1740688200,0.12000
1740689100,0.12000
1740690000,0.12000
1740690900,0.12000
1740691800,0.12000
1740692700,0.12000
1740697200,0.12000
1740698100,0.12000
1740699000,0.12000
1740699900,0.12000
1740700800,0.12000
1740701700,0.12000
1740702600,0.12000
1740703500,0.12000
1740704400,0.12000
1740705300,0.12000
1740706200,0.12000
1740707100,0.12000
1740708000,0.12000
1740708900,0.12000
1740709800,0.12000
1740710700,0.12000
1740711600,0.12000
1740712500,0.12000
1740713400,0.12000
1740714300,0.12000
1740715200,0.12000
1740716100,0.12000
1740717000,0.12000
1740717900,0.12000
1740718800,0.12000
1740719700,0.12000
1740720600,0.12000
1740721500,0.12000
1740722400,0.12000
1740723300,0.12000
1740724200,0.12000
1740725100,0.12000
1740726000,0.12000
1740726900,0.12000
1740727800,0.12000
1740728700,0.12000
1740729600,0.12000
1740730500,0.12000
1740731400,0.12000
1740732300,0.12000
1740733200,0.12000
1740734100,0.12000
1740735000,0.12000
1740735900,0.12000
1740736800,0.12000
1740737700,0.12000
1740738600,0.12000
1740739500,0.12000
1740740400,0.12000
1740741300,0.12000
1740742200,0.12000
1740743100,0.12000
1740744000,0.12000
1740744900,0.12000
1740745800,0.12000
1740746700,0.12000
1740747600,0.12000
1740748500,0.12000
1740749400,0.12000
1740750300,0.12000
1740751200,0.12000
1740752100,0.12000
1740753000,0.12000
1740753900,0.12000
1740754800,0.12000
1740755700,0.12000
1740756600,0.12000
1740757500,0.12000
1740758400,0.12000
1740759300,0.12000
1740760200,0.12000
1740761100,0.12000
1740762000,0.12000
1740762900,0.12000
1740763800,0.12000
1740764700,0.12000
1740765600,0.12000
1740766500,0.12000
1740767400,0.12000
1740768300,0.12000
1740769200,0.12000
1740770100,0.12000
1740771000,0.12000
1740771900,0.12000
1740772800,0.12000
1740773700,0.12000
1740774600,0.12000
1740775500,0.12000
1740776400,0.12000
1740777300,0.12000
1740778200,0.12000
1740956400,0.12000
1740957300,0.12000
1740958200,0.12000
1740959100,0.12000
1740960000,0.12000
1740960900,0.12000
1740961800,0.12000
1740962700,0.12000
1740963600,0.12000
1740964500,0.12000
1740965400,0.12000
1740966300,0.12000
1740967200,0.12000
1740968100,0.12000
1740969000,0.12000
1740969900,0.12000
1740970800,0.12000
1740971700,0.12000
1740972600,0.12000
1740973500,0.12000
1740974400,0.12000
1740975300,0.12000
1740976200,0.12000
1740977100,0.12000
1740978000,0.12000
1740978900,0.12000
1740979800,0.12000
1740980700,0.12000
1740981600,0.12000
1740982500,0.12000
1740983400,0.12000
1740984300,0.12000
1740985200,0.12000
1740986100,0.12000
1740987000,0.12000
1740987900,0.12000
1740988800,0.12000
1740989700,0.12000
1740990600,0.12000
1740991500,0.12000
1740992400,0.12000
1740993300,0.12000
1740994200,0.12000
1740995100,0.12000
1740996000,0.12000
1740996900,0.12000
1740997800,0.12000
1740998700,0.08000
1740999600,0.12000
1741000500,0.12000
1741001400,0.12000
1741002300,0.12000
1741003200,0.12000
1741004100,0.12000
1741005000,0.12000
1741005900,0.12000
1741006800,0.12000
1741007700,0.12000
1741008600,0.12000
1741009500,0.12000
1741010400,0.12000
1741011300,0.12000
1741012200,0.12000
1741013100,0.12000
1741014000,0.12000
1741014900,0.12000
1741015800,0.12000
1741016700,0.12000
1741017600,0.12000
1741018500,0.12000
1741019400,0.12000
1741020300,0.12000
1741021200,0.12000
1741022100,0.12000
1741023000,0.12000
1741023900,0.12000
1741024800,0.12000
1741025700,0.12000
1741026600,0.12000
1741027500,0.12000
1741028400,0.12000
1741029300,0.12000
1741030200,0.12000
1741031100,0.12000
1741032000,0.12000
1741032900,0.12000
1741033800,0.12000
1741034700,0.12000
1741035600,0.12000
1741036500,0.12000
1741037400,0.12000
1741038300,0.15000
1741042800,0.12000
1741043700,0.12000
1741044600,0.12000
1741045500,0.12000
1741046400,0.12000
1741047300,0.12000
1741048200,0.12000
1741049100,0.12000
1741050000,0.12000
1741050900,0.12000
1741051800,0.12000
1741052700,0.12000
1741053600,0.12000
1741054500,0.12000
1741055400,0.12000
1741056300,0.12000
1741057200,0.12000
1741058100,0.12000
1741059000,0.12000
1741059900,0.12000
1741060800,0.12000
1741061700,0.12000
1741062600,0.12000
1741063500,0.12000
1741064400,0.12000
1741065300,0.12000
1741066200,0.12000
1741067100,0.12000
1741068000,0.12000
1741068900,0.12000
1741069800,0.12000
1741070700,0.12000
1741071600,0.12000
1741072500,0.12000
1741073400,0.12000
1741074300,0.12000
1741075200,0.12000
1741076100,0.12000
1741077000,0.12000
1741077900,0.12000
1741078800,0.12000
1741079700,0.12000
1741080600,0.12000
1741081500,0.12000
1741082400,0.12000
1741083300,0.12000
1741084200,0.12000
1741085100,0.12000
1741086000,0.12000
1741086900,0.12000
1741087800,0.12000
1741088700,0.12000
1741089600,0.12000
1741090500,0.12000
1741091400,0.12000
1741092300,0.12000
1741093200,0.12000
1741094100,0.12000
1741095000,0.12000
1741095900,0.12000
1741096800,0.12000
1741097700,0.12000
1741098600,0.12000
1741099500,0.12000
1741100400,0.12000
1741101300,0.12000
1741102200,0.12000
1741103100,0.12000
1741104000,0.12000
1741104900,0.12000
1741105800,0.12000
1741106700,0.12000
1741107600,0.12000
1741108500,0.12000
1741109400,0.12000
1741110300,0.12000
1741111200,0.12000
1741112100,0.12000
1741113000,0.12000
1741113900,0.12000
1741114800,0.12000
1741115700,0.12000
1741116600,0.12000
1741117500,0.12000
1741118400,0.12000
1741119300,0.12000
1741120200,0.12000
1741121100,0.12000
1741122000,0.12000
1741122900,0.12000
1741123800,0.12000
1741124700,0.12000
1741129200,0.12000
1741130100,0.12000
1741131000,0.12000
1741131900,0.12000
1741132800,0.12000
1741133700,0.12000
1741134600,0.12000
1741135500,0.12000
1741136400,0.12000
1741137300,0.12000
1741138200,0.12000
1741139100,0.12000
1741140000,0.12000
1741140900,0.12000
1741141800,0.12000
1741142700,0.12000
1741143600,0.12000
1741144500,0.12000
1741145400,0.12000
1741146300,0.12000
1741147200,0.12000
1741148100,0.12000
1741149000,0.12000
1741149900,0.12000
1741150800,0.12000
1741151700,0.12000
1741152600,0.12000
1741153500,0.12000
1741154400,0.12000
1741155300,0.12000
1741156200,0.12000
1741157100,0.12000
1741158000,0.12000
1741158900,0.12000
1741159800,0.12000
1741160700,0.12000
1741161600,0.12000
1741162500,0.12000
1741163400,0.12000
1741164300,0.12000
1741165200,0.12000
1741166100,0.12000
1741167000,0.12000
1741167900,0.12000
1741168800,0.12000
1741169700,0.12000
1741170600,0.12000
1741171500,0.12000
1741172400,0.12000
1741173300,0.12000
1741174200,0.12000
1741175100,0.12000
1741176000,0.12000
1741176900,0.12000
1741177800,0.12000
1741178700,0.12000
1741179600,0.12000
1741180500,0.12000
1741181400,0.12000
1741182300,0.12000
1741183200,0.12000
1741184100,0.12000
1741185000,0.12000
1741185900,0.12000
1741186800,0.12000
1741187700,0.12000
1741188600,0.12000
1741189500,0.12000
1741190400,0.12000
1741191300,0.12000
1741192200,0.12000
1741193100,0.12000
1741194000,0.12000
1741194900,0.12000
1741195800,0.12000
1741196700,0.12000
1741197600,0.12000
1741198500,0.12000
1741199400,0.12000
1741200300,0.12000
1741201200,0.12000
1741202100,0.12000
1741203000,0.12000
1741203900,0.12000
1741204800,0.12000
1741205700,0.12000
1741206600,0.12000
1741207500,0.12000
1741208400,0.12000
1741209300,0.12000
1741210200,0.12000
1741211100,0.12000
1741215600,0.12000
1741216500,0.12000
1741217400,0.14000
1741218300,0.12000
1741219200,0.12000
1741220100,0.12000
1741221000,0.17000
1741221900,0.12000
1741222800,0.12000
1741223700,0.12000
1741224600,0.12000
1741225500,0.12000
1741226400,0.12000
1741227300,0.12000
1741228200,0.12000
1741229100,0.12000
1741230000,0.12000
1741230900,0.12000
1741231800,0.12000
1741232700,0.12000
1741233600,0.12000
1741234500,0.12000
1741235400,0.12000
1741236300,0.12000
1741237200,0.12000
1741238100,0.12000
1741239000,0.12000
1741239900,0.12000
1741240800,0.12000
1741241700,0.12000
1741242600,0.12000
1741243500,0.12000
1741244400,0.12000
1741245300,0.12000
1741246200,0.12000
1741247100,0.12000
1741248000,0.12000
1741248900,0.12000
1741249800,0.12000
1741250700,0.12000
1741251600,0.12000
1741252500,0.12000
1741253400,0.12000
1741254300,0.12000
1741255200,0.12000
1741256100,0.12000
1741257000,0.12000
1741257900,0.12000
1741258800,0.12000
1741259700,0.12000
1741260600,0.12000
1741261500,0.12000
1741262400,0.12000
1741263300,0.12000
1741264200,0.12000
1741265100,0.12000
1741266000,0.12000
1741266900,0.12000
1741267800,0.12000
1741268700,0.12000
1741269600,0.12000
1741270500,0.12000
1741271400,0.12000
1741272300,0.12000
1741273200,0.12000
1741274100,0.12000
1741275000,0.12000
1741275900,0.12000
1741276800,0.12000
1741277700,0.12000
1741278600,0.12000
1741279500,0.12000
1741280400,0.12000
1741281300,0.12000
1741282200,0.12000
1741283100,0.12000
1741284000,0.12000
1741284900,0.12000
1741285800,0.12000
1741286700,0.12000
1741287600,0.12000
1741288500,0.12000
1741289400,0.12000
1741290300,0.12000
1741291200,0.12000
1741292100,0.12000
1741293000,0.12000
1741293900,0.12000
1741294800,0.12000
1741295700,0.12000
1741296600,0.12000
1741297500,0.17000
1741302000,0.12000
1741302900,0.12000
1741303800,0.12000
1741304700,0.12000
1741305600,0.12000
1741306500,0.12000
1741307400,0.12000
1741308300,0.12000
1741309200,0.12000
1741310100,0.12000
1741311000,0.12000
1741311900,0.12000
1741312800,0.12000
1741313700,0.12000
1741314600,0.12000
1741315500,0.12000
1741316400,0.12000
1741317300,0.12000
1741318200,0.12000
1741319100,0.12000
1741320000,0.12000
1741320900,0.12000
1741321800,0.12000
1741322700,0.12000
1741323600,0.12000
1741324500,0.12000
1741325400,0.12000
1741326300,0.12000
1741327200,0.12000
1741328100,0.12000
1741329000,0.12000
1741329900,0.12000
1741330800,0.12000
1741331700,0.12000
1741332600,0.12000
1741333500,0.12000
1741334400,0.12000
1741335300,0.12000
1741336200,0.12000
1741337100,0.12000
1741338000,0.12000
1741338900,0.12000
1741339800,0.12000
1741340700,0.12000
1741341600,0.12000
1741342500,0.12000
1741343400,0.12000
1741344300,0.12000
1741345200,0.12000
1741346100,0.12000
1741347000,0.12000
1741347900,0.12000
1741348800,0.12000
1741349700,0.12000
1741350600,0.12000
1741351500,0.12000
1741352400,0.12000
1741353300,0.12000
1741354200,0.12000
1741355100,0.12000
1741356000,0.12000
1741356900,0.12000
1741357800,0.12000
1741358700,0.12000
1741359600,0.12000
1741360500,0.12000
1741361400,0.12000
1741362300,0.12000
1741363200,0.12000
1741364100,0.12000
1741365000,0.12000
1741365900,0.12000
1741366800,0.12000
1741367700,0.12000
1741368600,0.12000
1741369500,0.12000
1741370400,0.12000
1741371300,0.12000
1741372200,0.12000
1741373100,0.12000
1741374000,0.12000
1741374900,0.12000
1741375800,0.12000
1741376700,0.12000
1741377600,0.12000
1741378500,0.12000
1741379400,0.12000
1741380300,0.12000
1741381200,0.13000
1741382100,0.12000
1741383000,0.12000
1741557600,0.12000
1741558500,0.12000
1741559400,0.12000
1741560300,0.12000
1741561200,0.12000
1741562100,0.12000
1741563000,0.12000
1741563900,0.12000
1741564800,0.12000
1741565700,0.12000
1741566600,0.12000
1741567500,0.12000
1741568400,0.12000
1741569300,0.12000
1741570200,0.12000
1741571100,0.12000
1741572000,0.12000
1741572900,0.12000
1741573800,0.12000
1741574700,0.12000
1741575600,0.12000
1741576500,0.12000
1741577400,0.12000
1741578300,0.12000
1741579200,0.12000
1741580100,0.12000
1741581000,0.12000
1741581900,0.12000
1741582800,0.12000
1741583700,0.12000
1741584600,0.12000
1741585500,0.12000
1741586400,0.12000
1741587300,0.12000
1741588200,0.12000
1741589100,0.12000
1741590000,0.12000
1741590900,0.12000
1741591800,0.12000
1741592700,0.12000
1741593600,0.12000
1741594500,0.12000
1741595400,0.12000
1741596300,0.12000
1741597200,0.12000
1741598100,0.12000
1741599000,0.12000
1741599900,0.12000
1741600800,0.12000
1741601700,0.12000
1741602600,0.12000
1741603500,0.12000
1741604400,0.12000
1741605300,0.12000
1741606200,0.12000
1741607100,0.12000
1741608000,0.12000
1741608900,0.12000
1741609800,0.12000
1741610700,0.12000
1741611600,0.12000
1741612500,0.12000
1741613400,0.12000
1741614300,0.12000
1741615200,0.12000
1741616100,0.12000
1741617000,0.12000
1741617900,0.12000
1741618800,0.12000
1741619700,0.12000
1741620600,0.12000
1741621500,0.12000
1741622400,0.12000
1741623300,0.12000
1741624200,0.12000
1741625100,0.12000
1741626000,0.12000
1741626900,0.12000
1741627800,0.12000
1741628700,0.12000
1741629600,0.12000
1741630500,0.12000
1741631400,0.12000
1741632300,0.12000
1741633200,0.12000
1741634100,0.12000
1741635000,0.12000
1741635900,0.12000
1741636800,0.12000
1741637700,0.12000
1741638600,0.12000
1741639500,0.12000
1741644000,0.12000
1741644900,0.12000
1741645800,0.12000
1741646700,0.12000
1741647600,0.12000
1741648500,0.12000
1741649400,0.12000
1741650300,0.12000
1741651200,0.12000
1741652100,0.12000
1741653000,0.12000
1741653900,0.12000
1741654800,0.12000
1741655700,0.12000
1741656600,0.12000
1741657500,0.12000
1741658400,0.12000
1741659300,0.12000
1741660200,0.12000
1741661100,0.12000
1741662000,0.12000
1741662900,0.12000
1741663800,0.12000
1741664700,0.12000
1741665600,0.12000
1741666500,0.12000
1741667400,0.12000
1741668300,0.12000
1741669200,0.12000
1741670100,0.12000
1741671000,0.12000
1741671900,0.12000
1741672800,0.12000
1741673700,0.12000
1741674600,0.12000
1741675500,0.12000
1741676400,0.12000
1741677300,0.12000
1741678200,0.12000
1741679100,0.12000
1741680000,0.12000
1741680900,0.12000
1741681800,0.12000
1741682700,0.12000
1741683600,0.12000
1741684500,0.12000
1741685400,0.12000
1741686300,0.12000
1741687200,0.12000
1741688100,0.12000
1741689000,0.12000
1741689900,0.12000
1741690800,0.12000
1741691700,0.12000
1741692600,0.12000
1741693500,0.12000
1741694400,0.12000
1741695300,0.12000
1741696200,0.12000
1741697100,0.12000
1741698000,0.12000
1741698900,0.12000
1741699800,0.12000
1741700700,0.12000
1741701600,0.12000
1741702500,0.12000
1741703400,0.12000
1741704300,0.12000
1741705200,0.12000
1741706100,0.12000
1741707000,0.12000
1741707900,0.12000
1741708800,0.12000
1741709700,0.12000
1741710600,0.12000
1741711500,0.12000
1741712400,0.12000
1741713300,0.12000
1741714200,0.12000
1741715100,0.12000
1741716000,0.12000
1741716900,0.12000
1741717800,0.12000
1741718700,0.12000
1741719600,0.12000
1741720500,0.12000
1741721400,0.12000
1741722300,0.12000
1741723200,0.12000
1741724100,0.12000
1741725000,0.12000
1741725900,0.12000
1741730400,0.12000
1741731300,0.12000
1741732200,0.12000
1741733100,0.12000
1741734000,0.12000
1741734900,0.12000
1741735800,0.12000
1741736700,0.12000
1741737600,0.12000
1741738500,0.12000
1741739400,0.12000
1741740300,0.12000
1741741200,0.12000
1741742100,0.12000
1741743000,0.12000
1741743900,0.12000
1741744800,0.12000
1741745700,0.12000
1741746600,0.12000
1741747500,0.12000
1741748400,0.12000
1741749300,0.12000
1741750200,0.12000
1741751100,0.12000
1741752000,0.12000
1741752900,0.12000
1741753800,0.12000
1741754700,0.12000
1741755600,0.12000
1741756500,0.12000
1741757400,0.12000
1741758300,0.12000
1741759200,0.12000
1741760100,0.12000
1741761000,0.12000
1741761900,0.12000
1741762800,0.12000
1741763700,0.12000
1741764600,0.12000
1741765500,0.12000
1741766400,0.12000
1741767300,0.12000
1741768200,0.12000
1741769100,0.12000
1741770000,0.12000
1741770900,0.12000
1741771800,0.12000
1741772700,0.12000
1741773600,0.12000
1741774500,0.12000
1741775400,0.12000
1741776300,0.12000
1741777200,0.12000
1741778100,0.12000
1741779000,0.12000
1741779900,0.12000
1741780800,0.12000
1741781700,0.12000
1741782600,0.12000
1741783500,0.12000
1741784400,0.12000
1741785300,0.12000
1741786200,0.12000
1741787100,0.12000
1741788000,0.12000
1741788900,0.12000
1741789800,0.12000
1741790700,0.12000
1741791600,0.12000
1741792500,0.12000
1741793400,0.12000
1741794300,0.12000
1741795200,0.12000
1741796100,0.12000
1741797000,0.12000
1741797900,0.12000
1741798800,0.12000
1741799700,0.12000
1741800600,0.12000
1741801500,0.12000
1741802400,0.12000
1741803300,0.12000
1741804200,0.12000
1741805100,0.12000
1741806000,0.12000
1741806900,0.12000
1741807800,0.12000
1741808700,0.12000
1741809600,0.12000
1741810500,0.12000
1741811400,0.12000
1741812300,0.12000
1741816800,0.12000
1741817700,0.12000
1741818600,0.12000
1741819500,0.12000
1741820400,0.12000
1741821300,0.12000
1741822200,0.12000
1741823100,0.12000
1741824000,0.12000
1741824900,0.12000
1741825800,0.12000
1741826700,0.12000
1741827600,0.12000
1741828500,0.12000
1741829400,0.12000
1741830300,0.12000
1741831200,0.12000
1741832100,0.12000
1741833000,0.12000
1741833900,0.12000
1741834800,0.12000
1741835700,0.12000
1741836600,0.12000
1741837500,0.12000
1741838400,0.12000
1741839300,0.12000
1741840200,0.12000
1741841100,0.12000
1741842000,0.12000
1741842900,0.12000
1741843800,0.12000
1741844700,0.12000
1741845600,0.12000
1741846500,0.12000
1741847400,0.12000
1741848300,0.12000
1741849200,0.12000
1741850100,0.12000
1741851000,0.12000
1741851900,0.12000
1741852800,0.12000
1741853700,0.12000
1741854600,0.12000
1741855500,0.12000
1741856400,0.12000
1741857300,0.12000
1741858200,0.12000
1741859100,0.12000
1741860000,0.12000
1741860900,0.12000
1741861800,0.12000
1741862700,0.12000
1741863600,0.12000
1741864500,0.12000
1741865400,0.12000
1741866300,0.12000
1741867200,0.12000
1741868100,0.12000
1741869000,0.12000
1741869900,0.12000
1741870800,0.12000
1741871700,0.12000
1741872600,0.12000
1741873500,0.12000
1741874400,0.12000
1741875300,0.12000
1741876200,0.12000
1741877100,0.12000
1741878000,0.12000
1741878900,0.12000
1741879800,0.12000
1741880700,0.12000
1741881600,0.12000
1741882500,0.12000
1741883400,0.12000
1741884300,0.12000
1741885200,0.12000
1741886100,0.12000
1741887000,0.12000
1741887900,0.12000
1741888800,0.12000
1741889700,0.12000
1741890600,0.12000
1741891500,0.12000
1741892400,0.12000
1741893300,0.12000
1741894200,0.12000
1741895100,0.12000
1741896000,0.12000
1741896900,0.12000
1741897800,0.12000
1741898700,0.12000
1741903200,0.12000
1741904100,0.12000
1741905000,0.12000
1741905900,0.12000
1741906800,0.12000
1741907700,0.12000
1741908600,0.12000
1741909500,0.12000
1741910400,0.12000
1741911300,0.12000
1741912200,0.12000
1741913100,0.12000
1741914000,0.12000
1741914900,0.12000
1741915800,0.12000
1741916700,0.12000
1741917600,0.12000
1741918500,0.12000
1741919400,0.12000
1741920300,0.12000
1741921200,0.12000
1741922100,0.12000
1741923000,0.12000
1741923900,0.12000
1741924800,0.12000
1741925700,0.12000
1741926600,0.12000
1741927500,0.12000
1741928400,0.12000
1741929300,0.12000
1741930200,0.12000
1741931100,0.12000
1741932000,0.12000
1741932900,0.12000
1741933800,0.12000
1741934700,0.12000
1741935600,0.12000
1741936500,0.12000
1741937400,0.12000
1741938300,0.12000
1741939200,0.12000
1741940100,0.12000
1741941000,0.12000
1741941900,0.12000
1741942800,0.12000
1741943700,0.12000
1741944600,0.12000
1741945500,0.12000
1741946400,0.12000
1741947300,0.12000
1741948200,0.12000
1741949100,0.12000
1741950000,0.12000
1741950900,0.12000
1741951800,0.12000
1741952700,0.12000
1741953600,0.12000
1741954500,0.12000
1741955400,0.12000
1741956300,0.12000
1741957200,0.12000
1741958100,0.12000
1741959000,0.12000
1741959900,0.12000
1741960800,0.12000
1741961700,0.12000
1741962600,0.12000
1741963500,0.12000
1741964400,0.12000
1741965300,0.12000
1741966200,0.12000
1741967100,0.12000
1741968000,0.12000
1741968900,0.12000
1741969800,0.12000
1741970700,0.12000
1741971600,0.12000
1741972500,0.12000
1741973400,0.12000
1741974300,0.12000
1741975200,0.12000
1741976100,0.12000
1741977000,0.12000
1741977900,0.12000
1741978800,0.12000
1741979700,0.12000
1741980600,0.12000
1741981500,0.12000
1741982400,0.12000
1741983300,0.12000
1741984200,0.12000
1742162400,0.12000
1742163300,0.12000
1742164200,0.12000
1742165100,0.12000
1742166000,0.12000
1742166900,0.12000
1742167800,0.12000
1742168700,0.12000
1742169600,0.12000
1742170500,0.12000
1742171400,0.12000
1742172300,0.12000
1742173200,0.12000
1742174100,0.12000
1742175000,0.12000
1742175900,0.12000
1742176800,0.12000
1742177700,0.12000
1742178600,0.12000
1742179500,0.12000
1742180400,0.12000
1742181300,0.12000
1742182200,0.12000
1742183100,0.12000
1742184000,0.12000
1742184900,0.12000
1742185800,0.12000
1742186700,0.12000
1742187600,0.12000
1742188500,0.12000
1742189400,0.12000
1742190300,0.12000
1742191200,0.12000
1742192100,0.12000
1742193000,0.12000
1742193900,0.12000
1742194800,0.12000
1742195700,0.12000
1742196600,0.12000
1742197500,0.12000
1742198400,0.12000
1742199300,0.12000
1742200200,0.12000
1742201100,0.12000
1742202000,0.12000
1742202900,0.12000
1742203800,0.12000
1742204700,0.12000
1742205600,0.12000
1742206500,0.12000
1742207400,0.12000
1742208300,0.12000
1742209200,0.12000
1742210100,0.12000
1742211000,0.12000
1742211900,0.12000
1742212800,0.12000
1742213700,0.12000
1742214600,0.12000
1742215500,0.12000
1742216400,0.12000
1742217300,0.12000
1742218200,0.12000
1742219100,0.12000
1742220000,0.12000
1742220900,0.12000
1742221800,0.12000
1742222700,0.12000
1742223600,0.12000
1742224500,0.12000
1742225400,0.12000
1742226300,0.12000
1742227200,0.12000
1742228100,0.12000
1742229000,0.12000
1742229900,0.12000
1742230800,0.12000
1742231700,0.12000
1742232600,0.12000
1742233500,0.12000
1742234400,0.12000
1742235300,0.12000
1742236200,0.12000
1742237100,0.12000
1742238000,0.12000
1742238900,0.12000
1742239800,0.12000
1742240700,0.12000
1742241600,0.12000
1742242500,0.12000
1742243400,0.12000
1742244300,0.12000
1742248800,0.12000
1742249700,0.12000
1742250600,0.12000
1742251500,0.12000
1742252400,0.13000
1742253300,0.12000
1742254200,0.12000
1742255100,0.12000
1742256000,0.12000
1742256900,0.12000
1742257800,0.12000
1742258700,0.12000
1742259600,0.12000
1742260500,0.12000
1742261400,0.12000
1742262300,0.12000
1742263200,0.12000
1742264100,0.12000
1742265000,0.12000
1742265900,0.12000
1742266800,0.12000
1742267700,0.12000
1742268600,0.12000
1742269500,0.12000
1742270400,0.12000
1742271300,0.12000
1742272200,0.12000
1742273100,0.12000
1742274000,0.12000
1742274900,0.12000
1742275800,0.12000
1742276700,0.12000
1742277600,0.12000
1742278500,0.12000
1742279400,0.12000
1742280300,0.05000
1742281200,0.12000
1742282100,0.12000
1742283000,0.12000
1742283900,0.12000
1742284800,0.12000
1742285700,0.12000
1742286600,0.12000
1742287500,0.12000
1742288400,0.12000
1742289300,0.12000
1742290200,0.12000
1742291100,0.12000
1742292000,0.12000
1742292900,0.12000
1742293800,0.12000
1742294700,0.12000
1742295600,0.12000
1742296500,0.12000
1742297400,0.12000
1742298300,0.12000
1742299200,0.12000
1742300100,0.12000
1742301000,0.12000
1742301900,0.12000
1742302800,0.12000
1742303700,0.12000
1742304600,0.12000
1742305500,0.12000
1742306400,0.12000
1742307300,0.12000
1742308200,0.12000
1742309100,0.12000
1742310000,0.12000
1742310900,0.12000
1742311800,0.12000
1742312700,0.12000
1742313600,0.12000
1742314500,0.12000
1742315400,0.12000
1742316300,0.12000
1742317200,0.12000
1742318100,0.12000
1742319000,0.12000
1742319900,0.12000
1742320800,0.12000
1742321700,0.12000
1742322600,0.12000
1742323500,0.12000
1742324400,0.12000
1742325300,0.12000
1742326200,0.12000
1742327100,0.12000
1742328000,0.12000
1742328900,0.12000
1742329800,0.12000
1742330700,0.15000
1742335200,0.12000
1742336100,0.12000
1742337000,0.12000
1742337900,0.12000
1742338800,0.12000
1742339700,0.12000
1742340600,0.12000
1742341500,0.12000
1742342400,0.12000
1742343300,0.12000
1742344200,0.12000
1742345100,0.12000
1742346000,0.12000
1742346900,0.12000
1742347800,0.12000
1742348700,0.12000
1742349600,0.12000
1742350500,0.12000
1742351400,0.12000
1742352300,0.12000
1742353200,0.12000
1742354100,0.12000
1742355000,0.12000
1742355900,0.12000
1742356800,0.12000
1742357700,0.12000
1742358600,0.12000
1742359500,0.14000
1742360400,0.12000
1742361300,0.12000
1742362200,0.12000
1742363100,0.12000
1742364000,0.12000
1742364900,0.12000
1742365800,0.12000
1742366700,0.12000
1742367600,0.12000
1742368500,0.12000
1742369400,0.12000
1742370300,0.12000
1742371200,0.12000
1742372100,0.12000
1742373000,0.12000
1742373900,0.12000
1742374800,0.12000
1742375700,0.12000
1742376600,0.12000
1742377500,0.12000
1742378400,0.12000
1742379300,0.12000
1742380200,0.12000
1742381100,0.12000
1742382000,0.12000
1742382900,0.12000
1742383800,0.12000
1742384700,0.12000
1742385600,0.12000
1742386500,0.12000
1742387400,0.12000
1742388300,0.12000
1742389200,0.12000
1742390100,0.12000
1742391000,0.12000
1742391900,0.12000
1742392800,0.12000
1742393700,0.12000
1742394600,0.12000
1742395500,0.12000
1742396400,0.12000
1742397300,0.12000
1742398200,0.12000
1742399100,0.12000
1742400000,0.12000
1742400900,0.12000
1742401800,0.12000
1742402700,0.12000
1742403600,0.12000
1742404500,0.12000
1742405400,0.12000
1742406300,0.12000
1742407200,0.12000
1742408100,0.12000
1742409000,0.12000
1742409900,0.12000
1742410800,0.12000
1742411700,0.12000
1742412600,0.12000
1742413500,0.12000
1742414400,0.12000
1742415300,0.12000
1742416200,0.12000
1742417100,0.13000
1742421600,0.12000
1742422500,0.12000
1742423400,0.12000
1742424300,0.12000
1742425200,0.12000
1742426100,0.12000
1742427000,0.13000
1742427900,0.12000
1742428800,0.12000
1742429700,0.12000
1742430600,0.12000
1742431500,0.12000
1742432400,0.12000
1742433300,0.12000
1742434200,0.12000
1742435100,0.12000
1742436000,0.12000
1742436900,0.12000
1742437800,0.12000
1742438700,0.12000
1742439600,0.12000
1742440500,0.12000
1742441400,0.12000
1742442300,0.12000
1742443200,0.12000
1742444100,0.12000
1742445000,0.12000
1742445900,0.12000
1742446800,0.12000
1742447700,0.12000
1742448600,0.12000
1742449500,0.12000
1742450400,0.12000
1742451300,0.12000
1742452200,0.12000
1742453100,0.12000
1742454000,0.12000
1742454900,0.12000
1742455800,0.12000
1742456700,0.12000
1742457600,0.12000
1742458500,0.12000
1742459400,0.12000
1742460300,0.12000
1742461200,0.12000
1742462100,0.12000
1742463000,0.12000
1742463900,0.12000
1742464800,0.12000
1742465700,0.12000
1742466600,0.12000
1742467500,0.12000
1742468400,0.12000
1742469300,0.12000
1742470200,0.12000
1742471100,0.12000
1742472000,0.12000
1742472900,0.12000
1742473800,0.12000
1742474700,0.12000
1742475600,0.12000
1742476500,0.12000
1742477400,0.12000
1742478300,0.12000
1742479200,0.12000
1742480100,0.12000
1742481000,0.12000
1742481900,0.12000
1742482800,0.12000
1742483700,0.12000
1742484600,0.12000
1742485500,0.12000
1742486400,0.12000
1742487300,0.12000
1742488200,0.12000
1742489100,0.12000
1742490000,0.12000
1742490900,0.12000
1742491800,0.12000
1742492700,0.12000
1742493600,0.12000
1742494500,0.12000
1742495400,0.12000
1742496300,0.12000
1742497200,0.12000
1742498100,0.12000
1742499000,0.12000
1742499900,0.12000
1742500800,0.12000
1742501700,0.12000
1742502600,0.12000
1742503500,0.13000
1742508000,0.12000
1742508900,0.12000
1742509800,0.12000
1742510700,0.12000
1742511600,0.12000
1742512500,0.12000
1742513400,0.14000
1742514300,0.12000
1742515200,0.12000
1742516100,0.12000
1742517000,0.12000
1742517900,0.12000
1742518800,0.12000
1742519700,0.12000
1742520600,0.12000
1742521500,0.12000
1742522400,0.12000
1742523300,0.12000
1742524200,0.12000
1742525100,0.12000
1742526000,0.12000
1742526900,0.12000
1742527800,0.12000
1742528700,0.12000
1742529600,0.12000
1742530500,0.12000
1742531400,0.12000
1742532300,0.12000
1742533200,0.12000
1742534100,0.12000
1742535000,0.12000
1742535900,0.12000
1742536800,0.12000
1742537700,0.12000
1742538600,0.12000
1742539500,0.12000
1742540400,0.12000
1742541300,0.12000
1742542200,0.12000
1742543100,0.12000
1742544000,0.12000
1742544900,0.12000
1742545800,0.12000
1742546700,0.12000
1742547600,0.12000
1742548500,0.12000
1742549400,0.12000
1742550300,0.12000
1742551200,0.12000
1742552100,0.12000
1742553000,0.12000
1742553900,0.12000
1742554800,0.12000
1742555700,0.12000
1742556600,0.12000
1742557500,0.12000
1742558400,0.12000
1742559300,0.12000
1742560200,0.12000
1742561100,0.12000
1742562000,0.14000
1742562900,0.12000
1742563800,0.12000
1742564700,0.12000
1742565600,0.12000
1742566500,0.12000
1742567400,0.12000
1742568300,0.12000
1742569200,0.12000
1742570100,0.12000
1742571000,0.12000
1742571900,0.12000
1742572800,0.12000
1742573700,0.12000
1742574600,0.12000
1742575500,0.12000
1742576400,0.12000
1742577300,0.12000
1742578200,0.12000
1742579100,0.12000
1742580000,0.12000
1742580900,0.12000
1742581800,0.12000
1742582700,0.12000
1742583600,0.12000
1742584500,0.12000
1742585400,0.12000
1742586300,0.12000
1742587200,0.12000
1742588100,0.12000
1742589000,0.12000
1742767200,0.12000
1742768100,0.12000
1742769000,0.12000
1742769900,0.12000
1742770800,0.12000
1742771700,0.17000
1742772600,0.12000
1742773500,0.13000
1742774400,0.12000
1742775300,0.12000
1742776200,0.12000
1742777100,0.12000
1742778000,0.12000
1742778900,0.12000
1742779800,0.12000
1742780700,0.12000
1742781600,0.12000
1742782500,0.12000
1742783400,0.12000
1742784300,0.12000
1742785200,0.12000
1742786100,0.12000
1742787000,0.12000
1742787900,0.12000
1742788800,0.12000
1742789700,0.12000
1742790600,0.12000
1742791500,0.12000
1742792400,0.12000
1742793300,0.12000
1742794200,0.12000
1742795100,0.12000
1742796000,0.12000
1742796900,0.12000
1742797800,0.12000
1742798700,0.12000
1742799600,0.12000
1742800500,0.12000
1742801400,0.12000
1742802300,0.12000
1742803200,0.12000
1742804100,0.12000
1742805000,0.12000
1742805900,0.12000
1742806800,0.12000
1742807700,0.12000
1742808600,0.12000
1742809500,0.12000
1742810400,0.12000
1742811300,0.12000
1742812200,0.12000
1742813100,0.12000
1742814000,0.12000
1742814900,0.12000
1742815800,0.12000
1742816700,0.12000
1742817600,0.12000
1742818500,0.12000
1742819400,0.12000
1742820300,0.12000
1742821200,0.12000
1742822100,0.12000
1742823000,0.12000
1742823900,0.12000
1742824800,0.12000
1742825700,0.12000
1742826600,0.12000
1742827500,0.12000
1742828400,0.12000
1742829300,0.12000
1742830200,0.12000
1742831100,0.12000
1742832000,0.12000
1742832900,0.12000
1742833800,0.12000
1742834700,0.12000
1742835600,0.12000
1742836500,0.12000
1742837400,0.12000
1742838300,0.12000
1742839200,0.12000
1742840100,0.12000
1742841000,0.12000
1742841900,0.12000
1742842800,0.12000
1742843700,0.12000
1742844600,0.12000
1742845500,0.12000
1742846400,0.12000
1742847300,0.12000
1742848200,0.12000
1742849100,0.12000
1742853600,0.12000
1742854500,0.12000
1742855400,0.12000
1742856300,0.14000
1742857200,0.13000
1742858100,0.12000
1742859000,0.12000
1742859900,0.12000
1742860800,0.12000
1742861700,0.12000
1742862600,0.12000
1742863500,0.12000
1742864400,0.12000
1742865300,0.12000
1742866200,0.12000
1742867100,0.12000
1742868000,0.12000
1742868900,0.13000
1742869800,0.12000
1742870700,0.12000
1742871600,0.12000
1742872500,0.12000
1742873400,0.12000
1742874300,0.12000
1742875200,0.12000
1742876100,0.12000
1742877000,0.12000
1742877900,0.12000
1742878800,0.12000
1742879700,0.12000
1742880600,0.12000
1742881500,0.12000
1742882400,0.12000
1742883300,0.12000
1742884200,0.12000
1742885100,0.12000
1742886000,0.12000
1742886900,0.12000
1742887800,0.12000
1742888700,0.12000
1742889600,0.12000
1742890500,0.12000
1742891400,0.12000
1742892300,0.12000
1742893200,0.12000
1742894100,0.12000
1742895000,0.12000
1742895900,0.12000
1742896800,0.12000
1742897700,0.12000
1742898600,0.12000
1742899500,0.12000
1742900400,0.12000
1742901300,0.12000
1742902200,0.12000
1742903100,0.12000
1742904000,0.12000
1742904900,0.12000
1742905800,0.12000
1742906700,0.12000
1742907600,0.12000
1742908500,0.12000
1742909400,0.12000
1742910300,0.12000
1742911200,0.12000
1742912100,0.12000
1742913000,0.12000
1742913900,0.12000
1742914800,0.12000
1742915700,0.12000
1742916600,0.12000
1742917500,0.12000
1742918400,0.12000
1742919300,0.12000
1742920200,0.12000
1742921100,0.12000
1742922000,0.12000
1742922900,0.12000
1742923800,0.12000
1742924700,0.12000
1742925600,0.12000
1742926500,0.12000
1742927400,0.12000
1742928300,0.12000
1742929200,0.12000
1742930100,0.12000
1742931000,0.12000
1742931900,0.12000
1742932800,0.12000
1742933700,0.13000
1742934600,0.12000
1742935500,0.12000
1742940000,0.12000
1742940900,0.13000
1742941800,0.13000
1742942700,0.12000
1742943600,0.18000
1742944500,0.17000
1742945400,0.12000
1742946300,0.14000
1742947200,0.12000
1742948100,0.13000
1742949000,0.12000
1742949900,0.12000
1742950800,0.12000
1742951700,0.12000
1742952600,0.12000
1742953500,0.12000
1742954400,0.12000
1742955300,0.12000
1742956200,0.12000
1742957100,0.12000
1742958000,0.12000
1742958900,0.12000
1742959800,0.12000
1742960700,0.12000
1742961600,0.12000
1742962500,0.12000
1742963400,0.12000
1742964300,0.12000
1742965200,0.12000
1742966100,0.14000
1742967000,0.12000
1742967900,0.12000
1742968800,0.12000
1742969700,0.12000
1742970600,0.12000
1742971500,0.12000
1742972400,0.12000
1742973300,0.12000
1742974200,0.12000
1742975100,0.12000
1742976000,0.12000
1742976900,0.12000
1742977800,0.12000
1742978700,0.12000
1742979600,0.12000
1742980500,0.12000
1742981400,0.12000
1742982300,0.12000
1742983200,0.12000
1742984100,0.12000
1742985000,0.12000
1742985900,0.12000
1742986800,0.12000
1742987700,0.12000
1742988600,0.12000
1742989500,0.12000
1742990400,0.12000
1742991300,0.12000
1742992200,0.12000
1742993100,0.12000
1742994000,0.12000
1742994900,0.12000
1742995800,0.12000
1742996700,0.12000
1742997600,0.12000
1742998500,0.12000
1742999400,0.12000
1743000300,0.12000
1743001200,0.12000
1743002100,0.12000
1743003000,0.12000
1743003900,0.12000
1743004800,0.12000
1743005700,0.12000
1743006600,0.12000
1743007500,0.12000
1743008400,0.12000
1743009300,0.12000
1743010200,0.12000
1743011100,0.12000
1743012000,0.12000
1743012900,0.12000
1743013800,0.12000
1743014700,0.12000
1743015600,0.12000
1743016500,0.12000
1743017400,0.12000
1743018300,0.12000
1743019200,0.12000
1743020100,0.12000
1743021000,0.12000
1743021900,0.17000
1743026400,0.12000
1743027300,0.12000
1743028200,0.12000
1743029100,0.12000
1743030000,0.12000
1743030900,0.12000
1743031800,0.12000
1743032700,0.12000
1743033600,0.12000
1743034500,0.12000
1743035400,0.12000
1743036300,0.12000
1743037200,0.12000
1743038100,0.12000
1743039000,0.12000
1743039900,0.12000
1743040800,0.12000
1743041700,0.12000
1743042600,0.12000
1743043500,0.12000
1743044400,0.12000
1743045300,0.12000
1743046200,0.12000
1743047100,0.12000
1743048000,0.12000
1743048900,0.12000
1743049800,0.12000
1743050700,0.12000
1743051600,0.12000
1743052500,0.12000
1743053400,0.12000
1743054300,0.12000
1743055200,0.12000
1743056100,0.12000
1743057000,0.12000
1743057900,0.12000
1743058800,0.12000
1743059700,0.12000
1743060600,0.12000
1743061500,0.12000
1743062400,0.12000
1743063300,0.12000
1743064200,0.12000
1743065100,0.12000
1743066000,0.12000
1743066900,0.12000
1743067800,0.12000
1743068700,0.12000
1743069600,0.12000
1743070500,0.12000
1743071400,0.12000
1743072300,0.12000
1743073200,0.12000
1743074100,0.12000
1743075000,0.12000
1743075900,0.12000
1743076800,0.12000
1743077700,0.12000
1743078600,0.12000
1743079500,0.12000
1743080400,0.12000
1743081300,0.12000
1743082200,0.12000
1743083100,0.12000
1743084000,0.12000
1743084900,0.12000
1743085800,0.12000
1743086700,0.12000
1743087600,0.12000
1743088500,0.12000
1743089400,0.12000
1743090300,0.12000
1743091200,0.12000
1743092100,0.12000
1743093000,0.12000
1743093900,0.12000
1743094800,0.12000
1743095700,0.12000
1743096600,0.12000
1743097500,0.12000
1743098400,0.12000
1743099300,0.12000
1743100200,0.12000
1743101100,0.12000
1743102000,0.12000
1743102900,0.12000
1743103800,0.12000
1743104700,0.12000
1743105600,0.12000
1743106500,0.12000
1743107400,0.12000
1743108300,0.12000
1743112800,0.12000
1743113700,0.15000
1743114600,0.12000
1743115500,0.12000
1743116400,0.12000
1743117300,0.12000
1743118200,0.14000
1743119100,0.12000
1743120000,0.12000
1743120900,0.12000
1743121800,0.12000
1743122700,0.12000
1743123600,0.12000
1743124500,0.12000
1743125400,0.12000
1743126300,0.12000
1743127200,0.12000
1743128100,0.12000
1743129000,0.12000
1743129900,0.12000
1743130800,0.12000
1743131700,0.12000
1743132600,0.12000
1743133500,0.12000
1743134400,0.12000
1743135300,0.12000
1743136200,0.12000
1743137100,0.12000
1743138000,0.13000
1743138900,0.12000
1743139800,0.12000
1743140700,0.12000
1743141600,0.12000
1743142500,0.12000
1743143400,0.12000
1743144300,0.12000
1743145200,0.12000
1743146100,0.12000
1743147000,0.12000
1743147900,0.12000
1743148800,0.12000
1743149700,0.12000
1743150600,0.12000
1743151500,0.12000
1743152400,0.12000
1743153300,0.12000
1743154200,0.12000
1743155100,0.12000
1743156000,0.12000
1743156900,0.12000
1743157800,0.12000
1743158700,0.12000
1743159600,0.12000
1743160500,0.12000
1743161400,0.12000
1743162300,0.12000
1743163200,0.12000
1743164100,0.12000
1743165000,0.12000
1743165900,0.12000
1743166800,0.12000
1743167700,0.12000
1743168600,0.12000
1743169500,0.12000
1743170400,0.12000
1743171300,0.12000
1743172200,0.12000
1743173100,0.12000
1743174000,0.12000
1743174900,0.12000
1743175800,0.12000
1743176700,0.12000
1743177600,0.12000
1743178500,0.12000
1743179400,0.12000
1743180300,0.12000
1743181200,0.12000
1743182100,0.12000
1743183000,0.12000
1743183900,0.12000
1743184800,0.12000
1743185700,0.12000
1743186600,0.12000
1743187500,0.12000
1743188400,0.12000
1743189300,0.12000
1743190200,0.12000
1743191100,0.12000
1743192000,0.12000
1743192900,0.12000
1743193800,0.12000
1743372000,0.12000
1743372900,0.12000
1743373800,0.12000
1743374700,0.12000
1743375600,0.12000
1743376500,0.12000
1743377400,0.12000
1743378300,0.13000
1743379200,0.12000
1743380100,0.12000
1743381000,0.12000
1743381900,0.12000
1743382800,0.12000
1743383700,0.12000
1743384600,0.12000
1743385500,0.12000
1743386400,0.12000
1743387300,0.12000
1743388200,0.12000
1743389100,0.12000
1743390000,0.12000
1743390900,0.12000
1743391800,0.12000
1743392700,0.12000
1743393600,0.12000
1743394500,0.12000
1743395400,0.12000
1743396300,0.12000
1743397200,0.12000
1743398100,0.12000
1743399000,0.12000
1743399900,0.12000
1743400800,0.12000
1743401700,0.12000
1743402600,0.12000
1743403500,0.12000
1743404400,0.12000
1743405300,0.12000
1743406200,0.12000
1743407100,0.12000
1743408000,0.12000
1743408900,0.12000
1743409800,0.12000
1743410700,0.12000
1743411600,0.12000
1743412500,0.12000
1743413400,0.12000
1743414300,0.12000
1743415200,0.12000
1743416100,0.12000
1743417000,0.12000
1743417900,0.12000
1743418800,0.12000
1743419700,0.12000
1743420600,0.12000
1743421500,0.12000
1743422400,0.12000
1743423300,0.12000
1743424200,0.12000
1743425100,0.12000
1743426000,0.12000
1743426900,0.12000
1743427800,0.12000
1743428700,0.12000
1743429600,0.12000
1743430500,0.12000
1743431400,0.12000
1743432300,0.12000
1743433200,0.12000
1743434100,0.12000
1743435000,0.12000
1743435900,0.12000
1743436800,0.12000
1743437700,0.12000
1743438600,0.12000
1743439500,0.12000
1743440400,0.12000
1743441300,0.12000
1743442200,0.12000
1743443100,0.12000
1743444000,0.12000
1743444900,0.12000
1743445800,0.12000
1743446700,0.12000
1743447600,0.12000
1743448500,0.12000
1743449400,0.12000
1743450300,0.12000
1743451200,0.12000
1743452100,0.13000
1743453000,0.13000
1743453900,0.14000
1743458400,0.12000
1743459300,0.12000
1743460200,0.18000
1743461100,0.18000
1743462000,0.12000
1743462900,0.12000
1743463800,0.12000
1743464700,0.12000
1743465600,0.12000
1743466500,0.12000
1743467400,0.12000
1743468300,0.12000
1743469200,0.12000
1743470100,0.12000
1743471000,0.12000
1743471900,0.12000
1743472800,0.12000
1743473700,0.12000
1743474600,0.12000
1743475500,0.12000
1743476400,0.12000
1743477300,0.12000
1743478200,0.12000
1743479100,0.12000
1743480000,0.12000
1743480900,0.12000
1743481800,0.12000
1743482700,0.12000
1743483600,0.12000
1743484500,0.12000
1743485400,0.12000
1743486300,0.12000
1743487200,0.12000
1743488100,0.12000
1743489000,0.12000
1743489900,0.12000
1743490800,0.12000
1743491700,0.12000
1743492600,0.12000
1743493500,0.12000
1743494400,0.12000
1743495300,0.12000
1743496200,0.12000
1743497100,0.12000
1743498000,0.12000
1743498900,0.12000
1743499800,0.12000
1743500700,0.12000
1743501600,0.12000
1743502500,0.12000
1743503400,0.12000
1743504300,0.12000
1743505200,0.12000
1743506100,0.12000
1743507000,0.12000
1743507900,0.12000
1743508800,0.12000
1743509700,0.12000
1743510600,0.12000
1743511500,0.12000
1743512400,0.12000
1743513300,0.12000
1743514200,0.12000
1743515100,0.12000
1743516000,0.12000
1743516900,0.12000
1743517800,0.12000
1743518700,0.12000
1743519600,0.12000
1743520500,0.12000
1743521400,0.12000
1743522300,0.12000
1743523200,0.12000
1743524100,0.12000
1743525000,0.12000
1743525900,0.12000
1743526800,0.12000
1743527700,0.12000
1743528600,0.12000
1743529500,0.12000
1743530400,0.12000
1743531300,0.12000
1743532200,0.12000
1743533100,0.12000
1743534000,0.12000
1743534900,0.12000
1743535800,0.12000
1743536700,0.12000
1743537600,0.12000
1743538500,0.12000
1743539400,0.12000
1743540300,0.12000
1743544800,0.12000
1743545700,0.12000
1743546600,0.12000
1743547500,0.12000
1743548400,0.14000
1743549300,0.12000
1743550200,0.12000
1743551100,0.12000
1743552000,0.12000
1743552900,0.12000
1743553800,0.12000
1743554700,0.12000
1743555600,0.12000
1743556500,0.12000
1743557400,0.12000
1743558300,0.12000
1743559200,0.12000
1743560100,0.12000
1743561000,0.12000
1743561900,0.12000
1743562800,0.12000
1743563700,0.12000
1743564600,0.12000
1743565500,0.12000
1743566400,0.12000
1743567300,0.12000
1743568200,0.12000
1743569100,0.12000
1743570000,0.12000
1743570900,0.12000
1743571800,0.12000
1743572700,0.12000
1743573600,0.12000
1743574500,0.12000
1743575400,0.12000
1743576300,0.12000
1743577200,0.12000
1743578100,0.12000
1743579000,0.12000
1743579900,0.12000
1743580800,0.12000
1743581700,0.12000
1743582600,0.12000
1743583500,0.12000
1743584400,0.12000
1743585300,0.12000
1743586200,0.12000
1743587100,0.12000
1743588000,0.12000
1743588900,0.12000
1743589800,0.12000
1743590700,0.12000
1743591600,0.12000
1743592500,0.12000
1743593400,0.12000
1743594300,0.12000
1743595200,0.12000
1743596100,0.12000
1743597000,0.12000
1743597900,0.12000
1743598800,0.12000
1743599700,0.12000
1743600600,0.12000
1743601500,0.12000
1743602400,0.12000
1743603300,0.12000
1743604200,0.12000
1743605100,0.12000
1743606000,0.12000
1743606900,0.12000
1743607800,0.12000
1743608700,0.12000
1743609600,0.12000
1743610500,0.12000
1743611400,0.12000
1743612300,0.12000
1743613200,0.12000
1743614100,0.12000
1743615000,0.12000
1743615900,0.12000
1743616800,0.12000
1743617700,0.12000
1743618600,0.12000
1743619500,0.12000
1743620400,0.12000
1743621300,0.12000
1743622200,0.12000
1743623100,0.12000
1743624000,0.12000
1743624900,0.12000
1743625800,0.12000
1743626700,0.12000
1743631200,0.12000
1743632100,0.12000
1743633000,0.12000
1743633900,0.12000
1743634800,0.12000
1743635700,0.12000
1743636600,0.12000
1743637500,0.12000
1743638400,0.12000
1743639300,0.12000
1743640200,0.12000
1743641100,0.12000
1743642000,0.12000
1743642900,0.12000
1743643800,0.12000
1743644700,0.12000
1743645600,0.12000
1743646500,0.12000
1743647400,0.12000
1743648300,0.12000
1743649200,0.12000
1743650100,0.12000
1743651000,0.12000
1743651900,0.12000
1743652800,0.12000
1743653700,0.12000
1743654600,0.12000
1743655500,0.12000
1743656400,0.12000
1743657300,0.12000
1743658200,0.12000
1743659100,0.12000
1743660000,0.12000
1743660900,0.12000
1743661800,0.12000
1743662700,0.12000
1743663600,0.12000
1743664500,0.12000
1743665400,0.12000
1743666300,0.12000
1743667200,0.12000
1743668100,0.12000
1743669000,0.12000
1743669900,0.12000
1743670800,0.12000
1743671700,0.12000
1743672600,0.12000
1743673500,0.12000
1743674400,0.12000
1743675300,0.12000
1743676200,0.12000
1743677100,0.12000
1743678000,0.12000
1743678900,0.12000
1743679800,0.12000
1743680700,0.12000
1743681600,0.12000
1743682500,0.12000
1743683400,0.12000
1743684300,0.12000
1743685200,0.12000
1743686100,0.12000
1743687000,0.12000
1743687900,0.12000
1743688800,0.12000
1743689700,0.12000
1743690600,0.12000
1743691500,0.12000
1743692400,0.12000
1743693300,0.12000
1743694200,0.12000
1743695100,0.12000
1743696000,0.12000
1743696900,0.12000
1743697800,0.12000
1743698700,0.12000
1743699600,0.12000
1743700500,0.12000
1743701400,0.12000
1743702300,0.12000
1743703200,0.12000
1743704100,0.12000
1743705000,0.12000
1743705900,0.12000
1743706800,0.12000
1743707700,0.12000
1743708600,0.12000
1743709500,0.12000
1743710400,0.12000
1743711300,0.12000
1743712200,0.12000
1743713100,0.12000
1743717600,0.12000
1743718500,0.13000
1743719400,0.12000
1743720300,0.12000
1743721200,0.12000
1743722100,0.15000
1743723000,0.12000
1743723900,0.12000
1743724800,0.12000
1743725700,0.12000
1743726600,0.12000
1743727500,0.12000
1743728400,0.12000
1743729300,0.12000
1743730200,0.12000
1743731100,0.12000
1743732000,0.12000
1743732900,0.12000
1743733800,0.12000
1743734700,0.12000
1743735600,0.12000
1743736500,0.12000
1743737400,0.12000
1743738300,0.12000
1743739200,0.12000
1743740100,0.12000
1743741000,0.12000
1743741900,0.12000
1743742800,0.12000
1743743700,0.12000
1743744600,0.12000
1743745500,0.12000
1743746400,0.12000
1743747300,0.12000
1743748200,0.12000
1743749100,0.12000
1743750000,0.12000
1743750900,0.12000
1743751800,0.12000
1743752700,0.12000
1743753600,0.12000
1743754500,0.12000
1743755400,0.12000
1743756300,0.12000
1743757200,0.12000
1743758100,0.12000
1743759000,0.12000
1743759900,0.12000
1743760800,0.12000
1743761700,0.12000
1743762600,0.12000
1743763500,0.12000
1743764400,0.12000
1743765300,0.12000
1743766200,0.12000
1743767100,0.12000
1743768000,0.12000
1743768900,0.12000
1743769800,0.12000
1743770700,0.12000
1743771600,0.12000
1743772500,0.12000
1743773400,0.12000
1743774300,0.12000
1743775200,0.12000
1743776100,0.12000
1743777000,0.12000
1743777900,0.12000
1743778800,0.12000
1743779700,0.12000
1743780600,0.12000
1743781500,0.12000
1743782400,0.12000
1743783300,0.12000
1743784200,0.12000
1743785100,0.12000
1743786000,0.12000
1743786900,0.12000
1743787800,0.12000
1743788700,0.12000
1743789600,0.12000
1743790500,0.12000
1743791400,0.12000
1743792300,0.12000
1743793200,0.12000
1743794100,0.12000
1743795000,0.12000
1743795900,0.12000
1743796800,0.12000
1743797700,0.12000
1743798600,0.12000
1743976800,0.12000
1743977700,0.12000
1743978600,0.12000
1743979500,0.12000
1743980400,0.12000
1743981300,0.12000
1743982200,0.12000
1743983100,0.12000
1743984000,0.12000
1743984900,0.12000
1743985800,0.12000
1743986700,0.12000
1743987600,0.12000
1743988500,0.12000
1743989400,0.00000
1743990300,0.12000
1743991200,0.12000
1743992100,0.12000
1743993000,0.12000
1743993900,0.12000
1743994800,0.12000
1743995700,0.12000
1743996600,0.12000
1743997500,0.12000
1743998400,0.12000
1743999300,0.12000
1744000200,0.12000
1744001100,0.12000
1744002000,0.12000
1744002900,0.12000
1744003800,0.12000
1744004700,0.12000
1744005600,0.12000
1744006500,0.12000
1744007400,0.12000
1744008300,0.12000
1744009200,0.12000
1744010100,0.12000
1744011000,0.12000
1744011900,0.12000
1744012800,0.12000
1744013700,0.12000
1744014600,0.12000
1744015500,0.12000
1744016400,0.12000
1744017300,0.12000
1744018200,0.12000
1744019100,0.12000
1744020000,0.12000
1744020900,0.12000
1744021800,0.12000
1744022700,0.12000
1744023600,0.12000
1744024500,0.12000
1744025400,0.12000
1744026300,0.12000
1744027200,0.12000
1744028100,0.12000
1744029000,0.12000
1744029900,0.12000
1744030800,0.12000
1744031700,0.12000
1744032600,0.12000
1744033500,0.12000
1744034400,0.12000
1744035300,0.12000
1744036200,0.12000
1744037100,0.12000
1744038000,0.12000
1744038900,0.12000
1744039800,0.12000
1744040700,0.12000
1744041600,0.12000
1744042500,0.12000
1744043400,0.12000
1744044300,0.12000
1744045200,0.12000
1744046100,0.12000
1744047000,0.12000
1744047900,0.12000
1744048800,0.12000
1744049700,0.12000
1744050600,0.12000
1744051500,0.12000
1744052400,0.12000
1744053300,0.12000
1744054200,0.12000
1744055100,0.12000
1744056000,0.12000
1744056900,0.12000
1744057800,0.12000
1744058700,0.12000
1744063200,0.12000
1744064100,0.12000
1744065000,0.13000
1744065900,0.12000
1744066800,0.12000
1744067700,0.12000
1744068600,0.12000
1744069500,0.12000
1744070400,0.12000
1744071300,0.12000
1744072200,0.12000
1744073100,0.12000
1744074000,0.12000
1744074900,0.12000
1744075800,0.12000
1744076700,0.12000
1744077600,0.12000
1744078500,0.12000
1744079400,0.12000
1744080300,0.12000
1744081200,0.12000
1744082100,0.12000
1744083000,0.12000
1744083900,0.12000
1744084800,0.12000
1744085700,0.12000
1744086600,0.12000
1744087500,0.12000
1744088400,0.12000
1744089300,0.12000
1744090200,0.12000
1744091100,0.12000
1744092000,0.12000
1744092900,0.12000
1744093800,0.12000
1744094700,0.12000
1744095600,0.12000
1744096500,0.12000
1744097400,0.12000
1744098300,0.12000
1744099200,0.12000
1744100100,0.12000
1744101000,0.12000
1744101900,0.12000
1744102800,0.12000
1744103700,0.12000
1744104600,0.12000
1744105500,0.12000
1744106400,0.12000
1744107300,0.12000
1744108200,0.12000
1744109100,0.12000
1744110000,0.12000
1744110900,0.12000
1744111800,0.12000
1744112700,0.12000
1744113600,0.12000
1744114500,0.12000
1744115400,0.12000
1744116300,0.12000
1744117200,0.12000
1744118100,0.12000
1744119000,0.12000
1744119900,0.12000
1744120800,0.12000
1744121700,0.12000
1744122600,0.12000
1744123500,0.12000
1744124400,0.12000
1744125300,0.12000
1744126200,0.12000
1744127100,0.12000
1744128000,0.12000
1744128900,0.12000
1744129800,0.12000
1744130700,0.12000
1744131600,0.12000
1744132500,0.12000
1744133400,0.12000
1744134300,0.12000
1744135200,0.12000
1744136100,0.12000
1744137000,0.12000
1744137900,0.12000
1744138800,0.12000
1744139700,0.12000
1744140600,0.12000
1744141500,0.12000
1744142400,0.12000
1744143300,0.12000
1744144200,0.12000
1744145100,0.12000
1744149600,0.12000
1744150500,0.12000
1744151400,0.12000
1744152300,0.12000
1744153200,0.12000
1744154100,0.12000
1744155000,0.12000
1744155900,0.12000
1744156800,0.12000
1744157700,0.12000
1744158600,0.12000
1744159500,0.12000
1744160400,0.12000
1744161300,0.12000
1744162200,0.12000
1744163100,0.12000
1744164000,0.12000
1744164900,0.12000
1744165800,0.12000
1744166700,0.12000
1744167600,0.12000
1744168500,0.12000
1744169400,0.12000
1744170300,0.12000
1744171200,0.12000
1744172100,0.12000
1744173000,0.12000
1744173900,0.12000
1744174800,0.12000
1744175700,0.12000
1744176600,0.12000
1744177500,0.12000
1744178400,0.12000
1744179300,0.12000
1744180200,0.12000
1744181100,0.12000
1744182000,0.12000
1744182900,0.12000
1744183800,0.12000
1744184700,0.12000
1744185600,0.12000
1744186500,0.12000
1744187400,0.12000
1744188300,0.12000
1744189200,0.12000
1744190100,0.12000
1744191000,0.12000
1744191900,0.12000
1744192800,0.12000
1744193700,0.12000
1744194600,0.12000
1744195500,0.12000
1744196400,0.12000
1744197300,0.12000
1744198200,0.12000
1744199100,0.12000
1744200000,0.12000
1744200900,0.12000
1744201800,0.12000
1744202700,0.12000
1744203600,0.12000
1744204500,0.12000
1744205400,0.12000
1744206300,0.12000
1744207200,0.12000
1744208100,0.12000
1744209000,0.12000
1744209900,0.12000
1744210800,0.12000
1744211700,0.12000
1744212600,0.12000
1744213500,0.12000
1744214400,0.12000
1744215300,0.12000
1744216200,0.12000
1744217100,0.12000
1744218000,0.12000
1744218900,0.12000
1744219800,0.12000
1744220700,0.12000
1744221600,0.12000
1744222500,0.12000
1744223400,0.12000
1744224300,0.12000
1744225200,0.12000
1744226100,0.12000
1744227000,0.12000
1744227900,0.12000
1744228800,0.12000
1744229700,0.12000
1744230600,0.12000
1744231500,0.12000
1744236000,0.12000
1744236900,0.12000
1744237800,0.12000
1744238700,0.12000
1744239600,0.12000
1744240500,0.12000
1744241400,0.12000
1744242300,0.12000
1744243200,0.12000
1744244100,0.12000
1744245000,0.12000
1744245900,0.12000
1744246800,0.12000
1744247700,0.12000
1744248600,0.12000
1744249500,0.12000
1744250400,0.12000
1744251300,0.12000
1744252200,0.12000
1744253100,0.12000
1744254000,0.12000
1744254900,0.12000
1744255800,0.12000
1744256700,0.12000
1744257600,0.12000
1744258500,0.12000
1744259400,0.12000
1744260300,0.12000
1744261200,0.12000
1744262100,0.12000
1744263000,0.12000
1744263900,0.12000
1744264800,0.12000
1744265700,0.12000
1744266600,0.12000
1744267500,0.12000
1744268400,0.12000
1744269300,0.12000
1744270200,0.12000
1744271100,0.12000
1744272000,0.12000
1744272900,0.12000
1744273800,0.12000
1744274700,0.12000
1744275600,0.12000
1744276500,0.12000
1744277400,0.12000
1744278300,0.12000
1744279200,0.12000
1744280100,0.12000
1744281000,0.12000
1744281900,0.12000
1744282800,0.12000
1744283700,0.12000
1744284600,0.12000
1744285500,0.12000
1744286400,0.12000
1744287300,0.12000
1744288200,0.12000
1744289100,0.12000
1744290000,0.12000
1744290900,0.12000
1744291800,0.12000
1744292700,0.12000
1744293600,0.12000
1744294500,0.12000
1744295400,0.12000
1744296300,0.12000
1744297200,0.12000
1744298100,0.12000
1744299000,0.12000
1744299900,0.12000
1744300800,0.12000
1744301700,0.12000
1744302600,0.12000
1744303500,0.12000
1744304400,0.12000
1744305300,0.12000
1744306200,0.12000
1744307100,0.12000
1744308000,0.12000
1744308900,0.12000
1744309800,0.12000
1744310700,0.12000
1744311600,0.12000
1744312500,0.12000
1744313400,0.12000
1744314300,0.12000
1744315200,0.12000
1744316100,0.12000
1744317000,0.12000
1744317900,0.12000
1744322400,0.12000
1744323300,0.12000
1744324200,0.12000
1744325100,0.12000
1744326000,0.12000
1744326900,0.12000
1744327800,0.12000
1744328700,0.12000
1744329600,0.12000
1744330500,0.12000
1744331400,0.12000
1744332300,0.12000
1744333200,0.12000
1744334100,0.12000
1744335000,0.12000
1744335900,0.12000
1744336800,0.12000
1744337700,0.12000
1744338600,0.12000
1744339500,0.12000
1744340400,0.12000
1744341300,0.12000
1744342200,0.12000
1744343100,0.12000
1744344000,0.12000
1744344900,0.12000
1744345800,0.12000
1744346700,0.12000
1744347600,0.12000
1744348500,0.12000
1744349400,0.12000
1744350300,0.12000
1744351200,0.12000
1744352100,0.12000
1744353000,0.12000
1744353900,0.12000
1744354800,0.12000
1744355700,0.12000
1744356600,0.12000
1744357500,0.12000
1744358400,0.12000
1744359300,0.12000
1744360200,0.12000
1744361100,0.12000
1744362000,0.12000
1744362900,0.12000
1744363800,0.12000
1744364700,0.12000
1744365600,0.12000
1744366500,0.12000
1744367400,0.12000
1744368300,0.12000
1744369200,0.12000
1744370100,0.12000
1744371000,0.12000
1744371900,0.12000
1744372800,0.12000
1744373700,0.12000
1744374600,0.12000
1744375500,0.12000
1744376400,0.12000
1744377300,0.12000
1744378200,0.12000
1744379100,0.12000
1744380000,0.12000
1744380900,0.12000
1744381800,0.12000
1744382700,0.12000
1744383600,0.12000
1744384500,0.12000
1744385400,0.12000
1744386300,0.12000
1744387200,0.12000
1744388100,0.12000
1744389000,0.12000
1744389900,0.12000
1744390800,0.12000
1744391700,0.12000
1744392600,0.12000
1744393500,0.12000
1744394400,0.12000
1744395300,0.12000
1744396200,0.12000
1744397100,0.12000
1744398000,0.12000
1744398900,0.12000
1744399800,0.12000
1744400700,0.12000
1744401600,0.12000
1744402500,0.12000
1744403400,0.12000
1744581600,0.12000
1744582500,0.12000
1744583400,0.12000
1744584300,0.12000
1744585200,0.12000
1744586100,0.12000
1744587000,0.12000
1744587900,0.12000
1744588800,0.12000
1744589700,0.12000
1744590600,0.12000
1744591500,0.12000
1744592400,0.12000
1744593300,0.12000
1744594200,0.12000
1744595100,0.12000
1744596000,0.12000
1744596900,0.12000
1744597800,0.12000
1744598700,0.12000
1744599600,0.12000
1744600500,0.12000
1744601400,0.12000
1744602300,0.12000
1744603200,0.12000
1744604100,0.12000
1744605000,0.12000
1744605900,0.12000
1744606800,0.12000
1744607700,0.12000
1744608600,0.12000
1744609500,0.12000
1744610400,0.12000
1744611300,0.12000
1744612200,0.12000
1744613100,0.12000
1744614000,0.12000
1744614900,0.12000
1744615800,0.12000
1744616700,0.12000
1744617600,0.12000
1744618500,0.12000
1744619400,0.12000
1744620300,0.12000
1744621200,0.12000
1744622100,0.12000
1744623000,0.12000
1744623900,0.12000
1744624800,0.12000
1744625700,0.12000
1744626600,0.12000
1744627500,0.12000
1744628400,0.12000
1744629300,0.12000
1744630200,0.12000
1744631100,0.12000
1744632000,0.12000
1744632900,0.12000
1744633800,0.12000
1744634700,0.12000
1744635600,0.12000
1744636500,0.12000
1744637400,0.12000
1744638300,0.12000
1744639200,0.12000
1744640100,0.12000
1744641000,0.12000
1744641900,0.12000
1744642800,0.12000
1744643700,0.12000
1744644600,0.12000
1744645500,0.12000
1744646400,0.12000
1744647300,0.12000
1744648200,0.12000
1744649100,0.12000
1744650000,0.12000
1744650900,0.12000
1744651800,0.12000
1744652700,0.12000
1744653600,0.12000
1744654500,0.12000
1744655400,0.12000
1744656300,0.12000
1744657200,0.12000
1744658100,0.12000
1744659000,0.12000
1744659900,0.12000
1744660800,0.12000
1744661700,0.12000
1744662600,0.12000
1744663500,0.19000
1744668000,0.12000
1744668900,0.15000
1744669800,0.12000
1744670700,0.16000
1744671600,0.12000
1744672500,0.12000
1744673400,0.12000
1744674300,0.12000
1744675200,0.12000
1744676100,0.12000
1744677000,0.12000
1744677900,0.12000
1744678800,0.12000
1744679700,0.12000
1744680600,0.12000
1744681500,0.12000
1744682400,0.12000
1744683300,0.12000
1744684200,0.12000
1744685100,0.12000
1744686000,0.12000
1744686900,0.12000
1744687800,0.12000
1744688700,0.12000
1744689600,0.12000
1744690500,0.12000
1744691400,0.12000
1744692300,0.12000
1744693200,0.12000
1744694100,0.12000
1744695000,0.12000
1744695900,0.12000
1744696800,0.12000
1744697700,0.12000
1744698600,0.12000
1744699500,0.12000
1744700400,0.12000
1744701300,0.12000
1744702200,0.12000
1744703100,0.12000
1744704000,0.12000
1744704900,0.12000
1744705800,0.12000
1744706700,0.12000
1744707600,0.12000
1744708500,0.12000
1744709400,0.12000
1744710300,0.12000
1744711200,0.12000
1744712100,0.12000
1744713000,0.12000
1744713900,0.12000
1744714800,0.12000
1744715700,0.12000
1744716600,0.12000
1744717500,0.12000
1744718400,0.12000
1744719300,0.12000
1744720200,0.12000
1744721100,0.12000
1744722000,0.12000
1744722900,0.12000
1744723800,0.12000
1744724700,0.12000
1744725600,0.12000
1744726500,0.12000
1744727400,0.12000
1744728300,0.12000
1744729200,0.12000
1744730100,0.12000
1744731000,0.12000
1744731900,0.12000
1744732800,0.12000
1744733700,0.12000
1744734600,0.12000
1744735500,0.12000
1744736400,0.12000
1744737300,0.12000
1744738200,0.12000
1744739100,0.12000
1744740000,0.12000
1744740900,0.12000
1744741800,0.12000
1744742700,0.12000
1744743600,0.12000
1744744500,0.12000
1744745400,0.12000
1744746300,0.12000
1744747200,0.12000
1744748100,0.12000
1744749000,0.12000
1744749900,0.12000
1744754400,0.12000
1744755300,0.12000
1744756200,0.12000
1744757100,0.12000
1744758000,0.12000
1744758900,0.12000
1744759800,0.12000
1744760700,0.12000
1744761600,0.12000
1744762500,0.12000
1744763400,0.12000
1744764300,0.12000
1744765200,0.12000
1744766100,0.12000
1744767000,0.12000
1744767900,0.12000
1744768800,0.12000
1744769700,0.12000
1744770600,0.12000
1744771500,0.12000
1744772400,0.12000
1744773300,0.12000
1744774200,0.12000
1744775100,0.12000
1744776000,0.12000
1744776900,0.12000
1744777800,0.12000
1744778700,0.12000
1744779600,0.12000
1744780500,0.12000
1744781400,0.12000
1744782300,0.12000
1744783200,0.12000
1744784100,0.12000
1744785000,0.12000
1744785900,0.12000
1744786800,0.12000
1744787700,0.12000
1744788600,0.12000
1744789500,0.12000
1744790400,0.12000
1744791300,0.12000
1744792200,0.12000
1744793100,0.12000
1744794000,0.12000
1744794900,0.12000
1744795800,0.12000
1744796700,0.12000
1744797600,0.12000
1744798500,0.12000
1744799400,0.12000
1744800300,0.12000
1744801200,0.12000
1744802100,0.12000
1744803000,0.12000
1744803900,0.12000
1744804800,0.12000
1744805700,0.12000
1744806600,0.12000
1744807500,0.12000
1744808400,0.12000
1744809300,0.12000
1744810200,0.12000
1744811100,0.12000
1744812000,0.12000
1744812900,0.12000
1744813800,0.12000
1744814700,0.12000
1744815600,0.12000
1744816500,0.12000
1744817400,0.12000
1744818300,0.12000
1744819200,0.12000
1744820100,0.12000
1744821000,0.12000
1744821900,0.12000
1744822800,0.12000
1744823700,0.12000
1744824600,0.12000
1744825500,0.12000
1744826400,0.12000
1744827300,0.12000
1744828200,0.12000
1744829100,0.12000
1744830000,0.12000
1744830900,0.12000
1744831800,0.12000
1744832700,0.12000
1744833600,0.12000
1744834500,0.12000
1744835400,0.12000
1744836300,0.12000
1744840800,0.12000
1744841700,0.12000
1744842600,0.12000
1744843500,0.12000
1744844400,0.12000
1744845300,0.12000
1744846200,0.12000
1744847100,0.12000
1744848000,0.12000
1744848900,0.12000
1744849800,0.12000
1744850700,0.12000
1744851600,0.12000
1744852500,0.12000
1744853400,0.12000
1744854300,0.12000
1744855200,0.12000
1744856100,0.12000
1744857000,0.12000
1744857900,0.12000
1744858800,0.12000
1744859700,0.12000
1744860600,0.12000
1744861500,0.12000
1744862400,0.12000
1744863300,0.12000
1744864200,0.12000
1744865100,0.12000
1744866000,0.12000
1744866900,0.12000
1744867800,0.12000
1744868700,0.12000
1744869600,0.12000
1744870500,0.12000
1744871400,0.12000
1744872300,0.12000
1744873200,0.12000
1744874100,0.12000
1744875000,0.12000
1744875900,0.12000
1744876800,0.12000
1744877700,0.12000
1744878600,0.12000
1744879500,0.12000
1744880400,0.12000
1744881300,0.12000
1744882200,0.12000
1744883100,0.12000
1744884000,0.12000
1744884900,0.12000
1744885800,0.12000
1744886700,0.12000
1744887600,0.12000
1744888500,0.12000
1744889400,0.12000
1744890300,0.12000
1744891200,0.12000
1744892100,0.12000
1744893000,0.12000
1744893900,0.12000
1744894800,0.12000
1744895700,0.12000
1744896600,0.12000
1744897500,0.12000
1744898400,0.12000
1744899300,0.12000
1744900200,0.12000
1744901100,0.12000
1744902000,0.12000
1744902900,0.12000
1744903800,0.12000
1744904700,0.12000
1744905600,0.12000
1744906500,0.12000
1744907400,0.12000
1744908300,0.12000
1744909200,0.12000
1744910100,0.12000
1744911000,0.12000
1744911900,0.12000
1744912800,0.12000
1744913700,0.12000
1744914600,0.12000
1744915500,0.12000
1744916400,0.12000
1744917300,0.12000
1744918200,0.12000
1744919100,0.12000
1744920000,0.12000
1744920900,0.12000
1744921800,0.12000
1744922700,0.12000
1745186400,0.12000
1745187300,0.12000
1745188200,0.12000
1745189100,0.12000
1745190000,0.12000
1745190900,0.12000
1745191800,0.12000
1745192700,0.12000
1745193600,0.12000
1745194500,0.12000
1745195400,0.12000
1745196300,0.12000
1745197200,0.12000
1745198100,0.12000
1745199000,0.12000
1745199900,0.12000
1745200800,0.12000
1745201700,0.12000
1745202600,0.12000
1745203500,0.12000
1745204400,0.12000
1745205300,0.12000
1745206200,0.12000
1745207100,0.12000
1745208000,0.12000
1745208900,0.12000
1745209800,0.12000
1745210700,0.12000
1745211600,0.12000
1745212500,0.12000
1745213400,0.12000
1745214300,0.12000
1745215200,0.12000
1745216100,0.12000
1745217000,0.12000
1745217900,0.12000
1745218800,0.12000
1745219700,0.12000
1745220600,0.12000
1745221500,0.12000
1745222400,0.12000
1745223300,0.12000
1745224200,0.12000
1745225100,0.12000
1745226000,0.12000
1745226900,0.12000
1745227800,0.12000
1745228700,0.12000
1745229600,0.12000
1745230500,0.12000
1745231400,0.12000
1745232300,0.12000
1745233200,0.12000
1745234100,0.12000
1745235000,0.12000
1745235900,0.12000
1745236800,0.12000
1745237700,0.12000
1745238600,0.12000
1745239500,0.12000
1745240400,0.12000
1745241300,0.12000
1745242200,0.12000
1745243100,0.12000
1745244000,0.12000
1745244900,0.12000
1745245800,0.12000
1745246700,0.12000
1745247600,0.12000
1745248500,0.12000
1745249400,0.12000
1745250300,0.12000
1745251200,0.12000
1745252100,0.12000
1745253000,0.12000
1745253900,0.12000
1745254800,0.12000
1745255700,0.12000
1745256600,0.12000
1745257500,0.12000
1745258400,0.12000
1745259300,0.12000
1745260200,0.12000
1745261100,0.12000
1745262000,0.12000
1745262900,0.12000
1745263800,0.12000
1745264700,0.12000
1745265600,0.12000
1745266500,0.12000
1745267400,0.12000
1745268300,0.12000
1745272800,0.12000
1745273700,0.12000
1745274600,0.12000
1745275500,0.12000
1745276400,0.12000
1745277300,0.12000
1745278200,0.12000
1745279100,0.12000
1745280000,0.12000
1745280900,0.12000
1745281800,0.12000
1745282700,0.12000
1745283600,0.12000
1745284500,0.12000
1745285400,0.12000
1745286300,0.12000
1745287200,0.12000
1745288100,0.12000
1745289000,0.12000
1745289900,0.12000
1745290800,0.12000
1745291700,0.12000
1745292600,0.12000
1745293500,0.12000
1745294400,0.12000
1745295300,0.12000
1745296200,0.12000
1745297100,0.12000
1745298000,0.12000
1745298900,0.12000
1745299800,0.12000
1745300700,0.12000
1745301600,0.12000
1745302500,0.12000
1745303400,0.12000
1745304300,0.12000
1745305200,0.12000
1745306100,0.12000
1745307000,0.12000
1745307900,0.12000
1745308800,0.12000
1745309700,0.12000
1745310600,0.12000
1745311500,0.12000
1745312400,0.12000
1745313300,0.12000
1745314200,0.12000
1745315100,0.12000
1745316000,0.12000
1745316900,0.12000
1745317800,0.12000
1745318700,0.12000
1745319600,0.12000
1745320500,0.12000
1745321400,0.12000
1745322300,0.12000
1745323200,0.12000
1745324100,0.12000
1745325000,0.12000
1745325900,0.12000
1745326800,0.12000
1745327700,0.12000
1745328600,0.12000
1745329500,0.12000
1745330400,0.12000
1745331300,0.12000
1745332200,0.12000
1745333100,0.12000
1745334000,0.12000
1745334900,0.12000
1745335800,0.12000
1745336700,0.12000
1745337600,0.12000
1745338500,0.12000
1745339400,0.12000
1745340300,0.12000
1745341200,0.12000
1745342100,0.12000
1745343000,0.12000
1745343900,0.12000
1745344800,0.12000
1745345700,0.12000
1745346600,0.12000
1745347500,0.12000
1745348400,0.12000
1745349300,0.12000
1745350200,0.12000
1745351100,0.12000
1745352000,0.12000
1745352900,0.12000
1745353800,0.12000
1745354700,0.12000
1745359200,0.12000
1745360100,0.12000
1745361000,0.12000
1745361900,0.12000
1745362800,0.12000
1745363700,0.12000
1745364600,0.12000
1745365500,0.12000
1745366400,0.12000
1745367300,0.12000
1745368200,0.12000
1745369100,0.12000
1745370000,0.12000
1745370900,0.12000
1745371800,0.12000
1745372700,0.12000
1745373600,0.12000
1745374500,0.12000
1745375400,0.12000
1745376300,0.12000
1745377200,0.12000
1745378100,0.12000
1745379000,0.12000
1745379900,0.12000
1745380800,0.12000
1745381700,0.12000
1745382600,0.12000
1745383500,0.12000
1745384400,0.12000
1745385300,0.12000
1745386200,0.12000
1745387100,0.12000
1745388000,0.12000
1745388900,0.12000
1745389800,0.12000
1745390700,0.12000
1745391600,0.12000
1745392500,0.12000
1745393400,0.12000
1745394300,0.12000
1745395200,0.12000
1745396100,0.12000
1745397000,0.12000
1745397900,0.12000
1745398800,0.12000
1745399700,0.12000
1745400600,0.12000
1745401500,0.12000
1745402400,0.12000
1745403300,0.12000
1745404200,0.12000
1745405100,0.12000
1745406000,0.12000
1745406900,0.12000
1745407800,0.12000
1745408700,0.12000
1745409600,0.12000
1745410500,0.12000
1745411400,0.12000
1745412300,0.12000
1745413200,0.12000
1745414100,0.12000
1745415000,0.12000
1745415900,0.12000
1745416800,0.12000
1745417700,0.12000
1745418600,0.12000
1745419500,0.12000
1745420400,0.12000
1745421300,0.12000
1745422200,0.12000
1745423100,0.12000
1745424000,0.12000
1745424900,0.12000
1745425800,0.12000
1745426700,0.12000
1745427600,0.12000
1745428500,0.12000
1745429400,0.12000
1745430300,0.12000
1745431200,0.12000
1745432100,0.12000
1745433000,0.12000
1745433900,0.12000
1745434800,0.12000
1745435700,0.12000
1745436600,0.12000
1745437500,0.12000
1745438400,0.12000
1745439300,0.12000
1745440200,0.12000
1745441100,0.12000
1745445600,0.12000
1745446500,0.12000
1745447400,0.12000
1745448300,0.12000
1745449200,0.12000
1745450100,0.12000
1745451000,0.12000
1745451900,0.12000
1745452800,0.12000
1745453700,0.12000
1745454600,0.12000
1745455500,0.12000
1745456400,0.12000
1745457300,0.12000
1745458200,0.12000
1745459100,0.12000
1745460000,0.12000
1745460900,0.12000
1745461800,0.12000
1745462700,0.12000
1745463600,0.12000
1745464500,0.12000
1745465400,0.12000
1745466300,0.12000
1745467200,0.12000
1745468100,0.12000
1745469000,0.12000
1745469900,0.12000
1745470800,0.12000
1745471700,0.12000
1745472600,0.12000
1745473500,0.12000
1745474400,0.12000
1745475300,0.12000
1745476200,0.12000
1745477100,0.12000
1745478000,0.12000
1745478900,0.12000
1745479800,0.12000
1745480700,0.12000
1745481600,0.12000
1745482500,0.12000
1745483400,0.12000
1745484300,0.12000
1745485200,0.12000
1745486100,0.12000
1745487000,0.12000
1745487900,0.12000
1745488800,0.12000
1745489700,0.12000
1745490600,0.12000
1745491500,0.12000
1745492400,0.12000
1745493300,0.12000
1745494200,0.12000
1745495100,0.12000
1745496000,0.12000
1745496900,0.12000
1745497800,0.12000
1745498700,0.12000
1745499600,0.12000
1745500500,0.12000
1745501400,0.12000
1745502300,0.12000
1745503200,0.12000
1745504100,0.12000
1745505000,0.12000
1745505900,0.12000
1745506800,0.12000
1745507700,0.12000
1745508600,0.12000
1745509500,0.12000
1745510400,0.12000
1745511300,0.12000
1745512200,0.12000
1745513100,0.12000
1745514000,0.12000
1745514900,0.12000
1745515800,0.12000
1745516700,0.12000
1745517600,0.12000
1745518500,0.12000
1745519400,0.12000
1745520300,0.12000
1745521200,0.12000
1745522100,0.12000
1745523000,0.12000
1745523900,0.12000
1745524800,0.12000
1745525700,0.12000
1745526600,0.12000
1745527500,0.12000
1745532000,0.12000
1745532900,0.12000
1745533800,0.12000
1745534700,0.12000
1745535600,0.12000
1745536500,0.12000
1745537400,0.12000
1745538300,0.12000
1745539200,0.12000
1745540100,0.12000
1745541000,0.12000
1745541900,0.12000
1745542800,0.12000
1745543700,0.12000
1745544600,0.12000
1745545500,0.12000
1745546400,0.12000
1745547300,0.12000
1745548200,0.12000
1745549100,0.12000
1745550000,0.12000
1745550900,0.12000
1745551800,0.12000
1745552700,0.12000
1745553600,0.12000
1745554500,0.12000
1745555400,0.12000
1745556300,0.12000
1745557200,0.12000
1745558100,0.12000
1745559000,0.12000
1745559900,0.12000
1745560800,0.12000
1745561700,0.12000
1745562600,0.12000
1745563500,0.12000
1745564400,0.12000
1745565300,0.12000
1745566200,0.12000
1745567100,0.12000
1745568000,0.12000
1745568900,0.12000
1745569800,0.12000
1745570700,0.12000
1745571600,0.12000
1745572500,0.12000
1745573400,0.12000
1745574300,0.12000
1745575200,0.12000
1745576100,0.12000
1745577000,0.12000
1745577900,0.12000
1745578800,0.12000
1745579700,0.12000
1745580600,0.12000
1745581500,0.12000
1745582400,0.12000
1745583300,0.12000
1745584200,0.12000
1745585100,0.12000
1745586000,0.12000
1745586900,0.12000
1745587800,0.12000
1745588700,0.12000
1745589600,0.12000
1745590500,0.12000
1745591400,0.12000
1745592300,0.12000
1745593200,0.12000
1745594100,0.12000
1745595000,0.12000
1745595900,0.12000
1745596800,0.12000
1745597700,0.12000
1745598600,0.12000
1745599500,0.12000
1745600400,0.12000
1745601300,0.12000
1745602200,0.12000
1745603100,0.12000
1745604000,0.12000
1745604900,0.12000
1745605800,0.12000
1745606700,0.12000
1745607600,0.12000
1745608500,0.12000
1745609400,0.12000
1745610300,0.12000
1745611200,0.12000
1745612100,0.12000
1745613000,0.12000
1745791200,0.12000
1745792100,0.12000
1745793000,0.12000
1745793900,0.12000
1745794800,0.12000
1745795700,0.12000
1745796600,0.12000
1745797500,0.12000
1745798400,0.12000
1745799300,0.12000
1745800200,0.12000
1745801100,0.12000
1745802000,0.12000
1745802900,0.12000
1745803800,0.12000
1745804700,0.12000
1745805600,0.12000
1745806500,0.12000
1745807400,0.12000
1745808300,0.12000
1745809200,0.12000
1745810100,0.12000
1745811000,0.12000
1745811900,0.12000
1745812800,0.12000
1745813700,0.12000
1745814600,0.12000
1745815500,0.12000
1745816400,0.12000
1745817300,0.12000
1745818200,0.12000
1745819100,0.12000
1745820000,0.12000
1745820900,0.12000
1745821800,0.12000
1745822700,0.12000
1745823600,0.12000
1745824500,0.12000
1745825400,0.12000
1745826300,0.12000
1745827200,0.12000
1745828100,0.12000
1745829000,0.12000
1745829900,0.12000
1745830800,0.12000
1745831700,0.12000
1745832600,0.12000
1745833500,0.12000
1745834400,0.12000
1745835300,0.12000
1745836200,0.12000
1745837100,0.12000
1745838000,0.12000
1745838900,0.12000
1745839800,0.12000
1745840700,0.12000
1745841600,0.12000
1745842500,0.12000
1745843400,0.12000
1745844300,0.12000
1745845200,0.12000
1745846100,0.12000
1745847000,0.12000
1745847900,0.12000
1745848800,0.12000
1745849700,0.12000
1745850600,0.12000
1745851500,0.12000
1745852400,0.12000
1745853300,0.12000
1745854200,0.12000
1745855100,0.12000
1745856000,0.12000
1745856900,0.12000
1745857800,0.12000
1745858700,0.12000
1745859600,0.12000
1745860500,0.12000
1745861400,0.12000
1745862300,0.12000
1745863200,0.12000
1745864100,0.12000
1745865000,0.12000
1745865900,0.12000
1745866800,0.12000
1745867700,0.12000
1745868600,0.12000
1745869500,0.12000
1745870400,0.12000
1745871300,0.12000
1745872200,0.12000
1745873100,0.12000
1745877600,0.12000
1745878500,0.12000
1745879400,0.12000
1745880300,0.12000
1745881200,0.12000
1745882100,0.12000
1745883000,0.12000
1745883900,0.12000
1745884800,0.12000
1745885700,0.12000
1745886600,0.12000
1745887500,0.12000
1745888400,0.12000
1745889300,0.12000
1745890200,0.12000
1745891100,0.12000
1745892000,0.12000
1745892900,0.12000
1745893800,0.12000
1745894700,0.12000
1745895600,0.12000
1745896500,0.12000
1745897400,0.12000
1745898300,0.12000
1745899200,0.12000
1745900100,0.12000
1745901000,0.12000
1745901900,0.12000
1745902800,0.12000
1745903700,0.12000
1745904600,0.12000
1745905500,0.12000
1745906400,0.12000
1745907300,0.12000
1745908200,0.12000
1745909100,0.12000
1745910000,0.12000
1745910900,0.12000
1745911800,0.12000
1745912700,0.12000
1745913600,0.12000
1745914500,0.12000
1745915400,0.12000
1745916300,0.12000
1745917200,0.12000
1745918100,0.12000
1745919000,0.12000
1745919900,0.12000
1745920800,0.12000
1745921700,0.12000
1745922600,0.12000
1745923500,0.12000
1745924400,0.12000
1745925300,0.12000
1745926200,0.12000
1745927100,0.12000
1745928000,0.12000
1745928900,0.12000
1745929800,0.12000
1745930700,0.12000
1745931600,0.12000
1745932500,0.12000
1745933400,0.12000
1745934300,0.12000
1745935200,0.12000
1745936100,0.12000
1745937000,0.12000
1745937900,0.12000
1745938800,0.12000
1745939700,0.12000
1745940600,0.12000
1745941500,0.12000
1745942400,0.12000
1745943300,0.12000
1745944200,0.12000
1745945100,0.12000
1745946000,0.12000
1745946900,0.12000
1745947800,0.12000
1745948700,0.12000
1745949600,0.12000
1745950500,0.12000
1745951400,0.12000
1745952300,0.12000
1745953200,0.12000
1745954100,0.12000
1745955000,0.12000
1745955900,0.12000
1745956800,0.12000
1745957700,0.12000
1745958600,0.12000
1745959500,0.14000
1745964000,0.12000
1745964900,0.12000
1745965800,0.12000
1745966700,0.12000
1745967600,0.12000
1745968500,0.12000
1745969400,0.12000
1745970300,0.12000
1745971200,0.12000
1745972100,0.12000
1745973000,0.12000
1745973900,0.12000
1745974800,0.12000
1745975700,0.12000
1745976600,0.12000
1745977500,0.12000
1745978400,0.12000
1745979300,0.12000
1745980200,0.12000
1745981100,0.12000
1745982000,0.12000
1745982900,0.12000
1745983800,0.12000
1745984700,0.12000
1745985600,0.12000
1745986500,0.12000
1745987400,0.12000
1745988300,0.12000
1745989200,0.12000
1745990100,0.12000
1745991000,0.12000
1745991900,0.12000
1745992800,0.12000
1745993700,0.12000
1745994600,0.12000
1745995500,0.12000
1745996400,0.12000
1745997300,0.12000
1745998200,0.12000
1745999100,0.12000
1746000000,0.12000
1746000900,0.12000
1746001800,0.12000
1746002700,0.12000
1746003600,0.12000
1746004500,0.12000
1746005400,0.12000
1746006300,0.12000
1746007200,0.12000
1746008100,0.12000
1746009000,0.12000
1746009900,0.12000
1746010800,0.12000
1746011700,0.12000
1746012600,0.12000
1746013500,0.12000
1746014400,0.12000
1746015300,0.12000
1746016200,0.12000
1746017100,0.12000
1746018000,0.12000
1746018900,0.12000
1746019800,0.12000
1746020700,0.12000
1746021600,0.12000
1746022500,0.12000
1746023400,0.12000
1746024300,0.12000
1746025200,0.12000
1746026100,0.12000
1746027000,0.12000
1746027900,0.12000
1746028800,0.12000
1746029700,0.12000
1746030600,0.12000
1746031500,0.12000
1746032400,0.12000
1746033300,0.12000
1746034200,0.12000
1746035100,0.12000
1746036000,0.12000
1746036900,0.12000
1746037800,0.12000
1746038700,0.12000
1746039600,0.12000
1746040500,0.12000
1746041400,0.12000
1746042300,0.12000
1746043200,0.12000
1746044100,0.12000
1746045000,0.12000
1746045900,0.12000
1746050400,0.12000
1746051300,0.12000
1746052200,0.12000
1746053100,0.12000
1746054000,0.12000
1746054900,0.12000
1746055800,0.12000
1746056700,0.12000
1746057600,0.12000
1746058500,0.12000
1746059400,0.12000
1746060300,0.12000
1746061200,0.12000
1746062100,0.12000
1746063000,0.12000
1746063900,0.12000
1746064800,0.12000
1746065700,0.12000
1746066600,0.12000
1746067500,0.12000
1746068400,0.12000
1746069300,0.12000
1746070200,0.12000
1746071100,0.12000
1746072000,0.12000
1746072900,0.12000
1746073800,0.12000
1746074700,0.12000
1746075600,0.12000
1746076500,0.12000
1746077400,0.12000
1746078300,0.12000
1746079200,0.12000
1746080100,0.12000
1746081000,0.12000
1746081900,0.12000
1746082800,0.12000
1746083700,0.12000
1746084600,0.12000
1746085500,0.12000
1746086400,0.12000
1746087300,0.12000
1746088200,0.12000
1746089100,0.12000
1746090000,0.12000
1746090900,0.12000
1746091800,0.12000
1746092700,0.12000
1746093600,0.12000
1746094500,0.12000
1746095400,0.12000
1746096300,0.12000
1746097200,0.12000
1746098100,0.12000
1746099000,0.12000
1746099900,0.12000
1746100800,0.12000
1746101700,0.12000
1746102600,0.12000
1746103500,0.12000
1746104400,0.12000
1746105300,0.12000
1746106200,0.12000
1746107100,0.12000
1746108000,0.12000
1746108900,0.12000
1746109800,0.12000
1746110700,0.12000
1746111600,0.12000
1746112500,0.12000
1746113400,0.12000
1746114300,0.12000
1746115200,0.12000
1746116100,0.12000
1746117000,0.12000
1746117900,0.12000
1746118800,0.12000
1746119700,0.12000
1746120600,0.12000
1746121500,0.12000
1746122400,0.12000
1746123300,0.12000
1746124200,0.12000
1746125100,0.12000
1746126000,0.12000
1746126900,0.12000
1746127800,0.12000
1746128700,0.12000
1746129600,0.12000
1746130500,0.12000
1746131400,0.12000
1746132300,0.12000
1746136800,0.12000
1746137700,0.12000
1746138600,0.12000
1746139500,0.12000
1746140400,0.12000
1746141300,0.12000
1746142200,0.12000
1746143100,0.12000
1746144000,0.12000
1746144900,0.12000
1746145800,0.12000
1746146700,0.12000
1746147600,0.12000
1746148500,0.12000
1746149400,0.12000
1746150300,0.12000
1746151200,0.12000
1746152100,0.12000
1746153000,0.12000
1746153900,0.12000
1746154800,0.12000
1746155700,0.12000
1746156600,0.12000
1746157500,0.12000
1746158400,0.12000
1746159300,0.12000
1746160200,0.12000
1746161100,0.12000
1746162000,0.12000
1746162900,0.12000
1746163800,0.12000
1746164700,0.12000
1746165600,0.12000
1746166500,0.12000
1746167400,0.12000
1746168300,0.12000
1746169200,0.12000
1746170100,0.12000
1746171000,0.12000
1746171900,0.12000
1746172800,0.12000
1746173700,0.12000
1746174600,0.12000
1746175500,0.12000
1746176400,0.12000
1746177300,0.12000
1746178200,0.12000
1746179100,0.12000
1746180000,0.12000
1746180900,0.12000
1746181800,0.12000
1746182700,0.12000
1746183600,0.12000
1746184500,0.12000
1746185400,0.12000
1746186300,0.12000
1746187200,0.12000
1746188100,0.12000
1746189000,0.12000
1746189900,0.12000
1746190800,0.12000
1746191700,0.12000
1746192600,0.12000
1746193500,0.12000
1746194400,0.12000
1746195300,0.12000
1746196200,0.12000
1746197100,0.12000
1746198000,0.12000
1746198900,0.12000
1746199800,0.12000
1746200700,0.12000
1746201600,0.12000
1746202500,0.12000
1746203400,0.12000
1746204300,0.12000
1746205200,0.12000
1746206100,0.12000
1746207000,0.12000
1746207900,0.12000
1746208800,0.12000
1746209700,0.12000
1746210600,0.12000
1746211500,0.12000
1746212400,0.12000
1746213300,0.12000
1746214200,0.12000
1746215100,0.12000
1746216000,0.12000
1746216900,0.12000
1746217800,0.12000
1746396000,0.12000
1746396900,0.12000
1746397800,0.12000
1746398700,0.12000
1746399600,0.12000
1746400500,0.12000
1746401400,0.12000
1746402300,0.12000
1746403200,0.12000
1746404100,0.12000
1746405000,0.12000
1746405900,0.12000
1746406800,0.12000
1746407700,0.12000
1746408600,0.12000
1746409500,0.12000
1746410400,0.12000
1746411300,0.12000
1746412200,0.12000
1746413100,0.12000
1746414000,0.12000
1746414900,0.12000
1746415800,0.12000
1746416700,0.12000
1746417600,0.12000
1746418500,0.12000
1746419400,0.12000
1746420300,0.12000
1746421200,0.12000
1746422100,0.12000
1746423000,0.12000
1746423900,0.12000
1746424800,0.12000
1746425700,0.12000
1746426600,0.12000
1746427500,0.12000
1746428400,0.12000
1746429300,0.12000
1746430200,0.12000
1746431100,0.12000
1746432000,0.12000
1746432900,0.12000
1746433800,0.12000
1746434700,0.12000
1746435600,0.12000
1746436500,0.12000
1746437400,0.12000
1746438300,0.12000
1746439200,0.12000
1746440100,0.12000
1746441000,0.12000
1746441900,0.12000
1746442800,0.12000
1746443700,0.12000
1746444600,0.12000
1746445500,0.12000
1746446400,0.12000
1746447300,0.12000
1746448200,0.12000
1746449100,0.12000
1746450000,0.12000
1746450900,0.12000
1746451800,0.12000
1746452700,0.12000
1746453600,0.12000
1746454500,0.12000
1746455400,0.12000
1746456300,0.12000
1746457200,0.12000
1746458100,0.12000
1746459000,0.12000
1746459900,0.12000
1746460800,0.12000
1746461700,0.12000
1746462600,0.12000
1746463500,0.12000
1746464400,0.12000
1746465300,0.12000
1746466200,0.12000
1746467100,0.12000
1746468000,0.12000
1746468900,0.12000
1746469800,0.12000
1746470700,0.12000
1746471600,0.12000
1746472500,0.12000
1746473400,0.12000
1746474300,0.12000
1746475200,0.12000
1746476100,0.12000
1746477000,0.12000
1746477900,0.15000
1746482400,0.12000
1746483300,0.12000
1746484200,0.12000
1746485100,0.12000
1746486000,0.12000
1746486900,0.12000
1746487800,0.12000
1746488700,0.12000
1746489600,0.12000
1746490500,0.12000
1746491400,0.12000
1746492300,0.12000
1746493200,0.12000
1746494100,0.12000
1746495000,0.12000
1746495900,0.12000
1746496800,0.12000
1746497700,0.12000
1746498600,0.12000
1746499500,0.12000
1746500400,0.12000
1746501300,0.12000
1746502200,0.12000
1746503100,0.12000
1746504000,0.12000
1746504900,0.12000
1746505800,0.12000
1746506700,0.12000
1746507600,0.12000
1746508500,0.12000
1746509400,0.12000
1746510300,0.12000
1746511200,0.12000
1746512100,0.12000
1746513000,0.12000
1746513900,0.12000
1746514800,0.12000
1746515700,0.12000
1746516600,0.12000
1746517500,0.12000
1746518400,0.12000
1746519300,0.12000
1746520200,0.12000
1746521100,0.12000
1746522000,0.12000
1746522900,0.12000
1746523800,0.12000
1746524700,0.12000
1746525600,0.12000
1746526500,0.12000
1746527400,0.12000
1746528300,0.12000
1746529200,0.12000
1746530100,0.12000
1746531000,0.12000
1746531900,0.12000
1746532800,0.12000
1746533700,0.12000
1746534600,0.12000
1746535500,0.12000
1746536400,0.12000
1746537300,0.12000
1746538200,0.12000
1746539100,0.12000
1746540000,0.12000
1746540900,0.12000
1746541800,0.12000
1746542700,0.12000
1746543600,0.12000
1746544500,0.12000
1746545400,0.12000
1746546300,0.12000
1746547200,0.12000
1746548100,0.12000
1746549000,0.12000
1746549900,0.12000
1746550800,0.12000
1746551700,0.12000
1746552600,0.12000
1746553500,0.12000
1746554400,0.12000
1746555300,0.14000
1746556200,0.12000
1746557100,0.12000
1746558000,0.12000
1746558900,0.12000
1746559800,0.12000
1746560700,0.12000
1746561600,0.12000
1746562500,0.12000
1746563400,0.12000
1746564300,0.12000
1746568800,0.12000
1746569700,0.12000
1746570600,0.12000
1746571500,0.12000
1746572400,0.12000
1746573300,0.12000
1746574200,0.12000
1746575100,0.12000
1746576000,0.12000
1746576900,0.12000
1746577800,0.12000
1746578700,0.12000
1746579600,0.12000
1746580500,0.12000
1746581400,0.12000
1746582300,0.12000
1746583200,0.12000
1746584100,0.12000
1746585000,0.12000
1746585900,0.12000
1746586800,0.12000
1746587700,0.12000
1746588600,0.12000
1746589500,0.12000
1746590400,0.12000
1746591300,0.12000
1746592200,0.12000
1746593100,0.12000
1746594000,0.12000
1746594900,0.12000
1746595800,0.12000
1746596700,0.12000
1746597600,0.12000
1746598500,0.12000
1746599400,0.12000
1746600300,0.12000
1746601200,0.12000
1746602100,0.12000
1746603000,0.12000
1746603900,0.12000
1746604800,0.12000
1746605700,0.12000
1746606600,0.12000
1746607500,0.12000
1746608400,0.12000
1746609300,0.12000
1746610200,0.12000
1746611100,0.12000
1746612000,0.12000
1746612900,0.12000
1746613800,0.12000
1746614700,0.12000
1746615600,0.12000
1746616500,0.12000
1746617400,0.12000
1746618300,0.12000
1746619200,0.12000
1746620100,0.12000
1746621000,0.12000
1746621900,0.12000
1746622800,0.12000
1746623700,0.12000
1746624600,0.12000
1746625500,0.12000
1746626400,0.12000
1746627300,0.12000
1746628200,0.12000
1746629100,0.12000
1746630000,0.12000
1746630900,0.12000
1746631800,0.12000
1746632700,0.12000
1746633600,0.12000
1746634500,0.12000
1746635400,0.12000
1746636300,0.12000
1746637200,0.12000
1746638100,0.12000
1746639000,0.12000
1746639900,0.12000
1746640800,0.12000
1746641700,0.12000
1746642600,0.12000
1746643500,0.12000
1746644400,0.12000
1746645300,0.12000
1746646200,0.12000
1746647100,0.12000
1746648000,0.12000
1746648900,0.12000
1746649800,0.12000
1746650700,0.12000
1746655200,0.12000
1746656100,0.12000
1746657000,0.12000
1746657900,0.12000
1746658800,0.12000
1746659700,0.12000
1746660600,0.12000
1746661500,0.12000
1746662400,0.12000
1746663300,0.12000
1746664200,0.12000
1746665100,0.12000
1746666000,0.12000
1746666900,0.12000
1746667800,0.12000
1746668700,0.12000
1746669600,0.12000
1746670500,0.12000
1746671400,0.12000
1746672300,0.12000
1746673200,0.12000
1746674100,0.12000
1746675000,0.12000
1746675900,0.12000
1746676800,0.12000
1746677700,0.12000
1746678600,0.12000
1746679500,0.12000
1746680400,0.12000
1746681300,0.12000
1746682200,0.12000
1746683100,0.12000
1746684000,0.12000
1746684900,0.12000
1746685800,0.12000
1746686700,0.12000
1746687600,0.12000
1746688500,0.12000
1746689400,0.12000
1746690300,0.12000
1746691200,0.12000
1746692100,0.12000
1746693000,0.12000
1746693900,0.12000
1746694800,0.12000
1746695700,0.12000
1746696600,0.12000
1746697500,0.12000
1746698400,0.12000
1746699300,0.12000
1746700200,0.12000
1746701100,0.12000
1746702000,0.12000
1746702900,0.12000
1746703800,0.12000
1746704700,0.12000
1746705600,0.12000
1746706500,0.12000
1746707400,0.12000
1746708300,0.12000
1746709200,0.12000
1746710100,0.12000
1746711000,0.12000
1746711900,0.12000
1746712800,0.12000
1746713700,0.12000
1746714600,0.12000
1746715500,0.12000
1746716400,0.12000
1746717300,0.12000
1746718200,0.12000
1746719100,0.12000
1746720000,0.12000
1746720900,0.12000
1746721800,0.12000
1746722700,0.12000
1746723600,0.12000
1746724500,0.12000
1746725400,0.12000
1746726300,0.12000
1746727200,0.12000
1746728100,0.12000
1746729000,0.12000
1746729900,0.12000
1746730800,0.12000
1746731700,0.12000
1746732600,0.12000
1746733500,0.12000
1746734400,0.12000
1746735300,0.12000
1746736200,0.12000
1746737100,0.12000
1746741600,0.12000
1746742500,0.12000
1746743400,0.12000
1746744300,0.12000
1746745200,0.12000
1746746100,0.12000
1746747000,0.12000
1746747900,0.12000
1746748800,0.12000
1746749700,0.12000
1746750600,0.12000
1746751500,0.12000
1746752400,0.12000
1746753300,0.12000
1746754200,0.12000
1746755100,0.12000
1746756000,0.12000
1746756900,0.12000
1746757800,0.12000
1746758700,0.12000
1746759600,0.12000
1746760500,0.12000
1746761400,0.12000
1746762300,0.12000
1746763200,0.12000
1746764100,0.12000
1746765000,0.12000
1746765900,0.12000
1746766800,0.12000
1746767700,0.12000
1746768600,0.12000
1746769500,0.12000
1746770400,0.12000
1746771300,0.12000
1746772200,0.12000
1746773100,0.12000
1746774000,0.12000
1746774900,0.12000
1746775800,0.12000
1746776700,0.12000
1746777600,0.12000
1746778500,0.12000
1746779400,0.12000
1746780300,0.12000
1746781200,0.12000
1746782100,0.12000
1746783000,0.12000
1746783900,0.12000
1746784800,0.12000
1746785700,0.12000
1746786600,0.12000
1746787500,0.12000
1746788400,0.12000
1746789300,0.12000
1746790200,0.12000
1746791100,0.12000
1746792000,0.12000
1746792900,0.12000
1746793800,0.17000
1746794700,0.17000
1746795600,0.17000
1746796500,0.17000
1746797400,0.17000
1746798300,0.17000
1746799200,0.17000
1746800100,0.17000
1746801000,0.17000
1746801900,0.17000
1746802800,0.17000
1746803700,0.17000
1746804600,0.17000
1746805500,0.17000
1746806400,0.17000
1746807300,0.17000
1746808200,0.17000
1746809100,0.17000
1746810000,0.17000
1746810900,0.17000
1746811800,0.17000
1746812700,0.17000
1746813600,0.17000
1746814500,0.17000
1746815400,0.17000
1746816300,0.17000
1746817200,0.17000
1746818100,0.17000
1746819000,0.17000
1746819900,0.17000
1746820800,0.17000
1746821700,0.17000
1746822600,0.17000
1747000800,0.17000
1747001700,0.17000
1747002600,0.17000
1747003500,0.17000
1747004400,0.17000
1747005300,0.17000
1747006200,0.17000
1747007100,0.17000
1747008000,0.17000
1747008900,0.17000
1747009800,0.17000
1747010700,0.17000
1747011600,0.17000
1747012500,0.17000
1747013400,0.17000
1747014300,0.17000
1747015200,0.17000
1747016100,0.17000
1747017000,0.17000
1747017900,0.17000
1747018800,0.17000
1747019700,0.17000
1747020600,0.17000
1747021500,0.17000
1747022400,0.17000
1747023300,0.17000
1747024200,0.17000
1747025100,0.17000
1747026000,0.17000
1747026900,0.17000
1747027800,0.17000
1747028700,0.17000
1747029600,0.17000
1747030500,0.17000
1747031400,0.17000
1747032300,0.17000
1747033200,0.17000
1747034100,0.17000
1747035000,0.17000
1747035900,0.17000
1747036800,0.17000
1747037700,0.17000
1747038600,0.17000
1747039500,0.17000
1747040400,0.17000
1747041300,0.17000
1747042200,0.17000
1747043100,0.17000
1747044000,0.17000
1747044900,0.17000
1747045800,0.17000
1747046700,0.17000
1747047600,0.17000
1747048500,0.17000
1747049400,0.17000
1747050300,0.17000
1747051200,0.17000
1747052100,0.17000
1747053000,0.17000
1747053900,0.17000
1747054800,0.17000
1747055700,0.17000
1747056600,0.17000
1747057500,0.17000
1747058400,0.17000
1747059300,0.17000
1747060200,0.17000
1747061100,0.17000
1747062000,0.17000
1747062900,0.17000
1747063800,0.17000
1747064700,0.17000
1747065600,0.17000
1747066500,0.17000
1747067400,0.17000
1747068300,0.17000
1747069200,0.17000
1747070100,0.17000
1747071000,0.17000
1747071900,0.17000
1747072800,0.17000
1747073700,0.17000
1747074600,0.17000
1747075500,0.17000
1747076400,0.17000
1747077300,0.17000
1747078200,0.17000
1747079100,0.17000
1747080000,0.17000
1747080900,0.17000
1747081800,0.17000
1747082700,0.17000
1747087200,0.17000
1747088100,0.17000
1747089000,0.17000
1747089900,0.17000
1747090800,0.17000
1747091700,0.17000
1747092600,0.17000
1747093500,0.17000
1747094400,0.17000
1747095300,0.17000
1747096200,0.17000
1747097100,0.17000
1747098000,0.17000
1747098900,0.17000
1747099800,0.17000
1747100700,0.17000
1747101600,0.17000
1747102500,0.17000
1747103400,0.17000
1747104300,0.17000
1747105200,0.17000
1747106100,0.17000
1747107000,0.17000
1747107900,0.17000
1747108800,0.17000
1747109700,0.17000
1747110600,0.17000
1747111500,0.17000
1747112400,0.17000
1747113300,0.17000
1747114200,0.17000
1747115100,0.17000
1747116000,0.17000
1747116900,0.17000
1747117800,0.17000
1747118700,0.17000
1747119600,0.17000
1747120500,0.17000
1747121400,0.17000
1747122300,0.17000
1747123200,0.17000
1747124100,0.17000
1747125000,0.17000
1747125900,0.17000
1747126800,0.17000
1747127700,0.17000
1747128600,0.17000
1747129500,0.17000
1747130400,0.17000
1747131300,0.17000
1747132200,0.17000
1747133100,0.17000
1747134000,0.17000
1747134900,0.17000
1747135800,0.17000
1747136700,0.17000
1747137600,0.17000
1747138500,0.17000
1747139400,0.17000
1747140300,0.17000
1747141200,0.17000
1747142100,0.17000
1747143000,0.17000
1747143900,0.17000
1747144800,0.17000
1747145700,0.17000
1747146600,0.17000
1747147500,0.17000
1747148400,0.17000
1747149300,0.17000
1747150200,0.17000
1747151100,0.17000
1747152000,0.17000
1747152900,0.17000
1747153800,0.17000
1747154700,0.17000
1747155600,0.17000
1747156500,0.17000
1747157400,0.17000
1747158300,0.17000
1747159200,0.17000
1747160100,0.17000
1747161000,0.17000
1747161900,0.17000
1747162800,0.17000
1747163700,0.17000
1747164600,0.17000
1747165500,0.17000
1747166400,0.17000
1747167300,0.17000
1747168200,0.17000
1747169100,0.17000
1747173600,0.17000
1747174500,0.18000
1747175400,0.17000
1747176300,0.17000
1747177200,0.17000
1747178100,0.17000
1747179000,0.17000
1747179900,0.17000
1747180800,0.17000
1747181700,0.17000
1747182600,0.17000
1747183500,0.17000
1747184400,0.17000
1747185300,0.17000
1747186200,0.17000
1747187100,0.17000
1747188000,0.17000
1747188900,0.17000
1747189800,0.17000
1747190700,0.17000
1747191600,0.17000
1747192500,0.17000
1747193400,0.17000
1747194300,0.17000
1747195200,0.17000
1747196100,0.17000
1747197000,0.17000
1747197900,0.17000
1747198800,0.17000
1747199700,0.17000
1747200600,0.17000
1747201500,0.17000
1747202400,0.17000
1747203300,0.17000
1747204200,0.17000
1747205100,0.17000
1747206000,0.17000
1747206900,0.17000
1747207800,0.17000
1747208700,0.17000
1747209600,0.17000
1747210500,0.17000
1747211400,0.17000
1747212300,0.17000
1747213200,0.17000
1747214100,0.17000
1747215000,0.17000
1747215900,0.17000
1747216800,0.17000
1747217700,0.17000
1747218600,0.17000
1747219500,0.17000
1747220400,0.17000
1747221300,0.17000
1747222200,0.17000
1747223100,0.17000
1747224000,0.17000
1747224900,0.17000
1747225800,0.17000
1747226700,0.17000
1747227600,0.17000
1747228500,0.17000
1747229400,0.17000
1747230300,0.17000
1747231200,0.17000
1747232100,0.17000
1747233000,0.17000
1747233900,0.17000
1747234800,0.17000
1747235700,0.17000
1747236600,0.17000
1747237500,0.17000
1747238400,0.17000
1747239300,0.17000
1747240200,0.17000
1747241100,0.17000
1747242000,0.17000
1747242900,0.17000
1747243800,0.17000
1747244700,0.17000
1747245600,0.17000
1747246500,0.17000
1747247400,0.17000
1747248300,0.17000
1747249200,0.17000
1747250100,0.17000
1747251000,0.17000
1747251900,0.17000
1747252800,0.17000
1747253700,0.17000
1747254600,0.17000
1747255500,0.17000
1747260000,0.17000
1747260900,0.17000
1747261800,0.17000
1747262700,0.17000
1747263600,0.17000
1747264500,0.17000
1747265400,0.17000
1747266300,0.17000
1747267200,0.17000
1747268100,0.17000
1747269000,0.17000
1747269900,0.17000
1747270800,0.17000
1747271700,0.17000
1747272600,0.17000
1747273500,0.17000
1747274400,0.17000
1747275300,0.17000
1747276200,0.17000
1747277100,0.17000
1747278000,0.17000
1747278900,0.17000
1747279800,0.17000
1747280700,0.17000
1747281600,0.17000
1747282500,0.17000
1747283400,0.17000
1747284300,0.17000
1747285200,0.17000
1747286100,0.17000
1747287000,0.17000
1747287900,0.17000
1747288800,0.17000
1747289700,0.17000
1747290600,0.17000
1747291500,0.17000
1747292400,0.17000
1747293300,0.17000
1747294200,0.17000
1747295100,0.17000
1747296000,0.17000
1747296900,0.17000
1747297800,0.17000
1747298700,0.17000
1747299600,0.17000
1747300500,0.17000
1747301400,0.17000
1747302300,0.17000
1747303200,0.17000
1747304100,0.17000
1747305000,0.17000
1747305900,0.17000
1747306800,0.17000
1747307700,0.17000
1747308600,0.17000
1747309500,0.17000
1747310400,0.17000
1747311300,0.17000
1747312200,0.17000
1747313100,0.17000
1747314000,0.17000
1747314900,0.17000
1747315800,0.17000
1747316700,0.17000
1747317600,0.17000
1747318500,0.17000
1747319400,0.17000
1747320300,0.17000
1747321200,0.17000
1747322100,0.17000
1747323000,0.17000
1747323900,0.17000
1747324800,0.17000
1747325700,0.17000
1747326600,0.17000
1747327500,0.17000
1747328400,0.17000
1747329300,0.17000
1747330200,0.17000
1747331100,0.17000
1747332000,0.17000
1747332900,0.17000
1747333800,0.17000
1747334700,0.17000
1747335600,0.17000
1747336500,0.17000
1747337400,0.17000
1747338300,0.17000
1747339200,0.17000
1747340100,0.17000
1747341000,0.17000
1747341900,0.17000
1747346400,0.17000
1747347300,0.17000
1747348200,0.17000
1747349100,0.17000
1747350000,0.17000
1747350900,0.17000
1747351800,0.17000
1747352700,0.17000
1747353600,0.17000
1747354500,0.17000
1747355400,0.17000
1747356300,0.17000
1747357200,0.17000
1747358100,0.17000
1747359000,0.17000
1747359900,0.17000
1747360800,0.17000
1747361700,0.17000
1747362600,0.17000
1747363500,0.17000
1747364400,0.17000
1747365300,0.17000
1747366200,0.17000
1747367100,0.17000
1747368000,0.17000
1747368900,0.17000
1747369800,0.17000
1747370700,0.17000
1747371600,0.17000
1747372500,0.17000
1747373400,0.17000
1747374300,0.17000
1747375200,0.17000
1747376100,0.17000
1747377000,0.17000
1747377900,0.17000
1747378800,0.17000
1747379700,0.17000
1747380600,0.17000
1747381500,0.17000
1747382400,0.17000
1747383300,0.17000
1747384200,0.17000
1747385100,0.17000
1747386000,0.17000
1747386900,0.17000
1747387800,0.17000
1747388700,0.17000
1747389600,0.17000
1747390500,0.17000
1747391400,0.17000
1747392300,0.17000
1747393200,0.17000
1747394100,0.17000
1747395000,0.17000
1747395900,0.17000
1747396800,0.17000
1747397700,0.17000
1747398600,0.17000
1747399500,0.17000
1747400400,0.17000
1747401300,0.17000
1747402200,0.17000
1747403100,0.17000
1747404000,0.17000
1747404900,0.17000
1747405800,0.17000
1747406700,0.17000
1747407600,0.17000
1747408500,0.17000
1747409400,0.17000
1747410300,0.17000
1747411200,0.17000
1747412100,0.17000
1747413000,0.17000
1747413900,0.17000
1747414800,0.17000
1747415700,0.17000
1747416600,0.17000
1747417500,0.17000
1747418400,0.17000
1747419300,0.17000
1747420200,0.17000
1747421100,0.17000
1747422000,0.17000
1747422900,0.17000
1747423800,0.17000
1747424700,0.17000
1747425600,0.17000
1747426500,0.17000
1747427400,0.17000
1747605600,0.17000
1747606500,0.17000
1747607400,0.17000
1747608300,0.17000
1747609200,0.17000
1747610100,0.17000
1747611000,0.17000
1747611900,0.17000
1747612800,0.17000
1747613700,0.17000
1747614600,0.17000
1747615500,0.17000
1747616400,0.17000
1747617300,0.17000
1747618200,0.17000
1747619100,0.17000
1747620000,0.17000
1747620900,0.17000
1747621800,0.17000
1747622700,0.17000
1747623600,0.17000
1747624500,0.17000
1747625400,0.17000
1747626300,0.17000
1747627200,0.17000
1747628100,0.17000
1747629000,0.17000
1747629900,0.17000
1747630800,0.17000
1747631700,0.17000
1747632600,0.17000
1747633500,0.17000
1747634400,0.17000
1747635300,0.17000
1747636200,0.17000
1747637100,0.17000
1747638000,0.17000
1747638900,0.17000
1747639800,0.17000
1747640700,0.17000
1747641600,0.17000
1747642500,0.17000
1747643400,0.17000
1747644300,0.17000
1747645200,0.17000
1747646100,0.17000
1747647000,0.17000
1747647900,0.17000
1747648800,0.17000
1747649700,0.17000
1747650600,0.17000
1747651500,0.17000
1747652400,0.17000
1747653300,0.17000
1747654200,0.17000
1747655100,0.17000
1747656000,0.17000
1747656900,0.17000
1747657800,0.17000
1747658700,0.17000
1747659600,0.17000
1747660500,0.17000
1747661400,0.17000
1747662300,0.17000
1747663200,0.17000
1747664100,0.17000
1747665000,0.17000
1747665900,0.17000
1747666800,0.17000
1747667700,0.17000
1747668600,0.17000
1747669500,0.17000
1747670400,0.17000
1747671300,0.17000
1747672200,0.17000
1747673100,0.17000
1747674000,0.17000
1747674900,0.17000
1747675800,0.17000
1747676700,0.17000
1747677600,0.17000
1747678500,0.17000
1747679400,0.17000
1747680300,0.17000
1747681200,0.17000
1747682100,0.17000
1747683000,0.17000
1747683900,0.17000
1747684800,0.17000
1747685700,0.17000
1747686600,0.17000
1747687500,0.17000
1747692000,0.17000
1747692900,0.17000
1747693800,0.17000
1747694700,0.17000
1747695600,0.17000
1747696500,0.17000
1747697400,0.17000
1747698300,0.17000
1747699200,0.17000
1747700100,0.17000
1747701000,0.17000
1747701900,0.17000
1747702800,0.17000
1747703700,0.17000
1747704600,0.17000
1747705500,0.17000
1747706400,0.17000
1747707300,0.17000
1747708200,0.17000
1747709100,0.17000
1747710000,0.17000
1747710900,0.17000
1747711800,0.17000
1747712700,0.17000
1747713600,0.17000
1747714500,0.17000
1747715400,0.17000
1747716300,0.17000
1747717200,0.17000
1747718100,0.17000
1747719000,0.17000
1747719900,0.17000
1747720800,0.17000
1747721700,0.17000
1747722600,0.17000
1747723500,0.17000
1747724400,0.17000
1747725300,0.17000
1747726200,0.17000
1747727100,0.17000
1747728000,0.17000
1747728900,0.17000
1747729800,0.17000
1747730700,0.17000
1747731600,0.17000
1747732500,0.17000
1747733400,0.17000
1747734300,0.17000
1747735200,0.17000
1747736100,0.17000
1747737000,0.17000
1747737900,0.17000
1747738800,0.17000
1747739700,0.17000
1747740600,0.17000
1747741500,0.17000
1747742400,0.17000
1747743300,0.17000
1747744200,0.17000
1747745100,0.17000
1747746000,0.17000
1747746900,0.17000
1747747800,0.17000
1747748700,0.17000
1747749600,0.17000
1747750500,0.17000
1747751400,0.17000
1747752300,0.17000
1747753200,0.17000
1747754100,0.17000
1747755000,0.17000
1747755900,0.17000
1747756800,0.17000
1747757700,0.17000
1747758600,0.17000
1747759500,0.17000
1747760400,0.17000
1747761300,0.17000
1747762200,0.17000
1747763100,0.17000
1747764000,0.17000
1747764900,0.17000
1747765800,0.17000
1747766700,0.17000
1747767600,0.17000
1747768500,0.17000
1747769400,0.17000
1747770300,0.17000
1747771200,0.17000
1747772100,0.17000
1747773000,0.17000
1747773900,0.28000
1747778400,0.17000
1747779300,0.17000
1747780200,0.17000
1747781100,0.17000
1747782000,0.17000
1747782900,0.17000
1747783800,0.17000
1747784700,0.17000
1747785600,0.17000
1747786500,0.17000
1747787400,0.17000
1747788300,0.17000
1747789200,0.17000
1747790100,0.17000
1747791000,0.17000
1747791900,0.17000
1747792800,0.17000
1747793700,0.17000
1747794600,0.17000
1747795500,0.17000
1747796400,0.17000
1747797300,0.17000
1747798200,0.17000
1747799100,0.17000
1747800000,0.17000
1747800900,0.17000
1747801800,0.17000
1747802700,0.17000
1747803600,0.17000
1747804500,0.17000
1747805400,0.17000
1747806300,0.17000
1747807200,0.17000
1747808100,0.17000
1747809000,0.17000
1747809900,0.17000
1747810800,0.17000
1747811700,0.17000
1747812600,0.17000
1747813500,0.17000
1747814400,0.17000
1747815300,0.17000
1747816200,0.17000
1747817100,0.17000
1747818000,0.17000
1747818900,0.17000
1747819800,0.17000
1747820700,0.17000
1747821600,0.17000
1747822500,0.17000
1747823400,0.17000
1747824300,0.17000
1747825200,0.17000
1747826100,0.17000
1747827000,0.17000
1747827900,0.17000
1747828800,0.17000
1747829700,0.17000
1747830600,0.17000
1747831500,0.17000
1747832400,0.17000
1747833300,0.17000
1747834200,0.17000
1747835100,0.17000
1747836000,0.17000
1747836900,0.17000
1747837800,0.17000
1747838700,0.17000
1747839600,0.17000
1747840500,0.17000
1747841400,0.17000
1747842300,0.17000
1747843200,0.17000
1747844100,0.17000
1747845000,0.17000
1747845900,0.17000
1747846800,0.17000
1747847700,0.17000
1747848600,0.17000
1747849500,0.17000
1747850400,0.17000
1747851300,0.17000
1747852200,0.17000
1747853100,0.17000
1747854000,0.17000
1747854900,0.17000
1747855800,0.17000
1747856700,0.17000
1747857600,0.17000
1747858500,0.17000
1747859400,0.17000
1747860300,0.17000
1747864800,0.17000
1747865700,0.17000
1747866600,0.17000
1747867500,0.17000
1747868400,0.17000
1747869300,0.17000
1747870200,0.17000
1747871100,0.17000
1747872000,0.17000
1747872900,0.17000
1747873800,0.17000
1747874700,0.17000
1747875600,0.17000
1747876500,0.17000
1747877400,0.17000
1747878300,0.17000
1747879200,0.17000
1747880100,0.17000
1747881000,0.17000
1747881900,0.17000
1747882800,0.17000
1747883700,0.17000
1747884600,0.17000
1747885500,0.17000
1747886400,0.17000
1747887300,0.17000
1747888200,0.17000
1747889100,0.17000
1747890000,0.17000
1747890900,0.17000
1747891800,0.17000
1747892700,0.17000
1747893600,0.17000
1747894500,0.17000
1747895400,0.17000
1747896300,0.17000
1747897200,0.17000
1747898100,0.17000
1747899000,0.17000
1747899900,0.17000
1747900800,0.17000
1747901700,0.17000
1747902600,0.17000
1747903500,0.17000
1747904400,0.17000
1747905300,0.17000
1747906200,0.17000
1747907100,0.17000
1747908000,0.17000
1747908900,0.17000
1747909800,0.17000
1747910700,0.17000
1747911600,0.17000
1747912500,0.17000
1747913400,0.17000
1747914300,0.17000
1747915200,0.17000
1747916100,0.17000
1747917000,0.17000
1747917900,0.17000
1747918800,0.17000
1747919700,0.17000
1747920600,0.17000
1747921500,0.17000
1747922400,0.17000
1747923300,0.17000
1747924200,0.17000
1747925100,0.17000
1747926000,0.17000
1747926900,0.17000
1747927800,0.17000
1747928700,0.17000
1747929600,0.17000
1747930500,0.17000
1747931400,0.17000
1747932300,0.17000
1747933200,0.17000
1747934100,0.17000
1747935000,0.17000
1747935900,0.17000
1747936800,0.17000
1747937700,0.17000
1747938600,0.17000
1747939500,0.17000
1747940400,0.17000
1747941300,0.17000
1747942200,0.17000
1747943100,0.17000
1747944000,0.17000
1747944900,0.17000
1747945800,0.17000
1747946700,0.17000
1747951200,0.17000
1747952100,0.17000
1747953000,0.17000
1747953900,0.17000
1747954800,0.17000
1747955700,0.17000
1747956600,0.17000
1747957500,0.17000
1747958400,0.17000
1747959300,0.17000
1747960200,0.17000
1747961100,0.17000
1747962000,0.17000
1747962900,0.17000
1747963800,0.17000
1747964700,0.17000
1747965600,0.17000
1747966500,0.17000
1747967400,0.17000
1747968300,0.17000
1747969200,0.17000
1747970100,0.17000
1747971000,0.17000
1747971900,0.17000
1747972800,0.17000
1747973700,0.17000
1747974600,0.17000
1747975500,0.17000
1747976400,0.17000
1747977300,0.17000
1747978200,0.17000
1747979100,0.17000
1747980000,0.17000
1747980900,0.17000
1747981800,0.17000
1747982700,0.17000
1747983600,0.17000
1747984500,0.17000
1747985400,0.17000
1747986300,0.17000
1747987200,0.17000
1747988100,0.17000
1747989000,0.17000
1747989900,0.17000
1747990800,0.17000
1747991700,0.17000
1747992600,0.17000
1747993500,0.17000
1747994400,0.17000
1747995300,0.17000
1747996200,0.17000
1747997100,0.17000
1747998000,0.17000
1747998900,0.17000
1747999800,0.17000
1748000700,0.17000
1748001600,0.17000
1748002500,0.17000
1748003400,0.17000
1748004300,0.17000
1748005200,0.17000
1748006100,0.17000
1748007000,0.17000
1748007900,0.17000
1748008800,0.17000
1748009700,0.17000
1748010600,0.17000
1748011500,0.17000
1748012400,0.17000
1748013300,0.17000
1748014200,0.17000
1748015100,0.17000
1748016000,0.17000
1748016900,0.17000
1748017800,0.17000
1748018700,0.17000
1748019600,0.17000
1748020500,0.17000
1748021400,0.17000
1748022300,0.17000
1748023200,0.17000
1748024100,0.17000
1748025000,0.17000
1748025900,0.17000
1748026800,0.17000
1748027700,0.17000
1748028600,0.17000
1748029500,0.17000
1748030400,0.17000
1748031300,0.17000
1748032200,0.17000
1748210400,0.17000
1748211300,0.17000
1748212200,0.17000
1748213100,0.17000
1748214000,0.17000
1748214900,0.17000
1748215800,0.17000
1748216700,0.17000
1748217600,0.17000
1748218500,0.17000
1748219400,0.17000
1748220300,0.17000
1748221200,0.17000
1748222100,0.17000
1748223000,0.17000
1748223900,0.17000
1748224800,0.17000
1748225700,0.17000
1748226600,0.17000
1748227500,0.17000
1748228400,0.17000
1748229300,0.17000
1748230200,0.17000
1748231100,0.17000
1748232000,0.17000
1748232900,0.17000
1748233800,0.17000
1748234700,0.17000
1748235600,0.17000
1748236500,0.17000
1748237400,0.17000
1748238300,0.17000
1748239200,0.17000
1748240100,0.17000
1748241000,0.17000
1748241900,0.17000
1748242800,0.17000
1748243700,0.17000
1748244600,0.17000
1748245500,0.17000
1748246400,0.17000
1748247300,0.17000
1748248200,0.17000
1748249100,0.17000
1748250000,0.17000
1748250900,0.17000
1748251800,0.17000
1748252700,0.17000
1748253600,0.17000
1748254500,0.17000
1748255400,0.17000
1748256300,0.17000
1748257200,0.17000
1748258100,0.17000
1748259000,0.17000
1748259900,0.17000
1748260800,0.17000
1748261700,0.17000
1748262600,0.17000
1748263500,0.17000
1748264400,0.17000
1748265300,0.17000
1748266200,0.17000
1748267100,0.17000
1748268000,0.17000
1748268900,0.17000
1748269800,0.17000
1748270700,0.17000
1748271600,0.17000
1748272500,0.17000
1748273400,0.17000
1748274300,0.17000
1748275200,0.17000
1748276100,0.17000
1748277000,0.17000
1748277900,0.17000
1748278800,0.17000
1748279700,0.17000
1748280600,0.17000
1748281500,0.17000
1748282400,0.17000
1748283300,0.17000
1748284200,0.47000
1748296800,0.17000
1748297700,0.17000
1748298600,0.17000
1748299500,0.17000
1748300400,0.17000
1748301300,0.17000
1748302200,0.17000
1748303100,0.17000
1748304000,0.17000
1748304900,0.17000
1748305800,0.17000
1748306700,0.17000
1748307600,0.17000
1748308500,0.17000
1748309400,0.17000
1748310300,0.17000
1748311200,0.17000
1748312100,0.17000
1748313000,0.17000
1748313900,0.17000
1748314800,0.17000
1748315700,0.17000
1748316600,0.17000
1748317500,0.17000
1748318400,0.17000
1748319300,0.17000
1748320200,0.17000
1748321100,0.17000
1748322000,0.17000
1748322900,0.17000
1748323800,0.17000
1748324700,0.17000
1748325600,0.17000
1748326500,0.17000
1748327400,0.17000
1748328300,0.17000
1748329200,0.17000
1748330100,0.17000
1748331000,0.17000
1748331900,0.17000
1748332800,0.17000
1748333700,0.17000
1748334600,0.17000
1748335500,0.17000
1748336400,0.17000
1748337300,0.17000
1748338200,0.17000
1748339100,0.17000
1748340000,0.17000
1748340900,0.17000
1748341800,0.17000
1748342700,0.17000
1748343600,0.17000
1748344500,0.17000
1748345400,0.17000
1748346300,0.17000
1748347200,0.17000
1748348100,0.17000
1748349000,0.17000
1748349900,0.17000
1748350800,0.17000
1748351700,0.17000
1748352600,0.17000
1748353500,0.17000
1748354400,0.17000
1748355300,0.17000
1748356200,0.17000
1748357100,0.17000
1748358000,0.17000
1748358900,0.17000
1748359800,0.17000
1748360700,0.17000
1748361600,0.17000
1748362500,0.17000
1748363400,0.17000
1748364300,0.17000
1748365200,0.17000
1748366100,0.17000
1748367000,0.17000
1748367900,0.17000
1748368800,0.17000
1748369700,0.17000
1748370600,0.17000
1748371500,0.17000
1748372400,0.17000
1748373300,0.17000
1748374200,0.17000
1748375100,0.17000
1748376000,0.17000
1748376900,0.17000
1748377800,0.17000
1748378700,0.18000
1748383200,0.17000
1748384100,0.17000
1748385000,0.17000
1748385900,0.17000
1748386800,0.17000
1748387700,0.17000
1748388600,0.17000
1748389500,0.17000
1748390400,0.17000
1748391300,0.17000
1748392200,0.17000
1748393100,0.17000
1748394000,0.17000
1748394900,0.17000
1748395800,0.17000
1748396700,0.17000
1748397600,0.17000
1748398500,0.17000
1748399400,0.17000
1748400300,0.17000
1748401200,0.17000
1748402100,0.17000
1748403000,0.17000
1748403900,0.17000
1748404800,0.17000
1748405700,0.17000
1748406600,0.17000
1748407500,0.17000
1748408400,0.17000
1748409300,0.17000
1748410200,0.17000
1748411100,0.17000
1748412000,0.17000
1748412900,0.17000
1748413800,0.17000
1748414700,0.17000
1748415600,0.17000
1748416500,0.17000
1748417400,0.17000
1748418300,0.17000
1748419200,0.17000
1748420100,0.17000
1748421000,0.17000
1748421900,0.17000
1748422800,0.17000
1748423700,0.17000
1748424600,0.17000
1748425500,0.17000
1748426400,0.17000
1748427300,0.17000
1748428200,0.17000
1748429100,0.17000
1748430000,0.17000
1748430900,0.17000
1748431800,0.17000
1748432700,0.17000
1748433600,0.17000
1748434500,0.17000
1748435400,0.17000
1748436300,0.17000
1748437200,0.17000
1748438100,0.17000
1748439000,0.17000
1748439900,0.17000
1748440800,0.17000
1748441700,0.17000
1748442600,0.17000
1748443500,0.17000
1748444400,0.17000
1748445300,0.17000
1748446200,0.17000
1748447100,0.17000
1748448000,0.17000
1748448900,0.17000
1748449800,0.17000
1748450700,0.17000
1748451600,0.17000
1748452500,0.17000
1748453400,0.17000
1748454300,0.17000
1748455200,0.17000
1748456100,0.17000
1748457000,0.17000
1748457900,0.17000
1748458800,0.17000
1748459700,0.17000
1748460600,0.17000
1748461500,0.17000
1748462400,0.17000
1748463300,0.17000
1748464200,0.17000
1748465100,0.17000
1748469600,0.17000
1748470500,0.17000
1748471400,0.17000
1748472300,0.17000
1748473200,0.17000
1748474100,0.17000
1748475000,0.17000
1748475900,0.17000
1748476800,0.17000
1748477700,0.17000
1748478600,0.17000
1748479500,0.17000
1748480400,0.17000
1748481300,0.17000
1748482200,0.17000
1748483100,0.17000
1748484000,0.17000
1748484900,0.17000
1748485800,0.17000
1748486700,0.17000
1748487600,0.17000
1748488500,0.17000
1748489400,0.17000
1748490300,0.17000
1748491200,0.17000
1748492100,0.17000
1748493000,0.17000
1748493900,0.17000
1748494800,0.13000
1748495700,0.13000
1748496600,0.13000
1748497500,0.13000
1748498400,0.13000
1748499300,0.13000
1748500200,0.13000
1748501100,0.13000
1748502000,0.13000
1748502900,0.17000
1748503800,0.17000
1748504700,0.17000
1748505600,0.17000
1748506500,0.17000
1748507400,0.17000
1748508300,0.17000
1748509200,0.17000
1748510100,0.17000
1748511000,0.17000
1748511900,0.17000
1748512800,0.17000
1748513700,0.17000
1748514600,0.17000
1748515500,0.17000
1748516400,0.17000
1748517300,0.17000
1748518200,0.17000
1748519100,0.17000
1748520000,0.17000
1748520900,0.17000
1748521800,0.17000
1748522700,0.17000
1748523600,0.17000
1748524500,0.17000
1748525400,0.17000
1748526300,0.17000
1748527200,0.17000
1748528100,0.17000
1748529000,0.17000
1748529900,0.17000
1748530800,0.17000
1748531700,0.17000
1748532600,0.17000
1748533500,0.17000
1748534400,0.17000
1748535300,0.17000
1748536200,0.17000
1748537100,0.17000
1748538000,0.17000
1748538900,0.17000
1748539800,0.17000
1748540700,0.17000
1748541600,0.17000
1748542500,0.17000
1748543400,0.17000
1748544300,0.17000
1748545200,0.17000
1748546100,0.17000
1748547000,0.17000
1748547900,0.17000
1748548800,0.17000
1748549700,0.17000
1748550600,0.17000
1748551500,0.21000
1748556000,0.17000
1748556900,0.17000
1748557800,0.17000
1748558700,0.17000
1748559600,0.17000
1748560500,0.17000
1748561400,0.17000
1748562300,0.17000
1748563200,0.17000
1748564100,0.17000
1748565000,0.17000
1748565900,0.17000
1748566800,0.17000
1748567700,0.17000
1748568600,0.17000
1748569500,0.17000
1748570400,0.17000
1748571300,0.17000
1748572200,0.17000
1748573100,0.17000
1748574000,0.17000
1748574900,0.17000
1748575800,0.17000
1748576700,0.17000
1748577600,0.17000
1748578500,0.17000
1748579400,0.17000
1748580300,0.17000
1748581200,0.13000
1748582100,0.13000
1748583000,0.13000
1748583900,0.13000
1748584800,0.13000
1748585700,0.13000
1748586600,0.13000
1748587500,0.13000
1748588400,0.13000
1748589300,0.17000
1748590200,0.17000
1748591100,0.17000
1748592000,0.17000
1748592900,0.17000
1748593800,0.17000
1748594700,0.17000
1748595600,0.17000
1748596500,0.17000
1748597400,0.17000
1748598300,0.17000
1748599200,0.17000
1748600100,0.17000
1748601000,0.17000
1748601900,0.17000
1748602800,0.17000
1748603700,0.17000
1748604600,0.17000
1748605500,0.17000
1748606400,0.17000
1748607300,0.17000
1748608200,0.17000
1748609100,0.17000
1748610000,0.17000
1748610900,0.17000
1748611800,0.17000
1748612700,0.17000
1748613600,0.17000
1748614500,0.17000
1748615400,0.17000
1748616300,0.17000
1748617200,0.17000
1748618100,0.17000
1748619000,0.17000
1748619900,0.17000
1748620800,0.17000
1748621700,0.17000
1748622600,0.17000
1748623500,0.17000
1748624400,0.17000
1748625300,0.17000
1748626200,0.17000
1748627100,0.17000
1748628000,0.17000
1748628900,0.17000
1748629800,0.17000
1748630700,0.17000
1748631600,0.17000
1748632500,0.17000
1748633400,0.17000
1748634300,0.17000
1748635200,0.17000
1748636100,0.17000
1748637000,0.17000
1748815200,0.17000
1748816100,0.17000
1748817000,0.17000
1748817900,0.17000
1748818800,0.17000
1748819700,0.17000
1748820600,0.17000
1748821500,0.17000
1748822400,0.17000
1748823300,0.17000
1748824200,0.17000
1748825100,0.17000
1748826000,0.17000
1748826900,0.17000
1748827800,0.17000
1748828700,0.17000
1748829600,0.17000
1748830500,0.17000
1748831400,0.17000
1748832300,0.17000
1748833200,0.17000
1748834100,0.17000
1748835000,0.17000
1748835900,0.17000
1748836800,0.17000
1748837700,0.17000
1748838600,0.17000
1748839500,0.17000
1748840400,0.13000
1748841300,0.13000
1748842200,0.13000
1748843100,0.13000
1748844000,0.13000
1748844900,0.13000
1748845800,0.13000
1748846700,0.13000
1748847600,0.13000
1748848500,0.17000
1748849400,0.17000
1748850300,0.17000
1748851200,0.17000
1748852100,0.17000
1748853000,0.17000
1748853900,0.17000
1748854800,0.17000
1748855700,0.17000
1748856600,0.17000
1748857500,0.17000
1748858400,0.17000
1748859300,0.17000
1748860200,0.17000
1748861100,0.17000
1748862000,0.17000
1748862900,0.17000
1748863800,0.17000
1748864700,0.17000
1748865600,0.17000
1748866500,0.17000
1748867400,0.17000
1748868300,0.17000
1748869200,0.17000
1748870100,0.17000
1748871000,0.17000
1748871900,0.17000
1748872800,0.17000
1748873700,0.17000
1748874600,0.17000
1748875500,0.17000
1748876400,0.17000
1748877300,0.17000
1748878200,0.17000
1748879100,0.17000
1748880000,0.17000
1748880900,0.17000
1748881800,0.17000
1748882700,0.17000
1748883600,0.17000
1748884500,0.17000
1748885400,0.17000
1748886300,0.17000
1748887200,0.17000
1748888100,0.17000
1748889000,0.17000
1748889900,0.17000
1748890800,0.17000
1748891700,0.17000
1748892600,0.17000
1748893500,0.17000
1748894400,0.17000
1748895300,0.17000
1748896200,0.17000
1748897100,0.17000
1748901600,0.17000
1748902500,0.17000
1748903400,0.17000
1748904300,0.17000
1748905200,0.17000
1748906100,0.17000
1748907000,0.17000
1748907900,0.17000
1748908800,0.17000
1748909700,0.17000
1748910600,0.17000
1748911500,0.17000
1748912400,0.17000
1748913300,0.17000
1748914200,0.17000
1748915100,0.17000
1748916000,0.17000
1748916900,0.17000
1748917800,0.17000
1748918700,0.17000
1748919600,0.17000
1748920500,0.17000
1748921400,0.17000
1748922300,0.17000
1748923200,0.17000
1748924100,0.17000
1748925000,0.17000
1748925900,0.17000
1748926800,0.13000
1748927700,0.13000
1748928600,0.13000
1748929500,0.13000
1748930400,0.13000
1748931300,0.13000
1748932200,0.13000
1748933100,0.13000
1748934000,0.13000
1748934900,0.17000
1748935800,0.17000
1748936700,0.17000
1748937600,0.17000
1748938500,0.17000
1748939400,0.17000
1748940300,0.17000
1748941200,0.17000
1748942100,0.17000
1748943000,0.17000
1748943900,0.17000
1748944800,0.17000
1748945700,0.17000
1748946600,0.17000
1748947500,0.17000
1748948400,0.17000
1748949300,0.17000
1748950200,0.17000
1748951100,0.17000
1748952000,0.17000
1748952900,0.17000
1748953800,0.17000
1748954700,0.17000
1748955600,0.17000
1748956500,0.17000
1748957400,0.17000
1748958300,0.17000
1748959200,0.17000
1748960100,0.17000
1748961000,0.17000
1748961900,0.17000
1748962800,0.17000
1748963700,0.17000
1748964600,0.17000
1748965500,0.17000
1748966400,0.17000
1748967300,0.17000
1748968200,0.17000
1748969100,0.17000
1748970000,0.17000
1748970900,0.17000
1748971800,0.17000
1748972700,0.17000
1748973600,0.17000
1748974500,0.17000
1748975400,0.17000
1748976300,0.17000
1748977200,0.17000
1748978100,0.17000
1748979000,0.17000
1748979900,0.17000
1748980800,0.17000
1748981700,0.17000
1748982600,0.17000
1748983500,0.27000
1748988000,0.17000
1748988900,0.17000
1748989800,0.17000
1748990700,0.17000
1748991600,0.17000
1748992500,0.17000
1748993400,0.17000
1748994300,0.17000
1748995200,0.17000
1748996100,0.17000
1748997000,0.17000
1748997900,0.17000
1748998800,0.17000
1748999700,0.17000
1749000600,0.17000
1749001500,0.17000
1749002400,0.17000
1749003300,0.17000
1749004200,0.17000
1749005100,0.17000
1749006000,0.17000
1749006900,0.17000
1749007800,0.17000
1749008700,0.17000
1749009600,0.17000
1749010500,0.17000
1749011400,0.17000
1749012300,0.17000
1749013200,0.13000
1749014100,0.13000
1749015000,0.13000
1749015900,0.13000
1749016800,0.13000
1749017700,0.13000
1749018600,0.13000
1749019500,0.13000
1749020400,0.13000
1749021300,0.17000
1749022200,0.17000
1749023100,0.17000
1749024000,0.17000
1749024900,0.17000
1749025800,0.17000
1749026700,0.17000
1749027600,0.17000
1749028500,0.17000
1749029400,0.17000
1749030300,0.17000
1749031200,0.17000
1749032100,0.17000
1749033000,0.17000
1749033900,0.17000
1749034800,0.17000
1749035700,0.17000
1749036600,0.17000
1749037500,0.17000
1749038400,0.17000
1749039300,0.17000
1749040200,0.17000
1749041100,0.17000
1749042000,0.17000
1749042900,0.17000
1749043800,0.17000
1749044700,0.17000
1749045600,0.17000
1749046500,0.17000
1749047400,0.17000
1749048300,0.17000
1749049200,0.17000
1749050100,0.17000
1749051000,0.17000
1749051900,0.17000
1749052800,0.17000
1749053700,0.17000
1749054600,0.17000
1749055500,0.17000
1749056400,0.17000
1749057300,0.17000
1749058200,0.17000
1749059100,0.17000
1749060000,0.17000
1749060900,0.17000
1749061800,0.17000
1749062700,0.17000
1749063600,0.17000
1749064500,0.17000
1749065400,0.17000
1749066300,0.17000
1749067200,0.17000
1749068100,0.17000
1749069000,0.17000
1749069900,0.17000
1749074400,0.17000
1749075300,0.17000
1749076200,0.17000
1749077100,0.17000
1749078000,0.17000
1749078900,0.17000
1749079800,0.17000
1749080700,0.17000
1749081600,0.17000
1749082500,0.17000
1749083400,0.17000
1749084300,0.17000
1749085200,0.17000
1749086100,0.17000
1749087000,0.17000
1749087900,0.17000
1749088800,0.17000
1749089700,0.17000
1749090600,0.17000
1749091500,0.17000
1749092400,0.17000
1749093300,0.17000
1749094200,0.17000
1749095100,0.17000
1749096000,0.17000
1749096900,0.17000
1749097800,0.17000
1749098700,0.17000
1749099600,0.13000
1749100500,0.13000
1749101400,0.13000
1749102300,0.13000
1749103200,0.13000
1749104100,0.13000
1749105000,0.13000
1749105900,0.13000
1749106800,0.13000
1749107700,0.17000
1749108600,0.17000
1749109500,0.17000
1749110400,0.17000
1749111300,0.17000
1749112200,0.17000
1749113100,0.17000
1749114000,0.17000
1749114900,0.17000
1749115800,0.17000
1749116700,0.17000
1749117600,0.17000
1749118500,0.17000
1749119400,0.17000
1749120300,0.17000
1749121200,0.17000
1749122100,0.17000
1749123000,0.17000
1749123900,0.17000
1749124800,0.17000
1749125700,0.17000
1749126600,0.17000
1749127500,0.17000
1749128400,0.17000
1749129300,0.17000
1749130200,0.17000
1749131100,0.17000
1749132000,0.17000
1749132900,0.17000
1749133800,0.17000
1749134700,0.17000
1749135600,0.17000
1749136500,0.17000
1749137400,0.17000
1749138300,0.17000
1749139200,0.17000
1749140100,0.17000
1749141000,0.17000
1749141900,0.17000
1749142800,0.17000
1749143700,0.17000
1749144600,0.17000
1749145500,0.17000
1749146400,0.17000
1749147300,0.17000
1749148200,0.17000
1749149100,0.17000
1749150000,0.17000
1749150900,0.17000
1749151800,0.17000
1749152700,0.17000
1749153600,0.17000
1749154500,0.17000
1749155400,0.17000
1749156300,0.17000
1749160800,0.17000
1749161700,0.17000
1749162600,0.17000
1749163500,0.17000
1749164400,0.17000
1749165300,0.17000
1749166200,0.17000
1749167100,0.17000
1749168000,0.17000
1749168900,0.17000
1749169800,0.17000
1749170700,0.17000
1749171600,0.17000
1749172500,0.17000
1749173400,0.17000
1749174300,0.17000
1749175200,0.17000
1749176100,0.17000
1749177000,0.17000
1749177900,0.17000
1749178800,0.17000
1749179700,0.17000
1749180600,0.17000
1749181500,0.17000
1749182400,0.17000
1749183300,0.17000
1749184200,0.17000
1749185100,0.17000
1749186000,0.13000
1749186900,0.13000
1749187800,0.13000
1749188700,0.13000
1749189600,0.13000
1749190500,0.13000
1749191400,0.13000
1749192300,0.13000
1749193200,0.13000
1749194100,0.17000
1749195000,0.17000
1749195900,0.17000
1749196800,0.17000
1749197700,0.17000
1749198600,0.17000
1749199500,0.17000
1749200400,0.17000
1749201300,0.17000
1749202200,0.17000
1749203100,0.17000
1749204000,0.17000
1749204900,0.17000
1749205800,0.17000
1749206700,0.17000
1749207600,0.17000
1749208500,0.17000
1749209400,0.17000
1749210300,0.17000
1749211200,0.17000
1749212100,0.17000
1749213000,0.17000
1749213900,0.17000
1749214800,0.17000
1749215700,0.17000
1749216600,0.17000
1749217500,0.17000
1749218400,0.17000
1749219300,0.17000
1749220200,0.17000
1749221100,0.17000
1749222000,0.17000
1749222900,0.17000
1749223800,0.17000
1749224700,0.17000
1749225600,0.17000
1749226500,0.17000
1749227400,0.17000
1749228300,0.17000
1749229200,0.17000
1749230100,0.17000
1749231000,0.17000
1749231900,0.17000
1749232800,0.17000
1749233700,0.17000
1749234600,0.17000
1749235500,0.17000
1749236400,0.17000
1749237300,0.17000
1749238200,0.17000
1749239100,0.17000
1749240000,0.17000
1749240900,0.17000
1749241800,0.17000
1749420000,0.17000
1749420900,0.17000
1749421800,0.17000
1749422700,0.17000
1749423600,0.17000
1749424500,0.17000
1749425400,0.17000
1749426300,0.17000
1749427200,0.17000
1749428100,0.17000
1749429000,0.17000
1749429900,0.17000
1749430800,0.17000
1749431700,0.17000
1749432600,0.17000
1749433500,0.17000
1749434400,0.17000
1749435300,0.17000
1749436200,0.17000
1749437100,0.17000
1749438000,0.17000
1749438900,0.17000
1749439800,0.17000
1749440700,0.17000
1749441600,0.17000
1749442500,0.17000
1749443400,0.17000
1749444300,0.17000
1749445200,0.13000
1749446100,0.13000
1749447000,0.13000
1749447900,0.13000
1749448800,0.13000
1749449700,0.13000
1749450600,0.13000
1749451500,0.13000
1749452400,0.13000
1749453300,0.17000
1749454200,0.17000
1749455100,0.17000
1749456000,0.17000
1749456900,0.17000
1749457800,0.17000
1749458700,0.17000
1749459600,0.17000
1749460500,0.17000
1749461400,0.17000
1749462300,0.17000
1749463200,0.17000
1749464100,0.17000
1749465000,0.17000
1749465900,0.17000
1749466800,0.17000
1749467700,0.17000
1749468600,0.17000
1749469500,0.17000
1749470400,0.17000
1749471300,0.17000
1749472200,0.17000
1749473100,0.17000
1749474000,0.17000
1749474900,0.17000
1749475800,0.17000
1749476700,0.17000
1749477600,0.17000
1749478500,0.17000
1749479400,0.17000
1749480300,0.17000
1749481200,0.17000
1749482100,0.17000
1749483000,0.17000
1749483900,0.17000
1749484800,0.17000
1749485700,0.17000
1749486600,0.17000
1749487500,0.17000
1749488400,0.17000
1749489300,0.17000
1749490200,0.17000
1749491100,0.17000
1749492000,0.17000
1749492900,0.17000
1749493800,0.17000
1749494700,0.17000
1749495600,0.17000
1749496500,0.17000
1749497400,0.17000
1749498300,0.17000
1749499200,0.17000
1749500100,0.17000
1749501000,0.17000
1749501900,0.24000
1749506400,0.17000
1749507300,0.17000
1749508200,0.17000
1749509100,0.17000
1749510000,0.17000
1749510900,0.17000
1749511800,0.17000
1749512700,0.17000
1749513600,0.17000
1749514500,0.17000
1749515400,0.17000
1749516300,0.17000
1749517200,0.17000
1749518100,0.17000
1749519000,0.17000
1749519900,0.17000
1749520800,0.17000
1749521700,0.17000
1749522600,0.17000
1749523500,0.17000
1749524400,0.17000
1749525300,0.17000
1749526200,0.17000
1749527100,0.17000
1749528000,0.17000
1749528900,0.17000
1749529800,0.17000
1749530700,0.17000
1749531600,0.13000
1749532500,0.13000
1749533400,0.13000
1749534300,0.13000
1749535200,0.13000
1749536100,0.13000
1749537000,0.13000
1749537900,0.13000
1749538800,0.13000
1749539700,0.17000
1749540600,0.17000
1749541500,0.17000
1749542400,0.17000
1749543300,0.17000
1749544200,0.17000
1749545100,0.17000
1749546000,0.17000
1749546900,0.17000
1749547800,0.17000
1749548700,0.17000
1749549600,0.17000
1749550500,0.17000
1749551400,0.17000
1749552300,0.17000
1749553200,0.17000
1749554100,0.17000
1749555000,0.17000
1749555900,0.17000
1749556800,0.17000
1749557700,0.17000
1749558600,0.17000
1749559500,0.17000
1749560400,0.17000
1749561300,0.17000
1749562200,0.17000
1749563100,0.17000
1749564000,0.17000
1749564900,0.17000
1749565800,0.17000
1749566700,0.17000
1749567600,0.17000
1749568500,0.17000
1749569400,0.17000
1749570300,0.17000
1749571200,0.17000
1749572100,0.17000
1749573000,0.17000
1749573900,0.17000
1749574800,0.17000
1749575700,0.17000
1749576600,0.17000
1749577500,0.17000
1749578400,0.17000
1749579300,0.17000
1749580200,0.17000
1749581100,0.17000
1749582000,0.17000
1749582900,0.17000
1749583800,0.17000
1749584700,0.17000
1749585600,0.17000
1749586500,0.17000
1749587400,0.17000
1749588300,0.17000
1749592800,0.17000
1749593700,0.17000
1749594600,0.17000
1749595500,0.17000
1749596400,0.17000
1749597300,0.17000
1749598200,0.17000
1749599100,0.17000
1749600000,0.17000
1749600900,0.17000
1749601800,0.17000
1749602700,0.17000
1749603600,0.17000
1749604500,0.17000
1749605400,0.17000
1749606300,0.17000
1749607200,0.17000
1749608100,0.17000
1749609000,0.17000
1749609900,0.17000
1749610800,0.17000
1749611700,0.17000
1749612600,0.17000
1749613500,0.17000
1749614400,0.17000
1749615300,0.17000
1749616200,0.17000
1749617100,0.17000
1749618000,0.13000
1749618900,0.13000
1749619800,0.13000
1749620700,0.13000
1749621600,0.13000
1749622500,0.13000
1749623400,0.13000
1749624300,0.13000
1749625200,0.13000
1749626100,0.17000
1749627000,0.17000
1749627900,0.17000
1749628800,0.17000
1749629700,0.17000
1749630600,0.17000
1749631500,0.17000
1749632400,0.17000
1749633300,0.17000
1749634200,0.17000
1749635100,0.17000
1749636000,0.17000
1749636900,0.17000
1749637800,0.17000
1749638700,0.17000
1749639600,0.17000
1749640500,0.17000
1749641400,0.17000
1749642300,0.17000
1749643200,0.17000
1749644100,0.17000
1749645000,0.17000
1749645900,0.17000
1749646800,0.17000
1749647700,0.17000
1749648600,0.17000
1749649500,0.17000
1749650400,0.17000
1749651300,0.17000
1749652200,0.17000
1749653100,0.17000
1749654000,0.17000
1749654900,0.17000
1749655800,0.17000
1749656700,0.17000
1749657600,0.17000
1749658500,0.17000
1749659400,0.17000
1749660300,0.17000
1749661200,0.17000
1749662100,0.17000
1749663000,0.17000
1749663900,0.17000
1749664800,0.17000
1749665700,0.17000
1749666600,0.17000
1749667500,0.17000
1749668400,0.17000
1749669300,0.17000
1749670200,0.17000
1749671100,0.17000
1749672000,0.17000
1749672900,0.17000
1749673800,0.17000
1749674700,0.17000
1749679200,0.17000
1749680100,0.17000
1749681000,0.17000
1749681900,0.17000
1749682800,0.17000
1749683700,0.17000
1749684600,0.17000
1749685500,0.17000
1749686400,0.17000
1749687300,0.17000
1749688200,0.17000
1749689100,0.17000
1749690000,0.17000
1749690900,0.17000
1749691800,0.17000
1749692700,0.17000
1749693600,0.17000
1749694500,0.17000
1749695400,0.17000
1749696300,0.17000
1749697200,0.17000
1749698100,0.17000
1749699000,0.17000
1749699900,0.17000
1749700800,0.17000
1749701700,0.17000
1749702600,0.17000
1749703500,0.17000
1749704400,0.13000
1749705300,0.13000
1749706200,0.13000
1749707100,0.13000
1749708000,0.13000
1749708900,0.13000
1749709800,0.13000
1749710700,0.13000
1749711600,0.13000
1749712500,0.17000
1749713400,0.17000
1749714300,0.17000
1749715200,0.17000
1749716100,0.17000
1749717000,0.17000
1749717900,0.17000
1749718800,0.17000
1749719700,0.17000
1749720600,0.17000
1749721500,0.17000
1749722400,0.17000
1749723300,0.17000
1749724200,0.17000
1749725100,0.17000
1749726000,0.17000
1749726900,0.17000
1749727800,0.17000
1749728700,0.17000
1749729600,0.17000
1749730500,0.17000
1749731400,0.17000
1749732300,0.17000
1749733200,0.17000
1749734100,0.17000
1749735000,0.17000
1749735900,0.17000
1749736800,0.17000
1749737700,0.17000
1749738600,0.17000
1749739500,0.17000
1749740400,0.17000
1749741300,0.17000
1749742200,0.17000
1749743100,0.17000
1749744000,0.17000
1749744900,0.17000
1749745800,0.17000
1749746700,0.17000
1749747600,0.17000
1749748500,0.17000
1749749400,0.17000
1749750300,0.17000
1749751200,0.17000
1749752100,0.17000
1749753000,0.17000
1749753900,0.17000
1749754800,0.17000
1749755700,0.17000
1749756600,0.17000
1749757500,0.17000
1749758400,0.17000
1749759300,0.17000
1749760200,0.17000
1749761100,0.17000
1749765600,0.17000
1749766500,0.17000
1749767400,0.17000
1749768300,0.17000
1749769200,0.17000
1749770100,0.17000
1749771000,0.17000
1749771900,0.17000
1749772800,0.17000
1749773700,0.17000
1749774600,0.17000
1749775500,0.17000
1749776400,0.17000
1749777300,0.17000
1749778200,0.17000
1749779100,0.17000
1749780000,0.17000
1749780900,0.17000
1749781800,0.17000
1749782700,0.17000
1749783600,0.17000
1749784500,0.17000
1749785400,0.17000
1749786300,0.17000
1749787200,0.17000
1749788100,0.17000
1749789000,0.17000
1749789900,0.17000
1749790800,0.13000
1749791700,0.13000
1749792600,0.13000
1749793500,0.13000
1749794400,0.13000
1749795300,0.13000
1749796200,0.13000
1749797100,0.13000
1749798000,0.13000
1749798900,0.17000
1749799800,0.17000
1749800700,0.17000
1749801600,0.17000
1749802500,0.17000
1749803400,0.17000
1749804300,0.17000
1749805200,0.17000
1749806100,0.17000
1749807000,0.17000
1749807900,0.17000
1749808800,0.17000
1749809700,0.17000
1749810600,0.17000
1749811500,0.17000
1749812400,0.17000
1749813300,0.17000
1749814200,0.17000
1749815100,0.17000
1749816000,0.17000
1749816900,0.17000
1749817800,0.17000
1749818700,0.17000
1749819600,0.17000
1749820500,0.17000
1749821400,0.17000
1749822300,0.17000
1749823200,0.17000
1749824100,0.17000
1749825000,0.17000
1749825900,0.17000
1749826800,0.17000
1749827700,0.17000
1749828600,0.17000
1749829500,0.17000
1749830400,0.17000
1749831300,0.17000
1749832200,0.17000
1749833100,0.17000
1749834000,0.17000
1749834900,0.17000
1749835800,0.17000
1749836700,0.17000
1749837600,0.17000
1749838500,0.17000
1749839400,0.17000
1749840300,0.17000
1749841200,0.17000
1749842100,0.17000
1749843000,0.17000
1749843900,0.17000
1749844800,0.17000
1749845700,0.17000
1749846600,0.17000
1750024800,0.17000
1750025700,0.17000
1750026600,0.17000
1750027500,0.17000
1750028400,0.17000
1750029300,0.17000
1750030200,0.17000
1750031100,0.17000
1750032000,0.17000
1750032900,0.17000
1750033800,0.17000
1750034700,0.17000
1750035600,0.17000
1750036500,0.17000
1750037400,0.17000
1750038300,0.17000
1750039200,0.17000
1750040100,0.17000
1750041000,0.17000
1750041900,0.17000
1750042800,0.17000
1750043700,0.17000
1750044600,0.17000
1750045500,0.17000
1750046400,0.17000
1750047300,0.17000
1750048200,0.17000
1750049100,0.17000
1750050000,0.13000
1750050900,0.13000
1750051800,0.13000
1750052700,0.13000
1750053600,0.13000
1750054500,0.13000
1750055400,0.13000
1750056300,0.13000
1750057200,0.13000
1750058100,0.17000
1750059000,0.17000
1750059900,0.17000
1750060800,0.17000
1750061700,0.17000
1750062600,0.17000
1750063500,0.17000
1750064400,0.17000
1750065300,0.17000
1750066200,0.17000
1750067100,0.17000
1750068000,0.17000
1750068900,0.17000
1750069800,0.17000
1750070700,0.17000
1750071600,0.17000
1750072500,0.17000
1750073400,0.17000
1750074300,0.17000
1750075200,0.17000
1750076100,0.17000
1750077000,0.17000
1750077900,0.17000
1750078800,0.17000
1750079700,0.17000
1750080600,0.17000
1750081500,0.17000
1750082400,0.17000
1750083300,0.17000
1750084200,0.17000
1750085100,0.17000
1750086000,0.17000
1750086900,0.17000
1750087800,0.17000
1750088700,0.17000
1750089600,0.17000
1750090500,0.17000
1750091400,0.17000
1750092300,0.17000
1750093200,0.17000
1750094100,0.17000
1750095000,0.17000
1750095900,0.17000
1750096800,0.17000
1750097700,0.17000
1750098600,0.17000
1750099500,0.17000
1750100400,0.17000
1750101300,0.17000
1750102200,0.17000
1750103100,0.17000
1750104000,0.17000
1750104900,0.17000
1750105800,0.17000
1750106700,0.17000
1750111200,0.17000
1750112100,0.17000
1750113000,0.17000
1750113900,0.17000
1750114800,0.17000
1750115700,0.17000
1750116600,0.17000
1750117500,0.17000
1750118400,0.17000
1750119300,0.17000
1750120200,0.17000
1750121100,0.17000
1750122000,0.17000
1750122900,0.17000
1750123800,0.17000
1750124700,0.17000
1750125600,0.17000
1750126500,0.17000
1750127400,0.17000
1750128300,0.17000
1750129200,0.17000
1750130100,0.17000
1750131000,0.17000
1750131900,0.17000
1750132800,0.17000
1750133700,0.17000
1750134600,0.17000
1750135500,0.17000
1750136400,0.13000
1750137300,0.13000
1750138200,0.13000
1750139100,0.13000
1750140000,0.13000
1750140900,0.13000
1750141800,0.13000
1750142700,0.13000
1750143600,0.13000
1750144500,0.17000
1750145400,0.17000
1750146300,0.17000
1750147200,0.17000
1750148100,0.17000
1750149000,0.17000
1750149900,0.17000
1750150800,0.17000
1750151700,0.17000
1750152600,0.17000
1750153500,0.17000
1750154400,0.17000
1750155300,0.17000
1750156200,0.17000
1750157100,0.17000
1750158000,0.17000
1750158900,0.17000
1750159800,0.17000
1750160700,0.17000
1750161600,0.17000
1750162500,0.17000
1750163400,0.17000
1750164300,0.17000
1750165200,0.17000
1750166100,0.17000
1750167000,0.17000
1750167900,0.17000
1750168800,0.17000
1750169700,0.17000
1750170600,0.17000
1750171500,0.17000
1750172400,0.17000
1750173300,0.17000
1750174200,0.17000
1750175100,0.17000
1750176000,0.17000
1750176900,0.17000
1750177800,0.17000
1750178700,0.17000
1750179600,0.17000
1750180500,0.17000
1750181400,0.17000
1750182300,0.17000
1750183200,0.17000
1750184100,0.17000
1750185000,0.17000
1750185900,0.17000
1750186800,0.17000
1750187700,0.17000
1750188600,0.17000
1750189500,0.17000
1750190400,0.17000
1750191300,0.17000
1750192200,0.17000
1750193100,0.17000
1750197600,0.17000
1750198500,0.17000
1750199400,0.17000
1750200300,0.17000
1750201200,0.17000
1750202100,0.17000
1750203000,0.17000
1750203900,0.17000
1750204800,0.17000
1750205700,0.17000
1750206600,0.17000
1750207500,0.17000
1750208400,0.17000
1750209300,0.17000
1750210200,0.17000
1750211100,0.17000
1750212000,0.17000
1750212900,0.17000
1750213800,0.17000
1750214700,0.17000
1750215600,0.17000
1750216500,0.17000
1750217400,0.17000
1750218300,0.17000
1750219200,0.17000
1750220100,0.17000
1750221000,0.17000
1750221900,0.17000
1750222800,0.13000
1750223700,0.13000
1750224600,0.13000
1750225500,0.13000
1750226400,0.13000
1750227300,0.13000
1750228200,0.13000
1750229100,0.13000
1750230000,0.13000
1750230900,0.17000
1750231800,0.17000
1750232700,0.17000
1750233600,0.17000
1750234500,0.17000
1750235400,0.17000
1750236300,0.17000
1750237200,0.17000
1750238100,0.17000
1750239000,0.17000
1750239900,0.17000
1750240800,0.17000
1750241700,0.17000
1750242600,0.17000
1750243500,0.17000
1750244400,0.17000
1750245300,0.17000
1750246200,0.17000
1750247100,0.17000
1750248000,0.17000
1750248900,0.17000
1750249800,0.17000
1750250700,0.17000
1750251600,0.17000
1750252500,0.17000
1750253400,0.17000
1750254300,0.17000
1750255200,0.17000
1750256100,0.17000
1750257000,0.17000
1750257900,0.17000
1750258800,0.17000
1750259700,0.17000
1750260600,0.17000
1750261500,0.17000
1750262400,0.17000
1750263300,0.17000
1750264200,0.17000
1750265100,0.17000
1750266000,0.17000
1750266900,0.17000
1750267800,0.17000
1750268700,0.17000
1750269600,0.17000
1750270500,0.17000
1750271400,0.17000
1750272300,0.17000
1750273200,0.17000
1750274100,0.17000
1750275000,0.17000
1750275900,0.17000
1750276800,0.17000
1750277700,0.17000
1750278600,0.17000
1750279500,0.17000
1750284000,0.17000
1750284900,0.17000
1750285800,0.17000
1750286700,0.17000
1750287600,0.17000
1750288500,0.17000
1750289400,0.17000
1750290300,0.17000
1750291200,0.17000
1750292100,0.17000
1750293000,0.17000
1750293900,0.17000
1750294800,0.17000
1750295700,0.17000
1750296600,0.17000
1750297500,0.17000
1750298400,0.17000
1750299300,0.17000
1750300200,0.17000
1750301100,0.17000
1750302000,0.17000
1750302900,0.17000
1750303800,0.17000
1750304700,0.17000
1750305600,0.17000
1750306500,0.17000
1750307400,0.17000
1750308300,0.17000
1750309200,0.13000
1750310100,0.13000
1750311000,0.13000
1750311900,0.13000
1750312800,0.13000
1750313700,0.13000
1750314600,0.13000
1750315500,0.13000
1750316400,0.13000
1750317300,0.17000
1750318200,0.17000
1750319100,0.17000
1750320000,0.17000
1750320900,0.17000
1750321800,0.17000
1750322700,0.17000
1750323600,0.17000
1750324500,0.17000
1750325400,0.17000
1750326300,0.17000
1750327200,0.17000
1750328100,0.17000
1750329000,0.17000
1750329900,0.17000
1750330800,0.17000
1750331700,0.17000
1750332600,0.17000
1750333500,0.17000
1750334400,0.17000
1750335300,0.17000
1750336200,0.17000
1750337100,0.17000
1750338000,0.17000
1750338900,0.17000
1750339800,0.17000
1750340700,0.17000
1750341600,0.17000
1750342500,0.17000
1750343400,0.17000
1750344300,0.17000
1750345200,0.17000
1750346100,0.17000
1750347000,0.17000
1750347900,0.17000
1750348800,0.17000
1750349700,0.17000
1750350600,0.17000
1750351500,0.17000
1750352400,0.17000
1750353300,0.17000
1750354200,0.17000
1750355100,0.17000
1750356000,0.17000
1750356900,0.17000
1750357800,0.54000
1750370400,0.17000
1750371300,0.17000
1750372200,0.17000
1750373100,0.17000
1750374000,0.17000
1750374900,0.17000
1750375800,0.17000
1750376700,0.17000
1750377600,0.17000
1750378500,0.17000
1750379400,0.17000
1750380300,0.17000
1750381200,0.17000
1750382100,0.17000
1750383000,0.17000
1750383900,0.17000
1750384800,0.17000
1750385700,0.17000
1750386600,0.17000
1750387500,0.17000
1750388400,0.17000
1750389300,0.17000
1750390200,0.17000
1750391100,0.17000
1750392000,0.17000
1750392900,0.17000
1750393800,0.17000
1750394700,0.17000
1750395600,0.13000
1750396500,0.13000
1750397400,0.13000
1750398300,0.13000
1750399200,0.13000
1750400100,0.13000
1750401000,0.13000
1750401900,0.13000
1750402800,0.13000
1750403700,0.17000
1750404600,0.17000
1750405500,0.17000
1750406400,0.17000
1750407300,0.17000
1750408200,0.17000
1750409100,0.17000
1750410000,0.17000
1750410900,0.17000
1750411800,0.17000
1750412700,0.17000
1750413600,0.17000
1750414500,0.17000
1750415400,0.17000
1750416300,0.17000
1750417200,0.17000
1750418100,0.17000
1750419000,0.17000
1750419900,0.17000
1750420800,0.17000
1750421700,0.17000
1750422600,0.17000
1750423500,0.17000
1750424400,0.17000
1750425300,0.17000
1750426200,0.17000
1750427100,0.17000
1750428000,0.17000
1750428900,0.17000
1750429800,0.17000
1750430700,0.17000
1750431600,0.17000
1750432500,0.17000
1750433400,0.17000
1750434300,0.17000
1750435200,0.17000
1750436100,0.17000
1750437000,0.17000
1750437900,0.17000
1750438800,0.17000
1750439700,0.17000
1750440600,0.17000
1750441500,0.17000
1750442400,0.17000
1750443300,0.17000
1750444200,0.17000
1750445100,0.17000
1750446000,0.17000
1750446900,0.17000
1750447800,0.17000
1750448700,0.17000
1750449600,0.17000
1750450500,0.17000
1750451400,0.17000
1750629600,0.17000
1750630500,0.17000
1750631400,0.17000
1750632300,0.17000
1750633200,0.17000
1750634100,0.17000
1750635000,0.17000
1750635900,0.17000
1750636800,0.17000
1750637700,0.17000
1750638600,0.17000
1750639500,0.17000
1750640400,0.17000
1750641300,0.17000
1750642200,0.17000
1750643100,0.17000
1750644000,0.17000
1750644900,0.17000
1750645800,0.17000
1750646700,0.17000
1750647600,0.17000
1750648500,0.17000
1750649400,0.17000
1750650300,0.17000
1750651200,0.17000
1750652100,0.17000
1750653000,0.17000
1750653900,0.17000
1750654800,0.13000
1750655700,0.13000
1750656600,0.13000
1750657500,0.13000
1750658400,0.13000
1750659300,0.13000
1750660200,0.13000
1750661100,0.13000
1750662000,0.13000
1750662900,0.17000
1750663800,0.17000
1750664700,0.17000
1750665600,0.17000
1750666500,0.17000
1750667400,0.17000
1750668300,0.17000
1750669200,0.17000
1750670100,0.17000
1750671000,0.17000
1750671900,0.17000
1750672800,0.17000
1750673700,0.17000
1750674600,0.17000
1750675500,0.17000
1750676400,0.17000
1750677300,0.17000
1750678200,0.17000
1750679100,0.17000
1750680000,0.17000
1750680900,0.17000
1750681800,0.17000
1750682700,0.17000
1750683600,0.17000
1750684500,0.17000
1750685400,0.17000
1750686300,0.17000
1750687200,0.17000
1750688100,0.17000
1750689000,0.17000
1750689900,0.17000
1750690800,0.17000
1750691700,0.17000
1750692600,0.17000
1750693500,0.17000
1750694400,0.17000
1750695300,0.17000
1750696200,0.17000
1750697100,0.17000
1750698000,0.17000
1750698900,0.17000
1750699800,0.17000
1750700700,0.17000
1750701600,0.17000
1750702500,0.17000
1750703400,0.17000
1750704300,0.17000
1750705200,0.17000
1750706100,0.17000
1750707000,0.17000
1750707900,0.17000
1750708800,0.17000
1750709700,0.17000
1750710600,0.17000
1750711500,0.17000
1750716000,0.17000
1750716900,0.17000
1750717800,0.17000
1750718700,0.17000
1750719600,0.17000
1750720500,0.17000
1750721400,0.17000
1750722300,0.17000
1750723200,0.17000
1750724100,0.17000
1750725000,0.17000
1750725900,0.17000
1750726800,0.17000
1750727700,0.17000
1750728600,0.17000
1750729500,0.17000
1750730400,0.17000
1750731300,0.17000
1750732200,0.17000
1750733100,0.17000
1750734000,0.17000
1750734900,0.17000
1750735800,0.17000
1750736700,0.17000
1750737600,0.17000
1750738500,0.17000
1750739400,0.17000
1750740300,0.17000
1750741200,0.13000
1750742100,0.13000
1750743000,0.13000
1750743900,0.13000
1750744800,0.13000
1750745700,0.13000
1750746600,0.13000
1750747500,0.13000
1750748400,0.13000
1750749300,0.17000
1750750200,0.17000
1750751100,0.17000
1750752000,0.17000
1750752900,0.17000
1750753800,0.17000
1750754700,0.17000
1750755600,0.17000
1750756500,0.17000
1750757400,0.17000
1750758300,0.17000
1750759200,0.17000
1750760100,0.17000
1750761000,0.17000
1750761900,0.17000
1750762800,0.17000
1750763700,0.17000
1750764600,0.17000
1750765500,0.17000
1750766400,0.17000
1750767300,0.12000
1750768200,0.12000
1750769100,0.12000
1750770000,0.12000
1750770900,0.12000
1750771800,0.12000
1750772700,0.12000
1750773600,0.12000
1750774500,0.12000
1750775400,0.12000
1750776300,0.12000
1750777200,0.12000
1750778100,0.12000
1750779000,0.12000
1750779900,0.12000
1750780800,0.12000
1750781700,0.12000
1750782600,0.12000
1750783500,0.12000
1750784400,0.12000
1750785300,0.12000
1750786200,0.12000
1750787100,0.12000
1750788000,0.12000
1750788900,0.12000
1750789800,0.12000
1750790700,0.12000
1750791600,0.12000
1750792500,0.12000
1750793400,0.12000
1750794300,0.12000
1750795200,0.12000
1750796100,0.12000
1750797000,0.12000
1750797900,0.12000
1750802400,0.12000
1750803300,0.12000
1750804200,0.12000
1750805100,0.12000
1750806000,0.12000
1750806900,0.12000
1750807800,0.12000
1750808700,0.12000
1750809600,0.12000
1750810500,0.12000
1750811400,0.12000
1750812300,0.12000
1750813200,0.12000
1750814100,0.12000
1750815000,0.12000
1750815900,0.12000
1750816800,0.12000
1750817700,0.12000
1750818600,0.12000
1750819500,0.12000
1750820400,0.12000
1750821300,0.12000
1750822200,0.12000
1750823100,0.12000
1750824000,0.12000
1750824900,0.12000
1750825800,0.12000
1750826700,0.12000
1750827600,0.07000
1750828500,0.07000
1750829400,0.07000
1750830300,0.07000
1750831200,0.07000
1750832100,0.07000
1750833000,0.07000
1750833900,0.07000
1750834800,0.07000
1750835700,0.12000
1750836600,0.12000
1750837500,0.12000
1750838400,0.12000
1750839300,0.12000
1750840200,0.12000
1750841100,0.12000
1750842000,0.12000
1750842900,0.12000
1750843800,0.12000
1750844700,0.12000
1750845600,0.12000
1750846500,0.12000
1750847400,0.12000
1750848300,0.12000
1750849200,0.12000
1750850100,0.12000
1750851000,0.12000
1750851900,0.12000
1750852800,0.12000
1750853700,0.12000
1750854600,0.12000
1750855500,0.12000
1750856400,0.12000
1750857300,0.12000
1750858200,0.12000
1750859100,0.12000
1750860000,0.12000
1750860900,0.12000
1750861800,0.12000
1750862700,0.12000
1750863600,0.12000
1750864500,0.12000
1750865400,0.12000
1750866300,0.12000
1750867200,0.12000
1750868100,0.12000
1750869000,0.12000
1750869900,0.12000
1750870800,0.12000
1750871700,0.12000
1750872600,0.12000
1750873500,0.12000
1750874400,0.12000
1750875300,0.12000
1750876200,0.12000
1750877100,0.12000
1750878000,0.12000
1750878900,0.12000
1750879800,0.12000
1750880700,0.12000
1750881600,0.12000
1750882500,0.12000
1750883400,0.12000
1750884300,0.12000
1750888800,0.12000
1750889700,0.12000
1750890600,0.12000
1750891500,0.12000
1750892400,0.12000
1750893300,0.12000
1750894200,0.12000
1750895100,0.12000
1750896000,0.12000
1750896900,0.12000
1750897800,0.12000
1750898700,0.12000
1750899600,0.12000
1750900500,0.12000
1750901400,0.12000
1750902300,0.12000
1750903200,0.12000
1750904100,0.12000
1750905000,0.12000
1750905900,0.12000
1750906800,0.12000
1750907700,0.12000
1750908600,0.12000
1750909500,0.12000
1750910400,0.12000
1750911300,0.12000
1750912200,0.12000
1750913100,0.12000
1750914000,0.07000
1750914900,0.07000
1750915800,0.07000
1750916700,0.07000
1750917600,0.07000
1750918500,0.07000
1750919400,0.07000
1750920300,0.07000
1750921200,0.07000
1750922100,0.12000
1750923000,0.12000
1750923900,0.12000
1750924800,0.12000
1750925700,0.12000
1750926600,0.12000
1750927500,0.12000
1750928400,0.12000
1750929300,0.12000
1750930200,0.12000
1750931100,0.12000
1750932000,0.12000
1750932900,0.12000
1750933800,0.12000
1750934700,0.12000
1750935600,0.12000
1750936500,0.12000
1750937400,0.12000
1750938300,0.12000
1750939200,0.12000
1750940100,0.12000
1750941000,0.12000
1750941900,0.12000
1750942800,0.12000
1750943700,0.12000
1750944600,0.12000
1750945500,0.12000
1750946400,0.12000
1750947300,0.12000
1750948200,0.12000
1750949100,0.12000
1750950000,0.12000
1750950900,0.12000
1750951800,0.12000
1750952700,0.12000
1750953600,0.12000
1750954500,0.12000
1750955400,0.12000
1750956300,0.12000
1750957200,0.12000
1750958100,0.12000
1750959000,0.12000
1750959900,0.12000
1750960800,0.12000
1750961700,0.12000
1750962600,0.12000
1750963500,0.12000
1750964400,0.12000
1750965300,0.12000
1750966200,0.12000
1750967100,0.12000
1750968000,0.12000
1750968900,0.12000
1750969800,0.12000
1750970700,0.12000
1750975200,0.12000
1750976100,0.12000
1750977000,0.12000
1750977900,0.12000
1750978800,0.12000
1750979700,0.12000
1750980600,0.12000
1750981500,0.12000
1750982400,0.12000
1750983300,0.12000
1750984200,0.12000
1750985100,0.12000
1750986000,0.12000
1750986900,0.12000
1750987800,0.12000
1750988700,0.12000
1750989600,0.12000
1750990500,0.12000
1750991400,0.12000
1750992300,0.12000
1750993200,0.12000
1750994100,0.12000
1750995000,0.12000
1750995900,0.12000
1750996800,0.12000
1750997700,0.12000
1750998600,0.12000
1750999500,0.12000
1751000400,0.07000
1751001300,0.07000
1751002200,0.07000
1751003100,0.07000
1751004000,0.07000
1751004900,0.07000
1751005800,0.07000
1751006700,0.07000
1751007600,0.07000
1751008500,0.12000
1751009400,0.12000
1751010300,0.12000
1751011200,0.12000
1751012100,0.12000
1751013000,0.12000
1751013900,0.12000
1751014800,0.12000
1751015700,0.12000
1751016600,0.12000
1751017500,0.12000
1751018400,0.12000
1751019300,0.12000
1751020200,0.12000
1751021100,0.12000
1751022000,0.12000
1751022900,0.12000
1751023800,0.12000
1751024700,0.12000
1751025600,0.12000
1751026500,0.12000
1751027400,0.12000
1751028300,0.12000
1751029200,0.12000
1751030100,0.12000
1751031000,0.12000
1751031900,0.12000
1751032800,0.12000
1751033700,0.12000
1751034600,0.12000
1751035500,0.12000
1751036400,0.12000
1751037300,0.12000
1751038200,0.12000
1751039100,0.12000
1751040000,0.12000
1751040900,0.12000
1751041800,0.12000
1751042700,0.12000
1751043600,0.12000
1751044500,0.12000
1751045400,0.12000
1751046300,0.12000
1751047200,0.12000
1751048100,0.12000
1751049000,0.12000
1751049900,0.12000
1751050800,0.12000
1751051700,0.12000
1751052600,0.12000
1751053500,0.12000
1751054400,0.12000
1751055300,0.12000
1751056200,0.12000
1751234400,0.12000
1751235300,0.12000
1751236200,0.12000
1751237100,0.12000
1751238000,0.12000
1751238900,0.12000
1751239800,0.12000
1751240700,0.12000
1751241600,0.12000
1751242500,0.12000
1751243400,0.12000
1751244300,0.12000
1751245200,0.12000
1751246100,0.12000
1751247000,0.12000
1751247900,0.12000
1751248800,0.12000
1751249700,0.12000
1751250600,0.12000
1751251500,0.12000
1751252400,0.12000
1751253300,0.12000
1751254200,0.12000
1751255100,0.12000
1751256000,0.12000
1751256900,0.12000
1751257800,0.12000
1751258700,0.12000
1751259600,0.07000
1751260500,0.07000
1751261400,0.07000
1751262300,0.07000
1751263200,0.07000
1751264100,0.07000
1751265000,0.07000
1751265900,0.07000
1751266800,0.07000
1751267700,0.12000
1751268600,0.12000
1751269500,0.12000
1751270400,0.12000
1751271300,0.12000
1751272200,0.12000
1751273100,0.12000
1751274000,0.12000
1751274900,0.12000
1751275800,0.12000
1751276700,0.12000
1751277600,0.12000
1751278500,0.12000
1751279400,0.12000
1751280300,0.12000
1751281200,0.12000
1751282100,0.12000
1751283000,0.12000
1751283900,0.12000
1751284800,0.12000
1751285700,0.12000
1751286600,0.12000
1751287500,0.12000
1751288400,0.12000
1751289300,0.12000
1751290200,0.12000
1751291100,0.12000
1751292000,0.12000
1751292900,0.12000
1751293800,0.12000
1751294700,0.12000
1751295600,0.12000
1751296500,0.12000
1751297400,0.12000
1751298300,0.12000
1751299200,0.12000
1751300100,0.12000
1751301000,0.12000
1751301900,0.12000
1751302800,0.12000
1751303700,0.12000
1751304600,0.12000
1751305500,0.12000
1751306400,0.12000
1751307300,0.12000
1751308200,0.12000
1751309100,0.12000
1751310000,0.12000
1751310900,0.12000
1751311800,0.12000
1751312700,0.12000
1751313600,0.12000
1751314500,0.12000
1751315400,0.12000
1751316300,0.12000
1751320800,0.12000
1751321700,0.12000
1751322600,0.12000
1751323500,0.12000
1751324400,0.12000
1751325300,0.12000
1751326200,0.12000
1751327100,0.12000
1751328000,0.12000
1751328900,0.12000
1751329800,0.12000
1751330700,0.12000
1751331600,0.12000
1751332500,0.12000
1751333400,0.12000
1751334300,0.12000
1751335200,0.12000
1751336100,0.12000
1751337000,0.12000
1751337900,0.12000
1751338800,0.12000
1751339700,0.12000
1751340600,0.12000
1751341500,0.12000
1751342400,0.12000
1751343300,0.12000
1751344200,0.12000
1751345100,0.12000
1751346000,0.07000
1751346900,0.07000
1751347800,0.07000
1751348700,0.07000
1751349600,0.07000
1751350500,0.07000
1751351400,0.07000
1751352300,0.07000
1751353200,0.07000
1751354100,0.12000
1751355000,0.12000
1751355900,0.12000
1751356800,0.12000
1751357700,0.12000
1751358600,0.12000
1751359500,0.12000
1751360400,0.12000
1751361300,0.12000
1751362200,0.12000
1751363100,0.12000
1751364000,0.12000
1751364900,0.12000
1751365800,0.12000
1751366700,0.12000
1751367600,0.12000
1751368500,0.12000
1751369400,0.12000
1751370300,0.12000
1751371200,0.12000
1751372100,0.12000
1751373000,0.12000
1751373900,0.12000
1751374800,0.12000
1751375700,0.12000
1751376600,0.12000
1751377500,0.12000
1751378400,0.12000
1751379300,0.12000
1751380200,0.12000
1751381100,0.12000
1751382000,0.12000
1751382900,0.12000
1751383800,0.12000
1751384700,0.12000
1751385600,0.12000
1751386500,0.12000
1751387400,0.12000
1751388300,0.12000
1751389200,0.12000
1751390100,0.12000
1751391000,0.12000
1751391900,0.12000
1751392800,0.12000
1751393700,0.12000
1751394600,0.12000
1751395500,0.12000
1751396400,0.12000
1751397300,0.12000
1751398200,0.12000
1751399100,0.12000
1751400000,0.12000
1751400900,0.12000
1751401800,0.12000
1751402700,0.12000
1751407200,0.12000
1751408100,0.12000
1751409000,0.12000
1751409900,0.12000
1751410800,0.12000
1751411700,0.12000
1751412600,0.12000
1751413500,0.12000
1751414400,0.12000
1751415300,0.12000
1751416200,0.12000
1751417100,0.12000
1751418000,0.12000
1751418900,0.12000
1751419800,0.12000
1751420700,0.12000
1751421600,0.12000
1751422500,0.12000
1751423400,0.12000
1751424300,0.12000
1751425200,0.12000
1751426100,0.12000
1751427000,0.12000
1751427900,0.12000
1751428800,0.12000
1751429700,0.12000
1751430600,0.12000
1751431500,0.12000
1751432400,0.07000
1751433300,0.07000
1751434200,0.07000
1751435100,0.07000
1751436000,0.07000
1751436900,0.07000
1751437800,0.07000
1751438700,0.07000
1751439600,0.07000
1751440500,0.12000
1751441400,0.12000
1751442300,0.12000
1751443200,0.12000
1751444100,0.12000
1751445000,0.12000
1751445900,0.12000
1751446800,0.12000
1751447700,0.12000
1751448600,0.12000
1751449500,0.12000
1751450400,0.12000
1751451300,0.12000
1751452200,0.12000
1751453100,0.12000
1751454000,0.12000
1751454900,0.12000
1751455800,0.12000
1751456700,0.12000
1751457600,0.12000
1751458500,0.12000
1751459400,0.12000
1751460300,0.12000
1751461200,0.12000
1751462100,0.12000
1751463000,0.12000
1751463900,0.12000
1751464800,0.12000
1751465700,0.12000
1751466600,0.12000
1751467500,0.12000
1751468400,0.12000
1751469300,0.12000
1751470200,0.12000
1751471100,0.12000
1751472000,0.12000
1751472900,0.12000
1751473800,0.12000
1751474700,0.12000
1751475600,0.12000
1751476500,0.12000
1751477400,0.12000
1751478300,0.12000
1751479200,0.12000
1751480100,0.12000
1751481000,0.12000
1751481900,0.12000
1751482800,0.12000
1751483700,0.12000
1751484600,0.12000
1751485500,0.12000
1751486400,0.12000
1751487300,0.12000
1751488200,0.12000
1751489100,0.12000
1751493600,0.12000
1751494500,0.12000
1751495400,0.12000
1751496300,0.12000
1751497200,0.12000
1751498100,0.12000
1751499000,0.12000
1751499900,0.12000
1751500800,0.12000
1751501700,0.12000
1751502600,0.12000
1751503500,0.12000
1751504400,0.12000
1751505300,0.12000
1751506200,0.12000
1751507100,0.12000
1751508000,0.12000
1751508900,0.12000
1751509800,0.12000
1751510700,0.12000
1751511600,0.12000
1751512500,0.12000
1751513400,0.12000
1751514300,0.12000
1751515200,0.12000
1751516100,0.12000
1751517000,0.12000
1751517900,0.12000
1751518800,0.07000
1751519700,0.07000
1751520600,0.07000
1751521500,0.07000
1751522400,0.07000
1751523300,0.07000
1751524200,0.07000
1751525100,0.07000
1751526000,0.07000
1751526900,0.12000
1751527800,0.12000
1751528700,0.12000
1751529600,0.12000
1751530500,0.12000
1751531400,0.12000
1751532300,0.12000
1751533200,0.12000
1751534100,0.12000
1751535000,0.12000
1751535900,0.12000
1751536800,0.12000
1751537700,0.12000
1751538600,0.12000
1751539500,0.12000
1751540400,0.12000
1751541300,0.12000
1751542200,0.12000
1751543100,0.12000
1751544000,0.12000
1751544900,0.12000
1751545800,0.12000
1751546700,0.12000
1751547600,0.12000
1751548500,0.12000
1751549400,0.12000
1751550300,0.12000
1751551200,0.12000
1751552100,0.12000
1751553000,0.12000
1751553900,0.12000
1751554800,0.12000
1751555700,0.12000
1751556600,0.12000
1751557500,0.12000
1751558400,0.12000
1751559300,0.12000
1751560200,0.12000
1751561100,0.12000
1751562000,0.12000
1751562900,0.12000
1751563800,0.12000
1751564700,0.12000
1751565600,0.12000
1751566500,0.12000
1751567400,0.12000
1751568300,0.12000
1751569200,0.12000
1751570100,0.12000
1751571000,0.12000
1751571900,0.12000
1751572800,0.12000
1751573700,0.12000
1751574600,0.12000
1751575500,0.12000
1751580000,0.12000
1751580900,0.12000
1751581800,0.12000
1751582700,0.12000
1751583600,0.12000
1751584500,0.12000
1751585400,0.12000
1751586300,0.12000
1751587200,0.12000
1751588100,0.12000
1751589000,0.12000
1751589900,0.12000
1751590800,0.12000
1751591700,0.12000
1751592600,0.12000
1751593500,0.12000
1751594400,0.12000
1751595300,0.12000
1751596200,0.12000
1751597100,0.12000
1751598000,0.12000
1751598900,0.12000
1751599800,0.12000
1751600700,0.12000
1751601600,0.12000
1751602500,0.12000
1751603400,0.12000
1751604300,0.12000
1751605200,0.07000
1751606100,0.07000
1751607000,0.07000
1751607900,0.07000
1751608800,0.07000
1751609700,0.07000
1751610600,0.07000
1751611500,0.07000
1751612400,0.07000
1751613300,0.12000
1751614200,0.12000
1751615100,0.12000
1751616000,0.12000
1751616900,0.12000
1751617800,0.12000
1751618700,0.12000
1751619600,0.12000
1751620500,0.12000
1751621400,0.12000
1751622300,0.12000
1751623200,0.12000
1751624100,0.12000
1751625000,0.12000
1751625900,0.12000
1751626800,0.12000
1751627700,0.12000
1751628600,0.12000
1751629500,0.12000
1751630400,0.12000
1751631300,0.12000
1751632200,0.12000
1751633100,0.12000
1751634000,0.12000
1751634900,0.12000
1751635800,0.12000
1751636700,0.12000
1751637600,0.12000
1751638500,0.12000
1751639400,0.12000
1751640300,0.12000
1751641200,0.12000
1751642100,0.12000
1751643000,0.12000
1751643900,0.12000
1751644800,0.12000
1751645700,0.12000
1751646600,0.12000
1751647500,0.12000
1751839200,0.12000
1751840100,0.12000
1751841000,0.12000
1751841900,0.12000
1751842800,0.12000
1751843700,0.12000
1751844600,0.12000
1751845500,0.12000
1751846400,0.12000
1751847300,0.12000
1751848200,0.12000
1751849100,0.12000
1751850000,0.12000
1751850900,0.12000
1751851800,0.12000
1751852700,0.12000
1751853600,0.12000
1751854500,0.12000
1751855400,0.12000
1751856300,0.12000
1751857200,0.12000
1751858100,0.12000
1751859000,0.12000
1751859900,0.12000
1751860800,0.12000
1751861700,0.12000
1751862600,0.12000
1751863500,0.12000
1751864400,0.07000
1751865300,0.07000
1751866200,0.07000
1751867100,0.07000
1751868000,0.07000
1751868900,0.07000
1751869800,0.07000
1751870700,0.07000
1751871600,0.07000
1751872500,0.12000
1751873400,0.12000
1751874300,0.12000
1751875200,0.12000
1751876100,0.12000
1751877000,0.12000
1751877900,0.12000
1751878800,0.12000
1751879700,0.12000
1751880600,0.12000
1751881500,0.12000
1751882400,0.12000
1751883300,0.12000
1751884200,0.12000
1751885100,0.12000
1751886000,0.12000
1751886900,0.12000
1751887800,0.12000
1751888700,0.12000
1751889600,0.12000
1751890500,0.12000
1751891400,0.12000
1751892300,0.12000
1751893200,0.12000
1751894100,0.12000
1751895000,0.12000
1751895900,0.12000
1751896800,0.12000
1751897700,0.12000
1751898600,0.12000
1751899500,0.12000
1751900400,0.12000
1751901300,0.12000
1751902200,0.12000
1751903100,0.12000
1751904000,0.12000
1751904900,0.12000
1751905800,0.12000
1751906700,0.12000
1751907600,0.12000
1751908500,0.12000
1751909400,0.12000
1751910300,0.12000
1751911200,0.12000
1751912100,0.12000
1751913000,0.12000
1751913900,0.12000
1751914800,0.12000
1751915700,0.12000
1751916600,0.12000
1751917500,0.12000
1751918400,0.12000
1751919300,0.12000
1751920200,0.12000
1751921100,0.12000
1751925600,0.12000
1751926500,0.12000
1751927400,0.12000
1751928300,0.12000
1751929200,0.12000
1751930100,0.12000
1751931000,0.12000
1751931900,0.12000
1751932800,0.12000
1751933700,0.12000
1751934600,0.12000
1751935500,0.12000
1751936400,0.12000
1751937300,0.12000
1751938200,0.12000
1751939100,0.12000
1751940000,0.12000
1751940900,0.12000
1751941800,0.12000
1751942700,0.12000
1751943600,0.12000
1751944500,0.12000
1751945400,0.12000
1751946300,0.12000
1751947200,0.12000
1751948100,0.12000
1751949000,0.12000
1751949900,0.12000
1751950800,0.07000
1751951700,0.07000
1751952600,0.07000
1751953500,0.07000
1751954400,0.07000
1751955300,0.07000
1751956200,0.07000
1751957100,0.07000
1751958000,0.07000
1751958900,0.12000
1751959800,0.12000
1751960700,0.12000
1751961600,0.12000
1751962500,0.12000
1751963400,0.12000
1751964300,0.12000
1751965200,0.12000
1751966100,0.12000
1751967000,0.12000
1751967900,0.12000
1751968800,0.12000
1751969700,0.12000
1751970600,0.12000
1751971500,0.12000
1751972400,0.12000
1751973300,0.12000
1751974200,0.12000
1751975100,0.12000
1751976000,0.12000
1751976900,0.12000
1751977800,0.12000
1751978700,0.12000
1751979600,0.12000
1751980500,0.12000
1751981400,0.12000
1751982300,0.12000
1751983200,0.12000
1751984100,0.12000
1751985000,0.12000
1751985900,0.12000
1751986800,0.12000
1751987700,0.12000
1751988600,0.12000
1751989500,0.12000
1751990400,0.12000
1751991300,0.12000
1751992200,0.12000
1751993100,0.12000
1751994000,0.12000
1751994900,0.12000
1751995800,0.12000
1751996700,0.12000
1751997600,0.12000
1751998500,0.12000
1751999400,0.12000
1752000300,0.12000
1752001200,0.12000
1752002100,0.12000
1752003000,0.12000
1752003900,0.12000
1752004800,0.12000
1752005700,0.12000
1752006600,0.12000
1752007500,0.12000
1752012000,0.12000
1752012900,0.12000
1752013800,0.12000
1752014700,0.12000
1752015600,0.12000
1752016500,0.12000
1752017400,0.12000
1752018300,0.12000
1752019200,0.12000
1752020100,0.12000
1752021000,0.12000
1752021900,0.12000
1752022800,0.12000
1752023700,0.12000
1752024600,0.12000
1752025500,0.12000
1752026400,0.12000
1752027300,0.12000
1752028200,0.12000
1752029100,0.12000
1752030000,0.12000
1752030900,0.12000
1752031800,0.12000
1752032700,0.12000
1752033600,0.12000
1752034500,0.12000
1752035400,0.12000
1752036300,0.12000
1752037200,0.07000
1752038100,0.07000
1752039000,0.07000
1752039900,0.07000
1752040800,0.07000
1752041700,0.07000
1752042600,0.07000
1752043500,0.07000
1752044400,0.07000
1752045300,0.12000
1752046200,0.12000
1752047100,0.12000
1752048000,0.12000
1752048900,0.12000
1752049800,0.12000
1752050700,0.12000
1752051600,0.12000
1752052500,0.12000
1752053400,0.12000
1752054300,0.12000
1752055200,0.12000
1752056100,0.12000
1752057000,0.12000
1752057900,0.12000
1752058800,0.12000
1752059700,0.12000
1752060600,0.12000
1752061500,0.12000
1752062400,0.12000
1752063300,0.12000
1752064200,0.12000
1752065100,0.12000
1752066000,0.12000
1752066900,0.12000
1752067800,0.12000
1752068700,0.12000
1752069600,0.12000
1752070500,0.12000
1752071400,0.12000
1752072300,0.12000
1752073200,0.12000
1752074100,0.12000
1752075000,0.12000
1752075900,0.12000
1752076800,0.12000
1752077700,0.12000
1752078600,0.12000
1752079500,0.12000
1752080400,0.12000
1752081300,0.12000
1752082200,0.12000
1752083100,0.12000
1752084000,0.12000
1752084900,0.12000
1752085800,0.12000
1752086700,0.12000
1752087600,0.12000
1752088500,0.12000
1752089400,0.12000
1752090300,0.12000
1752091200,0.12000
1752092100,0.12000
1752093000,0.12000
1752093900,0.12000
1752098400,0.12000
1752099300,0.12000
1752100200,0.12000
1752101100,0.12000
1752102000,0.12000
1752102900,0.12000
1752103800,0.12000
1752104700,0.12000
1752105600,0.12000
1752106500,0.12000
1752107400,0.12000
1752108300,0.12000
1752109200,0.12000
1752110100,0.12000
1752111000,0.12000
1752111900,0.12000
1752112800,0.12000
1752113700,0.12000
1752114600,0.12000
1752115500,0.12000
1752116400,0.12000
1752117300,0.12000
1752118200,0.12000
1752119100,0.12000
1752120000,0.12000
1752120900,0.12000
1752121800,0.12000
1752122700,0.12000
1752123600,0.07000
1752124500,0.07000
1752125400,0.07000
1752126300,0.07000
1752127200,0.07000
1752128100,0.07000
1752129000,0.07000
1752129900,0.07000
1752130800,0.07000
1752131700,0.12000
1752132600,0.12000
1752133500,0.12000
1752134400,0.12000
1752135300,0.12000
1752136200,0.12000
1752137100,0.12000
1752138000,0.12000
1752138900,0.12000
1752139800,0.12000
1752140700,0.12000
1752141600,0.12000
1752142500,0.12000
1752143400,0.12000
1752144300,0.12000
1752145200,0.12000
1752146100,0.12000
1752147000,0.12000
1752147900,0.12000
1752148800,0.12000
1752149700,0.12000
1752150600,0.12000
1752151500,0.12000
1752152400,0.12000
1752153300,0.12000
1752154200,0.12000
1752155100,0.12000
1752156000,0.12000
1752156900,0.12000
1752157800,0.12000
1752158700,0.12000
1752159600,0.12000
1752160500,0.12000
1752161400,0.12000
1752162300,0.12000
1752163200,0.12000
1752164100,0.12000
1752165000,0.12000
1752165900,0.12000
1752166800,0.12000
1752167700,0.12000
1752168600,0.12000
1752169500,0.12000
1752170400,0.12000
1752171300,0.12000
1752172200,0.12000
1752173100,0.12000
1752174000,0.12000
1752174900,0.12000
1752175800,0.12000
1752176700,0.12000
1752177600,0.12000
1752178500,0.12000
1752179400,0.12000
1752180300,0.12000
1752184800,0.12000
1752185700,0.12000
1752186600,0.12000
1752187500,0.12000
1752188400,0.12000
1752189300,0.12000
1752190200,0.12000
1752191100,0.12000
1752192000,0.12000
1752192900,0.12000
1752193800,0.12000
1752194700,0.12000
1752195600,0.12000
1752196500,0.12000
1752197400,0.12000
1752198300,0.12000
1752199200,0.12000
1752200100,0.12000
1752201000,0.12000
1752201900,0.12000
1752202800,0.12000
1752203700,0.12000
1752204600,0.12000
1752205500,0.12000
1752206400,0.12000
1752207300,0.12000
1752208200,0.12000
1752209100,0.12000
1752210000,0.07000
1752210900,0.07000
1752211800,0.07000
1752212700,0.07000
1752213600,0.07000
1752214500,0.07000
1752215400,0.07000
1752216300,0.07000
1752217200,0.07000
1752218100,0.12000
1752219000,0.12000
1752219900,0.12000
1752220800,0.12000
1752221700,0.12000
1752222600,0.12000
1752223500,0.12000
1752224400,0.12000
1752225300,0.12000
1752226200,0.12000
1752227100,0.12000
1752228000,0.12000
1752228900,0.12000
1752229800,0.12000
1752230700,0.12000
1752231600,0.12000
1752232500,0.12000
1752233400,0.12000
1752234300,0.12000
1752235200,0.12000
1752236100,0.12000
1752237000,0.12000
1752237900,0.12000
1752238800,0.12000
1752239700,0.12000
1752240600,0.12000
1752241500,0.12000
1752242400,0.12000
1752243300,0.12000
1752244200,0.12000
1752245100,0.12000
1752246000,0.12000
1752246900,0.12000
1752247800,0.12000
1752248700,0.12000
1752249600,0.12000
1752250500,0.12000
1752251400,0.12000
1752252300,0.12000
1752253200,0.12000
1752254100,0.12000
1752255000,0.12000
1752255900,0.12000
1752256800,0.12000
1752257700,0.12000
1752258600,0.12000
1752259500,0.12000
1752260400,0.12000
1752261300,0.12000
1752262200,0.12000
1752263100,0.12000
1752264000,0.12000
1752264900,0.12000
1752265800,0.12000
1752444000,0.12000
1752444900,0.12000
1752445800,0.12000
1752446700,0.12000
1752447600,0.12000
1752448500,0.12000
1752449400,0.12000
1752450300,0.12000
1752451200,0.12000
1752452100,0.12000
1752453000,0.12000
1752453900,0.12000
1752454800,0.12000
1752455700,0.12000
1752456600,0.12000
1752457500,0.12000
1752458400,0.12000
1752459300,0.12000
1752460200,0.12000
1752461100,0.12000
1752462000,0.12000
1752462900,0.12000
1752463800,0.12000
1752464700,0.12000
1752465600,0.12000
1752466500,0.12000
1752467400,0.12000
1752468300,0.12000
1752469200,0.12000
1752470100,0.12000
1752471000,0.12000
1752471900,0.12000
1752472800,0.12000
1752473700,0.12000
1752474600,0.12000
1752475500,0.12000
1752476400,0.12000
1752477300,0.12000
1752478200,0.12000
1752479100,0.12000
1752480000,0.12000
1752480900,0.12000
1752481800,0.12000
1752482700,0.12000
1752483600,0.12000
1752484500,0.12000
1752485400,0.12000
1752486300,0.12000
1752487200,0.12000
1752488100,0.12000
1752489000,0.12000
1752489900,0.12000
1752490800,0.12000
1752491700,0.12000
1752492600,0.12000
1752493500,0.12000
1752494400,0.12000
1752495300,0.12000
1752496200,0.12000
1752497100,0.12000
1752498000,0.12000
1752498900,0.12000
1752499800,0.12000
1752500700,0.12000
1752501600,0.12000
1752502500,0.12000
1752503400,0.12000
1752504300,0.12000
1752505200,0.12000
1752506100,0.12000
1752507000,0.12000
1752507900,0.12000
1752508800,0.12000
1752509700,0.12000
1752510600,0.12000
1752511500,0.12000
1752512400,0.12000
1752513300,0.12000
1752514200,0.12000
1752515100,0.12000
1752516000,0.12000
1752516900,0.12000
1752517800,0.12000
1752518700,0.12000
1752519600,0.12000
1752520500,0.12000
1752521400,0.12000
1752522300,0.12000
1752523200,0.12000
1752524100,0.12000
1752525000,0.12000
1752525900,0.12000
1752530400,0.12000
1752531300,0.12000
1752532200,0.12000
1752533100,0.12000
1752534000,0.12000
1752534900,0.12000
1752535800,0.12000
1752536700,0.12000
1752537600,0.12000
1752538500,0.12000
1752539400,0.12000
1752540300,0.12000
1752541200,0.12000
1752542100,0.12000
1752543000,0.12000
1752543900,0.12000
1752544800,0.12000
1752545700,0.12000
1752546600,0.12000
1752547500,0.12000
1752548400,0.12000
1752549300,0.12000
1752550200,0.12000
1752551100,0.12000
1752552000,0.12000
1752552900,0.12000
1752553800,0.12000
1752554700,0.12000
1752555600,0.12000
1752556500,0.12000
1752557400,0.12000
1752558300,0.12000
1752559200,0.12000
1752560100,0.12000
1752561000,0.12000
1752561900,0.12000
1752562800,0.12000
1752563700,0.12000
1752564600,0.12000
1752565500,0.12000
1752566400,0.12000
1752567300,0.12000
1752568200,0.12000
1752569100,0.12000
1752570000,0.12000
1752570900,0.12000
1752571800,0.12000
1752572700,0.12000
1752573600,0.12000
1752574500,0.12000
1752575400,0.12000
1752576300,0.12000
1752577200,0.12000
1752578100,0.12000
1752579000,0.12000
1752579900,0.12000
1752580800,0.12000
1752581700,0.12000
1752582600,0.12000
1752583500,0.12000
1752584400,0.12000
1752585300,0.12000
1752586200,0.12000
1752587100,0.12000
1752588000,0.12000
1752588900,0.12000
1752589800,0.12000
1752590700,0.12000
1752591600,0.12000
1752592500,0.12000
1752593400,0.12000
1752594300,0.12000
1752595200,0.12000
1752596100,0.12000
1752597000,0.12000
1752597900,0.12000
1752598800,0.12000
1752599700,0.12000
1752600600,0.12000
1752601500,0.12000
1752602400,0.12000
1752603300,0.12000
1752604200,0.12000
1752605100,0.12000
1752606000,0.12000
1752606900,0.12000
1752607800,0.12000
1752608700,0.12000
1752609600,0.12000
1752610500,0.12000
1752611400,0.12000
1752612300,0.12000
1752616800,0.12000
1752617700,0.12000
1752618600,0.12000
1752619500,0.12000
1752620400,0.12000
1752621300,0.12000
1752622200,0.12000
1752623100,0.12000
1752624000,0.12000
1752624900,0.12000
1752625800,0.12000
1752626700,0.12000
1752627600,0.12000
1752628500,0.12000
1752629400,0.12000
1752630300,0.12000
1752631200,0.12000
1752632100,0.12000
1752633000,0.12000
1752633900,0.12000
1752634800,0.12000
1752635700,0.12000
1752636600,0.12000
1752637500,0.12000
1752638400,0.12000
1752639300,0.12000
1752640200,0.12000
1752641100,0.12000
1752642000,0.12000
1752642900,0.12000
1752643800,0.12000
1752644700,0.12000
1752645600,0.12000
1752646500,0.12000
1752647400,0.12000
1752648300,0.12000
1752649200,0.12000
1752650100,0.12000
1752651000,0.12000
1752651900,0.12000
1752652800,0.12000
1752653700,0.12000
1752654600,0.12000
1752655500,0.12000
1752656400,0.12000
1752657300,0.12000
1752658200,0.12000
1752659100,0.12000
1752660000,0.12000
1752660900,0.12000
1752661800,0.12000
1752662700,0.12000
1752663600,0.12000
1752664500,0.12000
1752665400,0.12000
1752666300,0.12000
1752667200,0.12000
1752668100,0.12000
1752669000,0.12000
1752669900,0.12000
1752670800,0.12000
1752671700,0.12000
1752672600,0.12000
1752673500,0.12000
1752674400,0.12000
1752675300,0.12000
1752676200,0.12000
1752677100,0.12000
1752678000,0.12000
1752678900,0.12000
1752679800,0.12000
1752680700,0.12000
1752681600,0.12000
1752682500,0.12000
1752683400,0.12000
1752684300,0.12000
1752685200,0.12000
1752686100,0.12000
1752687000,0.12000
1752687900,0.12000
1752688800,0.12000
1752689700,0.12000
1752690600,0.12000
1752691500,0.12000
1752692400,0.12000
1752693300,0.12000
1752694200,0.12000
1752695100,0.12000
1752696000,0.12000
1752696900,0.12000
1752697800,0.12000
1752698700,0.12000
1752703200,0.12000
1752704100,0.12000
1752705000,0.12000
1752705900,0.12000
1752706800,0.12000
1752707700,0.12000
1752708600,0.12000
1752709500,0.12000
1752710400,0.12000
1752711300,0.12000
1752712200,0.12000
1752713100,0.12000
1752714000,0.12000
1752714900,0.12000
1752715800,0.12000
1752716700,0.12000
1752717600,0.12000
1752718500,0.12000
1752719400,0.12000
1752720300,0.12000
1752721200,0.12000
1752722100,0.12000
1752723000,0.12000
1752723900,0.12000
1752724800,0.12000
1752725700,0.12000
1752726600,0.12000
1752727500,0.12000
1752728400,0.12000
1752729300,0.12000
1752730200,0.12000
1752731100,0.12000
1752732000,0.12000
1752732900,0.12000
1752733800,0.12000
1752734700,0.12000
1752735600,0.12000
1752736500,0.12000
1752737400,0.12000
1752738300,0.12000
1752739200,0.12000
1752740100,0.12000
1752741000,0.12000
1752741900,0.12000
1752742800,0.12000
1752743700,0.12000
1752744600,0.12000
1752745500,0.12000
1752746400,0.12000
1752747300,0.12000
1752748200,0.12000
1752749100,0.12000
1752750000,0.12000
1752750900,0.12000
1752751800,0.12000
1752752700,0.12000
1752753600,0.12000
1752754500,0.12000
1752755400,0.12000
1752756300,0.12000
1752757200,0.12000
1752758100,0.12000
1752759000,0.12000
1752759900,0.12000
1752760800,0.12000
1752761700,0.12000
1752762600,0.12000
1752763500,0.12000
1752764400,0.12000
1752765300,0.12000
1752766200,0.12000
1752767100,0.12000
1752768000,0.12000
1752768900,0.12000
1752769800,0.12000
1752770700,0.12000
1752771600,0.12000
1752772500,0.12000
1752773400,0.12000
1752774300,0.12000
1752775200,0.12000
1752776100,0.12000
1752777000,0.12000
1752777900,0.12000
1752778800,0.12000
1752779700,0.12000
1752780600,0.12000
1752781500,0.12000
1752782400,0.12000
1752783300,0.12000
1752784200,0.12000
1752785100,0.12000
1752789600,0.12000
1752790500,0.12000
1752791400,0.12000
1752792300,0.12000
1752793200,0.12000
1752794100,0.12000
1752795000,0.12000
1752795900,0.12000
1752796800,0.12000
1752797700,0.12000
1752798600,0.12000
1752799500,0.12000
1752800400,0.12000
1752801300,0.12000
1752802200,0.12000
1752803100,0.12000
1752804000,0.12000
1752804900,0.12000
1752805800,0.12000
1752806700,0.12000
1752807600,0.12000
1752808500,0.12000
1752809400,0.12000
1752810300,0.12000
1752811200,0.12000
1752812100,0.12000
1752813000,0.12000
1752813900,0.12000
1752814800,0.12000
1752815700,0.12000
1752816600,0.12000
1752817500,0.12000
1752818400,0.12000
1752819300,0.12000
1752820200,0.12000
1752821100,0.12000
1752822000,0.12000
1752822900,0.12000
1752823800,0.12000
1752824700,0.12000
1752825600,0.12000
1752826500,0.12000
1752827400,0.12000
1752828300,0.12000
1752829200,0.12000
1752830100,0.12000
1752831000,0.12000
1752831900,0.12000
1752832800,0.12000
1752833700,0.12000
1752834600,0.12000
1752835500,0.12000
1752836400,0.12000
1752837300,0.12000
1752838200,0.12000
1752839100,0.12000
1752840000,0.12000
1752840900,0.12000
1752841800,0.12000
1752842700,0.12000
1752843600,0.12000
1752844500,0.12000
1752845400,0.12000
1752846300,0.12000
1752847200,0.12000
1752848100,0.12000
1752849000,0.12000
1752849900,0.12000
1752850800,0.12000
1752851700,0.12000
1752852600,0.12000
1752853500,0.12000
1752854400,0.12000
1752855300,0.12000
1752856200,0.12000
1752857100,0.12000
1752858000,0.12000
1752858900,0.12000
1752859800,0.12000
1752860700,0.12000
1752861600,0.12000
1752862500,0.12000
1752863400,0.12000
1752864300,0.12000
1752865200,0.12000
1752866100,0.12000
1752867000,0.12000
1752867900,0.12000
1752868800,0.12000
1752869700,0.12000
1752870600,0.12000
1753048800,0.12000
1753049700,0.12000
1753050600,0.12000
1753051500,0.12000
1753052400,0.12000
1753053300,0.12000
1753054200,0.12000
1753055100,0.12000
1753056000,0.12000
1753056900,0.12000
1753057800,0.12000
1753058700,0.12000
1753059600,0.12000
1753060500,0.12000
1753061400,0.12000
1753062300,0.12000
1753063200,0.12000
1753064100,0.12000
1753065000,0.12000
1753065900,0.12000
1753066800,0.12000
1753067700,0.12000
1753068600,0.12000
1753069500,0.12000
1753070400,0.12000
1753071300,0.12000
1753072200,0.12000
1753073100,0.12000
1753074000,0.12000
1753074900,0.12000
1753075800,0.12000
1753076700,0.12000
1753077600,0.12000
1753078500,0.12000
1753079400,0.12000
1753080300,0.12000
1753081200,0.12000
1753082100,0.12000
1753083000,0.12000
1753083900,0.12000
1753084800,0.12000
1753085700,0.12000
1753086600,0.12000
1753087500,0.12000
1753088400,0.12000
1753089300,0.12000
1753090200,0.12000
1753091100,0.12000
1753092000,0.12000
1753092900,0.12000
1753093800,0.12000
1753094700,0.12000
1753095600,0.12000
1753096500,0.12000
1753097400,0.12000
1753098300,0.12000
1753099200,0.12000
1753100100,0.12000
1753101000,0.12000
1753101900,0.12000
1753102800,0.12000
1753103700,0.12000
1753104600,0.12000
1753105500,0.12000
1753106400,0.12000
1753107300,0.12000
1753108200,0.12000
1753109100,0.12000
1753110000,0.12000
1753110900,0.12000
1753111800,0.12000
1753112700,0.12000
1753113600,0.12000
1753114500,0.12000
1753115400,0.12000
1753116300,0.12000
1753117200,0.12000
1753118100,0.12000
1753119000,0.12000
1753119900,0.12000
1753120800,0.12000
1753121700,0.12000
1753122600,0.12000
1753123500,0.12000
1753124400,0.12000
1753125300,0.12000
1753126200,0.12000
1753127100,0.12000
1753128000,0.12000
1753128900,0.12000
1753129800,0.12000
1753130700,0.12000
1753135200,0.12000
1753136100,0.12000
1753137000,0.12000
1753137900,0.12000
1753138800,0.12000
1753139700,0.12000
1753140600,0.12000
1753141500,0.12000
1753142400,0.12000
1753143300,0.12000
1753144200,0.12000
1753145100,0.12000
1753146000,0.12000
1753146900,0.12000
1753147800,0.12000
1753148700,0.12000
1753149600,0.12000
1753150500,0.12000
1753151400,0.12000
1753152300,0.12000
1753153200,0.12000
1753154100,0.12000
1753155000,0.12000
1753155900,0.12000
1753156800,0.12000
1753157700,0.12000
1753158600,0.12000
1753159500,0.12000
1753160400,0.12000
1753161300,0.12000
1753162200,0.12000
1753163100,0.12000
1753164000,0.12000
1753164900,0.12000
1753165800,0.12000
1753166700,0.12000
1753167600,0.12000
1753168500,0.12000
1753169400,0.12000
1753170300,0.12000
1753171200,0.12000
1753172100,0.12000
1753173000,0.12000
1753173900,0.12000
1753174800,0.12000
1753175700,0.12000
1753176600,0.12000
1753177500,0.12000
1753178400,0.12000
1753179300,0.12000
1753180200,0.12000
1753181100,0.12000
1753182000,0.12000
1753182900,0.12000
1753183800,0.12000
1753184700,0.12000
1753185600,0.12000
1753186500,0.12000
1753187400,0.12000
1753188300,0.12000
1753189200,0.12000
1753190100,0.12000
1753191000,0.12000
1753191900,0.12000
1753192800,0.12000
1753193700,0.12000
1753194600,0.12000
1753195500,0.12000
1753196400,0.12000
1753197300,0.12000
1753198200,0.12000
1753199100,0.12000
1753200000,0.12000
1753200900,0.12000
1753201800,0.12000
1753202700,0.12000
1753203600,0.12000
1753204500,0.12000
1753205400,0.12000
1753206300,0.12000
1753207200,0.12000
1753208100,0.12000
1753209000,0.12000
1753209900,0.12000
1753210800,0.12000
1753211700,0.12000
1753212600,0.12000
1753213500,0.12000
1753214400,0.12000
1753215300,0.12000
1753216200,0.12000
1753217100,0.12000
1753221600,0.12000
1753222500,0.12000
1753223400,0.12000
1753224300,0.12000
1753225200,0.12000
1753226100,0.12000
1753227000,0.12000
1753227900,0.12000
1753228800,0.12000
1753229700,0.12000
1753230600,0.12000
1753231500,0.12000
1753232400,0.12000
1753233300,0.12000
1753234200,0.12000
1753235100,0.12000
1753236000,0.12000
1753236900,0.12000
1753237800,0.12000
1753238700,0.12000
1753239600,0.12000
1753240500,0.12000
1753241400,0.12000
1753242300,0.12000
1753243200,0.12000
1753244100,0.12000
1753245000,0.12000
1753245900,0.12000
1753246800,0.12000
1753247700,0.12000
1753248600,0.12000
1753249500,0.12000
1753250400,0.12000
1753251300,0.12000
1753252200,0.12000
1753253100,0.12000
1753254000,0.12000
1753254900,0.12000
1753255800,0.12000
1753256700,0.12000
1753257600,0.12000
1753258500,0.12000
1753259400,0.12000
1753260300,0.12000
1753261200,0.12000
1753262100,0.12000
1753263000,0.12000
1753263900,0.12000
1753264800,0.12000
1753265700,0.12000
1753266600,0.12000
1753267500,0.12000
1753268400,0.12000
1753269300,0.12000
1753270200,0.12000
1753271100,0.12000
1753272000,0.12000
1753272900,0.12000
1753273800,0.12000
1753274700,0.12000
1753275600,0.12000
1753276500,0.12000
1753277400,0.12000
1753278300,0.12000
1753279200,0.12000
1753280100,0.12000
1753281000,0.12000
1753281900,0.12000
1753282800,0.12000
1753283700,0.12000
1753284600,0.12000
1753285500,0.12000
1753286400,0.12000
1753287300,0.12000
1753288200,0.12000
1753289100,0.12000
1753290000,0.12000
1753290900,0.12000
1753291800,0.12000
1753292700,0.12000
1753293600,0.12000
1753294500,0.12000
1753295400,0.12000
1753296300,0.12000
1753297200,0.12000
1753298100,0.12000
1753299000,0.12000
1753299900,0.12000
1753300800,0.12000
1753301700,0.12000
1753302600,0.12000
1753303500,0.12000
1753308000,0.12000
1753308900,0.12000
1753309800,0.12000
1753310700,0.12000
1753311600,0.12000
1753312500,0.12000
1753313400,0.12000
1753314300,0.12000
1753315200,0.12000
1753316100,0.12000
1753317000,0.12000
1753317900,0.12000
1753318800,0.12000
1753319700,0.12000
1753320600,0.12000
1753321500,0.12000
1753322400,0.12000
1753323300,0.12000
1753324200,0.12000
1753325100,0.12000
1753326000,0.12000
1753326900,0.12000
1753327800,0.12000
1753328700,0.12000
1753329600,0.12000
1753330500,0.12000
1753331400,0.12000
1753332300,0.12000
1753333200,0.12000
1753334100,0.12000
1753335000,0.12000
1753335900,0.12000
1753336800,0.12000
1753337700,0.12000
1753338600,0.12000
1753339500,0.12000
1753340400,0.12000
1753341300,0.12000
1753342200,0.12000
1753343100,0.12000
1753344000,0.12000
1753344900,0.12000
1753345800,0.12000
1753346700,0.12000
1753347600,0.12000
1753348500,0.12000
1753349400,0.12000
1753350300,0.12000
1753351200,0.12000
1753352100,0.12000
1753353000,0.12000
1753353900,0.12000
1753354800,0.12000
1753355700,0.12000
1753356600,0.12000
1753357500,0.12000
1753358400,0.12000
1753359300,0.12000
1753360200,0.12000
1753361100,0.12000
1753362000,0.12000
1753362900,0.12000
1753363800,0.12000
1753364700,0.12000
1753365600,0.12000
1753366500,0.12000
1753367400,0.12000
1753368300,0.12000
1753369200,0.12000
1753370100,0.12000
1753371000,0.12000
1753371900,0.12000
1753372800,0.12000
1753373700,0.12000
1753374600,0.12000
1753375500,0.12000
1753376400,0.12000
1753377300,0.12000
1753378200,0.12000
1753379100,0.12000
1753380000,0.12000
1753380900,0.12000
1753381800,0.12000
1753382700,0.12000
1753383600,0.12000
1753384500,0.12000
1753385400,0.12000
1753386300,0.12000
1753387200,0.12000
1753388100,0.12000
1753389000,0.12000
1753389900,0.12000
1753394400,0.12000
1753395300,0.12000
1753396200,0.12000
1753397100,0.12000
1753398000,0.12000
1753398900,0.12000
1753399800,0.12000
1753400700,0.12000
1753401600,0.12000
1753402500,0.12000
1753403400,0.12000
1753404300,0.12000
1753405200,0.12000
1753406100,0.12000
1753407000,0.12000
1753407900,0.12000
1753408800,0.12000
1753409700,0.12000
1753410600,0.12000
1753411500,0.12000
1753412400,0.12000
1753413300,0.12000
1753414200,0.12000
1753415100,0.12000
1753416000,0.12000
1753416900,0.12000
1753417800,0.12000
1753418700,0.12000
1753419600,0.12000
1753420500,0.12000
1753421400,0.12000
1753422300,0.12000
1753423200,0.12000
1753424100,0.12000
1753425000,0.12000
1753425900,0.12000
1753426800,0.12000
1753427700,0.12000
1753428600,0.12000
1753429500,0.12000
1753430400,0.12000
1753431300,0.12000
1753432200,0.12000
1753433100,0.12000
1753434000,0.12000
1753434900,0.12000
1753435800,0.12000
1753436700,0.12000
1753437600,0.12000
1753438500,0.12000
1753439400,0.12000
1753440300,0.12000
1753441200,0.12000
1753442100,0.12000
1753443000,0.12000
1753443900,0.12000
1753444800,0.12000
1753445700,0.12000
1753446600,0.12000
1753447500,0.12000
1753448400,0.12000
1753449300,0.12000
1753450200,0.12000
1753451100,0.12000
1753452000,0.12000
1753452900,0.12000
1753453800,0.12000
1753454700,0.12000
1753455600,0.12000
1753456500,0.12000
1753457400,0.12000
1753458300,0.12000
1753459200,0.12000
1753460100,0.12000
1753461000,0.12000
1753461900,0.12000
1753462800,0.12000
1753463700,0.12000
1753464600,0.12000
1753465500,0.12000
1753466400,0.12000
1753467300,0.12000
1753468200,0.12000
1753469100,0.12000
1753470000,0.12000
1753470900,0.12000
1753471800,0.12000
1753472700,0.12000
1753473600,0.12000
1753474500,0.12000
1753475400,0.12000
1753653600,0.12000
1753654500,0.12000
1753655400,0.12000
1753656300,0.12000
1753657200,0.12000
1753658100,0.12000
1753659000,0.12000
1753659900,0.12000
1753660800,0.12000
1753661700,0.12000
1753662600,0.12000
1753663500,0.12000
1753664400,0.12000
1753665300,0.12000
1753666200,0.12000
1753667100,0.12000
1753668000,0.12000
1753668900,0.12000
1753669800,0.12000
1753670700,0.12000
1753671600,0.12000
1753672500,0.12000
1753673400,0.12000
1753674300,0.12000
1753675200,0.12000
1753676100,0.12000
1753677000,0.12000
1753677900,0.12000
1753678800,0.12000
1753679700,0.12000
1753680600,0.12000
1753681500,0.12000
1753682400,0.12000
1753683300,0.12000
1753684200,0.12000
1753685100,0.12000
1753686000,0.12000
1753686900,0.12000
1753687800,0.12000
1753688700,0.12000
1753689600,0.12000
1753690500,0.12000
1753691400,0.12000
1753692300,0.12000
1753693200,0.12000
1753694100,0.12000
1753695000,0.12000
1753695900,0.12000
1753696800,0.12000
1753697700,0.12000
1753698600,0.12000
1753699500,0.12000
1753700400,0.12000
1753701300,0.12000
1753702200,0.12000
1753703100,0.12000
1753704000,0.12000
1753704900,0.12000
1753705800,0.12000
1753706700,0.12000
1753707600,0.12000
1753708500,0.12000
1753709400,0.12000
1753710300,0.12000
1753711200,0.12000
1753712100,0.12000
1753713000,0.12000
1753713900,0.12000
1753714800,0.12000
1753715700,0.12000
1753716600,0.12000
1753717500,0.12000
1753718400,0.12000
1753719300,0.12000
1753720200,0.12000
1753721100,0.12000
1753722000,0.12000
1753722900,0.12000
1753723800,0.12000
1753724700,0.12000
1753725600,0.12000
1753726500,0.12000
1753727400,0.12000
1753728300,0.12000
1753729200,0.12000
1753730100,0.12000
1753731000,0.12000
1753731900,0.12000
1753732800,0.12000
1753733700,0.12000
1753734600,0.12000
1753735500,0.12000
1753740000,0.12000
1753740900,0.12000
1753741800,0.12000
1753742700,0.12000
1753743600,0.12000
1753744500,0.12000
1753745400,0.12000
1753746300,0.12000
1753747200,0.12000
1753748100,0.12000
1753749000,0.12000
1753749900,0.12000
1753750800,0.12000
1753751700,0.12000
1753752600,0.12000
1753753500,0.12000
1753754400,0.12000
1753755300,0.12000
1753756200,0.12000
1753757100,0.12000
1753758000,0.12000
1753758900,0.12000
1753759800,0.12000
1753760700,0.12000
1753761600,0.12000
1753762500,0.12000
1753763400,0.12000
1753764300,0.12000
1753765200,0.12000
1753766100,0.12000
1753767000,0.12000
1753767900,0.12000
1753768800,0.12000
1753769700,0.12000
1753770600,0.12000
1753771500,0.12000
1753772400,0.12000
1753773300,0.12000
1753774200,0.12000
1753775100,0.12000
1753776000,0.12000
1753776900,0.12000
1753777800,0.12000
1753778700,0.12000
1753779600,0.12000
1753780500,0.12000
1753781400,0.12000
1753782300,0.12000
1753783200,0.12000
1753784100,0.12000
1753785000,0.12000
1753785900,0.12000
1753786800,0.12000
1753787700,0.12000
1753788600,0.12000
1753789500,0.12000
1753790400,0.12000
1753791300,0.12000
1753792200,0.12000
1753793100,0.12000
1753794000,0.12000
1753794900,0.12000
1753795800,0.12000
1753796700,0.12000
1753797600,0.12000
1753798500,0.12000
1753799400,0.12000
1753800300,0.12000
1753801200,0.12000
1753802100,0.12000
1753803000,0.12000
1753803900,0.12000
1753804800,0.12000
1753805700,0.12000
1753806600,0.12000
1753807500,0.12000
1753808400,0.12000
1753809300,0.12000
1753810200,0.12000
1753811100,0.12000
1753812000,0.12000
1753812900,0.12000
1753813800,0.12000
1753814700,0.12000
1753815600,0.12000
1753816500,0.12000
1753817400,0.12000
1753818300,0.12000
1753819200,0.12000
1753820100,0.12000
1753821000,0.12000
1753821900,0.12000
1753826400,0.12000
1753827300,0.12000
1753828200,0.12000
1753829100,0.12000
1753830000,0.12000
1753830900,0.12000
1753831800,0.12000
1753832700,0.12000
1753833600,0.12000
1753834500,0.12000
1753835400,0.12000
1753836300,0.12000
1753837200,0.12000
1753838100,0.12000
1753839000,0.12000
1753839900,0.12000
1753840800,0.12000
1753841700,0.12000
1753842600,0.12000
1753843500,0.12000
1753844400,0.12000
1753845300,0.12000
1753846200,0.12000
1753847100,0.12000
1753848000,0.12000
1753848900,0.12000
1753849800,0.12000
1753850700,0.12000
1753851600,0.12000
1753852500,0.12000
1753853400,0.12000
1753854300,0.12000
1753855200,0.12000
1753856100,0.12000
1753857000,0.12000
1753857900,0.12000
1753858800,0.12000
1753859700,0.12000
1753860600,0.12000
1753861500,0.12000
1753862400,0.12000
1753863300,0.12000
1753864200,0.12000
1753865100,0.12000
1753866000,0.12000
1753866900,0.12000
1753867800,0.12000
1753868700,0.12000
1753869600,0.12000
1753870500,0.12000
1753871400,0.12000
1753872300,0.12000
1753873200,0.12000
1753874100,0.12000
1753875000,0.12000
1753875900,0.12000
1753876800,0.12000
1753877700,0.12000
1753878600,0.12000
1753879500,0.12000
1753880400,0.12000
1753881300,0.12000
1753882200,0.12000
1753883100,0.12000
1753884000,0.12000
1753884900,0.12000
1753885800,0.12000
1753886700,0.12000
1753887600,0.12000
1753888500,0.12000
1753889400,0.12000
1753890300,0.12000
1753891200,0.12000
1753892100,0.12000
1753893000,0.12000
1753893900,0.12000
1753894800,0.12000
1753895700,0.12000
1753896600,0.12000
1753897500,0.12000
1753898400,0.12000
1753899300,0.12000
1753900200,0.12000
1753901100,0.12000
1753902000,0.12000
1753902900,0.12000
1753903800,0.12000
1753904700,0.12000
1753905600,0.12000
1753906500,0.12000
1753907400,0.12000
1753908300,0.12000
1753912800,0.12000
1753913700,0.12000
1753914600,0.12000
1753915500,0.12000
1753916400,0.12000
1753917300,0.12000
1753918200,0.12000
1753919100,0.12000
1753920000,0.12000
1753920900,0.12000
1753921800,0.12000
1753922700,0.12000
1753923600,0.12000
1753924500,0.12000
1753925400,0.12000
1753926300,0.12000
1753927200,0.12000
1753928100,0.12000
1753929000,0.12000
1753929900,0.12000
1753930800,0.12000
1753931700,0.12000
1753932600,0.12000
1753933500,0.12000
1753934400,0.12000
1753935300,0.12000
1753936200,0.12000
1753937100,0.12000
1753938000,0.12000
1753938900,0.12000
1753939800,0.12000
1753940700,0.12000
1753941600,0.12000
1753942500,0.12000
1753943400,0.12000
1753944300,0.12000
1753945200,0.12000
1753946100,0.12000
1753947000,0.12000
1753947900,0.12000
1753948800,0.12000
1753949700,0.12000
1753950600,0.12000
1753951500,0.12000
1753952400,0.12000
1753953300,0.12000
1753954200,0.12000
1753955100,0.12000
1753956000,0.12000
1753956900,0.12000
1753957800,0.12000
1753958700,0.12000
1753959600,0.12000
1753960500,0.12000
1753961400,0.12000
1753962300,0.12000
1753963200,0.12000
1753964100,0.12000
1753965000,0.12000
1753965900,0.12000
1753966800,0.12000
1753967700,0.12000
1753968600,0.12000
1753969500,0.12000
1753970400,0.12000
1753971300,0.12000
1753972200,0.12000
1753973100,0.12000
1753974000,0.12000
1753974900,0.12000
1753975800,0.12000
1753976700,0.12000
1753977600,0.12000
1753978500,0.12000
1753979400,0.12000
1753980300,0.12000
1753981200,0.12000
1753982100,0.12000
1753983000,0.12000
1753983900,0.12000
1753984800,0.12000
1753985700,0.12000
1753986600,0.12000
1753987500,0.12000
1753988400,0.12000
1753989300,0.12000
1753990200,0.12000
1753991100,0.12000
1753992000,0.12000
1753992900,0.12000
1753993800,0.12000
1753994700,0.12000
1753999200,0.12000
1754000100,0.12000
1754001000,0.12000
1754001900,0.12000
1754002800,0.12000
1754003700,0.12000
1754004600,0.12000
1754005500,0.12000
1754006400,0.12000
1754007300,0.12000
1754008200,0.12000
1754009100,0.12000
1754010000,0.12000
1754010900,0.12000
1754011800,0.12000
1754012700,0.12000
1754013600,0.12000
1754014500,0.12000
1754015400,0.12000
1754016300,0.12000
1754017200,0.12000
1754018100,0.12000
1754019000,0.12000
1754019900,0.12000
1754020800,0.12000
1754021700,0.12000
1754022600,0.12000
1754023500,0.12000
1754024400,0.12000
1754025300,0.12000
1754026200,0.12000
1754027100,0.12000
1754028000,0.12000
1754028900,0.12000
1754029800,0.12000
1754030700,0.12000
1754031600,0.12000
1754032500,0.12000
1754033400,0.12000
1754034300,0.12000
1754035200,0.12000
1754036100,0.12000
1754037000,0.12000
1754037900,0.12000
1754038800,0.12000
1754039700,0.12000
1754040600,0.12000
1754041500,0.12000
1754042400,0.12000
1754043300,0.12000
1754044200,0.12000
1754045100,0.12000
1754046000,0.12000
1754046900,0.12000
1754047800,0.12000
1754048700,0.12000
1754049600,0.12000
1754050500,0.12000
1754051400,0.12000
1754052300,0.12000
1754053200,0.12000
1754054100,0.12000
1754055000,0.12000
1754055900,0.12000
1754056800,0.12000
1754057700,0.12000
1754058600,0.12000
1754059500,0.12000
1754060400,0.12000
1754061300,0.12000
1754062200,0.12000
1754063100,0.12000
1754064000,0.12000
1754064900,0.12000
1754065800,0.12000
1754066700,0.12000
1754067600,0.12000
1754068500,0.12000
1754069400,0.12000
1754070300,0.12000
1754071200,0.12000
1754072100,0.12000
1754073000,0.12000
1754073900,0.12000
1754074800,0.12000
1754075700,0.12000
1754076600,0.12000
1754077500,0.12000
1754078400,0.12000
1754079300,0.12000
1754080200,0.12000
1754258400,0.12000
1754259300,0.12000
1754260200,0.12000
1754261100,0.12000
1754262000,0.12000
1754262900,0.12000
1754263800,0.12000
1754264700,0.12000
1754265600,0.12000
1754266500,0.12000
1754267400,0.12000
1754268300,0.12000
1754269200,0.12000
1754270100,0.12000
1754271000,0.12000
1754271900,0.12000
1754272800,0.12000
1754273700,0.12000
1754274600,0.12000
1754275500,0.12000
1754276400,0.12000
1754277300,0.12000
1754278200,0.12000
1754279100,0.12000
1754280000,0.12000
1754280900,0.12000
1754281800,0.12000
1754282700,0.12000
1754283600,0.12000
1754284500,0.12000
1754285400,0.12000
1754286300,0.12000
1754287200,0.12000
1754288100,0.12000
1754289000,0.12000
1754289900,0.12000
1754290800,0.12000
1754291700,0.12000
1754292600,0.12000
1754293500,0.12000
1754294400,0.12000
1754295300,0.12000
1754296200,0.12000
1754297100,0.12000
1754298000,0.12000
1754298900,0.12000
1754299800,0.12000
1754300700,0.12000
1754301600,0.12000
1754302500,0.12000
1754303400,0.12000
1754304300,0.12000
1754305200,0.12000
1754306100,0.12000
1754307000,0.12000
1754307900,0.12000
1754308800,0.12000
1754309700,0.12000
1754310600,0.12000
1754311500,0.12000
1754312400,0.12000
1754313300,0.12000
1754314200,0.12000
1754315100,0.12000
1754316000,0.12000
1754316900,0.12000
1754317800,0.12000
1754318700,0.12000
1754319600,0.12000
1754320500,0.12000
1754321400,0.12000
1754322300,0.12000
1754323200,0.12000
1754324100,0.12000
1754325000,0.12000
1754325900,0.12000
1754326800,0.12000
1754327700,0.12000
1754328600,0.12000
1754329500,0.12000
1754330400,0.12000
1754331300,0.12000
1754332200,0.12000
1754333100,0.12000
1754334000,0.12000
1754334900,0.12000
1754335800,0.12000
1754336700,0.12000
1754337600,0.12000
1754338500,0.12000
1754339400,0.12000
1754340300,0.12000
1754344800,0.12000
1754345700,0.12000
1754346600,0.12000
1754347500,0.12000
1754348400,0.12000
1754349300,0.12000
1754350200,0.12000
1754351100,0.12000
1754352000,0.12000
1754352900,0.12000
1754353800,0.12000
1754354700,0.12000
1754355600,0.12000
1754356500,0.12000
1754357400,0.12000
1754358300,0.12000
1754359200,0.12000
1754360100,0.12000
1754361000,0.12000
1754361900,0.12000
1754362800,0.12000
1754363700,0.12000
1754364600,0.12000
1754365500,0.12000
1754366400,0.12000
1754367300,0.12000
1754368200,0.12000
1754369100,0.12000
1754370000,0.12000
1754370900,0.12000
1754371800,0.12000
1754372700,0.12000
1754373600,0.12000
1754374500,0.12000
1754375400,0.12000
1754376300,0.12000
1754377200,0.12000
1754378100,0.12000
1754379000,0.12000
1754379900,0.12000
1754380800,0.12000
1754381700,0.12000
1754382600,0.12000
1754383500,0.12000
1754384400,0.12000
1754385300,0.12000
1754386200,0.12000
1754387100,0.12000
1754388000,0.12000
1754388900,0.12000
1754389800,0.12000
1754390700,0.12000
1754391600,0.12000
1754392500,0.12000
1754393400,0.12000
1754394300,0.12000
1754395200,0.12000
1754396100,0.12000
1754397000,0.12000
1754397900,0.12000
1754398800,0.12000
1754399700,0.12000
1754400600,0.12000
1754401500,0.12000
1754402400,0.12000
1754403300,0.12000
1754404200,0.12000
1754405100,0.12000
1754406000,0.12000
1754406900,0.12000
1754407800,0.12000
1754408700,0.12000
1754409600,0.12000
1754410500,0.12000
1754411400,0.12000
1754412300,0.12000
1754413200,0.12000
1754414100,0.12000
1754415000,0.12000
1754415900,0.12000
1754416800,0.12000
1754417700,0.12000
1754418600,0.12000
1754419500,0.12000
1754420400,0.12000
1754421300,0.12000
1754422200,0.12000
1754423100,0.12000
1754424000,0.12000
1754424900,0.12000
1754425800,0.12000
1754426700,0.12000
1754431200,0.12000
1754432100,0.12000
1754433000,0.12000
1754433900,0.12000
1754434800,0.12000
1754435700,0.12000
1754436600,0.12000
1754437500,0.12000
1754438400,0.12000
1754439300,0.12000
1754440200,0.12000
1754441100,0.12000
1754442000,0.12000
1754442900,0.12000
1754443800,0.12000
1754444700,0.12000
1754445600,0.12000
1754446500,0.12000
1754447400,0.12000
1754448300,0.12000
1754449200,0.12000
1754450100,0.12000
1754451000,0.12000
1754451900,0.12000
1754452800,0.12000
1754453700,0.12000
1754454600,0.12000
1754455500,0.12000
1754456400,0.12000
1754457300,0.12000
1754458200,0.12000
1754459100,0.12000
1754460000,0.12000
1754460900,0.12000
1754461800,0.12000
1754462700,0.12000
1754463600,0.12000
1754464500,0.12000
1754465400,0.12000
1754466300,0.12000
1754467200,0.12000
1754468100,0.12000
1754469000,0.12000
1754469900,0.12000
1754470800,0.12000
1754471700,0.12000
1754472600,0.12000
1754473500,0.12000
1754474400,0.12000
1754475300,0.12000
1754476200,0.12000
1754477100,0.12000
1754478000,0.12000
1754478900,0.12000
1754479800,0.12000
1754480700,0.12000
1754481600,0.12000
1754482500,0.12000
1754483400,0.12000
1754484300,0.12000
1754485200,0.12000
1754486100,0.12000
1754487000,0.12000
1754487900,0.12000
1754488800,0.12000
1754489700,0.12000
1754490600,0.12000
1754491500,0.12000
1754492400,0.12000
1754493300,0.12000
1754494200,0.12000
1754495100,0.12000
1754496000,0.12000
1754496900,0.12000
1754497800,0.12000
1754498700,0.12000
1754499600,0.12000
1754500500,0.12000
1754501400,0.12000
1754502300,0.12000
1754503200,0.12000
1754504100,0.12000
1754505000,0.12000
1754505900,0.12000
1754506800,0.12000
1754507700,0.12000
1754508600,0.12000
1754509500,0.12000
1754510400,0.12000
1754511300,0.12000
1754512200,0.12000
1754513100,0.12000
1754517600,0.12000
1754518500,0.12000
1754519400,0.12000
1754520300,0.12000
1754521200,0.12000
1754522100,0.12000
1754523000,0.12000
1754523900,0.12000
1754524800,0.12000
1754525700,0.12000
1754526600,0.12000
1754527500,0.12000
1754528400,0.12000
1754529300,0.12000
1754530200,0.12000
1754531100,0.12000
1754532000,0.12000
1754532900,0.12000
1754533800,0.12000
1754534700,0.12000
1754535600,0.12000
1754536500,0.12000
1754537400,0.12000
1754538300,0.12000
1754539200,0.12000
1754540100,0.12000
1754541000,0.12000
1754541900,0.12000
1754542800,0.12000
1754543700,0.12000
1754544600,0.12000
1754545500,0.12000
1754546400,0.12000
1754547300,0.12000
1754548200,0.12000
1754549100,0.12000
1754550000,0.12000
1754550900,0.12000
1754551800,0.12000
1754552700,0.12000
1754553600,0.12000
1754554500,0.12000
1754555400,0.12000
1754556300,0.12000
1754557200,0.12000
1754558100,0.12000
1754559000,0.12000
1754559900,0.12000
1754560800,0.12000
1754561700,0.12000
1754562600,0.12000
1754563500,0.12000
1754564400,0.12000
1754565300,0.12000
1754566200,0.12000
1754567100,0.12000
1754568000,0.12000
1754568900,0.12000
1754569800,0.12000
1754570700,0.12000
1754571600,0.12000
1754572500,0.12000
1754573400,0.12000
1754574300,0.12000
1754575200,0.12000
1754576100,0.12000
1754577000,0.12000
1754577900,0.12000
1754578800,0.12000
1754579700,0.12000
1754580600,0.12000
1754581500,0.12000
1754582400,0.12000
1754583300,0.12000
1754584200,0.12000
1754585100,0.12000
1754586000,0.12000
1754586900,0.12000
1754587800,0.12000
1754588700,0.12000
1754589600,0.12000
1754590500,0.12000
1754591400,0.12000
1754592300,0.12000
1754593200,0.12000
1754594100,0.12000
1754595000,0.12000
1754595900,0.12000
1754596800,0.12000
1754597700,0.12000
1754598600,0.12000
1754599500,0.12000
1754604000,0.12000
1754604900,0.09000
1754605800,0.12000
1754606700,0.12000
1754607600,0.12000
1754608500,0.12000
1754609400,0.12000
1754610300,0.12000
1754611200,0.12000
1754612100,0.12000
1754613000,0.12000
1754613900,0.12000
1754614800,0.12000
1754615700,0.12000
1754616600,0.12000
1754617500,0.12000
1754618400,0.12000
1754619300,0.12000
1754620200,0.12000
1754621100,0.12000
1754622000,0.12000
1754622900,0.12000
1754623800,0.12000
1754624700,0.12000
1754625600,0.12000
1754626500,0.12000
1754627400,0.12000
1754628300,0.12000
1754629200,0.12000
1754630100,0.12000
1754631000,0.12000
1754631900,0.12000
1754632800,0.12000
1754633700,0.12000
1754634600,0.12000
1754635500,0.12000
1754636400,0.12000
1754637300,0.12000
1754638200,0.12000
1754639100,0.12000
1754640000,0.12000
1754640900,0.12000
1754641800,0.12000
1754642700,0.12000
1754643600,0.12000
1754644500,0.12000
1754645400,0.12000
1754646300,0.12000
1754647200,0.12000
1754648100,0.12000
1754649000,0.12000
1754649900,0.12000
1754650800,0.12000
1754651700,0.12000
1754652600,0.12000
1754653500,0.12000
1754654400,0.12000
1754655300,0.12000
1754656200,0.12000
1754657100,0.12000
1754658000,0.12000
1754658900,0.12000
1754659800,0.12000
1754660700,0.12000
1754661600,0.12000
1754662500,0.12000
1754663400,0.12000
1754664300,0.12000
1754665200,0.12000
1754666100,0.12000
1754667000,0.12000
1754667900,0.12000
1754668800,0.12000
1754669700,0.12000
1754670600,0.12000
1754671500,0.12000
1754672400,0.12000
1754673300,0.12000
1754674200,0.12000
1754675100,0.12000
1754676000,0.12000
1754676900,0.12000
1754677800,0.12000
1754678700,0.12000
1754679600,0.12000
1754680500,0.12000
1754681400,0.12000
1754682300,0.12000
1754683200,0.12000
1754684100,0.12000
1754685000,0.12000
1754863200,0.12000
1754864100,0.12000
1754865000,0.12000
1754865900,0.12000
1754866800,0.12000
1754867700,0.12000
1754868600,0.12000
1754869500,0.12000
1754870400,0.12000
1754871300,0.12000
1754872200,0.12000
1754873100,0.12000
1754874000,0.12000
1754874900,0.12000
1754875800,0.12000
1754876700,0.12000
1754877600,0.12000
1754878500,0.12000
1754879400,0.12000
1754880300,0.12000
1754881200,0.12000
1754882100,0.12000
1754883000,0.12000
1754883900,0.12000
1754884800,0.12000
1754885700,0.12000
1754886600,0.12000
1754887500,0.12000
1754888400,0.12000
1754889300,0.12000
1754890200,0.12000
1754891100,0.12000
1754892000,0.12000
1754892900,0.12000
1754893800,0.12000
1754894700,0.12000
1754895600,0.12000
1754896500,0.12000
1754897400,0.12000
1754898300,0.12000
1754899200,0.12000
1754900100,0.12000
1754901000,0.12000
1754901900,0.12000
1754902800,0.12000
1754903700,0.12000
1754904600,0.12000
1754905500,0.12000
1754906400,0.12000
1754907300,0.12000
1754908200,0.12000
1754909100,0.12000
1754910000,0.12000
1754910900,0.12000
1754911800,0.12000
1754912700,0.12000
1754913600,0.12000
1754914500,0.12000
1754915400,0.12000
1754916300,0.12000
1754917200,0.12000
1754918100,0.12000
1754919000,0.12000
1754919900,0.12000
1754920800,0.12000
1754921700,0.12000
1754922600,0.12000
1754923500,0.12000
1754924400,0.12000
1754925300,0.12000
1754926200,0.12000
1754927100,0.12000
1754928000,0.12000
1754928900,0.12000
1754929800,0.12000
1754930700,0.12000
1754931600,0.12000
1754932500,0.12000
1754933400,0.12000
1754934300,0.12000
1754935200,0.12000
1754936100,0.12000
1754937000,0.12000
1754937900,0.12000
1754938800,0.12000
1754939700,0.12000
1754940600,0.12000
1754941500,0.12000
1754942400,0.12000
1754943300,0.12000
1754944200,0.12000
1754945100,0.12000
1754949600,0.12000
1754950500,0.12000
1754951400,0.12000
1754952300,0.12000
1754953200,0.12000
1754954100,0.12000
1754955000,0.12000
1754955900,0.12000
1754956800,0.12000
1754957700,0.12000
1754958600,0.12000
1754959500,0.12000
1754960400,0.12000
1754961300,0.12000
1754962200,0.12000
1754963100,0.12000
1754964000,0.12000
1754964900,0.12000
1754965800,0.12000
1754966700,0.12000
1754967600,0.12000
1754968500,0.12000
1754969400,0.12000
1754970300,0.12000
1754971200,0.12000
1754972100,0.12000
1754973000,0.12000
1754973900,0.12000
1754974800,0.12000
1754975700,0.12000
1754976600,0.12000
1754977500,0.12000
1754978400,0.12000
1754979300,0.12000
1754980200,0.12000
1754981100,0.12000
1754982000,0.12000
1754982900,0.12000
1754983800,0.12000
1754984700,0.12000
1754985600,0.12000
1754986500,0.12000
1754987400,0.12000
1754988300,0.12000
1754989200,0.12000
1754990100,0.12000
1754991000,0.12000
1754991900,0.12000
1754992800,0.12000
1754993700,0.12000
1754994600,0.12000
1754995500,0.12000
1754996400,0.12000
1754997300,0.12000
1754998200,0.12000
1754999100,0.12000
1755000000,0.12000
1755000900,0.12000
1755001800,0.12000
1755002700,0.12000
1755003600,0.12000
1755004500,0.12000
1755005400,0.12000
1755006300,0.12000
1755007200,0.12000
1755008100,0.12000
1755009000,0.12000
1755009900,0.12000
1755010800,0.12000
1755011700,0.12000
1755012600,0.12000
1755013500,0.12000
1755014400,0.12000
1755015300,0.12000
1755016200,0.12000
1755017100,0.12000
1755018000,0.12000
1755018900,0.12000
1755019800,0.12000
1755020700,0.12000
1755021600,0.12000
1755022500,0.12000
1755023400,0.12000
1755024300,0.12000
1755025200,0.12000
1755026100,0.12000
1755027000,0.12000
1755027900,0.12000
1755028800,0.12000
1755029700,0.12000
1755030600,0.12000
1755031500,0.12000
1755036000,0.12000
1755036900,0.12000
1755037800,0.12000
1755038700,0.12000
1755039600,0.12000
1755040500,0.12000
1755041400,0.12000
1755042300,0.12000
1755043200,0.12000
1755044100,0.12000
1755045000,0.12000
1755045900,0.12000
1755046800,0.12000
1755047700,0.12000
1755048600,0.12000
1755049500,0.12000
1755050400,0.12000
1755051300,0.12000
1755052200,0.12000
1755053100,0.12000
1755054000,0.12000
1755054900,0.12000
1755055800,0.12000
1755056700,0.12000
1755057600,0.12000
1755058500,0.12000
1755059400,0.12000
1755060300,0.12000
1755061200,0.12000
1755062100,0.12000
1755063000,0.12000
1755063900,0.12000
1755064800,0.12000
1755065700,0.12000
1755066600,0.12000
1755067500,0.12000
1755068400,0.12000
1755069300,0.12000
1755070200,0.12000
1755071100,0.12000
1755072000,0.12000
1755072900,0.12000
1755073800,0.12000
1755074700,0.12000
1755075600,0.12000
1755076500,0.12000
1755077400,0.12000
1755078300,0.12000
1755079200,0.12000
1755080100,0.12000
1755081000,0.12000
1755081900,0.12000
1755082800,0.12000
1755083700,0.12000
1755084600,0.12000
1755085500,0.12000
1755086400,0.12000
1755087300,0.12000
1755088200,0.12000
1755089100,0.12000
1755090000,0.12000
1755090900,0.12000
1755091800,0.12000
1755092700,0.12000
1755093600,0.12000
1755094500,0.12000
1755095400,0.12000
1755096300,0.12000
1755097200,0.12000
1755098100,0.12000
1755099000,0.12000
1755099900,0.12000
1755100800,0.12000
1755101700,0.12000
1755102600,0.12000
1755103500,0.12000
1755104400,0.12000
1755105300,0.12000
1755106200,0.12000
1755107100,0.12000
1755108000,0.12000
1755108900,0.12000
1755109800,0.12000
1755110700,0.12000
1755111600,0.12000
1755112500,0.12000
1755113400,0.12000
1755114300,0.12000
1755115200,0.12000
1755116100,0.12000
1755117000,0.12000
1755117900,0.12000
1755122400,0.12000
1755123300,0.12000
1755124200,0.12000
1755125100,0.12000
1755126000,0.12000
1755126900,0.12000
1755127800,0.12000
1755128700,0.12000
1755129600,0.12000
1755130500,0.12000
1755131400,0.12000
1755132300,0.12000
1755133200,0.12000
1755134100,0.12000
1755135000,0.12000
1755135900,0.12000
1755136800,0.12000
1755137700,0.12000
1755138600,0.12000
1755139500,0.12000
1755140400,0.12000
1755141300,0.12000
1755142200,0.12000
1755143100,0.12000
1755144000,0.12000
1755144900,0.12000
1755145800,0.12000
1755146700,0.12000
1755147600,0.12000
1755148500,0.12000
1755149400,0.12000
1755150300,0.12000
1755151200,0.12000
1755152100,0.12000
1755153000,0.12000
1755153900,0.12000
1755154800,0.12000
1755155700,0.12000
1755156600,0.12000
1755157500,0.12000
1755158400,0.12000
1755159300,0.12000
1755160200,0.12000
1755161100,0.12000
1755162000,0.12000
1755162900,0.12000
1755163800,0.12000
1755164700,0.12000
1755165600,0.12000
1755166500,0.12000
1755167400,0.12000
1755168300,0.12000
1755169200,0.12000
1755170100,0.12000
1755171000,0.12000
1755171900,0.12000
1755172800,0.12000
1755173700,0.12000
1755174600,0.12000
1755175500,0.12000
1755176400,0.12000
1755177300,0.12000
1755178200,0.12000
1755179100,0.12000
1755180000,0.12000
1755180900,0.12000
1755181800,0.12000
1755182700,0.12000
1755183600,0.12000
1755184500,0.12000
1755185400,0.12000
1755186300,0.12000
1755187200,0.12000
1755188100,0.12000
1755189000,0.12000
1755189900,0.12000
1755190800,0.12000
1755191700,0.12000
1755192600,0.12000
1755193500,0.12000
1755194400,0.12000
1755195300,0.12000
1755196200,0.12000
1755197100,0.12000
1755198000,0.12000
1755198900,0.12000
1755199800,0.12000
1755200700,0.12000
1755201600,0.12000
1755202500,0.12000
1755203400,0.12000
1755204300,0.12000
1755208800,0.12000
1755209700,0.12000
1755210600,0.12000
1755211500,0.12000
1755212400,0.12000
1755213300,0.12000
1755214200,0.12000
1755215100,0.12000
1755216000,0.12000
1755216900,0.12000
1755217800,0.12000
1755218700,0.12000
1755219600,0.12000
1755220500,0.12000
1755221400,0.12000
1755222300,0.12000
1755223200,0.12000
1755224100,0.12000
1755225000,0.12000
1755225900,0.12000
1755226800,0.12000
1755227700,0.12000
1755228600,0.12000
1755229500,0.12000
1755230400,0.12000
1755231300,0.12000
1755232200,0.12000
1755233100,0.12000
1755234000,0.12000
1755234900,0.12000
1755235800,0.12000
1755236700,0.12000
1755237600,0.12000
1755238500,0.12000
1755239400,0.12000
1755240300,0.12000
1755241200,0.12000
1755242100,0.12000
1755243000,0.12000
1755243900,0.12000
1755244800,0.12000
1755245700,0.12000
1755246600,0.12000
1755247500,0.12000
1755248400,0.12000
1755249300,0.12000
1755250200,0.12000
1755251100,0.12000
1755252000,0.12000
1755252900,0.12000
1755253800,0.12000
1755254700,0.12000
1755255600,0.12000
1755256500,0.12000
1755257400,0.12000
1755258300,0.12000
1755259200,0.12000
1755260100,0.12000
1755261000,0.12000
1755261900,0.12000
1755262800,0.12000
1755263700,0.12000
1755264600,0.12000
1755265500,0.12000
1755266400,0.12000
1755267300,0.12000
1755268200,0.12000
1755269100,0.12000
1755270000,0.12000
1755270900,0.12000
1755271800,0.12000
1755272700,0.12000
1755273600,0.12000
1755274500,0.12000
1755275400,0.12000
1755276300,0.12000
1755277200,0.12000
1755278100,0.12000
1755279000,0.12000
1755279900,0.12000
1755280800,0.12000
1755281700,0.12000
1755282600,0.12000
1755283500,0.12000
1755284400,0.12000
1755285300,0.12000
1755286200,0.12000
1755287100,0.12000
1755288000,0.12000
1755288900,0.12000
1755289800,0.12000
1755468000,0.12000
1755468900,0.12000
1755469800,0.12000
1755470700,0.12000
1755471600,0.12000
1755472500,0.12000
1755473400,0.12000
1755474300,0.12000
1755475200,0.12000
1755476100,0.12000
1755477000,0.12000
1755477900,0.12000
1755478800,0.12000
1755479700,0.12000
1755480600,0.12000
1755481500,0.12000
1755482400,0.12000
1755483300,0.12000
1755484200,0.12000
1755485100,0.12000
1755486000,0.12000
1755486900,0.12000
1755487800,0.12000
1755488700,0.12000
1755489600,0.12000
1755490500,0.12000
1755491400,0.12000
1755492300,0.12000
1755493200,0.12000
1755494100,0.12000
1755495000,0.12000
1755495900,0.12000
1755496800,0.12000
1755497700,0.12000
1755498600,0.12000
1755499500,0.12000
1755500400,0.12000
1755501300,0.12000
1755502200,0.12000
1755503100,0.12000
1755504000,0.12000
1755504900,0.12000
1755505800,0.12000
1755506700,0.12000
1755507600,0.12000
1755508500,0.12000
1755509400,0.12000
1755510300,0.12000
1755511200,0.12000
1755512100,0.12000
1755513000,0.12000
1755513900,0.12000
1755514800,0.12000
1755515700,0.12000
1755516600,0.12000
1755517500,0.12000
1755518400,0.12000
1755519300,0.12000
1755520200,0.12000
1755521100,0.12000
1755522000,0.12000
1755522900,0.12000
1755523800,0.12000
1755524700,0.12000
1755525600,0.12000
1755526500,0.12000
1755527400,0.12000
1755528300,0.12000
1755529200,0.12000
1755530100,0.12000
1755531000,0.12000
1755531900,0.12000
1755532800,0.12000
1755533700,0.12000
1755534600,0.12000
1755535500,0.12000
1755536400,0.12000
1755537300,0.12000
1755538200,0.12000
1755539100,0.12000
1755540000,0.12000
1755540900,0.12000
1755541800,0.12000
1755542700,0.12000
1755543600,0.12000
1755544500,0.12000
1755545400,0.12000
1755546300,0.12000
1755547200,0.12000
1755548100,0.12000
1755549000,0.12000
1755549900,0.12000
1755554400,0.12000
1755555300,0.12000
1755556200,0.12000
1755557100,0.12000
1755558000,0.12000
1755558900,0.12000
1755559800,0.12000
1755560700,0.12000
1755561600,0.12000
1755562500,0.12000
1755563400,0.12000
1755564300,0.12000
1755565200,0.12000
1755566100,0.12000
1755567000,0.12000
1755567900,0.12000
1755568800,0.12000
1755569700,0.12000
1755570600,0.12000
1755571500,0.12000
1755572400,0.12000
1755573300,0.12000
1755574200,0.12000
1755575100,0.12000
1755576000,0.12000
1755576900,0.12000
1755577800,0.12000
1755578700,0.12000
1755579600,0.12000
1755580500,0.12000
1755581400,0.12000
1755582300,0.12000
1755583200,0.12000
1755584100,0.12000
1755585000,0.12000
1755585900,0.12000
1755586800,0.12000
1755587700,0.12000
1755588600,0.12000
1755589500,0.12000
1755590400,0.12000
1755591300,0.12000
1755592200,0.12000
1755593100,0.12000
1755594000,0.12000
1755594900,0.12000
1755595800,0.12000
1755596700,0.12000
1755597600,0.12000
1755598500,0.12000
1755599400,0.12000
1755600300,0.12000
1755601200,0.12000
1755602100,0.12000
1755603000,0.12000
1755603900,0.12000
1755604800,0.12000
1755605700,0.12000
1755606600,0.12000
1755607500,0.12000
1755608400,0.12000
1755609300,0.12000
1755610200,0.12000
1755611100,0.12000
1755612000,0.12000
1755612900,0.12000
1755613800,0.12000
1755614700,0.12000
1755615600,0.12000
1755616500,0.12000
1755617400,0.12000
1755618300,0.12000
1755619200,0.12000
1755620100,0.12000
1755621000,0.12000
1755621900,0.12000
1755622800,0.12000
1755623700,0.12000
1755624600,0.12000
1755625500,0.12000
1755626400,0.12000
1755627300,0.12000
1755628200,0.12000
1755629100,0.12000
1755630000,0.12000
1755630900,0.12000
1755631800,0.12000
1755632700,0.12000
1755633600,0.12000
1755634500,0.12000
1755635400,0.12000
1755636300,0.12000
1755640800,0.12000
1755641700,0.12000
1755642600,0.12000
1755643500,0.12000
1755644400,0.12000
1755645300,0.12000
1755646200,0.12000
1755647100,0.12000
1755648000,0.12000
1755648900,0.12000
1755649800,0.12000
1755650700,0.12000
1755651600,0.12000
1755652500,0.12000
1755653400,0.12000
1755654300,0.12000
1755655200,0.12000
1755656100,0.12000
1755657000,0.12000
1755657900,0.12000
1755658800,0.12000
1755659700,0.12000
1755660600,0.12000
1755661500,0.12000
1755662400,0.12000
1755663300,0.12000
1755664200,0.12000
1755665100,0.12000
1755666000,0.12000
1755666900,0.12000
1755667800,0.12000
1755668700,0.12000
1755669600,0.12000
1755670500,0.12000
1755671400,0.12000
1755672300,0.12000
1755673200,0.12000
1755674100,0.12000
1755675000,0.12000
1755675900,0.12000
1755676800,0.12000
1755677700,0.12000
1755678600,0.12000
1755679500,0.12000
1755680400,0.12000
1755681300,0.12000
1755682200,0.12000
1755683100,0.12000
1755684000,0.12000
1755684900,0.12000
1755685800,0.12000
1755686700,0.12000
1755687600,0.12000
1755688500,0.12000
1755689400,0.12000
1755690300,0.12000
1755691200,0.12000
1755692100,0.12000
1755693000,0.12000
1755693900,0.12000
1755694800,0.12000
1755695700,0.12000
1755696600,0.12000
1755697500,0.12000
1755698400,0.12000
1755699300,0.12000
1755700200,0.12000
1755701100,0.12000
1755702000,0.12000
1755702900,0.12000
1755703800,0.12000
1755704700,0.12000
1755705600,0.12000
1755706500,0.12000
1755707400,0.12000
1755708300,0.12000
1755709200,0.12000
1755710100,0.12000
1755711000,0.12000
1755711900,0.12000
1755712800,0.12000
1755713700,0.12000
1755714600,0.12000
1755715500,0.12000
1755716400,0.12000
1755717300,0.12000
1755718200,0.12000
1755719100,0.12000
1755720000,0.12000
1755720900,0.12000
1755721800,0.12000
1755722700,0.12000
1755727200,0.12000
1755728100,0.12000
1755729000,0.12000
1755729900,0.12000
1755730800,0.12000
1755731700,0.12000
1755732600,0.12000
1755733500,0.12000
1755734400,0.12000
1755735300,0.12000
1755736200,0.12000
1755737100,0.12000
1755738000,0.12000
1755738900,0.12000
1755739800,0.12000
1755740700,0.12000
1755741600,0.12000
1755742500,0.12000
1755743400,0.12000
1755744300,0.12000
1755745200,0.12000
1755746100,0.12000
1755747000,0.12000
1755747900,0.12000
1755748800,0.12000
1755749700,0.12000
1755750600,0.12000
1755751500,0.12000
1755752400,0.12000
1755753300,0.12000
1755754200,0.12000
1755755100,0.12000
1755756000,0.12000
1755756900,0.12000
1755757800,0.12000
1755758700,0.12000
1755759600,0.12000
1755760500,0.12000
1755761400,0.12000
1755762300,0.12000
1755763200,0.12000
1755764100,0.12000
1755765000,0.12000
1755765900,0.12000
1755766800,0.12000
1755767700,0.12000
1755768600,0.12000
1755769500,0.12000
1755770400,0.12000
1755771300,0.12000
1755772200,0.12000
1755773100,0.12000
1755774000,0.12000
1755774900,0.12000
1755775800,0.12000
1755776700,0.12000
1755777600,0.12000
1755778500,0.12000
1755779400,0.12000
1755780300,0.12000
1755781200,0.12000
1755782100,0.12000
1755783000,0.12000
1755783900,0.12000
1755784800,0.12000
1755785700,0.12000
1755786600,0.12000
1755787500,0.12000
1755788400,0.12000
1755789300,0.12000
1755790200,0.12000
1755791100,0.12000
1755792000,0.12000
1755792900,0.12000
1755793800,0.12000
1755794700,0.12000
1755795600,0.12000
1755796500,0.12000
1755797400,0.12000
1755798300,0.12000
1755799200,0.12000
1755800100,0.12000
1755801000,0.12000
1755801900,0.12000
1755802800,0.12000
1755803700,0.12000
1755804600,0.12000
1755805500,0.12000
1755806400,0.12000
1755807300,0.12000
1755808200,0.12000
1755809100,0.12000
1755813600,0.12000
1755814500,0.12000
1755815400,0.12000
1755816300,0.12000
1755817200,0.12000
1755818100,0.12000
1755819000,0.12000
1755819900,0.12000
1755820800,0.12000
1755821700,0.12000
1755822600,0.12000
1755823500,0.12000
1755824400,0.12000
1755825300,0.12000
1755826200,0.12000
1755827100,0.12000
1755828000,0.12000
1755828900,0.12000
1755829800,0.12000
1755830700,0.12000
1755831600,0.12000
1755832500,0.12000
1755833400,0.12000
1755834300,0.12000
1755835200,0.12000
1755836100,0.12000
1755837000,0.12000
1755837900,0.12000
1755838800,0.12000
1755839700,0.12000
1755840600,0.12000
1755841500,0.12000
1755842400,0.12000
1755843300,0.12000
1755844200,0.12000
1755845100,0.12000
1755846000,0.12000
1755846900,0.12000
1755847800,0.12000
1755848700,0.12000
1755849600,0.12000
1755850500,0.12000
1755851400,0.12000
1755852300,0.12000
1755853200,0.12000
1755854100,0.12000
1755855000,0.12000
1755855900,0.12000
1755856800,0.12000
1755857700,0.12000
1755858600,0.12000
1755859500,0.12000
1755860400,0.12000
1755861300,0.12000
1755862200,0.12000
1755863100,0.12000
1755864000,0.12000
1755864900,0.12000
1755865800,0.12000
1755866700,0.12000
1755867600,0.12000
1755868500,0.12000
1755869400,0.12000
1755870300,0.12000
1755871200,0.07000
1755872100,0.12000
1755873000,0.12000
1755873900,0.12000
1755874800,0.12000
1755875700,0.12000
1755876600,0.12000
1755877500,0.12000
1755878400,0.12000
1755879300,0.12000
1755880200,0.12000
1755881100,0.12000
1755882000,0.12000
1755882900,0.12000
1755883800,0.12000
1755884700,0.12000
1755885600,0.12000
1755886500,0.12000
1755887400,0.12000
1755888300,0.12000
1755889200,0.12000
1755890100,0.12000
1755891000,0.12000
1755891900,0.12000
1755892800,0.12000
1755893700,0.12000
1755894600,0.12000
1756072800,0.12000
1756073700,0.12000
1756074600,0.12000
1756075500,0.12000
1756076400,0.12000
1756077300,0.12000
1756078200,0.12000
1756079100,0.12000
1756080000,0.12000
1756080900,0.12000
1756081800,0.12000
1756082700,0.12000
1756083600,0.12000
1756084500,0.12000
1756085400,0.12000
1756086300,0.12000
1756087200,0.12000
1756088100,0.12000
1756089000,0.12000
1756089900,0.12000
1756090800,0.12000
1756091700,0.12000
1756092600,0.12000
1756093500,0.12000
1756094400,0.12000
1756095300,0.12000
1756096200,0.12000
1756097100,0.12000
1756098000,0.12000
1756098900,0.12000
1756099800,0.12000
1756100700,0.12000
1756101600,0.12000
1756102500,0.12000
1756103400,0.12000
1756104300,0.12000
1756105200,0.12000
1756106100,0.12000
1756107000,0.12000
1756107900,0.12000
1756108800,0.12000
1756109700,0.12000
1756110600,0.12000
1756111500,0.12000
1756112400,0.12000
1756113300,0.12000
1756114200,0.12000
1756115100,0.12000
1756116000,0.12000
1756116900,0.12000
1756117800,0.12000
1756118700,0.12000
1756119600,0.12000
1756120500,0.12000
1756121400,0.12000
1756122300,0.12000
1756123200,0.12000
1756124100,0.12000
1756125000,0.12000
1756125900,0.12000
1756126800,0.12000
1756127700,0.12000
1756128600,0.12000
1756129500,0.12000
1756130400,0.12000
1756131300,0.12000
1756132200,0.12000
1756133100,0.12000
1756134000,0.12000
1756134900,0.12000
1756135800,0.12000
1756136700,0.12000
1756137600,0.12000
1756138500,0.12000
1756139400,0.12000
1756140300,0.12000
1756141200,0.12000
1756142100,0.12000
1756143000,0.12000
1756143900,0.12000
1756144800,0.12000
1756145700,0.12000
1756146600,0.12000
1756147500,0.12000
1756148400,0.12000
1756149300,0.12000
1756150200,0.12000
1756151100,0.12000
1756152000,0.12000
1756152900,0.12000
1756153800,0.12000
1756154700,0.12000
1756159200,0.12000
1756160100,0.12000
1756161000,0.12000
1756161900,0.12000
1756162800,0.12000
1756163700,0.12000
1756164600,0.12000
1756165500,0.12000
1756166400,0.12000
1756167300,0.12000
1756168200,0.12000
1756169100,0.12000
1756170000,0.12000
1756170900,0.12000
1756171800,0.12000
1756172700,0.12000
1756173600,0.12000
1756174500,0.12000
1756175400,0.12000
1756176300,0.12000
1756177200,0.12000
1756178100,0.12000
1756179000,0.12000
1756179900,0.12000
1756180800,0.12000
1756181700,0.12000
1756182600,0.12000
1756183500,0.12000
1756184400,0.12000
1756185300,0.12000
1756186200,0.12000
1756187100,0.12000
1756188000,0.12000
1756188900,0.12000
1756189800,0.12000
1756190700,0.12000
1756191600,0.12000
1756192500,0.12000
1756193400,0.12000
1756194300,0.12000
1756195200,0.12000
1756196100,0.12000
1756197000,0.12000
1756197900,0.12000
1756198800,0.12000
1756199700,0.12000
1756200600,0.12000
1756201500,0.12000
1756202400,0.12000
1756203300,0.12000
1756204200,0.12000
1756205100,0.12000
1756206000,0.12000
1756206900,0.12000
1756207800,0.12000
1756208700,0.12000
1756209600,0.12000
1756210500,0.12000
1756211400,0.12000
1756212300,0.12000
1756213200,0.12000
1756214100,0.12000
1756215000,0.12000
1756215900,0.12000
1756216800,0.12000
1756217700,0.12000
1756218600,0.12000
1756219500,0.12000
1756220400,0.12000
1756221300,0.12000
1756222200,0.12000
1756223100,0.12000
1756224000,0.12000
1756224900,0.12000
1756225800,0.12000
1756226700,0.12000
1756227600,0.12000
1756228500,0.12000
1756229400,0.12000
1756230300,0.12000
1756231200,0.12000
1756232100,0.12000
1756233000,0.12000
1756233900,0.12000
1756234800,0.12000
1756235700,0.12000
1756236600,0.12000
1756237500,0.12000
1756238400,0.12000
1756239300,0.12000
1756240200,0.12000
1756241100,0.12000
1756245600,0.12000
1756246500,0.12000
1756247400,0.12000
1756248300,0.12000
1756249200,0.12000
1756250100,0.12000
1756251000,0.12000
1756251900,0.12000
1756252800,0.12000
1756253700,0.12000
1756254600,0.12000
1756255500,0.12000
1756256400,0.12000
1756257300,0.12000
1756258200,0.12000
1756259100,0.12000
1756260000,0.12000
1756260900,0.12000
1756261800,0.12000
1756262700,0.12000
1756263600,0.12000
1756264500,0.12000
1756265400,0.12000
1756266300,0.12000
1756267200,0.12000
1756268100,0.12000
1756269000,0.12000
1756269900,0.12000
1756270800,0.12000
1756271700,0.12000
1756272600,0.12000
1756273500,0.12000
1756274400,0.12000
1756275300,0.12000
1756276200,0.12000
1756277100,0.12000
1756278000,0.12000
1756278900,0.12000
1756279800,0.12000
1756280700,0.12000
1756281600,0.12000
1756282500,0.12000
1756283400,0.12000
1756284300,0.12000
1756285200,0.12000
1756286100,0.12000
1756287000,0.12000
1756287900,0.12000
1756288800,0.12000
1756289700,0.12000
1756290600,0.12000
1756291500,0.12000
1756292400,0.12000
1756293300,0.12000
1756294200,0.12000
1756295100,0.12000
1756296000,0.12000
1756296900,0.12000
1756297800,0.12000
1756298700,0.12000
1756299600,0.12000
1756300500,0.12000
1756301400,0.12000
1756302300,0.12000
1756303200,0.12000
1756304100,0.12000
1756305000,0.12000
1756305900,0.12000
1756306800,0.12000
1756307700,0.12000
1756308600,0.12000
1756309500,0.12000
1756310400,0.12000
1756311300,0.12000
1756312200,0.12000
1756313100,0.12000
1756314000,0.12000
1756314900,0.12000
1756315800,0.12000
1756316700,0.12000
1756317600,0.12000
1756318500,0.12000
1756319400,0.12000
1756320300,0.12000
1756321200,0.12000
1756322100,0.12000
1756323000,0.12000
1756323900,0.12000
1756324800,0.12000
1756325700,0.12000
1756326600,0.12000
1756327500,0.12000
1756332000,0.12000
1756332900,0.12000
1756333800,0.12000
1756334700,0.12000
1756335600,0.12000
1756336500,0.12000
1756337400,0.12000
1756338300,0.12000
1756339200,0.12000
1756340100,0.12000
1756341000,0.12000
1756341900,0.12000
1756342800,0.12000
1756343700,0.12000
1756344600,0.12000
1756345500,0.12000
1756346400,0.12000
1756347300,0.12000
1756348200,0.12000
1756349100,0.12000
1756350000,0.12000
1756350900,0.12000
1756351800,0.12000
1756352700,0.12000
1756353600,0.12000
1756354500,0.12000
1756355400,0.12000
1756356300,0.12000
1756357200,0.12000
1756358100,0.12000
1756359000,0.12000
1756359900,0.12000
1756360800,0.12000
1756361700,0.12000
1756362600,0.12000
1756363500,0.12000
1756364400,0.12000
1756365300,0.12000
1756366200,0.12000
1756367100,0.12000
1756368000,0.12000
1756368900,0.12000
1756369800,0.12000
1756370700,0.12000
1756371600,0.12000
1756372500,0.12000
1756373400,0.12000
1756374300,0.12000
1756375200,0.12000
1756376100,0.12000
1756377000,0.12000
1756377900,0.12000
1756378800,0.12000
1756379700,0.12000
1756380600,0.12000
1756381500,0.12000
1756382400,0.12000
1756383300,0.12000
1756384200,0.12000
1756385100,0.12000
1756386000,0.12000
1756386900,0.12000
1756387800,0.12000
1756388700,0.12000
1756389600,0.12000
1756390500,0.12000
1756391400,0.12000
1756392300,0.12000
1756393200,0.12000
1756394100,0.12000
1756395000,0.12000
1756395900,0.12000
1756396800,0.12000
1756397700,0.12000
1756398600,0.12000
1756399500,0.12000
1756400400,0.12000
1756401300,0.12000
1756402200,0.12000
1756403100,0.12000
1756404000,0.12000
1756404900,0.12000
1756405800,0.12000
1756406700,0.12000
1756407600,0.12000
1756408500,0.12000
1756409400,0.12000
1756410300,0.12000
1756411200,0.12000
1756412100,0.12000
1756413000,0.12000
1756413900,0.12000
1756418400,0.12000
1756419300,0.12000
1756420200,0.12000
1756421100,0.12000
1756422000,0.12000
1756422900,0.12000
1756423800,0.12000
1756424700,0.12000
1756425600,0.12000
1756426500,0.12000
1756427400,0.12000
1756428300,0.12000
1756429200,0.12000
1756430100,0.12000
1756431000,0.12000
1756431900,0.12000
1756432800,0.12000
1756433700,0.12000
1756434600,0.12000
1756435500,0.12000
1756436400,0.12000
1756437300,0.12000
1756438200,0.12000
1756439100,0.12000
1756440000,0.12000
1756440900,0.12000
1756441800,0.12000
1756442700,0.12000
1756443600,0.12000
1756444500,0.12000
1756445400,0.12000
1756446300,0.12000
1756447200,0.12000
1756448100,0.12000
1756449000,0.12000
1756449900,0.12000
1756450800,0.12000
1756451700,0.12000
1756452600,0.12000
1756453500,0.12000
1756454400,0.12000
1756455300,0.12000
1756456200,0.12000
1756457100,0.12000
1756458000,0.12000
1756458900,0.12000
1756459800,0.12000
1756460700,0.12000
1756461600,0.12000
1756462500,0.12000
1756463400,0.12000
1756464300,0.12000
1756465200,0.12000
1756466100,0.12000
1756467000,0.12000
1756467900,0.12000
1756468800,0.12000
1756469700,0.12000
1756470600,0.12000
1756471500,0.12000
1756472400,0.12000
1756473300,0.12000
1756474200,0.12000
1756475100,0.12000
1756476000,0.12000
1756476900,0.12000
1756477800,0.12000
1756478700,0.12000
1756479600,0.12000
1756480500,0.12000
1756481400,0.12000
1756482300,0.12000
1756483200,0.12000
1756484100,0.12000
1756485000,0.12000
1756485900,0.12000
1756486800,0.12000
1756487700,0.12000
1756488600,0.12000
1756489500,0.12000
1756490400,0.12000
1756491300,0.12000
1756492200,0.12000
1756493100,0.12000
1756494000,0.12000
1756494900,0.12000
1756495800,0.12000
1756496700,0.12000
1756497600,0.12000
1756498500,0.12000
1756499400,0.12000
1756677600,0.12000
1756678500,0.12000
1756679400,0.12000
1756680300,0.12000
1756681200,0.12000
1756682100,0.12000
1756683000,0.12000
1756683900,0.12000
1756684800,0.12000
1756685700,0.12000
1756686600,0.12000
1756687500,0.12000
1756688400,0.12000
1756689300,0.12000
1756690200,0.12000
1756691100,0.12000
1756692000,0.12000
1756692900,0.12000
1756693800,0.12000
1756694700,0.12000
1756695600,0.12000
1756696500,0.12000
1756697400,0.12000
1756698300,0.12000
1756699200,0.12000
1756700100,0.12000
1756701000,0.12000
1756701900,0.12000
1756702800,0.12000
1756703700,0.12000
1756704600,0.12000
1756705500,0.12000
1756706400,0.12000
1756707300,0.12000
1756708200,0.12000
1756709100,0.12000
1756710000,0.12000
1756710900,0.12000
1756711800,0.12000
1756712700,0.12000
1756713600,0.12000
1756714500,0.12000
1756715400,0.12000
1756716300,0.12000
1756717200,0.12000
1756718100,0.12000
1756719000,0.12000
1756719900,0.12000
1756720800,0.12000
1756721700,0.12000
1756722600,0.12000
1756723500,0.12000
1756724400,0.12000
1756725300,0.12000
1756726200,0.12000
1756727100,0.12000
1756728000,0.12000
1756728900,0.12000
1756729800,0.12000
1756730700,0.12000
1756731600,0.12000
1756732500,0.12000
1756733400,0.12000
1756734300,0.12000
1756735200,0.12000
1756736100,0.12000
1756737000,0.12000
1756737900,0.12000
1756738800,0.12000
1756739700,0.12000
1756740600,0.12000
1756741500,0.12000
1756742400,0.12000
1756743300,0.12000
1756744200,0.12000
1756745100,0.12000
1756746000,0.12000
1756746900,0.12000
1756747800,0.12000
1756748700,0.12000
1756749600,0.12000
1756750500,0.12000
1756764000,0.12000
1756764900,0.12000
1756765800,0.12000
1756766700,0.12000
1756767600,0.12000
1756768500,0.12000
1756769400,0.12000
1756770300,0.12000
1756771200,0.12000
1756772100,0.12000
1756773000,0.12000
1756773900,0.12000
1756774800,0.12000
1756775700,0.12000
1756776600,0.12000
1756777500,0.12000
1756778400,0.12000
1756779300,0.12000
1756780200,0.12000
1756781100,0.12000
1756782000,0.12000
1756782900,0.12000
1756783800,0.12000
1756784700,0.12000
1756785600,0.12000
1756786500,0.12000
1756787400,0.12000
1756788300,0.12000
1756789200,0.12000
1756790100,0.12000
1756791000,0.12000
1756791900,0.12000
1756792800,0.12000
1756793700,0.12000
1756794600,0.12000
1756795500,0.12000
1756796400,0.12000
1756797300,0.12000
1756798200,0.12000
1756799100,0.12000
1756800000,0.12000
1756800900,0.12000
1756801800,0.12000
1756802700,0.12000
1756803600,0.12000
1756804500,0.12000
1756805400,0.12000
1756806300,0.12000
1756807200,0.12000
1756808100,0.12000
1756809000,0.12000
1756809900,0.12000
1756810800,0.12000
1756811700,0.12000
1756812600,0.12000
1756813500,0.12000
1756814400,0.12000
1756815300,0.12000
1756816200,0.12000
1756817100,0.12000
1756818000,0.12000
1756818900,0.12000
1756819800,0.12000
1756820700,0.12000
1756821600,0.12000
1756822500,0.12000
1756823400,0.12000
1756824300,0.12000
1756825200,0.12000
1756826100,0.12000
1756827000,0.12000
1756827900,0.12000
1756828800,0.12000
1756829700,0.12000
1756830600,0.12000
1756831500,0.12000
1756832400,0.12000
1756833300,0.12000
1756834200,0.12000
1756835100,0.12000
1756836000,0.12000
1756836900,0.12000
1756837800,0.12000
1756838700,0.12000
1756839600,0.12000
1756840500,0.12000
1756841400,0.12000
1756842300,0.12000
1756843200,0.12000
1756844100,0.12000
1756845000,0.12000
1756845900,0.12000
1756850400,0.12000
1756851300,0.12000
1756852200,0.12000
1756853100,0.12000
1756854000,0.12000
1756854900,0.12000
1756855800,0.12000
1756856700,0.12000
1756857600,0.12000
1756858500,0.12000
1756859400,0.12000
1756860300,0.12000
1756861200,0.12000
1756862100,0.12000
1756863000,0.12000
1756863900,0.12000
1756864800,0.12000
1756865700,0.12000
1756866600,0.12000
1756867500,0.12000
1756868400,0.12000
1756869300,0.12000
1756870200,0.12000
1756871100,0.12000
1756872000,0.12000
1756872900,0.12000
1756873800,0.12000
1756874700,0.12000
1756875600,0.12000
1756876500,0.12000
1756877400,0.12000
1756878300,0.12000
1756879200,0.12000
1756880100,0.12000
1756881000,0.12000
1756881900,0.12000
1756882800,0.12000
1756883700,0.12000
1756884600,0.12000
1756885500,0.12000
1756886400,0.12000
1756887300,0.12000
1756888200,0.12000
1756889100,0.12000
1756890000,0.12000
1756890900,0.12000
1756891800,0.12000
1756892700,0.12000
1756893600,0.12000
1756894500,0.12000
1756895400,0.12000
1756896300,0.12000
1756897200,0.12000
1756898100,0.12000
1756899000,0.12000
1756899900,0.12000
1756900800,0.12000
1756901700,0.12000
1756902600,0.12000
1756903500,0.12000
1756904400,0.12000
1756905300,0.12000
1756906200,0.12000
1756907100,0.12000
1756908000,0.12000
1756908900,0.12000
1756909800,0.12000
1756910700,0.12000
1756911600,0.12000
1756912500,0.12000
1756913400,0.12000
1756914300,0.12000
1756915200,0.12000
1756916100,0.12000
1756917000,0.12000
1756917900,0.12000
1756918800,0.12000
1756919700,0.12000
1756920600,0.12000
1756921500,0.12000
1756922400,0.12000
1756923300,0.12000
1756924200,0.12000
1756925100,0.12000
1756926000,0.12000
1756926900,0.12000
1756927800,0.12000
1756928700,0.12000
1756929600,0.12000
1756930500,0.12000
1756931400,0.12000
1756932300,0.12000
1756936800,0.12000
1756937700,0.12000
1756938600,0.12000
1756939500,0.12000
1756940400,0.12000
1756941300,0.12000
1756942200,0.12000
1756943100,0.12000
1756944000,0.12000
1756944900,0.12000
1756945800,0.12000
1756946700,0.12000
1756947600,0.12000
1756948500,0.12000
1756949400,0.12000
1756950300,0.12000
1756951200,0.12000
1756952100,0.12000
1756953000,0.12000
1756953900,0.12000
1756954800,0.12000
1756955700,0.12000
1756956600,0.12000
1756957500,0.12000
1756958400,0.12000
1756959300,0.12000
1756960200,0.12000
1756961100,0.12000
1756962000,0.12000
1756962900,0.12000
1756963800,0.12000
1756964700,0.12000
1756965600,0.12000
1756966500,0.12000
1756967400,0.12000
1756968300,0.12000
1756969200,0.12000
1756970100,0.12000
1756971000,0.12000
1756971900,0.12000
1756972800,0.12000
1756973700,0.12000
1756974600,0.12000
1756975500,0.12000
1756976400,0.12000
1756977300,0.12000
1756978200,0.12000
1756979100,0.12000
1756980000,0.12000
1756980900,0.12000
1756981800,0.12000
1756982700,0.12000
1756983600,0.12000
1756984500,0.12000
1756985400,0.12000
1756986300,0.12000
1756987200,0.12000
1756988100,0.12000
1756989000,0.12000
1756989900,0.12000
1756990800,0.12000
1756991700,0.12000
1756992600,0.12000
1756993500,0.12000
1756994400,0.12000
1756995300,0.12000
1756996200,0.12000
1756997100,0.12000
1756998000,0.12000
1756998900,0.12000
1756999800,0.12000
1757000700,0.12000
1757001600,0.12000
1757002500,0.12000
1757003400,0.12000
1757004300,0.12000
1757005200,0.12000
1757006100,0.12000
1757007000,0.12000
1757007900,0.12000
1757008800,0.12000
1757009700,0.12000
1757010600,0.12000
1757011500,0.12000
1757012400,0.12000
1757013300,0.12000
1757014200,0.12000
1757015100,0.12000
1757016000,0.12000
1757016900,0.12000
1757017800,0.12000
1757018700,0.12000
1757023200,0.12000
1757024100,0.12000
1757025000,0.12000
1757025900,0.12000
1757026800,0.12000
1757027700,0.12000
1757028600,0.12000
1757029500,0.12000
1757030400,0.12000
1757031300,0.12000
1757032200,0.12000
1757033100,0.12000
1757034000,0.12000
1757034900,0.12000
1757035800,0.12000
1757036700,0.12000
1757037600,0.12000
1757038500,0.12000
1757039400,0.12000
1757040300,0.12000
1757041200,0.12000
1757042100,0.12000
1757043000,0.12000
1757043900,0.12000
1757044800,0.12000
1757045700,0.12000
1757046600,0.12000
1757047500,0.12000
1757048400,0.12000
1757049300,0.12000
1757050200,0.12000
1757051100,0.12000
1757052000,0.12000
1757052900,0.12000
1757053800,0.12000
1757054700,0.12000
1757055600,0.12000
1757056500,0.12000
1757057400,0.12000
1757058300,0.12000
1757059200,0.12000
1757060100,0.12000
1757061000,0.12000
1757061900,0.12000
1757062800,0.12000
1757063700,0.12000
1757064600,0.12000
1757065500,0.12000
1757066400,0.12000
1757067300,0.12000
1757068200,0.12000
1757069100,0.12000
1757070000,0.12000
1757070900,0.12000
1757071800,0.12000
1757072700,0.12000
1757073600,0.12000
1757074500,0.12000
1757075400,0.12000
1757076300,0.12000
1757077200,0.12000
1757078100,0.12000
1757079000,0.12000
1757079900,0.12000
1757080800,0.12000
1757081700,0.12000
1757082600,0.12000
1757083500,0.12000
1757084400,0.12000
1757085300,0.12000
1757086200,0.12000
1757087100,0.12000
1757088000,0.12000
1757088900,0.12000
1757089800,0.12000
1757090700,0.12000
1757091600,0.12000
1757092500,0.12000
1757093400,0.12000
1757094300,0.12000
1757095200,0.12000
1757096100,0.12000
1757097000,0.12000
1757097900,0.12000
1757098800,0.12000
1757099700,0.12000
1757100600,0.12000
1757101500,0.12000
1757102400,0.12000
1757103300,0.12000
1757104200,0.12000
1757282400,0.12000
1757283300,0.12000
1757284200,0.12000
1757285100,0.12000
1757286000,0.12000
1757286900,0.12000
1757287800,0.12000
1757288700,0.12000
1757289600,0.12000
1757290500,0.12000
1757291400,0.12000
1757292300,0.12000
1757293200,0.12000
1757294100,0.12000
1757295000,0.12000
1757295900,0.12000
1757296800,0.12000
1757297700,0.12000
1757298600,0.12000
1757299500,0.12000
1757300400,0.12000
1757301300,0.12000
1757302200,0.12000
1757303100,0.12000
1757304000,0.12000
1757304900,0.12000
1757305800,0.12000
1757306700,0.12000
1757307600,0.12000
1757308500,0.12000
1757309400,0.12000
1757310300,0.12000
1757311200,0.12000
1757312100,0.12000
1757313000,0.12000
1757313900,0.12000
1757314800,0.12000
1757315700,0.12000
1757316600,0.12000
1757317500,0.12000
1757318400,0.12000
1757319300,0.12000
1757320200,0.12000
1757321100,0.12000
1757322000,0.12000
1757322900,0.12000
1757323800,0.12000
1757324700,0.12000
1757325600,0.12000
1757326500,0.12000
1757327400,0.12000
1757328300,0.12000
1757329200,0.12000
1757330100,0.12000
1757331000,0.12000
1757331900,0.12000
1757332800,0.12000
1757333700,0.12000
1757334600,0.12000
1757335500,0.12000
1757336400,0.12000
1757337300,0.12000
1757338200,0.12000
1757339100,0.12000
1757340000,0.12000
1757340900,0.12000
1757341800,0.12000
1757342700,0.12000
1757343600,0.12000
1757344500,0.12000
1757345400,0.12000
1757346300,0.12000
1757347200,0.12000
1757348100,0.12000
1757349000,0.12000
1757349900,0.12000
1757350800,0.12000
1757351700,0.12000
1757352600,0.12000
1757353500,0.12000
1757354400,0.12000
1757355300,0.12000
1757356200,0.12000
1757357100,0.12000
1757358000,0.12000
1757358900,0.12000
1757359800,0.12000
1757360700,0.12000
1757361600,0.12000
1757362500,0.12000
1757363400,0.12000
1757364300,0.12000
1757368800,0.12000
1757369700,0.12000
1757370600,0.12000
1757371500,0.12000
1757372400,0.12000
1757373300,0.12000
1757374200,0.12000
1757375100,0.12000
1757376000,0.12000
1757376900,0.12000
1757377800,0.12000
1757378700,0.12000
1757379600,0.12000
1757380500,0.12000
1757381400,0.12000
1757382300,0.12000
1757383200,0.12000
1757384100,0.12000
1757385000,0.12000
1757385900,0.12000
1757386800,0.12000
1757387700,0.12000
1757388600,0.12000
1757389500,0.12000
1757390400,0.12000
1757391300,0.12000
1757392200,0.12000
1757393100,0.12000
1757394000,0.12000
1757394900,0.12000
1757395800,0.12000
1757396700,0.12000
1757397600,0.12000
1757398500,0.12000
1757399400,0.12000
1757400300,0.12000
1757401200,0.12000
1757402100,0.12000
1757403000,0.12000
1757403900,0.12000
1757404800,0.12000
1757405700,0.12000
1757406600,0.12000
1757407500,0.12000
1757408400,0.12000
1757409300,0.12000
1757410200,0.12000
1757411100,0.12000
1757412000,0.12000
1757412900,0.12000
1757413800,0.12000
1757414700,0.12000
1757415600,0.12000
1757416500,0.12000
1757417400,0.12000
1757418300,0.12000
1757419200,0.12000
1757420100,0.12000
1757421000,0.12000
1757421900,0.12000
1757422800,0.12000
1757423700,0.12000
1757424600,0.12000
1757425500,0.12000
1757426400,0.12000
1757427300,0.12000
1757428200,0.12000
1757429100,0.12000
1757430000,0.12000
1757430900,0.12000
1757431800,0.12000
1757432700,0.12000
1757433600,0.12000
1757434500,0.12000
1757435400,0.12000
1757436300,0.12000
1757437200,0.12000
1757438100,0.12000
1757439000,0.12000
1757439900,0.12000
1757440800,0.12000
1757441700,0.12000
1757442600,0.12000
1757443500,0.12000
1757444400,0.12000
1757445300,0.12000
1757446200,0.12000
1757447100,0.12000
1757448000,0.12000
1757448900,0.12000
1757449800,0.12000
1757450700,0.12000
1757455200,0.12000
1757456100,0.12000
1757457000,0.12000
1757457900,0.12000
1757458800,0.12000
1757459700,0.12000
1757460600,0.12000
1757461500,0.12000
1757462400,0.12000
1757463300,0.12000
1757464200,0.12000
1757465100,0.12000
1757466000,0.12000
1757466900,0.12000
1757467800,0.12000
1757468700,0.12000
1757469600,0.12000
1757470500,0.12000
1757471400,0.12000
1757472300,0.12000
1757473200,0.12000
1757474100,0.12000
1757475000,0.12000
1757475900,0.12000
1757476800,0.12000
1757477700,0.12000
1757478600,0.12000
1757479500,0.12000
1757480400,0.12000
1757481300,0.12000
1757482200,0.12000
1757483100,0.12000
1757484000,0.12000
1757484900,0.12000
1757485800,0.12000
1757486700,0.12000
1757487600,0.12000
1757488500,0.12000
1757489400,0.12000
1757490300,0.12000
1757491200,0.12000
1757492100,0.12000
1757493000,0.12000
1757493900,0.12000
1757494800,0.12000
1757495700,0.12000
1757496600,0.12000
1757497500,0.12000
1757498400,0.12000
1757499300,0.12000
1757500200,0.12000
1757501100,0.12000
1757502000,0.12000
1757502900,0.12000
1757503800,0.12000
1757504700,0.12000
1757505600,0.12000
1757506500,0.12000
1757507400,0.12000
1757508300,0.12000
1757509200,0.12000
1757510100,0.12000
1757511000,0.12000
1757511900,0.12000
1757512800,0.12000
1757513700,0.12000
1757514600,0.12000
1757515500,0.12000
1757516400,0.12000
1757517300,0.12000
1757518200,0.12000
1757519100,0.12000
1757520000,0.12000
1757520900,0.12000
1757521800,0.12000
1757522700,0.12000
1757523600,0.12000
1757524500,0.12000
1757525400,0.12000
1757526300,0.12000
1757527200,0.12000
1757528100,0.12000
1757529000,0.12000
1757529900,0.12000
1757530800,0.12000
1757531700,0.12000
1757532600,0.12000
1757533500,0.12000
1757534400,0.12000
1757535300,0.12000
1757536200,0.12000
1757537100,0.12000
1757541600,0.12000
1757542500,0.12000
1757543400,0.12000
1757544300,0.12000
1757545200,0.12000
1757546100,0.12000
1757547000,0.12000
1757547900,0.12000
1757548800,0.12000
1757549700,0.12000
1757550600,0.12000
1757551500,0.12000
1757552400,0.12000
1757553300,0.12000
1757554200,0.12000
1757555100,0.12000
1757556000,0.12000
1757556900,0.12000
1757557800,0.12000
1757558700,0.12000
1757559600,0.12000
1757560500,0.12000
1757561400,0.12000
1757562300,0.12000
1757563200,0.12000
1757564100,0.12000
1757565000,0.12000
1757565900,0.12000
1757566800,0.12000
1757567700,0.12000
1757568600,0.12000
1757569500,0.12000
1757570400,0.12000
1757571300,0.12000
1757572200,0.12000
1757573100,0.12000
1757574000,0.12000
1757574900,0.12000
1757575800,0.12000
1757576700,0.12000
1757577600,0.12000
1757578500,0.12000
1757579400,0.12000
1757580300,0.12000
1757581200,0.12000
1757582100,0.12000
1757583000,0.12000
1757583900,0.12000
1757584800,0.12000
1757585700,0.12000
1757586600,0.12000
1757587500,0.12000
1757588400,0.12000
1757589300,0.12000
1757590200,0.12000
1757591100,0.12000
1757592000,0.12000
1757592900,0.12000
1757593800,0.12000
1757594700,0.12000
1757595600,0.12000
1757596500,0.12000
1757597400,0.12000
1757598300,0.12000
1757599200,0.12000
1757600100,0.12000
1757601000,0.12000
1757601900,0.12000
1757602800,0.12000
1757603700,0.12000
1757604600,0.12000
1757605500,0.12000
1757606400,0.12000
1757607300,0.12000
1757608200,0.12000
1757609100,0.12000
1757610000,0.12000
1757610900,0.12000
1757611800,0.12000
1757612700,0.12000
1757613600,0.12000
1757614500,0.12000
1757615400,0.12000
1757616300,0.12000
1757617200,0.12000
1757618100,0.12000
1757619000,0.12000
1757619900,0.12000
1757620800,0.12000
1757621700,0.12000
1757622600,0.12000
1757623500,0.12000
1757628000,0.12000
1757628900,0.12000
1757629800,0.12000
1757630700,0.12000
1757631600,0.12000
1757632500,0.12000
1757633400,0.12000
1757634300,0.12000
1757635200,0.12000
1757636100,0.12000
1757637000,0.12000
1757637900,0.12000
1757638800,0.12000
1757639700,0.12000
1757640600,0.12000
1757641500,0.12000
1757642400,0.12000
1757643300,0.12000
1757644200,0.12000
1757645100,0.12000
1757646000,0.12000
1757646900,0.12000
1757647800,0.12000
1757648700,0.12000
1757649600,0.12000
1757650500,0.12000
1757651400,0.12000
1757652300,0.12000
1757653200,0.12000
1757654100,0.12000
1757655000,0.12000
1757655900,0.12000
1757656800,0.12000
1757657700,0.12000
1757658600,0.12000
1757659500,0.12000
1757660400,0.12000
1757661300,0.12000
1757662200,0.12000
1757663100,0.12000
1757664000,0.12000
1757664900,0.12000
1757665800,0.12000
1757666700,0.12000
1757667600,0.12000
1757668500,0.12000
1757669400,0.12000
1757670300,0.12000
1757671200,0.12000
1757672100,0.12000
1757673000,0.12000
1757673900,0.12000
1757674800,0.12000
1757675700,0.12000
1757676600,0.12000
1757677500,0.12000
1757678400,0.12000
1757679300,0.12000
1757680200,0.12000
1757681100,0.12000
1757682000,0.12000
1757682900,0.12000
1757683800,0.12000
1757684700,0.12000
1757685600,0.12000
1757686500,0.12000
1757687400,0.12000
1757688300,0.12000
1757689200,0.12000
1757690100,0.12000
1757691000,0.12000
1757691900,0.12000
1757692800,0.12000
1757693700,0.12000
1757694600,0.12000
1757695500,0.12000
1757696400,0.12000
1757697300,0.12000
1757698200,0.12000
1757699100,0.12000
1757700000,0.12000
1757700900,0.12000
1757701800,0.12000
1757702700,0.12000
1757703600,0.12000
1757704500,0.12000
1757705400,0.12000
1757706300,0.12000
1757707200,0.12000
1757708100,0.12000
1757709000,0.12000
1757887200,0.12000
1757888100,0.12000
1757889000,0.12000
1757889900,0.12000
1757890800,0.12000
1757891700,0.12000
1757892600,0.12000
1757893500,0.12000
1757894400,0.12000
1757895300,0.12000
1757896200,0.12000
1757897100,0.12000
1757898000,0.12000
1757898900,0.12000
1757899800,0.12000
1757900700,0.12000
1757901600,0.12000
1757902500,0.12000
1757903400,0.12000
1757904300,0.12000
1757905200,0.12000
1757906100,0.12000
1757907000,0.12000
1757907900,0.12000
1757908800,0.12000
1757909700,0.12000
1757910600,0.12000
1757911500,0.12000
1757912400,0.12000
1757913300,0.12000
1757914200,0.12000
1757915100,0.12000
1757916000,0.12000
1757916900,0.12000
1757917800,0.12000
1757918700,0.12000
1757919600,0.12000
1757920500,0.12000
1757921400,0.12000
1757922300,0.12000
1757923200,0.12000
1757924100,0.12000
1757925000,0.12000
1757925900,0.12000
1757926800,0.12000
1757927700,0.12000
1757928600,0.12000
1757929500,0.12000
1757930400,0.12000
1757931300,0.12000
1757932200,0.12000
1757933100,0.12000
1757934000,0.12000
1757934900,0.12000
1757935800,0.12000
1757936700,0.12000
1757937600,0.12000
1757938500,0.12000
1757939400,0.12000
1757940300,0.12000
1757941200,0.12000
1757942100,0.12000
1757943000,0.12000
1757943900,0.12000
1757944800,0.12000
1757945700,0.12000
1757946600,0.12000
1757947500,0.12000
1757948400,0.12000
1757949300,0.12000
1757950200,0.12000
1757951100,0.12000
1757952000,0.12000
1757952900,0.12000
1757953800,0.12000
1757954700,0.12000
1757955600,0.12000
1757956500,0.12000
1757957400,0.12000
1757958300,0.12000
1757959200,0.12000
1757960100,0.12000
1757961000,0.12000
1757961900,0.12000
1757962800,0.12000
1757963700,0.12000
1757964600,0.12000
1757965500,0.12000
1757966400,0.12000
1757967300,0.12000
1757968200,0.12000
1757969100,0.12000
1757973600,0.12000
1757974500,0.12000
1757975400,0.12000
1757976300,0.12000
1757977200,0.12000
1757978100,0.12000
1757979000,0.12000
1757979900,0.12000
1757980800,0.12000
1757981700,0.12000
1757982600,0.12000
1757983500,0.12000
1757984400,0.12000
1757985300,0.12000
1757986200,0.12000
1757987100,0.12000
1757988000,0.12000
1757988900,0.12000
1757989800,0.12000
1757990700,0.12000
1757991600,0.12000
1757992500,0.12000
1757993400,0.12000
1757994300,0.12000
1757995200,0.12000
1757996100,0.12000
1757997000,0.12000
1757997900,0.12000
1757998800,0.12000
1757999700,0.12000
1758000600,0.12000
1758001500,0.12000
1758002400,0.12000
1758003300,0.12000
1758004200,0.12000
1758005100,0.12000
1758006000,0.12000
1758006900,0.12000
1758007800,0.12000
1758008700,0.12000
1758009600,0.12000
1758010500,0.12000
1758011400,0.12000
1758012300,0.12000
1758013200,0.12000
1758014100,0.12000
1758015000,0.12000
1758015900,0.12000
1758016800,0.12000
1758017700,0.12000
1758018600,0.12000
1758019500,0.12000
1758020400,0.12000
1758021300,0.12000
1758022200,0.12000
1758023100,0.12000
1758024000,0.12000
1758024900,0.12000
1758025800,0.12000
1758026700,0.12000
1758027600,0.12000
1758028500,0.12000
1758029400,0.12000
1758030300,0.12000
1758031200,0.12000
1758032100,0.12000
1758033000,0.12000
1758033900,0.12000
1758034800,0.12000
1758035700,0.12000
1758036600,0.12000
1758037500,0.12000
1758038400,0.12000
1758039300,0.12000
1758040200,0.12000
1758041100,0.12000
1758042000,0.12000
1758042900,0.12000
1758043800,0.12000
1758044700,0.12000
1758045600,0.12000
1758046500,0.12000
1758047400,0.12000
1758048300,0.12000
1758049200,0.12000
1758050100,0.12000
1758051000,0.12000
1758051900,0.12000
1758052800,0.12000
1758053700,0.12000
1758054600,0.12000
1758055500,0.12000
1758060000,0.12000
1758060900,0.12000
1758061800,0.12000
1758062700,0.12000
1758063600,0.12000
1758064500,0.12000
1758065400,0.12000
1758066300,0.12000
1758067200,0.12000
1758068100,0.12000
1758069000,0.12000
1758069900,0.12000
1758070800,0.12000
1758071700,0.12000
1758072600,0.12000
1758073500,0.12000
1758074400,0.12000
1758075300,0.12000
1758076200,0.12000
1758077100,0.12000
1758078000,0.12000
1758078900,0.12000
1758079800,0.12000
1758080700,0.12000
1758081600,0.12000
1758082500,0.12000
1758083400,0.12000
1758084300,0.12000
1758085200,0.12000
1758086100,0.12000
1758087000,0.12000
1758087900,0.12000
1758088800,0.12000
1758089700,0.12000
1758090600,0.12000
1758091500,0.12000
1758092400,0.12000
1758093300,0.12000
1758094200,0.12000
1758095100,0.12000
1758096000,0.12000
1758096900,0.12000
1758097800,0.12000
1758098700,0.12000
1758099600,0.12000
1758100500,0.12000
1758101400,0.12000
1758102300,0.12000
1758103200,0.12000
1758104100,0.12000
1758105000,0.12000
1758105900,0.12000
1758106800,0.12000
1758107700,0.12000
1758108600,0.12000
1758109500,0.12000
1758110400,0.12000
1758111300,0.12000
1758112200,0.12000
1758113100,0.12000
1758114000,0.12000
1758114900,0.12000
1758115800,0.12000
1758116700,0.12000
1758117600,0.12000
1758118500,0.12000
1758119400,0.12000
1758120300,0.12000
1758121200,0.12000
1758122100,0.12000
1758123000,0.12000
1758123900,0.12000
1758124800,0.12000
1758125700,0.12000
1758126600,0.12000
1758127500,0.12000
1758128400,0.12000
1758129300,0.12000
1758130200,0.12000
1758131100,0.12000
1758132000,0.12000
1758132900,0.12000
1758133800,0.12000
1758134700,0.12000
1758135600,0.12000
1758136500,0.12000
1758137400,0.12000
1758138300,0.12000
1758139200,0.12000
1758140100,0.12000
1758141000,0.12000
1758141900,0.12000
1758146400,0.12000
1758147300,0.12000
1758148200,0.12000
1758149100,0.12000
1758150000,0.12000
1758150900,0.12000
1758151800,0.12000
1758152700,0.12000
1758153600,0.12000
1758154500,0.12000
1758155400,0.12000
1758156300,0.12000
1758157200,0.12000
1758158100,0.12000
1758159000,0.12000
1758159900,0.12000
1758160800,0.12000
1758161700,0.12000
1758162600,0.12000
1758163500,0.12000
1758164400,0.12000
1758165300,0.12000
1758166200,0.12000
1758167100,0.12000
1758168000,0.12000
1758168900,0.12000
1758169800,0.12000
1758170700,0.12000
1758171600,0.12000
1758172500,0.12000
1758173400,0.12000
1758174300,0.12000
1758175200,0.12000
1758176100,0.12000
1758177000,0.12000
1758177900,0.12000
1758178800,0.12000
1758179700,0.12000
1758180600,0.12000
1758181500,0.12000
1758182400,0.12000
1758183300,0.12000
1758184200,0.12000
1758185100,0.12000
1758186000,0.12000
1758186900,0.12000
1758187800,0.12000
1758188700,0.12000
1758189600,0.12000
1758190500,0.12000
1758191400,0.12000
1758192300,0.12000
1758193200,0.12000
1758194100,0.12000
1758195000,0.12000
1758195900,0.12000
1758196800,0.12000
1758197700,0.12000
1758198600,0.12000
1758199500,0.12000
1758200400,0.12000
1758201300,0.12000
1758202200,0.12000
1758203100,0.12000
1758204000,0.12000
1758204900,0.12000
1758205800,0.12000
1758206700,0.12000
1758207600,0.12000
1758208500,0.12000
1758209400,0.12000
1758210300,0.12000
1758211200,0.12000
1758212100,0.12000
1758213000,0.12000
1758213900,0.12000
1758214800,0.12000
1758215700,0.12000
1758216600,0.12000
1758217500,0.12000
1758218400,0.12000
1758219300,0.12000
1758220200,0.12000
1758221100,0.12000
1758222000,0.12000
1758222900,0.12000
1758223800,0.12000
1758224700,0.12000
1758225600,0.12000
1758226500,0.12000
1758227400,0.12000
1758228300,0.12000
1758232800,0.12000
1758233700,0.12000
1758234600,0.12000
1758235500,0.12000
1758236400,0.12000
1758237300,0.12000
1758238200,0.12000
1758239100,0.12000
1758240000,0.12000
1758240900,0.12000
1758241800,0.12000
1758242700,0.12000
1758243600,0.12000
1758244500,0.12000
1758245400,0.12000
1758246300,0.12000
1758247200,0.12000
1758248100,0.12000
1758249000,0.12000
1758249900,0.12000
1758250800,0.12000
1758251700,0.12000
1758252600,0.12000
1758253500,0.12000
1758254400,0.12000
1758255300,0.12000
1758256200,0.12000
1758257100,0.12000
1758258000,0.12000
1758258900,0.12000
1758259800,0.12000
1758260700,0.12000
1758261600,0.12000
1758262500,0.12000
1758263400,0.12000
1758264300,0.12000
1758265200,0.12000
1758266100,0.12000
1758267000,0.12000
1758267900,0.12000
1758268800,0.12000
1758269700,0.12000
1758270600,0.12000
1758271500,0.12000
1758272400,0.12000
1758273300,0.12000
1758274200,0.12000
1758275100,0.12000
1758276000,0.12000
1758276900,0.12000
1758277800,0.12000
1758278700,0.12000
1758279600,0.12000
1758280500,0.12000
1758281400,0.12000
1758282300,0.12000
1758283200,0.12000
1758284100,0.12000
1758285000,0.12000
1758285900,0.12000
1758286800,0.12000
1758287700,0.12000
1758288600,0.12000
1758289500,0.12000
1758290400,0.12000
1758291300,0.12000
1758292200,0.12000
1758293100,0.12000
1758294000,0.12000
1758294900,0.12000
1758295800,0.12000
1758296700,0.12000
1758297600,0.12000
1758298500,0.12000
1758299400,0.12000
1758300300,0.12000
1758301200,0.12000
1758302100,0.12000
1758303000,0.12000
1758303900,0.12000
1758304800,0.12000
1758305700,0.12000
1758306600,0.12000
1758307500,0.12000
1758308400,0.12000
1758309300,0.12000
1758310200,0.12000
1758311100,0.12000
1758312000,0.12000
1758312900,0.12000
1758313800,0.12000
1758492000,0.12000
1758492900,0.12000
1758493800,0.12000
1758494700,0.12000
1758495600,0.12000
1758496500,0.12000
1758497400,0.12000
1758498300,0.12000
1758499200,0.12000
1758500100,0.12000
1758501000,0.12000
1758501900,0.12000
1758502800,0.12000
1758503700,0.12000
1758504600,0.12000
1758505500,0.12000
1758506400,0.12000
1758507300,0.12000
1758508200,0.12000
1758509100,0.12000
1758510000,0.12000
1758510900,0.12000
1758511800,0.12000
1758512700,0.12000
1758513600,0.12000
1758514500,0.12000
1758515400,0.12000
1758516300,0.12000
1758517200,0.12000
1758518100,0.12000
1758519000,0.12000
1758519900,0.12000
1758520800,0.12000
1758521700,0.12000
1758522600,0.12000
1758523500,0.12000
1758524400,0.12000
1758525300,0.12000
1758526200,0.12000
1758527100,0.12000
1758528000,0.12000
1758528900,0.12000
1758529800,0.12000
1758530700,0.12000
1758531600,0.12000
1758532500,0.12000
1758533400,0.12000
1758534300,0.12000
1758535200,0.12000
1758536100,0.12000
1758537000,0.12000
1758537900,0.12000
1758538800,0.12000
1758539700,0.12000
1758540600,0.12000
1758541500,0.12000
1758542400,0.12000
1758543300,0.12000
1758544200,0.12000
1758545100,0.12000
1758546000,0.12000
1758546900,0.12000
1758547800,0.12000
1758548700,0.12000
1758549600,0.12000
1758550500,0.12000
1758551400,0.12000
1758552300,0.12000
1758553200,0.12000
1758554100,0.12000
1758555000,0.12000
1758555900,0.12000
1758556800,0.12000
1758557700,0.12000
1758558600,0.12000
1758559500,0.12000
1758560400,0.12000
1758561300,0.12000
1758562200,0.12000
1758563100,0.12000
1758564000,0.12000
1758564900,0.12000
1758565800,0.12000
1758566700,0.12000
1758567600,0.12000
1758568500,0.12000
1758569400,0.12000
1758570300,0.12000
1758571200,0.12000
1758572100,0.12000
1758573000,0.12000
1758573900,0.12000
1758578400,0.12000
1758579300,0.12000
1758580200,0.12000
1758581100,0.12000
1758582000,0.12000
1758582900,0.12000
1758583800,0.12000
1758584700,0.12000
1758585600,0.12000
1758586500,0.12000
1758587400,0.12000
1758588300,0.12000
1758589200,0.12000
1758590100,0.12000
1758591000,0.12000
1758591900,0.12000
1758592800,0.12000
1758593700,0.12000
1758594600,0.12000
1758595500,0.12000
1758596400,0.12000
1758597300,0.12000
1758598200,0.12000
1758599100,0.12000
1758600000,0.12000
1758600900,0.12000
1758601800,0.12000
1758602700,0.12000
1758603600,0.12000
1758604500,0.12000
1758605400,0.12000
1758606300,0.12000
1758607200,0.12000
1758608100,0.12000
1758609000,0.12000
1758609900,0.12000
1758610800,0.12000
1758611700,0.12000
1758612600,0.12000
1758613500,0.12000
1758614400,0.12000
1758615300,0.12000
1758616200,0.12000
1758617100,0.12000
1758618000,0.12000
1758618900,0.12000
1758619800,0.12000
1758620700,0.12000
1758621600,0.12000
1758622500,0.12000
1758623400,0.12000
1758624300,0.12000
1758625200,0.12000
1758626100,0.12000
1758627000,0.12000
1758627900,0.12000
1758628800,0.12000
1758629700,0.12000
1758630600,0.12000
1758631500,0.12000
1758632400,0.12000
1758633300,0.12000
1758634200,0.12000
1758635100,0.12000
1758636000,0.12000
1758636900,0.12000
1758637800,0.12000
1758638700,0.12000
1758639600,0.12000
1758640500,0.12000
1758641400,0.12000
1758642300,0.12000
1758643200,0.12000
1758644100,0.12000
1758645000,0.12000
1758645900,0.12000
1758646800,0.12000
1758647700,0.12000
1758648600,0.12000
1758649500,0.12000
1758650400,0.12000
1758651300,0.12000
1758652200,0.12000
1758653100,0.12000
1758654000,0.12000
1758654900,0.12000
1758655800,0.12000
1758656700,0.12000
1758657600,0.12000
1758658500,0.12000
1758659400,0.12000
1758660300,0.12000
1758664800,0.12000
1758665700,0.12000
1758666600,0.12000
1758667500,0.12000
1758668400,0.12000
1758669300,0.12000
1758670200,0.12000
1758671100,0.12000
1758672000,0.12000
1758672900,0.12000
1758673800,0.12000
1758674700,0.12000
1758675600,0.12000
1758676500,0.12000
1758677400,0.12000
1758678300,0.12000
1758679200,0.12000
1758680100,0.12000
1758681000,0.12000
1758681900,0.12000
1758682800,0.12000
1758683700,0.12000
1758684600,0.12000
1758685500,0.12000
1758686400,0.12000
1758687300,0.12000
1758688200,0.12000
1758689100,0.12000
1758690000,0.12000
1758690900,0.12000
1758691800,0.12000
1758692700,0.12000
1758693600,0.12000
1758694500,0.12000
1758695400,0.12000
1758696300,0.12000
1758697200,0.12000
1758698100,0.12000
1758699000,0.12000
1758699900,0.12000
1758700800,0.12000
1758701700,0.12000
1758702600,0.12000
1758703500,0.12000
1758704400,0.12000
1758705300,0.12000
1758706200,0.12000
1758707100,0.12000
1758708000,0.12000
1758708900,0.12000
1758709800,0.12000
1758710700,0.12000
1758711600,0.12000
1758712500,0.12000
1758713400,0.12000
1758714300,0.12000
1758715200,0.12000
1758716100,0.12000
1758717000,0.12000
1758717900,0.12000
1758718800,0.12000
1758719700,0.12000
1758720600,0.12000
1758721500,0.12000
1758722400,0.12000
1758723300,0.12000
1758724200,0.12000
1758725100,0.12000
1758726000,0.12000
1758726900,0.12000
1758727800,0.12000
1758728700,0.12000
1758729600,0.12000
1758730500,0.12000
1758731400,0.12000
1758732300,0.12000
1758733200,0.12000
1758734100,0.12000
1758735000,0.12000
1758735900,0.12000
1758736800,0.12000
1758737700,0.12000
1758738600,0.12000
1758739500,0.12000
1758740400,0.12000
1758741300,0.12000
1758742200,0.12000
1758743100,0.12000
1758744000,0.12000
1758744900,0.12000
1758745800,0.12000
1758746700,0.12000
1758751200,0.12000
1758752100,0.12000
1758753000,0.12000
1758753900,0.12000
1758754800,0.12000
1758755700,0.12000
1758756600,0.12000
1758757500,0.12000
1758758400,0.12000
1758759300,0.12000
1758760200,0.12000
1758761100,0.12000
1758762000,0.12000
1758762900,0.12000
1758763800,0.12000
1758764700,0.12000
1758765600,0.12000
1758766500,0.12000
1758767400,0.12000
1758768300,0.12000
1758769200,0.12000
1758770100,0.12000
1758771000,0.12000
1758771900,0.12000
1758772800,0.12000
1758773700,0.12000
1758774600,0.12000
1758775500,0.12000
1758776400,0.12000
1758777300,0.12000
1758778200,0.12000
1758779100,0.12000
1758780000,0.12000
1758780900,0.12000
1758781800,0.12000
1758782700,0.12000
1758783600,0.12000
1758784500,0.12000
1758785400,0.12000
1758786300,0.12000
1758787200,0.12000
1758788100,0.12000
1758789000,0.12000
1758789900,0.12000
1758790800,0.12000
1758791700,0.12000
1758792600,0.12000
1758793500,0.12000
1758794400,0.12000
1758795300,0.12000
1758796200,0.12000
1758797100,0.12000
1758798000,0.12000
1758798900,0.12000
1758799800,0.12000
1758800700,0.12000
1758801600,0.12000
1758802500,0.12000
1758803400,0.12000
1758804300,0.12000
1758805200,0.12000
1758806100,0.12000
1758807000,0.12000
1758807900,0.12000
1758808800,0.12000
1758809700,0.12000
1758810600,0.12000
1758811500,0.12000
1758812400,0.12000
1758813300,0.12000
1758814200,0.12000
1758815100,0.12000
1758816000,0.12000
1758816900,0.12000
1758817800,0.12000
1758818700,0.12000
1758819600,0.12000
1758820500,0.12000
1758821400,0.12000
1758822300,0.12000
1758823200,0.12000
1758824100,0.12000
1758825000,0.12000
1758825900,0.12000
1758826800,0.12000
1758827700,0.12000
1758828600,0.12000
1758829500,0.12000
1758830400,0.12000
1758831300,0.12000
1758832200,0.12000
1758833100,0.12000
1758837600,0.12000
1758838500,0.12000
1758839400,0.12000
1758840300,0.12000
1758841200,0.12000
1758842100,0.12000
1758843000,0.12000
1758843900,0.12000
1758844800,0.12000
1758845700,0.12000
1758846600,0.12000
1758847500,0.12000
1758848400,0.12000
1758849300,0.12000
1758850200,0.12000
1758851100,0.12000
1758852000,0.12000
1758852900,0.12000
1758853800,0.12000
1758854700,0.12000
1758855600,0.12000
1758856500,0.12000
1758857400,0.12000
1758858300,0.12000
1758859200,0.12000
1758860100,0.12000
1758861000,0.12000
1758861900,0.12000
1758862800,0.12000
1758863700,0.12000
1758864600,0.12000
1758865500,0.12000
1758866400,0.12000
1758867300,0.12000
1758868200,0.12000
1758869100,0.12000
1758870000,0.12000
1758870900,0.12000
1758871800,0.12000
1758872700,0.12000
1758873600,0.12000
1758874500,0.12000
1758875400,0.12000
1758876300,0.12000
1758877200,0.12000
1758878100,0.12000
1758879000,0.12000
1758879900,0.12000
1758880800,0.12000
1758881700,0.12000
1758882600,0.12000
1758883500,0.12000
1758884400,0.12000
1758885300,0.12000
1758886200,0.12000
1758887100,0.12000
1758888000,0.12000
1758888900,0.12000
1758889800,0.12000
1758890700,0.12000
1758891600,0.12000
1758892500,0.12000
1758893400,0.12000
1758894300,0.12000
1758895200,0.12000
1758896100,0.12000
1758897000,0.12000
1758897900,0.12000
1758898800,0.12000
1758899700,0.12000
1758900600,0.12000
1758901500,0.12000
1758902400,0.12000
1758903300,0.12000
1758904200,0.12000
1758905100,0.12000
1758906000,0.12000
1758906900,0.12000
1758907800,0.12000
1758908700,0.12000
1758909600,0.12000
1758910500,0.12000
1758911400,0.12000
1758912300,0.12000
1758913200,0.12000
1758914100,0.12000
1758915000,0.12000
1758915900,0.12000
1758916800,0.12000
1758917700,0.12000
1758918600,0.12000
1759096800,0.12000
1759097700,0.12000
1759098600,0.12000
1759099500,0.12000
1759100400,0.12000
1759101300,0.12000
1759102200,0.12000
1759103100,0.12000
1759104000,0.12000
1759104900,0.12000
1759105800,0.12000
1759106700,0.12000
1759107600,0.12000
1759108500,0.12000
1759109400,0.12000
1759110300,0.12000
1759111200,0.12000
1759112100,0.12000
1759113000,0.12000
1759113900,0.12000
1759114800,0.12000
1759115700,0.12000
1759116600,0.12000
1759117500,0.12000
1759118400,0.12000
1759119300,0.12000
1759120200,0.12000
1759121100,0.12000
1759122000,0.12000
1759122900,0.12000
1759123800,0.12000
1759124700,0.12000
1759125600,0.12000
1759126500,0.12000
1759127400,0.12000
1759128300,0.12000
1759129200,0.12000
1759130100,0.12000
1759131000,0.12000
1759131900,0.12000
1759132800,0.12000
1759133700,0.12000
1759134600,0.12000
1759135500,0.12000
1759136400,0.12000
1759137300,0.12000
1759138200,0.12000
1759139100,0.12000
1759140000,0.12000
1759140900,0.12000
1759141800,0.12000
1759142700,0.12000
1759143600,0.12000
1759144500,0.12000
1759145400,0.12000
1759146300,0.12000
1759147200,0.12000
1759148100,0.12000
1759149000,0.12000
1759149900,0.12000
1759150800,0.12000
1759151700,0.12000
1759152600,0.12000
1759153500,0.12000
1759154400,0.12000
1759155300,0.12000
1759156200,0.12000
1759157100,0.12000
1759158000,0.12000
1759158900,0.12000
1759159800,0.12000
1759160700,0.12000
1759161600,0.12000
1759162500,0.12000
1759163400,0.12000
1759164300,0.12000
1759165200,0.12000
1759166100,0.12000
1759167000,0.12000
1759167900,0.12000
1759168800,0.12000
1759169700,0.12000
1759170600,0.12000
1759171500,0.12000
1759172400,0.12000
1759173300,0.12000
1759174200,0.12000
1759175100,0.12000
1759176000,0.12000
1759176900,0.12000
1759177800,0.12000
1759178700,0.12000
1759183200,0.12000
1759184100,0.12000
1759185000,0.12000
1759185900,0.12000
1759186800,0.12000
1759187700,0.12000
1759188600,0.12000
1759189500,0.12000
1759190400,0.12000
1759191300,0.12000
1759192200,0.12000
1759193100,0.12000
1759194000,0.12000
1759194900,0.12000
1759195800,0.12000
1759196700,0.12000
1759197600,0.12000
1759198500,0.12000
1759199400,0.12000
1759200300,0.12000
1759201200,0.12000
1759202100,0.12000
1759203000,0.12000
1759203900,0.12000
1759204800,0.12000
1759205700,0.12000
1759206600,0.12000
1759207500,0.12000
1759208400,0.12000
1759209300,0.12000
1759210200,0.12000
1759211100,0.12000
1759212000,0.12000
1759212900,0.12000
1759213800,0.12000
1759214700,0.12000
1759215600,0.12000
1759216500,0.12000
1759217400,0.12000
1759218300,0.12000
1759219200,0.12000
1759220100,0.12000
1759221000,0.12000
1759221900,0.12000
1759222800,0.12000
1759223700,0.12000
1759224600,0.12000
1759225500,0.12000
1759226400,0.12000
1759227300,0.12000
1759228200,0.12000
1759229100,0.12000
1759230000,0.12000
1759230900,0.12000
1759231800,0.12000
1759232700,0.12000
1759233600,0.12000
1759234500,0.12000
1759235400,0.12000
1759236300,0.12000
1759237200,0.12000
1759238100,0.12000
1759239000,0.12000
1759239900,0.12000
1759240800,0.12000
1759241700,0.12000
1759242600,0.12000
1759243500,0.12000
1759244400,0.12000
1759245300,0.12000
1759246200,0.12000
1759247100,0.12000
1759248000,0.12000
1759248900,0.12000
1759249800,0.12000
1759250700,0.12000
1759251600,0.12000
1759252500,0.12000
1759253400,0.12000
1759254300,0.12000
1759255200,0.12000
1759256100,0.12000
1759257000,0.12000
1759257900,0.12000
1759258800,0.12000
1759259700,0.12000
1759260600,0.12000
1759261500,0.12000
1759262400,0.12000
1759263300,0.12000
1759264200,0.12000
1759265100,0.12000
1759269600,0.12000
1759270500,0.12000
1759271400,0.12000
1759272300,0.12000
1759273200,0.12000
1759274100,0.12000
1759275000,0.12000
1759275900,0.12000
1759276800,0.12000
1759277700,0.12000
1759278600,0.12000
1759279500,0.12000
1759280400,0.12000
1759281300,0.12000
1759282200,0.12000
1759283100,0.12000
1759284000,0.12000
1759284900,0.12000
1759285800,0.12000
1759286700,0.12000
1759287600,0.12000
1759288500,0.12000
1759289400,0.12000
1759290300,0.12000
1759291200,0.12000
1759292100,0.12000
1759293000,0.12000
1759293900,0.12000
1759294800,0.12000
1759295700,0.12000
1759296600,0.12000
1759297500,0.12000
1759298400,0.12000
1759299300,0.12000
1759300200,0.12000
1759301100,0.12000
1759302000,0.12000
1759302900,0.12000
1759303800,0.12000
1759304700,0.12000
1759305600,0.12000
1759306500,0.12000
1759307400,0.12000
1759308300,0.12000
1759309200,0.12000
1759310100,0.12000
1759311000,0.12000
1759311900,0.12000
1759312800,0.12000
1759313700,0.12000
1759314600,0.12000
1759315500,0.12000
1759316400,0.12000
1759317300,0.12000
1759318200,0.12000
1759319100,0.12000
1759320000,0.12000
1759320900,0.12000
1759321800,0.12000
1759322700,0.12000
1759323600,0.12000
1759324500,0.12000
1759325400,0.12000
1759326300,0.12000
1759327200,0.12000
1759328100,0.12000
1759329000,0.12000
1759329900,0.12000
1759330800,0.12000
1759331700,0.12000
1759332600,0.12000
1759333500,0.12000
1759334400,0.12000
1759335300,0.12000
1759336200,0.12000
1759337100,0.12000
1759338000,0.12000
1759338900,0.12000
1759339800,0.12000
1759340700,0.12000
1759341600,0.12000
1759342500,0.12000
1759343400,0.12000
1759344300,0.12000
1759345200,0.12000
1759346100,0.12000
1759347000,0.12000
1759347900,0.12000
1759348800,0.12000
1759349700,0.12000
1759350600,0.12000
1759351500,0.12000
1759356000,0.12000
1759356900,0.12000
1759357800,0.12000
1759358700,0.12000
1759359600,0.12000
1759360500,0.12000
1759361400,0.12000
1759362300,0.12000
1759363200,0.12000
1759364100,0.12000
1759365000,0.12000
1759365900,0.12000
1759366800,0.12000
1759367700,0.12000
1759368600,0.12000
1759369500,0.12000
1759370400,0.12000
1759371300,0.12000
1759372200,0.12000
1759373100,0.12000
1759374000,0.12000
1759374900,0.12000
1759375800,0.12000
1759376700,0.12000
1759377600,0.12000
1759378500,0.12000
1759379400,0.12000
1759380300,0.12000
1759381200,0.12000
1759382100,0.12000
1759383000,0.12000
1759383900,0.12000
1759384800,0.12000
1759385700,0.12000
1759386600,0.12000
1759387500,0.12000
1759388400,0.12000
1759389300,0.12000
1759390200,0.12000
1759391100,0.12000
1759392000,0.12000
1759392900,0.12000
1759393800,0.12000
1759394700,0.12000
1759395600,0.12000
1759396500,0.12000
1759397400,0.12000
1759398300,0.12000
1759399200,0.12000
1759400100,0.12000
1759401000,0.12000
1759401900,0.12000
1759402800,0.12000
1759403700,0.12000
1759404600,0.12000
1759405500,0.12000
1759406400,0.12000
1759407300,0.12000
1759408200,0.12000
1759409100,0.12000
1759410000,0.12000
1759410900,0.12000
1759411800,0.12000
1759412700,0.12000
1759413600,0.12000
1759414500,0.12000
1759415400,0.12000
1759416300,0.12000
1759417200,0.12000
1759418100,0.12000
1759419000,0.12000
1759419900,0.12000
1759420800,0.12000
1759421700,0.12000
1759422600,0.12000
1759423500,0.12000
1759424400,0.12000
1759425300,0.12000
1759426200,0.12000
1759427100,0.12000
1759428000,0.12000
1759428900,0.12000
1759429800,0.12000
1759430700,0.12000
1759431600,0.12000
1759432500,0.12000
1759433400,0.12000
1759434300,0.12000
1759435200,0.12000
1759436100,0.12000
1759437000,0.12000
1759437900,0.12000
1759442400,0.12000
1759443300,0.12000
1759444200,0.12000
1759445100,0.12000
1759446000,0.12000
1759446900,0.12000
1759447800,0.12000
1759448700,0.12000
1759449600,0.12000
1759450500,0.12000
1759451400,0.12000
1759452300,0.12000
1759453200,0.12000
1759454100,0.12000
1759455000,0.12000
1759455900,0.12000
1759456800,0.12000
1759457700,0.12000
1759458600,0.12000
1759459500,0.12000
1759460400,0.12000
1759461300,0.12000
1759462200,0.12000
1759463100,0.12000
1759464000,0.12000
1759464900,0.12000
1759465800,0.12000
1759466700,0.12000
1759467600,0.12000
1759468500,0.12000
1759469400,0.12000
1759470300,0.12000
1759471200,0.12000
1759472100,0.12000
1759473000,0.12000
1759473900,0.12000
1759474800,0.12000
1759475700,0.12000
1759476600,0.12000
1759477500,0.12000
1759478400,0.12000
1759479300,0.12000
1759480200,0.12000
1759481100,0.12000
1759482000,0.12000
1759482900,0.12000
1759483800,0.12000
1759484700,0.12000
1759485600,0.12000
1759486500,0.12000
1759487400,0.12000
1759488300,0.12000
1759489200,0.12000
1759490100,0.12000
1759491000,0.12000
1759491900,0.12000
1759492800,0.12000
1759493700,0.12000
1759494600,0.12000
1759495500,0.12000
1759496400,0.12000
1759497300,0.12000
1759498200,0.12000
1759499100,0.12000
1759500000,0.12000
1759500900,0.12000
1759501800,0.12000
1759502700,0.12000
1759503600,0.12000
1759504500,0.12000
1759505400,0.12000
1759506300,0.12000
1759507200,0.12000
1759508100,0.12000
1759509000,0.12000
1759509900,0.12000
1759510800,0.12000
1759511700,0.12000
1759512600,0.12000
1759513500,0.12000
1759514400,0.12000
1759515300,0.12000
1759516200,0.12000
1759517100,0.12000
1759518000,0.12000
1759518900,0.12000
1759519800,0.12000
1759520700,0.12000
1759521600,0.12000
1759522500,0.12000
1759523400,0.12000
1759701600,0.12000
1759702500,0.12000
1759703400,0.12000
1759704300,0.12000
1759705200,0.12000
1759706100,0.12000
1759707000,0.12000
1759707900,0.12000
1759708800,0.12000
1759709700,0.12000
1759710600,0.12000
1759711500,0.12000
1759712400,0.12000
1759713300,0.12000
1759714200,0.12000
1759715100,0.12000
1759716000,0.12000
1759716900,0.12000
1759717800,0.12000
1759718700,0.12000
1759719600,0.12000
1759720500,0.12000
1759721400,0.12000
1759722300,0.12000
1759723200,0.12000
1759724100,0.12000
1759725000,0.12000
1759725900,0.12000
1759726800,0.12000
1759727700,0.12000
1759728600,0.12000
1759729500,0.12000
1759730400,0.12000
1759731300,0.12000
1759732200,0.12000
1759733100,0.12000
1759734000,0.12000
1759734900,0.12000
1759735800,0.12000
1759736700,0.12000
1759737600,0.12000
1759738500,0.12000
1759739400,0.12000
1759740300,0.12000
1759741200,0.12000
1759742100,0.12000
1759743000,0.12000
1759743900,0.12000
1759744800,0.12000
1759745700,0.12000
1759746600,0.12000
1759747500,0.12000
1759748400,0.12000
1759749300,0.12000
1759750200,0.12000
1759751100,0.12000
1759752000,0.12000
1759752900,0.12000
1759753800,0.12000
1759754700,0.12000
1759755600,0.12000
1759756500,0.12000
1759757400,0.12000
1759758300,0.12000
1759759200,0.12000
1759760100,0.12000
1759761000,0.12000
1759761900,0.12000
1759762800,0.12000
1759763700,0.12000
1759764600,0.12000
1759765500,0.12000
1759766400,0.12000
1759767300,0.12000
1759768200,0.12000
1759769100,0.12000
1759770000,0.12000
1759770900,0.12000
1759771800,0.12000
1759772700,0.12000
1759773600,0.12000
1759774500,0.12000
1759775400,0.12000
1759776300,0.12000
1759777200,0.12000
1759778100,0.12000
1759779000,0.12000
1759779900,0.12000
1759780800,0.12000
1759781700,0.12000
1759782600,0.12000
1759783500,0.12000
1759788000,0.12000
1759788900,0.12000
1759789800,0.12000
1759790700,0.12000
1759791600,0.12000
1759792500,0.12000
1759793400,0.12000
1759794300,0.12000
1759795200,0.12000
1759796100,0.12000
1759797000,0.12000
1759797900,0.12000
1759798800,0.12000
1759799700,0.12000
1759800600,0.12000
1759801500,0.12000
1759802400,0.12000
1759803300,0.12000
1759804200,0.12000
1759805100,0.12000
1759806000,0.12000
1759806900,0.12000
1759807800,0.12000
1759808700,0.12000
1759809600,0.12000
1759810500,0.12000
1759811400,0.12000
1759812300,0.12000
1759813200,0.12000
1759814100,0.12000
1759815000,0.12000
1759815900,0.12000
1759816800,0.12000
1759817700,0.12000
1759818600,0.12000
1759819500,0.12000
1759820400,0.12000
1759821300,0.12000
1759822200,0.12000
1759823100,0.12000
1759824000,0.12000
1759824900,0.12000
1759825800,0.12000
1759826700,0.12000
1759827600,0.12000
1759828500,0.12000
1759829400,0.12000
1759830300,0.12000
1759831200,0.12000
1759832100,0.12000
1759833000,0.12000
1759833900,0.12000
1759834800,0.12000
1759835700,0.12000
1759836600,0.12000
1759837500,0.12000
1759838400,0.12000
1759839300,0.12000
1759840200,0.12000
1759841100,0.12000
1759842000,0.12000
1759842900,0.12000
1759843800,0.12000
1759844700,0.12000
1759845600,0.12000
1759846500,0.12000
1759847400,0.12000
1759848300,0.12000
1759849200,0.12000
1759850100,0.12000
1759851000,0.12000
1759851900,0.12000
1759852800,0.12000
1759853700,0.12000
1759854600,0.12000
1759855500,0.12000
1759856400,0.12000
1759857300,0.12000
1759858200,0.12000
1759859100,0.12000
1759860000,0.12000
1759860900,0.12000
1759861800,0.12000
1759862700,0.12000
1759863600,0.12000
1759864500,0.12000
1759865400,0.12000
1759866300,0.12000
1759867200,0.12000
1759868100,0.12000
1759869000,0.12000
1759869900,0.12000
1759874400,0.12000
1759875300,0.12000
1759876200,0.12000
1759877100,0.12000
1759878000,0.12000
1759878900,0.12000
1759879800,0.12000
1759880700,0.12000
1759881600,0.12000
1759882500,0.12000
1759883400,0.12000
1759884300,0.12000
1759885200,0.12000
1759886100,0.12000
1759887000,0.12000
1759887900,0.12000
1759888800,0.12000
1759889700,0.12000
1759890600,0.12000
1759891500,0.12000
1759892400,0.12000
1759893300,0.12000
1759894200,0.12000
1759895100,0.12000
1759896000,0.12000
1759896900,0.12000
1759897800,0.12000
1759898700,0.12000
1759899600,0.12000
1759900500,0.12000
1759901400,0.12000
1759902300,0.12000
1759903200,0.12000
1759904100,0.12000
1759905000,0.12000
1759905900,0.12000
1759906800,0.12000
1759907700,0.12000
1759908600,0.12000
1759909500,0.12000
1759910400,0.12000
1759911300,0.12000
1759912200,0.12000
1759913100,0.12000
1759914000,0.12000
1759914900,0.12000
1759915800,0.12000
1759916700,0.12000
1759917600,0.12000
1759918500,0.12000
1759919400,0.12000
1759920300,0.12000
1759921200,0.12000
1759922100,0.12000
1759923000,0.12000
1759923900,0.12000
1759924800,0.12000
1759925700,0.12000
1759926600,0.12000
1759927500,0.12000
1759928400,0.12000
1759929300,0.12000
1759930200,0.12000
1759931100,0.12000
1759932000,0.12000
1759932900,0.12000
1759933800,0.12000
1759934700,0.12000
1759935600,0.12000
1759936500,0.12000
1759937400,0.12000
1759938300,0.12000
1759939200,0.12000
1759940100,0.12000
1759941000,0.12000
1759941900,0.12000
1759942800,0.12000
1759943700,0.12000
1759944600,0.12000
1759945500,0.12000
1759946400,0.12000
1759947300,0.12000
1759948200,0.12000
1759949100,0.12000
1759950000,0.12000
1759950900,0.12000
1759951800,0.12000
1759952700,0.12000
1759953600,0.12000
1759954500,0.12000
1759955400,0.12000
1759956300,0.12000
1759960800,0.12000
1759961700,0.12000
1759962600,0.12000
1759963500,0.12000
1759964400,0.12000
1759965300,0.12000
1759966200,0.12000
1759967100,0.12000
1759968000,0.12000
1759968900,0.12000
1759969800,0.12000
1759970700,0.12000
1759971600,0.12000
1759972500,0.12000
1759973400,0.12000
1759974300,0.12000
1759975200,0.12000
1759976100,0.12000
1759977000,0.12000
1759977900,0.12000
1759978800,0.12000
1759979700,0.12000
1759980600,0.12000
1759981500,0.12000
1759982400,0.12000
1759983300,0.12000
1759984200,0.12000
1759985100,0.12000
1759986000,0.12000
1759986900,0.12000
1759987800,0.12000
1759988700,0.12000
1759989600,0.12000
1759990500,0.12000
1759991400,0.12000
1759992300,0.12000
1759993200,0.12000
1759994100,0.12000
1759995000,0.12000
1759995900,0.12000
1759996800,0.12000
1759997700,0.12000
1759998600,0.12000
1759999500,0.12000
1760000400,0.12000
1760001300,0.12000
1760002200,0.12000
1760003100,0.12000
1760004000,0.12000
1760004900,0.12000
1760005800,0.12000
1760006700,0.12000
1760007600,0.12000
1760008500,0.12000
1760009400,0.12000
1760010300,0.12000
1760011200,0.12000
1760012100,0.12000
1760013000,0.12000
1760013900,0.12000
1760014800,0.12000
1760015700,0.12000
1760016600,0.12000
1760017500,0.12000
1760018400,0.12000
1760019300,0.12000
1760020200,0.12000
1760021100,0.12000
1760022000,0.12000
1760022900,0.12000
1760023800,0.12000
1760024700,0.12000
1760025600,0.12000
1760026500,0.12000
1760027400,0.12000
1760028300,0.12000
1760029200,0.12000
1760030100,0.12000
1760031000,0.12000
1760031900,0.12000
1760032800,0.12000
1760033700,0.12000
1760034600,0.12000
1760035500,0.12000
1760036400,0.12000
1760037300,0.12000
1760038200,0.12000
1760039100,0.12000
1760040000,0.12000
1760040900,0.12000
1760041800,0.12000
1760042700,0.12000
1760047200,0.12000
1760048100,0.12000
1760049000,0.12000
1760049900,0.12000
1760050800,0.12000
1760051700,0.12000
1760052600,0.12000
1760053500,0.12000
1760054400,0.12000
1760055300,0.12000
1760056200,0.12000
1760057100,0.12000
1760058000,0.12000
1760058900,0.12000
1760059800,0.12000
1760060700,0.12000
1760061600,0.12000
1760062500,0.12000
1760063400,0.12000
1760064300,0.12000
1760065200,0.12000
1760066100,0.12000
1760067000,0.12000
1760067900,0.12000
1760068800,0.12000
1760069700,0.12000
1760070600,0.12000
1760071500,0.12000
1760072400,0.12000
1760073300,0.12000
1760074200,0.12000
1760075100,0.12000
1760076000,0.12000
1760076900,0.12000
1760077800,0.12000
1760078700,0.12000
1760079600,0.12000
1760080500,0.12000
1760081400,0.12000
1760082300,0.12000
1760083200,0.12000
1760084100,0.12000
1760085000,0.12000
1760085900,0.12000
1760086800,0.12000
1760087700,0.12000
1760088600,0.12000
1760089500,0.12000
1760090400,0.12000
1760091300,0.12000
1760092200,0.12000
1760093100,0.12000
1760094000,0.12000
1760094900,0.12000
1760095800,0.12000
1760096700,0.12000
1760097600,0.12000
1760098500,0.12000
1760099400,0.12000
1760100300,0.12000
1760101200,0.12000
1760102100,0.12000
1760103000,0.12000
1760103900,0.12000
1760104800,0.12000
1760105700,0.12000
1760106600,0.12000
1760107500,0.12000
1760108400,0.12000
1760109300,0.12000
1760110200,0.12000
1760111100,0.12000
1760112000,0.12000
1760112900,0.12000
1760113800,0.12000
1760114700,0.12000
1760115600,0.12000
1760116500,0.12000
1760117400,0.12000
1760118300,0.12000
1760119200,0.12000
1760120100,0.12000
1760121000,0.12000
1760121900,0.12000
1760122800,0.12000
1760123700,0.12000
1760124600,0.12000
1760125500,0.12000
1760126400,0.12000
1760127300,0.12000
1760128200,0.12000
1760306400,0.12000
1760307300,0.12000
1760308200,0.12000
1760309100,0.12000
1760310000,0.12000
1760310900,0.12000
1760311800,0.12000
1760312700,0.12000
1760313600,0.12000
1760314500,0.12000
1760315400,0.12000
1760316300,0.12000
1760317200,0.12000
1760318100,0.12000
1760319000,0.12000
1760319900,0.12000
1760320800,0.12000
1760321700,0.12000
1760322600,0.12000
1760323500,0.12000
1760324400,0.12000
1760325300,0.12000
1760326200,0.12000
1760327100,0.12000
1760328000,0.12000
1760328900,0.12000
1760329800,0.12000
1760330700,0.12000
1760331600,0.12000
1760332500,0.12000
1760333400,0.12000
1760334300,0.12000
1760335200,0.12000
1760336100,0.12000
1760337000,0.12000
1760337900,0.12000
1760338800,0.12000
1760339700,0.12000
1760340600,0.12000
1760341500,0.12000
1760342400,0.12000
1760343300,0.12000
1760344200,0.12000
1760345100,0.12000
1760346000,0.12000
1760346900,0.12000
1760347800,0.12000
1760348700,0.12000
1760349600,0.12000
1760350500,0.12000
1760351400,0.12000
1760352300,0.12000
1760353200,0.12000
1760354100,0.12000
1760355000,0.12000
1760355900,0.12000
1760356800,0.12000
1760357700,0.12000
1760358600,0.12000
1760359500,0.12000
1760360400,0.12000
1760361300,0.12000
1760362200,0.12000
1760363100,0.12000
1760364000,0.12000
1760364900,0.12000
1760365800,0.12000
1760366700,0.12000
1760367600,0.12000
1760368500,0.12000
1760369400,0.12000
1760370300,0.12000
1760371200,0.12000
1760372100,0.12000
1760373000,0.12000
1760373900,0.12000
1760374800,0.12000
1760375700,0.12000
1760376600,0.12000
1760377500,0.12000
1760378400,0.12000
1760379300,0.12000
1760380200,0.12000
1760381100,0.12000
1760382000,0.12000
1760382900,0.12000
1760383800,0.12000
1760384700,0.12000
1760385600,0.12000
1760386500,0.12000
1760387400,0.12000
1760388300,0.12000
1760392800,0.12000
1760393700,0.12000
1760394600,0.12000
1760395500,0.12000
1760396400,0.12000
1760397300,0.12000
1760398200,0.12000
1760399100,0.12000
1760400000,0.12000
1760400900,0.12000
1760401800,0.12000
1760402700,0.12000
1760403600,0.12000
1760404500,0.12000
1760405400,0.12000
1760406300,0.12000
1760407200,0.12000
1760408100,0.12000
1760409000,0.12000
1760409900,0.12000
1760410800,0.12000
1760411700,0.12000
1760412600,0.12000
1760413500,0.12000
1760414400,0.12000
1760415300,0.12000
1760416200,0.12000
1760417100,0.12000
1760418000,0.12000
1760418900,0.12000
1760419800,0.12000
1760420700,0.12000
1760421600,0.12000
1760422500,0.12000
1760423400,0.12000
1760424300,0.12000
1760425200,0.12000
1760426100,0.12000
1760427000,0.12000
1760427900,0.12000
1760428800,0.12000
1760429700,0.12000
1760430600,0.12000
1760431500,0.12000
1760432400,0.12000
1760433300,0.12000
1760434200,0.12000
1760435100,0.12000
1760436000,0.12000
1760436900,0.12000
1760437800,0.12000
1760438700,0.12000
1760439600,0.12000
1760440500,0.12000
1760441400,0.12000
1760442300,0.12000
1760443200,0.12000
1760444100,0.12000
1760445000,0.12000
1760445900,0.12000
1760446800,0.12000
1760447700,0.12000
1760448600,0.12000
1760449500,0.12000
1760450400,0.12000
1760451300,0.12000
1760452200,0.12000
1760453100,0.12000
1760454000,0.12000
1760454900,0.12000
1760455800,0.12000
1760456700,0.12000
1760457600,0.12000
1760458500,0.12000
1760459400,0.12000
1760460300,0.12000
1760461200,0.12000
1760462100,0.12000
1760463000,0.12000
1760463900,0.12000
1760464800,0.12000
1760465700,0.12000
1760466600,0.12000
1760467500,0.12000
1760468400,0.12000
1760469300,0.12000
1760470200,0.12000
1760471100,0.12000
1760472000,0.12000
1760472900,0.12000
1760473800,0.12000
1760474700,0.12000
1760479200,0.12000
1760480100,0.12000
1760481000,0.12000
1760481900,0.12000
1760482800,0.12000
1760483700,0.12000
1760484600,0.12000
1760485500,0.12000
1760486400,0.12000
1760487300,0.12000
1760488200,0.12000
1760489100,0.12000
1760490000,0.12000
1760490900,0.12000
1760491800,0.12000
1760492700,0.12000
1760493600,0.12000
1760494500,0.12000
1760495400,0.12000
1760496300,0.12000
1760497200,0.12000
1760498100,0.12000
1760499000,0.12000
1760499900,0.12000
1760500800,0.12000
1760501700,0.12000
1760502600,0.12000
1760503500,0.12000
1760504400,0.12000
1760505300,0.12000
1760506200,0.12000
1760507100,0.12000
1760508000,0.12000
1760508900,0.12000
1760509800,0.12000
1760510700,0.12000
1760511600,0.12000
1760512500,0.12000
1760513400,0.12000
1760514300,0.12000
1760515200,0.12000
1760516100,0.12000
1760517000,0.12000
1760517900,0.12000
1760518800,0.12000
1760519700,0.12000
1760520600,0.12000
1760521500,0.12000
1760522400,0.12000
1760523300,0.12000
1760524200,0.12000
1760525100,0.12000
1760526000,0.12000
1760526900,0.12000
1760527800,0.12000
1760528700,0.12000
1760529600,0.12000
1760530500,0.12000
1760531400,0.12000
1760532300,0.12000
1760533200,0.12000
1760534100,0.12000
1760535000,0.12000
1760535900,0.12000
1760536800,0.12000
1760537700,0.12000
1760538600,0.12000
1760539500,0.12000
1760540400,0.12000
1760541300,0.12000
1760542200,0.12000
1760543100,0.12000
1760544000,0.12000
1760544900,0.12000
1760545800,0.12000
1760546700,0.12000
1760547600,0.12000
1760548500,0.12000
1760549400,0.12000
1760550300,0.12000
1760551200,0.12000
1760552100,0.12000
1760553000,0.12000
1760553900,0.12000
1760554800,0.12000
1760555700,0.12000
1760556600,0.12000
1760557500,0.12000
1760558400,0.12000
1760559300,0.12000
1760560200,0.12000
1760561100,0.12000
1760565600,0.12000
1760566500,0.12000
1760567400,0.12000
1760568300,0.12000
1760569200,0.12000
1760570100,0.12000
1760571000,0.12000
1760571900,0.12000
1760572800,0.12000
1760573700,0.12000
1760574600,0.12000
1760575500,0.12000
1760576400,0.12000
1760577300,0.12000
1760578200,0.12000
1760579100,0.12000
1760580000,0.12000
1760580900,0.12000
1760581800,0.12000
1760582700,0.12000
1760583600,0.12000
1760584500,0.12000
1760585400,0.12000
1760586300,0.12000
1760587200,0.12000
1760588100,0.12000
1760589000,0.12000
1760589900,0.12000
1760590800,0.12000
1760591700,0.12000
1760592600,0.12000
1760593500,0.12000
1760594400,0.12000
1760595300,0.12000
1760596200,0.12000
1760597100,0.12000
1760598000,0.12000
1760598900,0.12000
1760599800,0.12000
1760600700,0.12000
1760601600,0.12000
1760602500,0.12000
1760603400,0.12000
1760604300,0.12000
1760605200,0.12000
1760606100,0.12000
1760607000,0.12000
1760607900,0.12000
1760608800,0.12000
1760609700,0.12000
1760610600,0.12000
1760611500,0.12000
1760612400,0.12000
1760613300,0.12000
1760614200,0.12000
1760615100,0.12000
1760616000,0.12000
1760616900,0.12000
1760617800,0.12000
1760618700,0.12000
1760619600,0.12000
1760620500,0.12000
1760621400,0.12000
1760622300,0.12000
1760623200,0.12000
1760624100,0.12000
1760625000,0.12000
1760625900,0.12000
1760626800,0.12000
1760627700,0.12000
1760628600,0.12000
1760629500,0.12000
1760630400,0.12000
1760631300,0.12000
1760632200,0.12000
1760633100,0.12000
1760634000,0.12000
1760634900,0.12000
1760635800,0.12000
1760636700,0.12000
1760637600,0.12000
1760638500,0.12000
1760639400,0.12000
1760640300,0.12000
1760641200,0.12000
1760642100,0.12000
1760643000,0.12000
1760643900,0.12000
1760644800,0.12000
1760645700,0.12000
1760646600,0.12000
1760647500,0.12000
1760652000,0.12000
1760652900,0.12000
1760653800,0.12000
1760654700,0.12000
1760655600,0.12000
1760656500,0.12000
1760657400,0.12000
1760658300,0.12000
1760659200,0.12000
1760660100,0.12000
1760661000,0.12000
1760661900,0.12000
1760662800,0.12000
1760663700,0.12000
1760664600,0.12000
1760665500,0.12000
1760666400,0.12000
1760667300,0.12000
1760668200,0.12000
1760669100,0.12000
1760670000,0.12000
1760670900,0.12000
1760671800,0.12000
1760672700,0.12000
1760673600,0.12000
1760674500,0.12000
1760675400,0.12000
1760676300,0.12000
1760677200,0.12000
1760678100,0.12000
1760679000,0.12000
1760679900,0.12000
1760680800,0.12000
1760681700,0.12000
1760682600,0.12000
1760683500,0.12000
1760684400,0.12000
1760685300,0.12000
1760686200,0.12000
1760687100,0.12000
1760688000,0.12000
1760688900,0.12000
1760689800,0.12000
1760690700,0.12000
1760691600,0.12000
1760692500,0.12000
1760693400,0.12000
1760694300,0.12000
1760695200,0.12000
1760696100,0.12000
1760697000,0.12000
1760697900,0.12000
1760698800,0.12000
1760699700,0.12000
1760700600,0.12000
1760701500,0.12000
1760702400,0.12000
1760703300,0.12000
1760704200,0.12000
1760705100,0.12000
1760706000,0.12000
1760706900,0.12000
1760707800,0.12000
1760708700,0.12000
1760709600,0.12000
1760710500,0.12000
1760711400,0.12000
1760712300,0.12000
1760713200,0.12000
1760714100,0.12000
1760715000,0.12000
1760715900,0.12000
1760716800,0.12000
1760717700,0.12000
1760718600,0.12000
1760719500,0.12000
1760720400,0.12000
1760721300,0.12000
1760722200,0.12000
1760723100,0.12000
1760724000,0.12000
1760724900,0.12000
1760725800,0.12000
1760726700,0.12000
1760727600,0.12000
1760728500,0.12000
1760729400,0.12000
1760730300,0.12000
1760731200,0.12000
1760732100,0.12000
1760733000,0.12000
1760911200,0.12000
1760912100,0.12000
1760913000,0.12000
1760913900,0.12000
1760914800,0.12000
1760915700,0.12000
1760916600,0.12000
1760917500,0.12000
1760918400,0.12000
1760919300,0.12000
1760920200,0.12000
1760921100,0.12000
1760922000,0.12000
1760922900,0.12000
1760923800,0.12000
1760924700,0.12000
1760925600,0.12000
1760926500,0.12000
1760927400,0.12000
1760928300,0.12000
1760929200,0.12000
1760930100,0.12000
1760931000,0.12000
1760931900,0.12000
1760932800,0.12000
1760933700,0.12000
1760934600,0.12000
1760935500,0.12000
1760936400,0.12000
1760937300,0.12000
1760938200,0.12000
1760939100,0.12000
1760940000,0.12000
1760940900,0.12000
1760941800,0.12000
1760942700,0.12000
1760943600,0.12000
1760944500,0.12000
1760945400,0.12000
1760946300,0.12000
1760947200,0.12000
1760948100,0.12000
1760949000,0.12000
1760949900,0.12000
1760950800,0.12000
1760951700,0.12000
1760952600,0.12000
1760953500,0.12000
1760954400,0.12000
1760955300,0.12000
1760956200,0.12000
1760957100,0.12000
1760958000,0.12000
1760958900,0.12000
1760959800,0.12000
1760960700,0.12000
1760961600,0.12000
1760962500,0.12000
1760963400,0.12000
1760964300,0.12000
1760965200,0.12000
1760966100,0.12000
1760967000,0.12000
1760967900,0.12000
1760968800,0.12000
1760969700,0.12000
1760970600,0.12000
1760971500,0.12000
1760972400,0.12000
1760973300,0.12000
1760974200,0.12000
1760975100,0.12000
1760976000,0.12000
1760976900,0.12000
1760977800,0.12000
1760978700,0.12000
1760979600,0.12000
1760980500,0.12000
1760981400,0.12000
1760982300,0.12000
1760983200,0.12000
1760984100,0.12000
1760985000,0.12000
1760985900,0.12000
1760986800,0.12000
1760987700,0.12000
1760988600,0.12000
1760989500,0.12000
1760990400,0.12000
1760991300,0.12000
1760992200,0.12000
1760993100,0.12000
1760997600,0.12000
1760998500,0.12000
1760999400,0.12000
1761000300,0.12000
1761001200,0.12000
1761002100,0.12000
1761003000,0.12000
1761003900,0.12000
1761004800,0.12000
1761005700,0.12000
1761006600,0.12000
1761007500,0.12000
1761008400,0.12000
1761009300,0.12000
1761010200,0.12000
1761011100,0.12000
1761012000,0.12000
1761012900,0.12000
1761013800,0.12000
1761014700,0.12000
1761015600,0.12000
1761016500,0.12000
1761017400,0.12000
1761018300,0.12000
1761019200,0.12000
1761020100,0.12000
1761021000,0.12000
1761021900,0.12000
1761022800,0.12000
1761023700,0.12000
1761024600,0.12000
1761025500,0.12000
1761026400,0.12000
1761027300,0.12000
1761028200,0.12000
1761029100,0.12000
1761030000,0.12000
1761030900,0.12000
1761031800,0.12000
1761032700,0.12000
1761033600,0.12000
1761034500,0.12000
1761035400,0.12000
1761036300,0.12000
1761037200,0.12000
1761038100,0.12000
1761039000,0.12000
1761039900,0.12000
1761040800,0.12000
1761041700,0.12000
1761042600,0.12000
1761043500,0.12000
1761044400,0.12000
1761045300,0.12000
1761046200,0.12000
1761047100,0.12000
1761048000,0.12000
1761048900,0.12000
1761049800,0.12000
1761050700,0.12000
1761051600,0.12000
1761052500,0.12000
1761053400,0.12000
1761054300,0.12000
1761055200,0.12000
1761056100,0.12000
1761057000,0.12000
1761057900,0.12000
1761058800,0.12000
1761059700,0.12000
1761060600,0.12000
1761061500,0.12000
1761062400,0.12000
1761063300,0.12000
1761064200,0.12000
1761065100,0.12000
1761066000,0.12000
1761066900,0.12000
1761067800,0.12000
1761068700,0.12000
1761069600,0.12000
1761070500,0.12000
1761071400,0.12000
1761072300,0.12000
1761073200,0.12000
1761074100,0.12000
1761075000,0.12000
1761075900,0.12000
1761076800,0.12000
1761077700,0.12000
1761078600,0.12000
1761079500,0.12000
1761084000,0.12000
1761084900,0.12000
1761085800,0.12000
1761086700,0.12000
1761087600,0.12000
1761088500,0.12000
1761089400,0.12000
1761090300,0.12000
1761091200,0.12000
1761092100,0.12000
1761093000,0.12000
1761093900,0.12000
1761094800,0.12000
1761095700,0.12000
1761096600,0.12000
1761097500,0.12000
1761098400,0.12000
1761099300,0.12000
1761100200,0.12000
1761101100,0.12000
1761102000,0.12000
1761102900,0.12000
1761103800,0.12000
1761104700,0.12000
1761105600,0.12000
1761106500,0.12000
1761107400,0.12000
1761108300,0.12000
1761109200,0.12000
1761110100,0.12000
1761111000,0.12000
1761111900,0.12000
1761112800,0.12000
1761113700,0.12000
1761114600,0.12000
1761115500,0.12000
1761116400,0.12000
1761117300,0.12000
1761118200,0.12000
1761119100,0.12000
1761120000,0.12000
1761120900,0.12000
1761121800,0.12000
1761122700,0.12000
1761123600,0.12000
1761124500,0.12000
1761125400,0.12000
1761126300,0.12000
1761127200,0.12000
1761128100,0.12000
1761129000,0.12000
1761129900,0.12000
1761130800,0.12000
1761131700,0.12000
1761132600,0.12000
1761133500,0.12000
1761134400,0.12000
1761135300,0.12000
1761136200,0.12000
1761137100,0.12000
1761138000,0.12000
1761138900,0.12000
1761139800,0.12000
1761140700,0.12000
1761141600,0.12000
1761142500,0.12000
1761143400,0.12000
1761144300,0.12000
1761145200,0.12000
1761146100,0.12000
1761147000,0.12000
1761147900,0.12000
1761148800,0.12000
1761149700,0.12000
1761150600,0.12000
1761151500,0.12000
1761152400,0.12000
1761153300,0.12000
1761154200,0.12000
1761155100,0.12000
1761156000,0.12000
1761156900,0.12000
1761157800,0.12000
1761158700,0.12000
1761159600,0.12000
1761160500,0.12000
1761161400,0.12000
1761162300,0.12000
1761163200,0.12000
1761164100,0.12000
1761165000,0.12000
1761165900,0.12000
1761170400,0.12000
1761171300,0.12000
1761172200,0.12000
1761173100,0.12000
1761174000,0.12000
1761174900,0.12000
1761175800,0.12000
1761176700,0.12000
1761177600,0.12000
1761178500,0.12000
1761179400,0.12000
1761180300,0.12000
1761181200,0.12000
1761182100,0.12000
1761183000,0.12000
1761183900,0.12000
1761184800,0.12000
1761185700,0.12000
1761186600,0.12000
1761187500,0.12000
1761188400,0.12000
1761189300,0.12000
1761190200,0.12000
1761191100,0.12000
1761192000,0.12000
1761192900,0.12000
1761193800,0.12000
1761194700,0.12000
1761195600,0.12000
1761196500,0.12000
1761197400,0.12000
1761198300,0.12000
1761199200,0.12000
1761200100,0.12000
1761201000,0.12000
1761201900,0.12000
1761202800,0.12000
1761203700,0.12000
1761204600,0.12000
1761205500,0.12000
1761206400,0.12000
1761207300,0.12000
1761208200,0.12000
1761209100,0.12000
1761210000,0.12000
1761210900,0.12000
1761211800,0.12000
1761212700,0.12000
1761213600,0.12000
1761214500,0.12000
1761215400,0.12000
1761216300,0.12000
1761217200,0.12000
1761218100,0.12000
1761219000,0.12000
1761219900,0.12000
1761220800,0.12000
1761221700,0.12000
1761222600,0.12000
1761223500,0.12000
1761224400,0.12000
1761225300,0.12000
1761226200,0.12000
1761227100,0.12000
1761228000,0.12000
1761228900,0.12000
1761229800,0.12000
1761230700,0.12000
1761231600,0.12000
1761232500,0.12000
1761233400,0.12000
1761234300,0.12000
1761235200,0.12000
1761236100,0.12000
1761237000,0.12000
1761237900,0.12000
1761238800,0.12000
1761239700,0.12000
1761240600,0.12000
1761241500,0.12000
1761242400,0.12000
1761243300,0.12000
1761244200,0.12000
1761245100,0.12000
1761246000,0.12000
1761246900,0.12000
1761247800,0.12000
1761248700,0.12000
1761249600,0.12000
1761250500,0.12000
1761251400,0.12000
1761252300,0.12000
1761256800,0.12000
1761257700,0.12000
1761258600,0.12000
1761259500,0.12000
1761260400,0.12000
1761261300,0.12000
1761262200,0.12000
1761263100,0.12000
1761264000,0.12000
1761264900,0.12000
1761265800,0.12000
1761266700,0.12000
1761267600,0.12000
1761268500,0.12000
1761269400,0.12000
1761270300,0.12000
1761271200,0.12000
1761272100,0.12000
1761273000,0.12000
1761273900,0.12000
1761274800,0.12000
1761275700,0.12000
1761276600,0.12000
1761277500,0.12000
1761278400,0.12000
1761279300,0.12000
1761280200,0.12000
1761281100,0.12000
1761282000,0.12000
1761282900,0.12000
1761283800,0.12000
1761284700,0.12000
1761285600,0.12000
1761286500,0.12000
1761287400,0.12000
1761288300,0.12000
1761289200,0.12000
1761290100,0.12000
1761291000,0.12000
1761291900,0.12000
1761292800,0.12000
1761293700,0.12000
1761294600,0.12000
1761295500,0.12000
1761296400,0.12000
1761297300,0.12000
1761298200,0.12000
1761299100,0.12000
1761300000,0.12000
1761300900,0.12000
1761301800,0.12000
1761302700,0.12000
1761303600,0.12000
1761304500,0.12000
1761305400,0.12000
1761306300,0.12000
1761307200,0.12000
1761308100,0.12000
1761309000,0.12000
1761309900,0.12000
1761310800,0.12000
1761311700,0.12000
1761312600,0.12000
1761313500,0.12000
1761314400,0.12000
1761315300,0.12000
1761316200,0.12000
1761317100,0.12000
1761318000,0.12000
1761318900,0.12000
1761319800,0.12000
1761320700,0.12000
1761321600,0.12000
1761322500,0.12000
1761323400,0.12000
1761324300,0.12000
1761325200,0.12000
1761326100,0.12000
1761327000,0.12000
1761327900,0.12000
1761328800,0.12000
1761329700,0.12000
1761330600,0.12000
1761331500,0.12000
1761332400,0.12000
1761333300,0.12000
1761334200,0.12000
1761335100,0.12000
1761336000,0.12000
1761336900,0.12000
1761337800,0.12000
1761516000,0.12000
1761516900,0.12000
1761517800,0.12000
1761518700,0.12000
1761519600,0.12000
1761520500,0.12000
1761521400,0.12000
1761522300,0.12000
1761523200,0.12000
1761524100,0.12000
1761525000,0.12000
1761525900,0.12000
1761526800,0.12000
1761527700,0.12000
1761528600,0.12000
1761529500,0.12000
1761530400,0.12000
1761531300,0.12000
1761532200,0.12000
1761533100,0.12000
1761534000,0.12000
1761534900,0.12000
1761535800,0.12000
1761536700,0.12000
1761537600,0.12000
1761538500,0.12000
1761539400,0.12000
1761540300,0.12000
1761541200,0.12000
1761542100,0.12000
1761543000,0.12000
1761543900,0.12000
1761544800,0.12000
1761545700,0.12000
1761546600,0.12000
1761547500,0.12000
1761548400,0.12000
1761549300,0.12000
1761550200,0.12000
1761551100,0.12000
1761552000,0.12000
1761552900,0.12000
1761553800,0.12000
1761554700,0.12000
1761555600,0.12000
1761556500,0.12000
1761557400,0.12000
1761558300,0.12000
1761559200,0.12000
1761560100,0.12000
1761561000,0.12000
1761561900,0.12000
1761562800,0.12000
1761563700,0.12000
1761564600,0.12000
1761565500,0.12000
1761566400,0.12000
1761567300,0.12000
1761568200,0.12000
1761569100,0.12000
1761570000,0.12000
1761570900,0.12000
1761571800,0.12000
1761572700,0.12000
1761573600,0.08000
1761574500,0.08000
1761575400,0.08000
1761576300,0.08000
1761577200,0.08000
1761578100,0.08000
1761579000,0.08000
1761579900,0.08000
1761580800,0.08000
1761581700,0.08000
1761582600,0.08000
1761583500,0.08000
1761584400,0.08000
1761585300,0.08000
1761586200,0.08000
1761587100,0.08000
1761588000,0.08000
1761588900,0.08000
1761589800,0.08000
1761590700,0.08000
1761591600,0.08000
1761592500,0.08000
1761593400,0.08000
1761594300,0.08000
1761595200,0.08000
1761596100,0.08000
1761597000,0.08000
1761597900,0.08000
1761602400,0.08000
1761603300,0.08000
1761604200,0.08000
1761605100,0.08000
1761606000,0.08000
1761606900,0.08000
1761607800,0.08000
1761608700,0.08000
1761609600,0.08000
1761610500,0.08000
1761611400,0.08000
1761612300,0.08000
1761613200,0.08000
1761614100,0.08000
1761615000,0.08000
1761615900,0.08000
1761616800,0.08000
1761617700,0.08000
1761618600,0.08000
1761619500,0.08000
1761620400,0.08000
1761621300,0.08000
1761622200,0.08000
1761623100,0.08000
1761624000,0.08000
1761624900,0.08000
1761625800,0.08000
1761626700,0.08000
1761627600,0.08000
1761628500,0.08000
1761629400,0.08000
1761630300,0.08000
1761631200,0.08000
1761632100,0.08000
1761633000,0.08000
1761633900,0.08000
1761634800,0.08000
1761635700,0.08000
1761636600,0.08000
1761637500,0.08000
1761638400,0.08000
1761639300,0.08000
1761640200,0.08000
1761641100,0.08000
1761642000,0.08000
1761642900,0.08000
1761643800,0.08000
1761644700,0.08000
1761645600,0.08000
1761646500,0.08000
1761647400,0.08000
1761648300,0.08000
1761649200,0.08000
1761650100,0.08000
1761651000,0.08000
1761651900,0.08000
1761652800,0.08000
1761653700,0.08000
1761654600,0.08000
1761655500,0.08000
1761656400,0.08000
1761657300,0.08000
1761658200,0.08000
1761659100,0.08000
1761660000,0.08000
1761660900,0.08000
1761661800,0.08000
1761662700,0.08000
1761663600,0.08000
1761664500,0.08000
1761665400,0.08000
1761666300,0.08000
1761667200,0.08000
1761668100,0.08000
1761669000,0.08000
1761669900,0.08000
1761670800,0.08000
1761671700,0.08000
1761672600,0.08000
1761673500,0.08000
1761674400,0.08000
1761675300,0.08000
1761676200,0.08000
1761677100,0.08000
1761678000,0.08000
1761678900,0.08000
1761679800,0.08000
1761680700,0.08000
1761681600,0.08000
1761682500,0.08000
1761683400,0.08000
1761684300,0.08000
1761688800,0.08000
1761689700,0.08000
1761690600,0.08000
1761691500,0.08000
1761692400,0.08000
1761693300,0.08000
1761694200,0.08000
1761695100,0.08000
1761696000,0.08000
1761696900,0.08000
1761697800,0.08000
1761698700,0.08000
1761699600,0.08000
1761700500,0.08000
1761701400,0.08000
1761702300,0.08000
1761703200,0.08000
1761704100,0.08000
1761705000,0.08000
1761705900,0.08000
1761706800,0.08000
1761707700,0.08000
1761708600,0.08000
1761709500,0.08000
1761710400,0.08000
1761711300,0.08000
1761712200,0.08000
1761713100,0.08000
1761714000,0.08000
1761714900,0.08000
1761715800,0.08000
1761716700,0.08000
1761717600,0.08000
1761718500,0.08000
1761719400,0.08000
1761720300,0.08000
1761721200,0.08000
1761722100,0.08000
1761723000,0.08000
1761723900,0.08000
1761724800,0.08000
1761725700,0.08000
1761726600,0.08000
1761727500,0.08000
1761728400,0.08000
1761729300,0.08000
1761730200,0.08000
1761731100,0.08000
1761732000,0.08000
1761732900,0.08000
1761733800,0.08000
1761734700,0.08000
1761735600,0.08000
1761736500,0.08000
1761737400,0.08000
1761738300,0.08000
1761739200,0.08000
1761740100,0.08000
1761741000,0.08000
1761741900,0.08000
1761742800,0.08000
1761743700,0.08000
1761744600,0.08000
1761745500,0.08000
1761746400,0.08000
1761747300,0.08000
1761748200,0.08000
1761749100,0.08000
1761750000,0.08000
1761750900,0.08000
1761751800,0.08000
1761752700,0.08000
1761753600,0.08000
1761754500,0.08000
1761755400,0.08000
1761756300,0.08000
1761757200,0.08000
1761758100,0.08000
1761759000,0.08000
1761759900,0.08000
1761760800,0.08000
1761761700,0.08000
1761762600,0.08000
1761763500,0.08000
1761764400,0.08000
1761765300,0.08000
1761766200,0.08000
1761767100,0.08000
1761768000,0.08000
1761768900,0.08000
1761769800,0.08000
1761770700,0.08000
1761775200,0.12000
1761776100,0.12000
1761777000,0.12000
1761777900,0.12000
1761778800,0.12000
1761779700,0.08000
1761780600,0.08000
1761781500,0.08000
1761782400,0.08000
1761783300,0.08000
1761784200,0.08000
1761785100,0.08000
1761786000,0.08000
1761786900,0.08000
1761787800,0.08000
1761788700,0.08000
1761789600,0.08000
1761790500,0.08000
1761791400,0.08000
1761792300,0.08000
1761793200,0.08000
1761794100,0.08000
1761795000,0.08000
1761795900,0.08000
1761796800,0.08000
1761797700,0.08000
1761798600,0.08000
1761799500,0.08000
1761800400,0.08000
1761801300,0.08000
1761802200,0.08000
1761803100,0.08000
1761804000,0.08000
1761804900,0.08000
1761805800,0.08000
1761806700,0.08000
1761807600,0.08000
1761808500,0.08000
1761809400,0.08000
1761810300,0.08000
1761811200,0.08000
1761812100,0.08000
1761813000,0.08000
1761813900,0.08000
1761814800,0.08000
1761815700,0.08000
1761816600,0.08000
1761817500,0.08000
1761818400,0.08000
1761819300,0.08000
1761820200,0.08000
1761821100,0.08000
1761822000,0.08000
1761822900,0.08000
1761823800,0.08000
1761824700,0.08000
1761825600,0.08000
1761826500,0.08000
1761827400,0.08000
1761828300,0.08000
1761829200,0.08000
1761830100,0.08000
1761831000,0.08000
1761831900,0.08000
1761832800,0.08000
1761833700,0.08000
1761834600,0.08000
1761835500,0.08000
1761836400,0.08000
1761837300,0.08000
1761838200,0.08000
1761839100,0.08000
1761840000,0.08000
1761840900,0.08000
1761841800,0.08000
1761842700,0.08000
1761843600,0.08000
1761844500,0.08000
1761845400,0.08000
1761846300,0.08000
1761847200,0.08000
1761848100,0.08000
1761849000,0.08000
1761849900,0.08000
1761850800,0.08000
1761851700,0.08000
1761852600,0.08000
1761853500,0.08000
1761854400,0.08000
1761855300,0.08000
1761856200,0.08000
1761857100,0.08000
1761861600,0.12000
1761862500,0.12000
1761863400,0.12000
1761864300,0.12000
1761865200,0.12000
1761866100,0.08000
1761867000,0.08000
1761867900,0.08000
1761868800,0.08000
1761869700,0.08000
1761870600,0.08000
1761871500,0.08000
1761872400,0.08000
1761873300,0.08000
1761874200,0.08000
1761875100,0.08000
1761876000,0.08000
1761876900,0.08000
1761877800,0.08000
1761878700,0.08000
1761879600,0.08000
1761880500,0.08000
1761881400,0.08000
1761882300,0.08000
1761883200,0.08000
1761884100,0.08000
1761885000,0.08000
1761885900,0.08000
1761886800,0.08000
1761887700,0.08000
1761888600,0.08000
1761889500,0.08000
1761890400,0.08000
1761891300,0.08000
1761892200,0.08000
1761893100,0.08000
1761894000,0.08000
1761894900,0.08000
1761895800,0.08000
1761896700,0.08000
1761897600,0.08000
1761898500,0.08000
1761899400,0.08000
1761900300,0.08000
1761901200,0.08000
1761902100,0.08000
1761903000,0.08000
1761903900,0.08000
1761904800,0.08000
1761905700,0.08000
1761906600,0.08000
1761907500,0.08000
1761908400,0.08000
1761909300,0.08000
1761910200,0.08000
1761911100,0.08000
1761912000,0.08000
1761912900,0.08000
1761913800,0.08000
1761914700,0.08000
1761915600,0.08000
1761916500,0.08000
1761917400,0.08000
1761918300,0.08000
1761919200,0.08000
1761920100,0.08000
1761921000,0.08000
1761921900,0.08000
1761922800,0.08000
1761923700,0.08000
1761924600,0.08000
1761925500,0.08000
1761926400,0.08000
1761927300,0.08000
1761928200,0.08000
1761929100,0.08000
1761930000,0.08000
1761930900,0.08000
1761931800,0.08000
1761932700,0.08000
1761933600,0.08000
1761934500,0.08000
1761935400,0.08000
1761936300,0.08000
1761937200,0.08000
1761938100,0.08000
1761939000,0.08000
1761939900,0.08000
1761940800,0.08000
1761941700,0.08000
1761942600,0.08000
1762124400,0.12000
1762125300,0.08000
1762126200,0.08000
1762127100,0.08000
1762128000,0.08000
1762128900,0.08000
1762129800,0.08000
1762130700,0.08000
1762131600,0.08000
1762132500,0.08000
1762133400,0.08000
1762134300,0.08000
1762135200,0.08000
1762136100,0.08000
1762137000,0.08000
1762137900,0.08000
1762138800,0.08000
1762139700,0.08000
1762140600,0.08000
1762141500,0.08000
1762142400,0.08000
1762143300,0.08000
1762144200,0.08000
1762145100,0.08000
1762146000,0.08000
1762146900,0.08000
1762147800,0.08000
1762148700,0.08000
1762149600,0.08000
1762150500,0.08000
1762151400,0.08000
1762152300,0.08000
1762153200,0.08000
1762154100,0.08000
1762155000,0.08000
1762155900,0.08000
1762156800,0.08000
1762157700,0.08000
1762158600,0.08000
1762159500,0.08000
1762160400,0.08000
1762161300,0.08000
1762162200,0.08000
1762163100,0.08000
1762164000,0.08000
1762164900,0.08000
1762165800,0.08000
1762166700,0.08000
1762167600,0.08000
1762168500,0.08000
1762169400,0.08000
1762170300,0.08000
1762171200,0.08000
1762172100,0.08000
1762173000,0.08000
1762173900,0.08000
1762174800,0.08000
1762175700,0.08000
1762176600,0.08000
1762177500,0.08000
1762178400,0.08000
1762179300,0.08000
1762180200,0.08000
1762181100,0.08000
1762182000,0.08000
1762182900,0.08000
1762183800,0.08000
1762184700,0.08000
1762185600,0.08000
1762186500,0.08000
1762187400,0.08000
1762188300,0.08000
1762189200,0.08000
1762190100,0.08000
1762191000,0.08000
1762191900,0.08000
1762192800,0.08000
1762193700,0.08000
1762194600,0.08000
1762195500,0.08000
1762196400,0.08000
1762197300,0.08000
1762198200,0.08000
1762199100,0.08000
1762200000,0.08000
1762200900,0.08000
1762201800,0.08000
1762202700,0.08000
1762203600,0.08000
1762204500,0.08000
1762205400,0.08000
1762206300,0.08000
1762210800,0.12000
1762211700,0.08000
1762212600,0.08000
1762213500,0.08000
1762214400,0.08000
1762215300,0.08000
1762216200,0.08000
1762217100,0.08000
1762218000,0.08000
1762218900,0.08000
1762219800,0.08000
1762220700,0.08000
1762221600,0.08000
1762222500,0.08000
1762223400,0.08000
1762224300,0.08000
1762225200,0.08000
1762226100,0.08000
1762227000,0.08000
1762227900,0.08000
1762228800,0.08000
1762229700,0.08000
1762230600,0.08000
1762231500,0.08000
1762232400,0.08000
1762233300,0.08000
1762234200,0.08000
1762235100,0.08000
1762236000,0.08000
1762236900,0.08000
1762237800,0.08000
1762238700,0.08000
1762239600,0.08000
1762240500,0.08000
1762241400,0.08000
1762242300,0.08000
1762243200,0.08000
1762244100,0.08000
1762245000,0.08000
1762245900,0.08000
1762246800,0.08000
1762247700,0.08000
1762248600,0.08000
1762249500,0.08000
1762250400,0.08000
1762251300,0.08000
1762252200,0.08000
1762253100,0.08000
1762254000,0.08000
1762254900,0.08000
1762255800,0.08000
1762256700,0.08000
1762257600,0.08000
1762258500,0.08000
1762259400,0.08000
1762260300,0.08000
1762261200,0.08000
1762262100,0.08000
1762263000,0.08000
1762263900,0.08000
1762264800,0.08000
1762265700,0.08000
1762266600,0.08000
1762267500,0.08000
1762268400,0.08000
1762269300,0.08000
1762270200,0.08000
1762271100,0.08000
1762272000,0.08000
1762272900,0.08000
1762273800,0.08000
1762274700,0.08000
1762275600,0.08000
1762276500,0.08000
1762277400,0.08000
1762278300,0.08000
1762279200,0.08000
1762280100,0.08000
1762281000,0.08000
1762281900,0.08000
1762282800,0.08000
1762283700,0.08000
1762284600,0.08000
1762285500,0.08000
1762286400,0.08000
1762287300,0.08000
1762288200,0.08000
1762289100,0.08000
1762290000,0.08000
1762290900,0.08000
1762291800,0.08000
1762292700,0.08000
1762297200,0.12000
1762298100,0.08000
1762299000,0.08000
1762299900,0.08000
1762300800,0.08000
1762301700,0.08000
1762302600,0.08000
1762303500,0.08000
1762304400,0.08000
1762305300,0.08000
1762306200,0.08000
1762307100,0.08000
1762308000,0.08000
1762308900,0.08000
1762309800,0.08000
1762310700,0.08000
1762311600,0.08000
1762312500,0.08000
1762313400,0.08000
1762314300,0.08000
1762315200,0.08000
1762316100,0.08000
1762317000,0.08000
1762317900,0.08000
1762318800,0.08000
1762319700,0.08000
1762320600,0.08000
1762321500,0.08000
1762322400,0.08000
1762323300,0.08000
1762324200,0.08000
1762325100,0.08000
1762326000,0.08000
1762326900,0.08000
1762327800,0.08000
1762328700,0.08000
1762329600,0.08000
1762330500,0.08000
1762331400,0.08000
1762332300,0.08000
1762333200,0.08000
1762334100,0.08000
1762335000,0.08000
1762335900,0.08000
1762336800,0.08000
1762337700,0.08000
1762338600,0.08000
1762339500,0.08000
1762340400,0.08000
1762341300,0.08000
1762342200,0.08000
1762343100,0.08000
1762344000,0.08000
1762344900,0.08000
1762345800,0.08000
1762346700,0.08000
1762347600,0.08000
1762348500,0.08000
1762349400,0.08000
1762350300,0.08000
1762351200,0.08000
1762352100,0.08000
1762353000,0.08000
1762353900,0.08000
1762354800,0.08000
1762355700,0.08000
1762356600,0.08000
1762357500,0.08000
1762358400,0.08000
1762359300,0.08000
1762360200,0.08000
1762361100,0.08000
1762362000,0.08000
1762362900,0.08000
1762363800,0.08000
1762364700,0.08000
1762365600,0.08000
1762366500,0.08000
1762367400,0.08000
1762368300,0.08000
1762369200,0.08000
1762370100,0.08000
1762371000,0.08000
1762371900,0.08000
1762372800,0.08000
1762373700,0.08000
1762374600,0.08000
1762375500,0.08000
1762376400,0.08000
1762377300,0.08000
1762378200,0.08000
1762379100,0.08000
1762383600,0.12000
1762384500,0.08000
1762385400,0.08000
1762386300,0.08000
1762387200,0.08000
1762388100,0.08000
1762389000,0.08000
1762389900,0.08000
1762390800,0.08000
1762391700,0.08000
1762392600,0.08000
1762393500,0.08000
1762394400,0.08000
1762395300,0.08000
1762396200,0.08000
1762397100,0.08000
1762398000,0.08000
1762398900,0.08000
1762399800,0.08000
1762400700,0.08000
1762401600,0.08000
1762402500,0.08000
1762403400,0.08000
1762404300,0.08000
1762405200,0.08000
1762406100,0.08000
1762407000,0.08000
1762407900,0.08000
1762408800,0.08000
1762409700,0.08000
1762410600,0.08000
1762411500,0.08000
1762412400,0.08000
1762413300,0.08000
1762414200,0.08000
1762415100,0.08000
1762416000,0.08000
1762416900,0.08000
1762417800,0.08000
1762418700,0.08000
1762419600,0.08000
1762420500,0.08000
1762421400,0.08000
1762422300,0.08000
1762423200,0.08000
1762424100,0.08000
1762425000,0.08000
1762425900,0.08000
1762426800,0.08000
1762427700,0.08000
1762428600,0.08000
1762429500,0.08000
1762430400,0.08000
1762431300,0.08000
1762432200,0.08000
1762433100,0.08000
1762434000,0.08000
1762434900,0.08000
1762435800,0.08000
1762436700,0.08000
1762437600,0.08000
1762438500,0.08000
1762439400,0.08000
1762440300,0.08000
1762441200,0.08000
1762442100,0.08000
1762443000,0.08000
1762443900,0.08000
1762444800,0.08000
1762445700,0.08000
1762446600,0.08000
1762447500,0.08000
1762448400,0.08000
1762449300,0.08000
1762450200,0.08000
1762451100,0.08000
1762452000,0.08000
1762452900,0.08000
1762453800,0.08000
1762454700,0.08000
1762455600,0.08000
1762456500,0.08000
1762457400,0.08000
1762458300,0.08000
1762459200,0.08000
1762460100,0.08000
1762461000,0.08000
1762461900,0.08000
1762462800,0.08000
1762463700,0.08000
1762464600,0.08000
1762465500,0.08000
1762470000,0.12000
1762470900,0.08000
1762471800,0.08000
1762472700,0.08000
1762473600,0.08000
1762474500,0.08000
1762475400,0.08000
1762476300,0.08000
1762477200,0.08000
1762478100,0.08000
1762479000,0.08000
1762479900,0.08000
1762480800,0.08000
1762481700,0.08000
1762482600,0.08000
1762483500,0.08000
1762484400,0.08000
1762485300,0.08000
1762486200,0.08000
1762487100,0.08000
1762488000,0.08000
1762488900,0.08000
1762489800,0.08000
1762490700,0.08000
1762491600,0.08000
1762492500,0.08000
1762493400,0.08000
1762494300,0.08000
1762495200,0.08000
1762496100,0.08000
1762497000,0.08000
1762497900,0.08000
1762498800,0.08000
1762499700,0.08000
1762500600,0.08000
1762501500,0.08000
1762502400,0.08000
1762503300,0.08000
1762504200,0.08000
1762505100,0.08000
1762506000,0.08000
1762506900,0.08000
1762507800,0.08000
1762508700,0.08000
1762509600,0.08000
1762510500,0.08000
1762511400,0.08000
1762512300,0.08000
1762513200,0.08000
1762514100,0.08000
1762515000,0.08000
1762515900,0.08000
1762516800,0.08000
1762517700,0.08000
1762518600,0.08000
1762519500,0.08000
1762520400,0.08000
1762521300,0.08000
1762522200,0.08000
1762523100,0.08000
1762524000,0.08000
1762524900,0.08000
1762525800,0.08000
1762526700,0.08000
1762527600,0.08000
1762528500,0.08000
1762529400,0.08000
1762530300,0.08000
1762531200,0.08000
1762532100,0.08000
1762533000,0.08000
1762533900,0.08000
1762534800,0.08000
1762535700,0.08000
1762536600,0.08000
1762537500,0.08000
1762538400,0.08000
1762539300,0.08000
1762540200,0.08000
1762541100,0.08000
1762542000,0.08000
1762542900,0.08000
1762543800,0.08000
1762544700,0.08000
1762545600,0.08000
1762546500,0.08000
1762547400,0.08000
1762548300,0.08000
1762549200,0.08000
1762550100,0.08000
1762551000,0.08000
1762729200,0.12000
1762730100,0.08000
1762731000,0.08000
1762731900,0.08000
1762732800,0.08000
1762733700,0.08000
1762734600,0.08000
1762735500,0.08000
1762736400,0.08000
1762737300,0.08000
1762738200,0.08000
1762739100,0.08000
1762740000,0.08000
1762740900,0.08000
1762741800,0.08000
1762742700,0.08000
1762743600,0.08000
1762744500,0.08000
1762745400,0.08000
1762746300,0.08000
1762747200,0.08000
1762748100,0.08000
1762749000,0.08000
1762749900,0.08000
1762750800,0.08000
1762751700,0.08000
1762752600,0.08000
1762753500,0.08000
1762754400,0.08000
1762755300,0.08000
1762756200,0.08000
1762757100,0.08000
1762758000,0.08000
1762758900,0.08000
1762759800,0.08000
1762760700,0.08000
1762761600,0.08000
1762762500,0.08000
1762763400,0.08000
1762764300,0.08000
1762765200,0.08000
1762766100,0.08000
1762767000,0.08000
1762767900,0.08000
1762768800,0.08000
1762769700,0.08000
1762770600,0.08000
1762771500,0.08000
1762772400,0.08000
1762773300,0.08000
1762774200,0.08000
1762775100,0.08000
1762776000,0.08000
1762776900,0.08000
1762777800,0.08000
1762778700,0.08000
1762779600,0.08000
1762780500,0.08000
1762781400,0.08000
1762782300,0.08000
1762783200,0.08000
1762784100,0.08000
1762785000,0.08000
1762785900,0.08000
1762786800,0.08000
1762787700,0.08000
1762788600,0.08000
1762789500,0.08000
1762790400,0.08000
1762791300,0.08000
1762792200,0.08000
1762793100,0.08000
1762794000,0.08000
1762794900,0.08000
1762795800,0.08000
1762796700,0.08000
1762797600,0.08000
1762798500,0.08000
1762799400,0.08000
1762800300,0.08000
1762801200,0.08000
1762802100,0.08000
1762803000,0.08000
1762803900,0.08000
1762804800,0.08000
1762805700,0.08000
1762806600,0.08000
1762807500,0.08000
1762808400,0.08000
1762809300,0.08000
1762810200,0.08000
1762811100,0.08000
1762815600,0.12000
1762816500,0.08000
1762817400,0.08000
1762818300,0.08000
1762819200,0.08000
1762820100,0.08000
1762821000,0.08000
1762821900,0.08000
1762822800,0.08000
1762823700,0.08000
1762824600,0.08000
1762825500,0.08000
1762826400,0.08000
1762827300,0.08000
1762828200,0.08000
1762829100,0.08000
1762830000,0.08000
1762830900,0.08000
1762831800,0.08000
1762832700,0.08000
1762833600,0.08000
1762834500,0.08000
1762835400,0.08000
1762836300,0.08000
1762837200,0.08000
1762838100,0.08000
1762839000,0.08000
1762839900,0.08000
1762840800,0.08000
1762841700,0.08000
1762842600,0.08000
1762843500,0.08000
1762844400,0.08000
1762845300,0.08000
1762846200,0.08000
1762847100,0.08000
1762848000,0.08000
1762848900,0.08000
1762849800,0.08000
1762850700,0.08000
1762851600,0.08000
1762852500,0.08000
1762853400,0.08000
1762854300,0.08000
1762855200,0.08000
1762856100,0.08000
1762857000,0.08000
1762857900,0.08000
1762858800,0.08000
1762859700,0.08000
1762860600,0.08000
1762861500,0.08000
1762862400,0.08000
1762863300,0.08000
1762864200,0.08000
1762865100,0.08000
1762866000,0.08000
1762866900,0.08000
1762867800,0.08000
1762868700,0.08000
1762869600,0.08000
1762870500,0.08000
1762871400,0.08000
1762872300,0.08000
1762873200,0.08000
1762874100,0.08000
1762875000,0.08000
1762875900,0.08000
1762876800,0.08000
1762877700,0.08000
1762878600,0.08000
1762879500,0.08000
1762880400,0.08000
1762881300,0.08000
1762882200,0.08000
1762883100,0.08000
1762884000,0.08000
1762884900,0.08000
1762885800,0.08000
1762886700,0.08000
1762887600,0.08000
1762888500,0.08000
1762889400,0.08000
1762890300,0.08000
1762891200,0.08000
1762892100,0.08000
1762893000,0.08000
1762893900,0.08000
1762894800,0.08000
1762895700,0.08000
1762896600,0.08000
1762897500,0.08000
1762902000,0.12000
1762902900,0.08000
1762903800,0.08000
1762904700,0.08000
1762905600,0.08000
1762906500,0.08000
1762907400,0.08000
1762908300,0.08000
1762909200,0.08000
1762910100,0.08000
1762911000,0.08000
1762911900,0.08000
1762912800,0.08000
1762913700,0.08000
1762914600,0.08000
1762915500,0.08000
1762916400,0.08000
1762917300,0.08000
1762918200,0.08000
1762919100,0.08000
1762920000,0.08000
1762920900,0.08000
1762921800,0.08000
1762922700,0.08000
1762923600,0.08000
1762924500,0.08000
1762925400,0.08000
1762926300,0.08000
1762927200,0.08000
1762928100,0.08000
1762929000,0.08000
1762929900,0.08000
1762930800,0.08000
1762931700,0.08000
1762932600,0.08000
1762933500,0.08000
1762934400,0.08000
1762935300,0.08000
1762936200,0.08000
1762937100,0.08000
1762938000,0.08000
1762938900,0.08000
1762939800,0.08000
1762940700,0.08000
1762941600,0.08000
1762942500,0.08000
1762943400,0.08000
1762944300,0.08000
1762945200,0.08000
1762946100,0.08000
1762947000,0.08000
1762947900,0.08000
1762948800,0.08000
1762949700,0.08000
1762950600,0.08000
1762951500,0.08000
1762952400,0.08000
1762953300,0.08000
1762954200,0.08000
1762955100,0.08000
1762956000,0.08000
1762956900,0.08000
1762957800,0.08000
1762958700,0.08000
1762959600,0.08000
1762960500,0.08000
1762961400,0.08000
1762962300,0.08000
1762963200,0.08000
1762964100,0.08000
1762965000,0.08000
1762965900,0.08000
1762966800,0.08000
1762967700,0.08000
1762968600,0.08000
1762969500,0.08000
1762970400,0.08000
1762971300,0.08000
1762972200,0.08000
1762973100,0.08000
1762974000,0.08000
1762974900,0.08000
1762975800,0.08000
1762976700,0.08000
1762977600,0.08000
1762978500,0.08000
1762979400,0.08000
1762980300,0.08000
1762981200,0.08000
1762982100,0.08000
1762983000,0.08000
1762983900,0.08000
1762988400,0.12000
1762989300,0.08000
1762990200,0.08000
1762991100,0.08000
1762992000,0.08000
1762992900,0.08000
1762993800,0.08000
1762994700,0.08000
1762995600,0.08000
1762996500,0.08000
1762997400,0.08000
1762998300,0.08000
1762999200,0.08000
1763000100,0.08000
1763001000,0.08000
1763001900,0.08000
1763002800,0.08000
1763003700,0.08000
1763004600,0.08000
1763005500,0.08000
1763006400,0.08000
1763007300,0.08000
1763008200,0.08000
1763009100,0.08000
1763010000,0.08000
1763010900,0.08000
1763011800,0.08000
1763012700,0.08000
1763013600,0.08000
1763014500,0.08000
1763015400,0.08000
1763016300,0.08000
1763017200,0.08000
1763018100,0.08000
1763019000,0.08000
1763019900,0.08000
1763020800,0.08000
1763021700,0.08000
1763022600,0.08000
1763023500,0.08000
1763024400,0.08000
1763025300,0.08000
1763026200,0.08000
1763027100,0.08000
1763028000,0.08000
1763028900,0.08000
1763029800,0.08000
1763030700,0.08000
1763031600,0.08000
1763032500,0.08000
1763033400,0.08000
1763034300,0.08000
1763035200,0.08000
1763036100,0.08000
1763037000,0.08000
1763037900,0.08000
1763038800,0.08000
1763039700,0.08000
1763040600,0.08000
1763041500,0.08000
1763042400,0.08000
1763043300,0.08000
1763044200,0.08000
1763045100,0.08000
1763046000,0.08000
1763046900,0.08000
1763047800,0.08000
1763048700,0.08000
1763049600,0.08000
1763050500,0.08000
1763051400,0.08000
1763052300,0.08000
1763053200,0.08000
1763054100,0.08000
1763055000,0.08000
1763055900,0.08000
1763056800,0.08000
1763057700,0.08000
1763058600,0.08000
1763059500,0.08000
1763060400,0.08000
1763061300,0.08000
1763062200,0.08000
1763063100,0.08000
1763064000,0.08000
1763064900,0.08000
1763065800,0.08000
1763066700,0.08000
1763067600,0.08000
1763068500,0.08000
1763069400,0.08000
1763070300,0.08000
1763074800,0.12000
1763075700,0.08000
1763076600,0.08000
1763077500,0.08000
1763078400,0.08000
1763079300,0.08000
1763080200,0.08000
1763081100,0.08000
1763082000,0.08000
1763082900,0.08000
1763083800,0.08000
1763084700,0.08000
1763085600,0.08000
1763086500,0.08000
1763087400,0.08000
1763088300,0.08000
1763089200,0.08000
1763090100,0.08000
1763091000,0.08000
1763091900,0.08000
1763092800,0.08000
1763093700,0.08000
1763094600,0.08000
1763095500,0.08000
1763096400,0.08000
1763097300,0.08000
1763098200,0.08000
1763099100,0.08000
1763100000,0.08000
1763100900,0.08000
1763101800,0.08000
1763102700,0.08000
1763103600,0.08000
1763104500,0.08000
1763105400,0.08000
1763106300,0.08000
1763107200,0.08000
1763108100,0.08000
1763109000,0.08000
1763109900,0.08000
1763110800,0.08000
1763111700,0.08000
1763112600,0.08000
1763113500,0.08000
1763114400,0.08000
1763115300,0.08000
1763116200,0.08000
1763117100,0.08000
1763118000,0.08000
1763118900,0.08000
1763119800,0.08000
1763120700,0.08000
1763121600,0.08000
1763122500,0.08000
1763123400,0.08000
1763124300,0.08000
1763125200,0.08000
1763126100,0.08000
1763127000,0.08000
1763127900,0.08000
1763128800,0.08000
1763129700,0.08000
1763130600,0.08000
1763131500,0.08000
1763132400,0.08000
1763133300,0.08000
1763134200,0.08000
1763135100,0.08000
1763136000,0.08000
1763136900,0.08000
1763137800,0.08000
1763138700,0.08000
1763139600,0.08000
1763140500,0.08000
1763141400,0.08000
1763142300,0.08000
1763143200,0.08000
1763144100,0.08000
1763145000,0.08000
1763145900,0.08000
1763146800,0.08000
1763147700,0.08000
1763148600,0.08000
1763149500,0.08000
1763150400,0.08000
1763151300,0.08000
1763152200,0.08000
1763153100,0.08000
1763154000,0.08000
1763154900,0.08000
1763155800,0.08000
1763334000,0.11000
1763334900,0.08000
1763335800,0.08000
1763336700,0.08000
1763337600,0.08000
1763338500,0.08000
1763339400,0.08000
1763340300,0.08000
1763341200,0.08000
1763342100,0.08000
1763343000,0.08000
1763343900,0.08000
1763344800,0.08000
1763345700,0.08000
1763346600,0.08000
1763347500,0.08000
1763348400,0.08000
1763349300,0.08000
1763350200,0.08000
1763351100,0.08000
1763352000,0.08000
1763352900,0.08000
1763353800,0.08000
1763354700,0.08000
1763355600,0.08000
1763356500,0.08000
1763357400,0.08000
1763358300,0.08000
1763359200,0.08000
1763360100,0.08000
1763361000,0.08000
1763361900,0.08000
1763362800,0.08000
1763363700,0.08000
1763364600,0.08000
1763365500,0.08000
1763366400,0.08000
1763367300,0.08000
1763368200,0.08000
1763369100,0.08000
1763370000,0.08000
1763370900,0.08000
1763371800,0.08000
1763372700,0.08000
1763373600,0.08000
1763374500,0.08000
1763375400,0.08000
1763376300,0.08000
1763377200,0.08000
1763378100,0.08000
1763379000,0.08000
1763379900,0.08000
1763380800,0.08000
1763381700,0.08000
1763382600,0.08000
1763383500,0.08000
1763384400,0.08000
1763385300,0.08000
1763386200,0.08000
1763387100,0.08000
1763388000,0.08000
1763388900,0.08000
1763389800,0.08000
1763390700,0.08000
1763391600,0.08000
1763392500,0.08000
1763393400,0.08000
1763394300,0.08000
1763395200,0.08000
1763396100,0.08000
1763397000,0.08000
1763397900,0.08000
1763398800,0.08000
1763399700,0.08000
1763400600,0.08000
1763401500,0.08000
1763402400,0.08000
1763403300,0.08000
1763404200,0.08000
1763405100,0.08000
1763406000,0.08000
1763406900,0.08000
1763407800,0.08000
1763408700,0.08000
1763409600,0.08000
1763410500,0.08000
1763411400,0.08000
1763412300,0.08000
1763413200,0.08000
1763414100,0.08000
1763415000,0.08000
1763415900,0.08000
1763420400,0.12000
1763421300,0.08000
1763422200,0.08000
1763423100,0.08000
1763424000,0.08000
1763424900,0.08000
1763425800,0.08000
1763426700,0.08000
1763427600,0.08000
1763428500,0.08000
1763429400,0.08000
1763430300,0.08000
1763431200,0.08000
1763432100,0.08000
1763433000,0.08000
1763433900,0.08000
1763434800,0.08000
1763435700,0.08000
1763436600,0.08000
1763437500,0.08000
1763438400,0.08000
1763439300,0.08000
1763440200,0.08000
1763441100,0.08000
1763442000,0.08000
1763442900,0.08000
1763443800,0.08000
1763444700,0.08000
1763445600,0.08000
1763446500,0.08000
1763447400,0.08000
1763448300,0.08000
1763449200,0.08000
1763450100,0.08000
1763451000,0.08000
1763451900,0.08000
1763452800,0.08000
1763453700,0.08000
1763454600,0.08000
1763455500,0.08000
1763456400,0.08000
1763457300,0.08000
1763458200,0.08000
1763459100,0.08000
1763460000,0.08000
1763460900,0.08000
1763461800,0.08000
1763462700,0.08000
1763463600,0.08000
1763464500,0.08000
1763465400,0.08000
1763466300,0.08000
1763467200,0.08000
1763468100,0.08000
1763469000,0.08000
1763469900,0.08000
1763470800,0.08000
1763471700,0.08000
1763472600,0.08000
1763473500,0.08000
1763474400,0.08000
1763475300,0.08000
1763476200,0.08000
1763477100,0.08000
1763478000,0.08000
1763478900,0.08000
1763479800,0.08000
1763480700,0.08000
1763481600,0.08000
1763482500,0.08000
1763483400,0.08000
1763484300,0.08000
1763485200,0.08000
1763486100,0.08000
1763487000,0.08000
1763487900,0.08000
1763488800,0.08000
1763489700,0.08000
1763490600,0.08000
1763491500,0.08000
1763492400,0.08000
1763493300,0.08000
1763494200,0.08000
1763495100,0.08000
1763496000,0.08000
1763496900,0.08000
1763497800,0.08000
1763498700,0.08000
1763499600,0.08000
1763500500,0.08000
1763501400,0.08000
1763502300,0.08000
1763506800,0.12000
1763507700,0.08000
1763508600,0.08000
1763509500,0.08000
1763510400,0.08000
1763511300,0.08000
1763512200,0.08000
1763513100,0.08000
1763514000,0.08000
1763514900,0.08000
1763515800,0.08000
1763516700,0.08000
1763517600,0.08000
1763518500,0.08000
1763519400,0.08000
1763520300,0.08000
1763521200,0.08000
1763522100,0.08000
1763523000,0.08000
1763523900,0.08000
1763524800,0.08000
1763525700,0.08000
1763526600,0.08000
1763527500,0.08000
1763528400,0.08000
1763529300,0.08000
1763530200,0.08000
1763531100,0.08000
1763532000,0.08000
1763532900,0.08000
1763533800,0.08000
1763534700,0.08000
1763535600,0.08000
1763536500,0.08000
1763537400,0.08000
1763538300,0.08000
1763539200,0.08000
1763540100,0.08000
1763541000,0.08000
1763541900,0.08000
1763542800,0.08000
1763543700,0.08000
1763544600,0.08000
1763545500,0.08000
1763546400,0.08000
1763547300,0.08000
1763548200,0.08000
1763549100,0.08000
1763550000,0.08000
1763550900,0.08000
1763551800,0.07000
1763552700,0.08000
1763553600,0.02000
1763554500,0.04000
1763555400,0.08000
1763556300,0.01000
1763557200,0.06000
1763558100,0.00000
1763559000,0.05000
1763559900,0.01000
1763560800,0.08000
1763561700,0.07000
1763562600,0.08000
1763563500,0.08000
1763564400,0.08000
1763565300,0.08000
1763566200,0.08000
1763567100,0.08000
1763568000,0.08000
1763568900,0.00000
1763569800,0.00000
1763570700,0.08000
1763571600,0.00000
1763572500,0.08000
1763573400,0.08000
1763574300,0.08000
1763575200,0.08000
1763576100,0.08000
1763577000,0.08000
1763577900,0.08000
1763578800,0.00000
1763579700,0.00000
1763580600,0.00000
1763581500,0.00000
1763582400,0.00000
1763583300,0.06000
1763584200,0.00000
1763585100,0.00000
1763586000,0.06000
1763586900,0.00000
1763587800,0.07000
1763588700,0.02000
1763593200,0.12000
1763594100,0.08000
1763595000,0.00000
1763595900,0.08000
1763596800,0.08000
1763597700,0.08000
1763598600,0.08000
1763599500,0.08000
1763600400,0.08000
1763601300,0.05000
1763602200,0.08000
1763603100,0.08000
1763604000,0.00000
1763604900,0.08000
1763605800,0.00000
1763606700,0.08000
1763607600,0.08000
1763608500,0.08000
1763609400,0.08000
1763610300,0.08000
1763611200,0.08000
1763612100,0.08000
1763613000,0.08000
1763613900,0.08000
1763614800,0.00000
1763615700,0.08000
1763616600,0.08000
1763617500,0.08000
1763618400,0.08000
1763619300,0.08000
1763620200,0.00000
1763621100,0.06000
1763622000,0.00000
1763622900,0.02000
1763623800,0.08000
1763624700,0.08000
1763625600,0.06000
1763626500,0.08000
1763627400,0.06000
1763628300,0.00000
1763629200,0.00000
1763630100,0.00000
1763631000,0.08000
1763631900,0.08000
1763632800,0.08000
1763633700,0.08000
1763634600,0.08000
1763635500,0.08000
1763636400,0.08000
1763637300,0.08000
1763638200,0.05000
1763639100,0.05000
1763640000,0.06000
1763640900,0.02000
1763641800,0.06000
1763642700,0.04000
1763643600,0.07000
1763644500,0.00000
1763645400,0.00000
1763646300,0.00000
1763647200,0.00000
1763648100,0.00000
1763649000,0.00000
1763649900,0.01000
1763650800,0.08000
1763651700,0.08000
1763652600,0.08000
1763653500,0.08000
1763654400,0.08000
1763655300,0.08000
1763656200,0.08000
1763657100,0.00000
1763658000,0.00000
1763658900,0.00000
1763659800,0.00000
1763660700,0.00000
1763661600,0.02000
1763662500,0.00000
1763663400,0.06000
1763664300,0.00000
1763665200,0.00000
1763666100,0.00000
1763667000,0.08000
1763667900,0.08000
1763668800,0.08000
1763669700,0.08000
1763670600,0.03000
1763671500,0.00000
1763672400,0.00000
1763673300,0.00000
1763674200,0.02000
1763675100,0.00000
1763679600,0.07000
1763680500,0.05000
1763681400,0.03000
1763682300,0.00000
1763683200,0.01000
1763684100,0.00000
1763685000,0.06000
1763685900,0.00000
1763686800,0.00000
1763687700,0.06000
1763688600,0.00000
1763689500,0.07000
1763690400,0.00000
1763691300,0.05000
1763692200,0.07000
1763693100,0.00000
1763694000,0.00000
1763694900,0.00000
1763695800,0.00000
1763696700,0.00000
1763697600,0.03000
1763698500,0.01000
1763699400,0.01000
1763700300,0.04000
1763701200,0.05000
1763702100,0.00000
1763703000,0.03000
1763703900,0.01000
1763704800,0.00000
1763705700,0.00000
1763706600,0.00000
1763707500,0.02000
1763708400,0.00000
1763709300,0.05000
1763710200,0.00000
1763711100,0.00000
1763712000,0.00000
1763712900,0.05000
1763713800,0.00000
1763714700,0.00000
1763715600,0.08000
1763716500,0.06000
1763717400,0.06000
1763718300,0.05000
1763719200,0.08000
1763720100,0.08000
1763721000,0.08000
1763721900,0.08000
1763722800,0.00000
1763723700,0.00000
1763724600,0.04000
1763725500,0.08000
1763726400,0.08000
1763727300,0.08000
1763728200,0.00000
1763729100,0.00000
1763730000,0.03000
1763730900,0.00000
1763731800,0.04000
1763732700,0.00000
1763733600,0.08000
1763734500,0.08000
1763735400,0.08000
1763736300,0.08000
1763737200,0.08000
1763738100,0.08000
1763739000,0.08000
1763739900,0.08000
1763740800,0.08000
1763741700,0.08000
1763742600,0.08000
1763743500,0.05000
1763744400,0.00000
1763745300,0.01000
1763746200,0.08000
1763747100,0.00000
1763748000,0.05000
1763748900,0.02000
1763749800,0.06000
1763750700,0.00000
1763751600,0.00000
1763752500,0.05000
1763753400,0.06000
1763754300,0.06000
1763755200,0.00000
1763756100,0.01000
1763757000,0.00000
1763757900,0.00000
1763758800,0.05000
1763759700,0.00000
1763760600,0.04000
1763938800,0.12000
1763939700,0.05000
1763940600,0.00000
1763941500,0.00000
1763942400,0.00000
1763943300,0.08000
1763944200,0.00000
1763945100,0.00000
1763946000,0.00000
1763946900,0.08000
1763947800,0.08000
1763948700,0.07000
1763949600,0.06000
1763950500,0.08000
1763951400,0.08000
1763952300,0.00000
1763953200,0.08000
1763954100,0.08000
1763955000,0.00000
1763955900,0.08000
1763956800,0.08000
1763957700,0.08000
1763958600,0.08000
1763959500,0.08000
1763960400,0.08000
1763961300,0.08000
1763962200,0.08000
1763963100,0.08000
1763964000,0.08000
1763964900,0.08000
1763965800,0.08000
1763966700,0.08000
1763967600,0.08000
1763968500,0.08000
1763969400,0.08000
1763970300,0.08000
1763971200,0.08000
1763972100,0.00000
1763973000,0.08000
1763973900,0.06000
1763974800,0.06000
1763975700,0.02000
1763976600,0.02000
1763977500,0.08000
1763978400,0.07000
1763979300,0.08000
1763980200,0.08000
1763981100,0.08000
1763982000,0.08000
1763982900,0.08000
1763983800,0.08000
1763984700,0.08000
1763985600,0.08000
1763986500,0.08000
1763987400,0.08000
1763988300,0.08000
1763989200,0.08000
1763990100,0.08000
1763991000,0.08000
1763991900,0.08000
1763992800,0.08000
1763993700,0.08000
1763994600,0.08000
1763995500,0.08000
1763996400,0.08000
1763997300,0.08000
1763998200,0.08000
1763999100,0.08000
1764000000,0.08000
1764000900,0.08000
1764001800,0.08000
1764002700,0.08000
1764003600,0.08000
1764004500,0.08000
1764005400,0.08000
1764006300,0.08000
1764007200,0.08000
1764008100,0.08000
1764009000,0.08000
1764009900,0.08000
1764010800,0.08000
1764011700,0.08000
1764012600,0.08000
1764013500,0.08000
1764014400,0.08000
1764015300,0.08000
1764016200,0.08000
1764017100,0.08000
1764018000,0.08000
1764018900,0.08000
1764019800,0.08000
1764020700,0.08000
1764025200,0.12000
1764026100,0.08000
1764027000,0.08000
1764027900,0.08000
1764028800,0.08000
1764029700,0.08000
1764030600,0.08000
1764031500,0.08000
1764032400,0.08000
1764033300,0.08000
1764034200,0.08000
1764035100,0.08000
1764036000,0.08000
1764036900,0.08000
1764037800,0.08000
1764038700,0.08000
1764039600,0.08000
1764040500,0.08000
1764041400,0.08000
1764042300,0.08000
1764043200,0.08000
1764044100,0.08000
1764045000,0.08000
1764045900,0.08000
1764046800,0.08000
1764047700,0.08000
1764048600,0.08000
1764049500,0.08000
1764050400,0.08000
1764051300,0.08000
1764052200,0.08000
1764053100,0.08000
1764054000,0.08000
1764054900,0.08000
1764055800,0.08000
1764056700,0.08000
1764057600,0.08000
1764058500,0.08000
1764059400,0.08000
1764060300,0.08000
1764061200,0.08000
1764062100,0.08000
1764063000,0.08000
1764063900,0.08000
1764064800,0.08000
1764065700,0.08000
1764066600,0.08000
1764067500,0.08000
1764068400,0.08000
1764069300,0.08000
1764070200,0.08000
1764071100,0.08000
1764072000,0.08000
1764072900,0.08000
1764073800,0.08000
1764074700,0.08000
1764075600,0.08000
1764076500,0.08000
1764077400,0.08000
1764078300,0.08000
1764079200,0.08000
1764080100,0.08000
1764081000,0.08000
1764081900,0.08000
1764082800,0.08000
1764083700,0.08000
1764084600,0.08000
1764085500,0.08000
1764086400,0.08000
1764087300,0.08000
1764088200,0.08000
1764089100,0.08000
1764090000,0.08000
1764090900,0.08000
1764091800,0.08000
1764092700,0.08000
1764093600,0.08000
1764094500,0.08000
1764095400,0.08000
1764096300,0.08000
1764097200,0.08000
1764098100,0.08000
1764099000,0.08000
1764099900,0.08000
1764100800,0.08000
1764101700,0.08000
1764102600,0.08000
1764103500,0.08000
1764104400,0.08000
1764105300,0.08000
1764106200,0.08000
1764107100,0.08000
1764111600,0.12000
1764112500,0.08000
1764113400,0.08000
1764114300,0.08000
1764115200,0.08000
1764116100,0.08000
1764117000,0.08000
1764117900,0.08000
1764118800,0.08000
1764119700,0.08000
1764120600,0.08000
1764121500,0.08000
1764122400,0.08000
1764123300,0.08000
1764124200,0.08000
1764125100,0.08000
1764126000,0.08000
1764126900,0.08000
1764127800,0.08000
1764128700,0.08000
1764129600,0.08000
1764130500,0.08000
1764131400,0.08000
1764132300,0.08000
1764133200,0.08000
1764134100,0.08000
1764135000,0.08000
1764135900,0.08000
1764136800,0.08000
1764137700,0.08000
1764138600,0.08000
1764139500,0.08000
1764140400,0.08000
1764141300,0.08000
1764142200,0.08000
1764143100,0.08000
1764144000,0.08000
1764144900,0.08000
1764145800,0.08000
1764146700,0.08000
1764147600,0.08000
1764148500,0.08000
1764149400,0.08000
1764150300,0.08000
1764151200,0.08000
1764152100,0.08000
1764153000,0.08000
1764153900,0.08000
1764154800,0.08000
1764155700,0.08000
1764156600,0.08000
1764157500,0.08000
1764158400,0.08000
1764159300,0.08000
1764160200,0.08000
1764161100,0.08000
1764162000,0.08000
1764162900,0.08000
1764163800,0.08000
1764164700,0.08000
1764165600,0.08000
1764166500,0.08000
1764167400,0.08000
1764168300,0.08000
1764169200,0.08000
1764170100,0.08000
1764171000,0.08000
1764171900,0.08000
1764172800,0.08000
1764173700,0.08000
1764174600,0.08000
1764175500,0.08000
1764176400,0.08000
1764177300,0.08000
1764178200,0.08000
1764179100,0.08000
1764180000,0.08000
1764180900,0.08000
1764181800,0.08000
1764182700,0.08000
1764183600,0.08000
1764184500,0.08000
1764185400,0.08000
1764186300,0.08000
1764187200,0.08000
1764188100,0.08000
1764189000,0.08000
1764189900,0.08000
1764190800,0.08000
1764191700,0.08000
1764192600,0.08000
1764193500,0.08000
1764198000,0.12000
1764198900,0.08000
1764199800,0.08000
1764200700,0.08000
1764201600,0.08000
1764202500,0.08000
1764203400,0.08000
1764204300,0.08000
1764205200,0.08000
1764206100,0.08000
1764207000,0.08000
1764207900,0.08000
1764208800,0.08000
1764209700,0.08000
1764210600,0.08000
1764211500,0.08000
1764212400,0.08000
1764213300,0.08000
1764214200,0.08000
1764215100,0.08000
1764216000,0.08000
1764216900,0.08000
1764217800,0.08000
1764218700,0.08000
1764219600,0.08000
1764220500,0.08000
1764221400,0.08000
1764222300,0.08000
1764223200,0.08000
1764224100,0.08000
1764225000,0.08000
1764225900,0.08000
1764226800,0.08000
1764227700,0.08000
1764228600,0.08000
1764229500,0.08000
1764230400,0.08000
1764231300,0.08000
1764232200,0.08000
1764233100,0.08000
1764234000,0.08000
1764234900,0.08000
1764235800,0.08000
1764236700,0.08000
1764237600,0.08000
1764238500,0.08000
1764239400,0.08000
1764240300,0.08000
1764241200,0.08000
1764242100,0.08000
1764243000,0.08000
1764243900,0.08000
1764244800,0.08000
1764245700,0.08000
1764246600,0.08000
1764247500,0.08000
1764248400,0.08000
1764249300,0.08000
1764250200,0.08000
1764251100,0.08000
1764252000,0.08000
1764252900,0.08000
1764253800,0.08000
1764254700,0.08000
1764255600,0.08000
1764256500,0.08000
1764257400,0.08000
1764258300,0.08000
1764259200,0.08000
1764260100,0.08000
1764261000,0.08000
1764261900,0.08000
1764262800,0.08000
1764263700,0.08000
1764264600,0.08000
1764265500,0.08000
1764266400,0.08000
1764267300,0.08000
1764268200,0.08000
1764269100,0.08000
1764270000,0.08000
1764270900,0.08000
1764284400,0.12000
1764285300,0.08000
1764286200,0.08000
1764287100,0.08000
1764288000,0.08000
1764288900,0.08000
1764289800,0.08000
1764290700,0.08000
1764291600,0.08000
1764292500,0.08000
1764293400,0.08000
1764294300,0.08000
1764295200,0.08000
1764296100,0.08000
1764297000,0.08000
1764297900,0.08000
1764298800,0.08000
1764299700,0.08000
1764300600,0.08000
1764301500,0.08000
1764302400,0.08000
1764303300,0.08000
1764304200,0.08000
1764305100,0.08000
1764306000,0.08000
1764306900,0.08000
1764307800,0.08000
1764308700,0.08000
1764309600,0.08000
1764310500,0.08000
1764311400,0.08000
1764312300,0.08000
1764313200,0.08000
1764314100,0.08000
1764315000,0.08000
1764315900,0.08000
1764316800,0.08000
1764318600,0.10000
1764319500,0.00000
1764320400,0.41000
1764321300,0.08000
1764322200,0.26000
1764323100,0.60000
1764324000,0.08000
1764324900,0.08000
1764325800,0.08000
1764326700,0.08000
1764327600,0.08000
1764328500,0.08000
1764329400,0.08000
1764330300,0.08000
1764331200,0.08000
1764332100,0.08000
1764333000,0.08000
1764333900,0.08000
1764334800,0.08000
1764335700,0.08000
1764336600,0.08000
1764337500,0.08000
1764338400,0.08000
1764339300,0.08000
1764340200,0.08000
1764341100,0.08000
1764342000,0.08000
1764342900,0.08000
1764343800,0.08000
1764344700,0.08000
1764345600,0.08000
1764346500,0.08000
1764347400,0.08000
1764348300,0.08000
1764349200,0.08000
1764350100,0.08000
1764351000,0.08000
1764351900,0.08000
1764352800,0.08000
1764353700,0.08000
1764354600,0.08000
1764355500,0.08000
1764356400,0.08000
1764357300,0.08000
1764358200,0.08000
1764543600,0.12000
1764544500,0.08000
1764545400,0.08000
1764546300,0.08000
1764547200,0.08000
1764548100,0.08000
1764549000,0.08000
1764549900,0.08000
1764550800,0.08000
1764551700,0.08000
1764552600,0.08000
1764553500,0.08000
1764554400,0.08000
1764555300,0.08000
1764556200,0.08000
1764557100,0.08000
1764558000,0.08000
1764558900,0.08000
1764559800,0.08000
1764560700,0.08000
1764561600,0.08000
1764562500,0.08000
1764563400,0.08000
1764564300,0.08000
1764565200,0.08000
1764566100,0.08000
1764567000,0.08000
1764567900,0.08000
1764568800,0.08000
1764569700,0.08000
1764570600,0.08000
1764571500,0.08000
1764572400,0.08000
1764573300,0.08000
1764574200,0.08000
1764575100,0.08000
1764576000,0.08000
1764576900,0.08000
1764577800,0.08000
1764578700,0.08000
1764579600,0.08000
1764580500,0.08000
1764581400,0.08000
1764582300,0.08000
1764583200,0.08000
1764584100,0.08000
1764585000,0.08000
1764585900,0.08000
1764586800,0.08000
1764587700,0.08000
1764588600,0.08000
1764589500,0.08000
1764590400,0.08000
1764591300,0.08000
1764592200,0.08000
1764593100,0.08000
1764594000,0.08000
1764594900,0.08000
1764595800,0.08000
1764596700,0.08000
1764597600,0.08000
1764598500,0.08000
1764599400,0.08000
1764600300,0.08000
1764601200,0.08000
1764602100,0.08000
1764603000,0.08000
1764603900,0.08000
1764604800,0.08000
1764605700,0.08000
1764606600,0.08000
1764607500,0.08000
1764608400,0.08000
1764609300,0.08000
1764610200,0.08000
1764611100,0.08000
1764612000,0.08000
1764612900,0.08000
1764613800,0.08000
1764614700,0.08000
1764615600,0.08000
1764616500,0.08000
1764617400,0.08000
1764618300,0.08000
1764619200,0.08000
1764620100,0.08000
1764621000,0.08000
1764621900,0.08000
1764622800,0.08000
1764623700,0.08000
1764624600,0.08000
1764625500,0.08000
1764630000,0.12000
1764630900,0.08000
1764631800,0.08000
1764632700,0.08000
1764633600,0.08000
1764634500,0.08000
1764635400,0.08000
1764636300,0.08000
1764637200,0.08000
1764638100,0.08000
1764639000,0.08000
1764639900,0.08000
1764640800,0.08000
1764641700,0.08000
1764642600,0.08000
1764643500,0.08000
1764644400,0.08000
1764645300,0.08000
1764646200,0.08000
1764647100,0.08000
1764648000,0.08000
1764648900,0.08000
1764649800,0.08000
1764650700,0.08000
1764651600,0.08000
1764652500,0.08000
1764653400,0.08000
1764654300,0.08000
1764655200,0.08000
1764656100,0.08000
1764657000,0.08000
1764657900,0.08000
1764658800,0.08000
1764659700,0.08000
1764660600,0.08000
1764661500,0.08000
1764662400,0.08000
1764663300,0.08000
1764664200,0.08000
1764665100,0.08000
1764666000,0.08000
1764666900,0.08000
1764667800,0.08000
1764668700,0.08000
1764669600,0.08000
1764670500,0.08000
1764671400,0.08000
1764672300,0.08000
1764673200,0.08000
1764674100,0.08000
1764675000,0.08000
1764675900,0.08000
1764676800,0.08000
1764677700,0.08000
1764678600,0.08000
1764679500,0.08000
1764680400,0.08000
1764681300,0.08000
1764682200,0.08000
1764683100,0.08000
1764684000,0.08000
1764684900,0.08000
1764685800,0.08000
1764686700,0.08000
1764687600,0.08000
1764688500,0.08000
1764689400,0.08000
1764690300,0.08000
1764691200,0.08000
1764692100,0.08000
1764693000,0.08000
1764693900,0.08000
1764694800,0.08000
1764695700,0.08000
1764696600,0.08000
1764697500,0.08000
1764698400,0.08000
1764699300,0.08000
1764700200,0.08000
1764701100,0.08000
1764702000,0.08000
1764702900,0.08000
1764703800,0.08000
1764704700,0.08000
1764705600,0.08000
1764706500,0.08000
1764707400,0.08000
1764708300,0.08000
1764709200,0.08000
1764710100,0.08000
1764711000,0.08000
1764711900,0.08000
1764716400,0.12000
1764717300,0.08000
1764718200,0.08000
1764719100,0.08000
1764720000,0.08000
1764720900,0.08000
1764721800,0.08000
1764722700,0.08000
1764723600,0.08000
1764724500,0.08000
1764725400,0.08000
1764726300,0.08000
1764727200,0.08000
1764728100,0.08000
1764729000,0.08000
1764729900,0.08000
1764730800,0.08000
1764731700,0.08000
1764732600,0.08000
1764733500,0.08000
1764734400,0.08000
1764735300,0.08000
1764736200,0.08000
1764737100,0.08000
1764738000,0.08000
1764738900,0.08000
1764739800,0.08000
1764740700,0.08000
1764741600,0.08000
1764742500,0.08000
1764743400,0.08000
1764744300,0.08000
1764745200,0.08000
1764746100,0.08000
1764747000,0.08000
1764747900,0.08000
1764748800,0.08000
1764749700,0.08000
1764750600,0.08000
1764751500,0.08000
1764752400,0.08000
1764753300,0.08000
1764754200,0.08000
1764755100,0.08000
1764756000,0.08000
1764756900,0.08000
1764757800,0.08000
1764758700,0.08000
1764759600,0.08000
1764760500,0.08000
1764761400,0.08000
1764762300,0.08000
1764763200,0.08000
1764764100,0.08000
1764765000,0.08000
1764765900,0.08000
1764766800,0.08000
1764767700,0.08000
1764768600,0.08000
1764769500,0.08000
1764770400,0.08000
1764771300,0.08000
1764772200,0.08000
1764773100,0.08000
1764774000,0.08000
1764774900,0.08000
1764775800,0.08000
1764776700,0.08000
1764777600,0.08000
1764778500,0.08000
1764779400,0.08000
1764780300,0.08000
1764781200,0.08000
1764782100,0.08000
1764783000,0.08000
1764783900,0.08000
1764784800,0.08000
1764785700,0.08000
1764786600,0.08000
1764787500,0.08000
1764788400,0.08000
1764789300,0.08000
1764790200,0.08000
1764791100,0.08000
1764792000,0.08000
1764792900,0.08000
1764793800,0.08000
1764794700,0.08000
1764795600,0.08000
1764796500,0.08000
1764797400,0.08000
1764798300,0.08000
1764802800,0.12000
1764803700,0.08000
1764804600,0.08000
1764805500,0.08000
1764806400,0.08000
1764807300,0.08000
1764808200,0.08000
1764809100,0.08000
1764810000,0.08000
1764810900,0.08000
1764811800,0.08000
1764812700,0.08000
1764813600,0.08000
1764814500,0.08000
1764815400,0.08000
1764816300,0.08000
1764817200,0.08000
1764818100,0.08000
1764819000,0.08000
1764819900,0.08000
1764820800,0.08000
1764821700,0.08000
1764822600,0.08000
1764823500,0.08000
1764824400,0.08000
1764825300,0.08000
1764826200,0.08000
1764827100,0.08000
1764828000,0.08000
1764828900,0.08000
1764829800,0.08000
1764830700,0.08000
1764831600,0.08000
1764832500,0.08000
1764833400,0.08000
1764834300,0.08000
1764835200,0.08000
1764836100,0.08000
1764837000,0.08000
1764837900,0.08000
1764838800,0.08000
1764839700,0.08000
1764840600,0.08000
1764841500,0.08000
1764842400,0.08000
1764843300,0.08000
1764844200,0.08000
1764845100,0.08000
1764846000,0.08000
1764846900,0.08000
1764847800,0.08000
1764848700,0.08000
1764849600,0.08000
1764850500,0.08000
1764851400,0.08000
1764852300,0.08000
1764853200,0.08000
1764854100,0.08000
1764855000,0.08000
1764855900,0.08000
1764856800,0.08000
1764857700,0.08000
1764858600,0.08000
1764859500,0.08000
1764860400,0.08000
1764861300,0.08000
1764862200,0.08000
1764863100,0.08000
1764864000,0.08000
1764864900,0.08000
1764865800,0.08000
1764866700,0.08000
1764867600,0.08000
1764868500,0.08000
1764869400,0.08000
1764870300,0.08000
1764871200,0.08000
1764872100,0.08000
1764873000,0.08000
1764873900,0.08000
1764874800,0.08000
1764875700,0.08000
1764876600,0.08000
1764877500,0.08000
1764878400,0.08000
1764879300,0.08000
1764880200,0.08000
1764881100,0.08000
1764882000,0.08000
1764882900,0.08000
1764883800,0.08000
1764884700,0.08000
1764889200,0.12000
1764890100,0.08000
1764891000,0.08000
1764891900,0.08000
1764892800,0.08000
1764893700,0.08000
1764894600,0.08000
1764895500,0.08000
1764896400,0.08000
1764897300,0.08000
1764898200,0.08000
1764899100,0.08000
1764900000,0.08000
1764900900,0.08000
1764901800,0.08000
1764902700,0.08000
1764903600,0.08000
1764904500,0.08000
1764905400,0.08000
1764906300,0.08000
1764907200,0.08000
1764908100,0.08000
1764909000,0.08000
1764909900,0.08000
1764910800,0.08000
1764911700,0.08000
1764912600,0.08000
1764913500,0.08000
1764914400,0.08000
1764915300,0.08000
1764916200,0.08000
1764917100,0.08000
1764918000,0.08000
1764918900,0.08000
1764919800,0.08000
1764920700,0.08000
1764921600,0.08000
1764922500,0.08000
1764923400,0.08000
1764924300,0.08000
1764925200,0.08000
1764926100,0.08000
1764927000,0.08000
1764927900,0.08000
1764928800,0.08000
1764929700,0.08000
1764930600,0.08000
1764931500,0.08000
1764932400,0.08000
1764933300,0.08000
1764934200,0.08000
1764935100,0.08000
1764936000,0.08000
1764936900,0.08000
1764937800,0.08000
1764938700,0.08000
1764939600,0.08000
1764940500,0.08000
1764941400,0.08000
1764942300,0.08000
1764943200,0.08000
1764944100,0.08000
1764945000,0.08000
1764945900,0.08000
1764946800,0.08000
1764947700,0.08000
1764948600,0.08000
1764949500,0.08000
1764950400,0.08000
1764951300,0.08000
1764952200,0.08000
1764953100,0.08000
1764954000,0.08000
1764954900,0.08000
1764955800,0.08000
1764956700,0.08000
1764957600,0.08000
1764958500,0.08000
1764959400,0.08000
1764960300,0.08000
1764961200,0.08000
1764962100,0.08000
1764963000,0.08000
1764963900,0.08000
1764964800,0.08000
1764965700,0.08000
1764966600,0.08000
1764967500,0.08000
1764968400,0.08000
1764969300,0.08000
1764970200,0.08000
1765148400,0.14000
1765149300,1.83000
1765150200,0.08000
1765151100,0.08000
1765152000,0.08000
1765152900,0.08000
1765153800,0.08000
1765154700,0.08000
1765155600,0.08000
1765156500,0.08000
1765157400,0.08000
1765158300,0.08000
1765159200,0.08000
1765160100,0.08000
1765161000,0.08000
1765161900,0.08000
1765162800,0.08000
1765163700,0.08000
1765164600,0.08000
1765165500,0.08000
1765166400,0.08000
1765167300,0.08000
1765168200,0.08000
1765169100,0.08000
1765170000,0.08000
1765170900,0.08000
1765171800,0.08000
1765172700,0.08000
1765173600,0.08000
1765174500,0.08000
1765175400,0.08000
1765176300,0.08000
1765177200,0.08000
1765178100,0.08000
1765179000,0.08000
1765179900,0.08000
1765180800,0.08000
1765181700,0.08000
1765182600,0.08000
1765183500,0.08000
1765184400,0.08000
1765185300,0.08000
1765186200,0.08000
1765187100,0.08000
1765188000,0.08000
1765188900,0.08000
1765189800,0.08000
1765190700,0.08000
1765191600,0.08000
1765192500,0.08000
1765193400,0.08000
1765194300,0.08000
1765195200,0.08000
1765196100,0.08000
1765197000,0.08000
1765197900,0.08000
1765198800,0.08000
1765199700,0.08000
1765200600,0.08000
1765201500,0.08000
1765202400,0.08000
1765203300,0.08000
1765204200,0.08000
1765205100,0.08000
1765206000,0.08000
1765206900,0.08000
1765207800,0.08000
1765208700,0.08000
1765209600,0.08000
1765210500,0.08000
1765211400,0.08000
1765212300,0.08000
1765213200,0.08000
1765214100,0.08000
1765215000,0.08000
1765215900,0.08000
1765216800,0.08000
1765217700,0.08000
1765218600,0.08000
1765219500,0.08000
1765220400,0.08000
1765221300,0.08000
1765222200,0.08000
1765223100,0.08000
1765224000,0.08000
1765224900,0.08000
1765225800,0.08000
1765226700,0.08000
1765227600,0.08000
1765228500,0.08000
1765229400,0.08000
1765230300,0.08000
1765234800,0.12000
1765235700,0.08000
1765236600,0.08000
1765237500,0.08000
1765238400,0.08000
1765239300,0.08000
1765240200,0.08000
1765241100,0.08000
1765242000,0.08000
1765242900,0.08000
1765243800,0.08000
1765244700,0.08000
1765245600,0.08000
1765246500,0.08000
1765247400,0.08000
1765248300,0.08000
1765249200,0.08000
1765250100,0.08000
1765251000,0.08000
1765251900,0.08000
1765252800,0.08000
1765253700,0.08000
1765254600,0.08000
1765255500,0.08000
1765256400,0.08000
1765257300,0.08000
1765258200,0.08000
1765259100,0.08000
1765260000,0.08000
1765260900,0.08000
1765261800,0.08000
1765262700,0.08000
1765263600,0.08000
1765264500,0.08000
1765265400,0.08000
1765266300,0.08000
1765267200,0.08000
1765268100,0.08000
1765269000,0.08000
1765269900,0.08000
1765270800,0.08000
1765271700,0.08000
1765272600,0.08000
1765273500,0.08000
1765274400,0.08000
1765275300,0.08000
1765276200,0.08000
1765277100,0.08000
1765278000,0.08000
1765278900,0.08000
1765279800,0.08000
1765280700,0.08000
1765281600,0.08000
1765282500,0.08000
1765283400,0.08000
1765284300,0.08000
1765285200,0.08000
1765286100,0.08000
1765287000,0.08000
1765287900,0.08000
1765288800,0.08000
1765289700,0.08000
1765290600,0.08000
1765291500,0.08000
1765292400,0.08000
1765293300,0.08000
1765294200,0.08000
1765295100,0.08000
1765296000,0.08000
1765296900,0.08000
1765297800,0.08000
1765298700,0.08000
1765299600,0.08000
1765300500,0.08000
1765301400,0.08000
1765302300,0.08000
1765303200,0.08000
1765304100,0.08000
1765305000,0.08000
1765305900,0.08000
1765306800,0.08000
1765307700,0.08000
1765308600,0.08000
1765309500,0.08000
1765310400,0.08000
1765311300,0.08000
1765312200,0.08000
1765313100,0.08000
1765314000,0.08000
1765314900,0.08000
1765315800,0.08000
1765316700,0.08000
1765321200,0.12000
1765322100,0.08000
1765323000,0.08000
1765323900,0.08000
1765324800,0.08000
1765325700,0.08000
1765326600,0.08000
1765327500,0.08000
1765328400,0.08000
1765329300,0.08000
1765330200,0.08000
1765331100,0.08000
1765332000,0.08000
1765332900,0.08000
1765333800,0.08000
1765334700,0.08000
1765335600,0.08000
1765336500,0.08000
1765337400,0.08000
1765338300,0.08000
1765339200,0.08000
1765340100,0.08000
1765341000,0.08000
1765341900,0.08000
1765342800,0.08000
1765343700,0.08000
1765344600,0.08000
1765345500,0.08000
1765346400,0.08000
1765347300,0.08000
1765348200,0.08000
1765349100,0.08000
1765350000,0.08000
1765350900,0.08000
1765351800,0.08000
1765352700,0.08000
1765353600,0.08000
1765354500,0.08000
1765355400,0.08000
1765356300,0.08000
1765357200,0.08000
1765358100,0.08000
1765359000,0.08000
1765359900,0.08000
1765360800,0.08000
1765361700,0.08000
1765362600,0.08000
1765363500,0.08000
1765364400,0.08000
1765365300,0.08000
1765366200,0.08000
1765367100,0.08000
1765368000,0.08000
1765368900,0.08000
1765369800,0.08000
1765370700,0.08000
1765371600,0.08000
1765372500,0.08000
1765373400,0.08000
1765374300,0.08000
1765375200,0.08000
1765376100,0.08000
1765377000,0.08000
1765377900,0.08000
1765378800,0.08000
1765379700,0.08000
1765380600,0.08000
1765381500,0.08000
1765382400,0.08000
1765383300,0.08000
1765384200,0.08000
1765385100,0.08000
1765386000,0.08000
1765386900,0.08000
1765387800,0.08000
1765388700,0.08000
1765389600,0.08000
1765390500,0.08000
1765391400,0.08000
1765392300,0.08000
1765393200,0.08000
1765394100,0.08000
1765395000,0.08000
1765395900,0.08000
1765396800,0.08000
1765397700,0.08000
1765398600,0.08000
1765399500,0.08000
1765400400,0.08000
1765401300,0.08000
1765402200,0.08000
1765403100,0.08000
1765407600,0.12000
1765408500,0.08000
1765409400,0.08000
1765410300,0.08000
1765411200,0.08000
1765412100,0.08000
1765413000,0.08000
1765413900,0.08000
1765414800,0.08000
1765415700,0.08000
1765416600,0.08000
1765417500,0.08000
1765418400,0.08000
1765419300,0.08000
1765420200,0.08000
1765421100,0.08000
1765422000,0.08000
1765422900,0.08000
1765423800,0.08000
1765424700,0.08000
1765425600,0.08000
1765426500,0.08000
1765427400,0.08000
1765428300,0.08000
1765429200,0.08000
1765430100,0.08000
1765431000,0.08000
1765431900,0.08000
1765432800,0.08000
1765433700,0.08000
1765434600,0.08000
1765435500,0.08000
1765436400,0.08000
1765437300,0.08000
1765438200,0.08000
1765439100,0.08000
1765440000,0.08000
1765440900,0.08000
1765441800,0.08000
1765442700,0.08000
1765443600,0.08000
1765444500,0.08000
1765445400,0.08000
1765446300,0.08000
1765447200,0.08000
1765448100,0.08000
1765449000,0.08000
1765449900,0.08000
1765450800,0.08000
1765451700,0.08000
1765452600,0.08000
1765453500,0.08000
1765454400,0.08000
1765455300,0.08000
1765456200,0.08000
1765457100,0.08000
1765458000,0.08000
1765458900,0.08000
1765459800,0.08000
1765460700,0.08000
1765461600,0.08000
1765462500,0.08000
1765463400,0.08000
1765464300,0.08000
1765465200,0.08000
1765466100,0.08000
1765467000,0.08000
1765467900,0.08000
1765468800,0.08000
1765469700,0.08000
1765470600,0.08000
1765471500,0.08000
1765472400,0.08000
1765473300,0.08000
1765474200,0.08000
1765475100,0.08000
1765476000,0.08000
1765476900,0.08000
1765477800,0.08000
1765478700,0.08000
1765479600,0.08000
1765480500,0.08000
1765481400,0.08000
1765482300,0.08000
1765483200,0.08000
1765484100,0.08000
1765485000,0.08000
1765485900,0.08000
1765486800,0.08000
1765487700,0.08000
1765488600,0.08000
1765489500,0.08000
1765494000,0.12000
1765494900,0.08000
1765495800,0.08000
1765496700,0.08000
1765497600,0.08000
1765498500,0.08000
1765499400,0.08000
1765500300,0.08000
1765501200,0.08000
1765502100,0.08000
1765503000,0.08000
1765503900,0.08000
1765504800,0.08000
1765505700,0.08000
1765506600,0.08000
1765507500,0.08000
1765508400,0.08000
1765509300,0.08000
1765510200,0.08000
1765511100,0.08000
1765512000,0.08000
1765512900,0.08000
1765513800,0.08000
1765514700,0.08000
1765515600,0.08000
1765516500,0.08000
1765517400,0.08000
1765518300,0.08000
1765519200,0.08000
1765520100,0.08000
1765521000,0.08000
1765521900,0.08000
1765522800,0.08000
1765523700,0.08000
1765524600,0.08000
1765525500,0.08000
1765526400,0.08000
1765527300,0.08000
1765528200,0.08000
1765529100,0.08000
1765530000,0.08000
1765530900,0.08000
1765531800,0.08000
1765532700,0.08000
1765533600,0.08000
1765534500,0.08000
1765535400,0.08000
1765536300,0.08000
1765537200,0.08000
1765538100,0.08000
1765539000,0.08000
1765539900,0.08000
1765540800,0.08000
1765541700,0.08000
1765542600,0.08000
1765543500,0.08000
1765544400,0.08000
1765545300,0.08000
1765546200,0.08000
1765547100,0.08000
1765548000,0.08000
1765548900,0.08000
1765549800,0.08000
1765550700,0.08000
1765551600,0.08000
1765552500,0.08000
1765553400,0.08000
1765554300,0.08000
1765555200,0.08000
1765556100,0.08000
1765557000,0.08000
1765557900,0.08000
1765558800,0.08000
1765559700,0.08000
1765560600,0.08000
1765561500,0.08000
1765562400,0.08000
1765563300,0.08000
1765564200,0.08000
1765565100,0.08000
1765566000,0.08000
1765566900,0.08000
1765567800,0.08000
1765568700,0.08000
1765569600,0.08000
1765570500,0.08000
1765571400,0.08000
1765572300,0.08000
1765573200,0.08000
1765574100,0.08000
1765575000,0.08000
1765753200,0.08000
1765754100,0.08000
1765755000,0.08000
1765755900,0.08000
1765756800,0.08000
1765757700,0.08000
1765758600,0.08000
1765759500,0.08000
1765760400,0.08000
1765761300,0.08000
1765762200,0.08000
1765763100,0.08000
1765764000,0.08000
1765764900,0.08000
1765765800,0.08000
1765766700,0.08000
1765767600,0.08000
1765768500,0.08000
1765769400,0.08000
1765770300,0.08000
1765771200,0.08000
1765772100,0.08000
1765773000,0.08000
1765773900,0.08000
1765774800,0.08000
1765775700,0.08000
1765776600,0.08000
1765777500,0.08000
1765778400,0.08000
1765779300,0.08000
1765780200,0.08000
1765781100,0.08000
1765782000,0.08000
1765782900,0.08000
1765783800,0.08000
1765784700,0.08000
1765785600,0.08000
1765786500,0.08000
1765787400,0.08000
1765788300,0.08000
1765789200,0.08000
1765790100,0.08000
1765791000,0.08000
1765791900,0.08000
1765792800,0.08000
1765793700,0.08000
1765794600,0.08000
1765795500,0.08000
1765796400,0.08000
1765797300,0.08000
1765798200,0.08000
1765799100,0.08000
1765800000,0.08000
1765800900,0.08000
1765801800,0.08000
1765802700,0.08000
1765803600,0.08000
1765804500,0.08000
1765805400,0.08000
1765806300,0.08000
1765807200,0.08000
1765808100,0.08000
1765809000,0.08000
1765809900,0.08000
1765810800,0.08000
1765811700,0.08000
1765812600,0.08000
1765813500,0.08000
1765814400,0.08000
1765815300,0.08000
1765816200,0.08000
1765817100,0.08000
1765818000,0.08000
1765818900,0.08000
1765819800,0.08000
1765820700,0.08000
1765821600,0.08000
1765822500,0.08000
1765823400,0.08000
1765824300,0.08000
1765825200,0.08000
1765826100,0.08000
1765827000,0.08000
1765827900,0.08000
1765828800,0.08000
1765829700,0.08000
1765830600,0.08000
1765831500,0.08000
1765832400,0.08000
1765833300,0.08000
1765834200,0.08000
1765835100,0.08000
1765839600,0.08000
1765840500,0.08000
1765841400,0.08000
1765842300,0.08000
1765843200,0.08000
1765844100,0.08000
1765845000,0.08000
1765845900,0.08000
1765846800,0.08000
1765847700,0.08000
1765848600,0.08000
1765849500,0.08000
1765850400,0.08000
1765851300,0.08000
1765852200,0.08000
1765853100,0.08000
1765854000,0.08000
1765854900,0.08000
1765855800,0.08000
1765856700,0.08000
1765857600,0.08000
1765858500,0.08000
1765859400,0.08000
1765860300,0.08000
1765861200,0.08000
1765862100,0.08000
1765863000,0.08000
1765863900,0.08000
1765864800,0.08000
1765865700,0.08000
1765866600,0.08000
1765867500,0.08000
1765868400,0.08000
1765869300,0.08000
1765870200,0.08000
1765871100,0.08000
1765872000,0.08000
1765872900,0.08000
1765873800,0.08000
1765874700,0.08000
1765875600,0.08000
1765876500,0.08000
1765877400,0.08000
1765878300,0.08000
1765879200,0.08000
1765880100,0.08000
1765881000,0.08000
1765881900,0.08000
1765882800,0.08000
1765883700,0.08000
1765884600,0.08000
1765885500,0.08000
1765886400,0.08000
1765887300,0.08000
1765888200,0.08000
1765889100,0.08000
1765890000,0.08000
1765890900,0.08000
1765891800,0.08000
1765892700,0.08000
1765893600,0.08000
1765894500,0.08000
1765895400,0.08000
1765896300,0.08000
1765897200,0.08000
1765898100,0.08000
1765899000,0.08000
1765899900,0.08000
1765900800,0.08000
1765901700,0.08000
1765902600,0.08000
1765903500,0.08000
1765904400,0.08000
1765905300,0.08000
1765906200,0.08000
1765907100,0.08000
1765908000,0.08000
1765908900,0.08000
1765909800,0.08000
1765910700,0.08000
1765911600,0.08000
1765912500,0.08000
1765913400,0.08000
1765914300,0.08000
1765915200,0.08000
1765916100,0.08000
1765917000,0.08000
1765917900,0.08000
1765918800,0.08000
1765919700,0.08000
1765920600,0.08000
1765921500,0.08000
1765926000,0.08000
1765926900,0.08000
1765927800,0.08000
1765928700,0.08000
1765929600,0.08000
1765930500,0.08000
1765931400,0.08000
1765932300,0.08000
1765933200,0.08000
1765934100,0.08000
1765935000,0.08000
1765935900,0.08000
1765936800,0.08000
1765937700,0.08000
1765938600,0.08000
1765939500,0.08000
1765940400,0.08000
1765941300,0.08000
1765942200,0.08000
1765943100,0.08000
1765944000,0.08000
1765944900,0.08000
1765945800,0.08000
1765946700,0.08000
1765947600,0.08000
1765948500,0.08000
1765949400,0.08000
1765950300,0.08000
1765951200,0.08000
1765952100,0.08000
1765953000,0.08000
1765953900,0.08000
1765954800,0.08000
1765955700,0.08000
1765956600,0.08000
1765957500,0.08000
1765958400,0.08000
1765959300,0.08000
1765960200,0.08000
1765961100,0.08000
1765962000,0.08000
1765962900,0.08000
1765963800,0.08000
1765964700,0.08000
1765965600,0.08000
1765966500,0.08000
1765967400,0.08000
1765968300,0.08000
1765969200,0.08000
1765970100,0.08000
1765971000,0.08000
1765971900,0.08000
1765972800,0.08000
1765973700,0.08000
1765974600,0.08000
1765975500,0.08000
1765976400,0.08000
1765977300,0.08000
1765978200,0.08000
1765979100,0.08000
1765980000,0.08000
1765980900,0.08000
1765981800,0.08000
1765982700,0.08000
1765983600,0.08000
1765984500,0.08000
1765985400,0.08000
1765986300,0.08000
1765987200,0.08000
1765988100,0.08000
1765989000,0.08000
1765989900,0.08000
1765990800,0.08000
1765991700,0.08000
1765992600,0.08000
1765993500,0.08000
1765994400,0.08000
1765995300,0.08000
1765996200,0.08000
1765997100,0.08000
1765998000,0.08000
1765998900,0.08000
1765999800,0.08000
1766000700,0.08000
1766001600,0.08000
1766002500,0.08000
1766003400,0.08000
1766004300,0.08000
1766005200,0.08000
1766006100,0.08000
1766007000,0.08000
1766007900,0.08000
1766012400,0.08000
1766013300,0.08000
1766014200,0.08000
1766015100,0.08000
1766016000,0.08000
1766016900,0.08000
1766017800,0.08000
1766018700,0.08000
1766019600,0.08000
1766020500,0.08000
1766021400,0.08000
1766022300,0.08000
1766023200,0.08000
1766024100,0.08000
1766025000,0.08000
1766025900,0.08000
1766026800,0.08000
1766027700,0.08000
1766028600,0.08000
1766029500,0.08000
1766030400,0.08000
1766031300,0.08000
1766032200,0.08000
1766033100,0.08000
1766034000,0.08000
1766034900,0.08000
1766035800,0.08000
1766036700,0.08000
1766037600,0.08000
1766038500,0.08000
1766039400,0.08000
1766040300,0.08000
1766041200,0.08000
1766042100,0.08000
1766043000,0.08000
1766043900,0.08000
1766044800,0.08000
1766045700,0.08000
1766046600,0.08000
1766047500,0.08000
1766048400,0.08000
1766049300,0.08000
1766050200,0.08000
1766051100,0.08000
1766052000,0.08000
1766052900,0.08000
1766053800,0.08000
1766054700,0.08000
1766055600,0.08000
1766056500,0.08000
1766057400,0.08000
1766058300,0.08000
1766059200,0.08000
1766060100,0.08000
1766061000,0.08000
1766061900,0.08000
1766062800,0.08000
1766063700,0.08000
1766064600,0.08000
1766065500,0.08000
1766066400,0.08000
1766067300,0.08000
1766068200,0.08000
1766069100,0.08000
1766070000,0.08000
1766070900,0.08000
1766071800,0.08000
1766072700,0.08000
1766073600,0.08000
1766074500,0.08000
1766075400,0.08000
1766076300,0.08000
1766077200,0.08000
1766078100,0.08000
1766079000,0.08000
1766079900,0.08000
1766080800,0.08000
1766081700,0.08000
1766082600,0.08000
1766083500,0.08000
1766084400,0.08000
1766085300,0.08000
1766086200,0.08000
1766087100,0.08000
1766088000,0.08000
1766088900,0.08000
1766089800,0.08000
1766090700,0.08000
1766091600,0.08000
1766092500,0.08000
1766093400,0.08000
1766094300,0.08000
1766098800,0.08000
1766099700,0.08000
1766100600,0.08000
1766101500,0.08000
1766102400,0.08000
1766103300,0.08000
1766104200,0.08000
1766105100,0.08000
1766106000,0.08000
1766106900,0.08000
1766107800,0.08000
1766108700,0.08000
1766109600,0.08000
1766110500,0.08000
1766111400,0.08000
1766112300,0.08000
1766113200,0.08000
1766114100,0.08000
1766115000,0.08000
1766115900,0.08000
1766116800,0.08000
1766117700,0.08000
1766118600,0.08000
1766119500,0.08000
1766120400,0.08000
1766121300,0.08000
1766122200,0.08000
1766123100,0.08000
1766124000,0.08000
1766124900,0.08000
1766125800,0.08000
1766126700,0.08000
1766127600,0.08000
1766128500,0.08000
1766129400,0.08000
1766130300,0.08000
1766131200,0.08000
1766132100,0.08000
1766133000,0.08000
1766133900,0.08000
1766134800,0.08000
1766135700,0.08000
1766136600,0.10000
1766137500,0.10000
1766138400,0.10000
1766139300,0.10000
1766140200,0.10000
1766141100,0.10000
1766142000,0.11000
1766142900,0.10000
1766143800,0.10000
1766144700,0.10000
1766145600,0.10000
1766146500,0.10000
1766147400,0.10000
1766148300,0.10000
1766149200,0.10000
1766150100,0.10000
1766151000,0.10000
1766151900,0.10000
1766152800,0.10000
1766153700,0.10000
1766154600,0.10000
1766155500,0.10000
1766156400,0.10000
1766157300,0.10000
1766158200,0.10000
1766159100,0.10000
1766160000,0.10000
1766160900,0.10000
1766161800,0.10000
1766162700,0.10000
1766163600,0.10000
1766164500,0.10000
1766165400,0.10000
1766166300,0.10000
1766167200,0.10000
1766168100,0.10000
1766169000,0.10000
1766169900,0.10000
1766170800,0.10000
1766171700,0.10000
1766172600,0.10000
1766173500,0.10000
1766174400,0.10000
1766175300,0.10000
1766176200,0.10000
1766177100,0.10000
1766178000,0.10000
1766178900,0.14000
1766179800,0.14000
1766358000,0.14000
1766358900,0.14000
1766359800,0.10000
1766360700,0.10000
1766361600,0.10000
1766362500,0.10000
1766363400,0.10000
1766364300,0.10000
1766365200,0.10000
1766366100,0.10000
1766367000,0.10000
1766367900,0.10000
1766368800,0.10000
1766369700,0.10000
1766370600,0.10000
1766371500,0.10000
1766372400,0.10000
1766373300,0.10000
1766374200,0.10000
1766375100,0.11000
1766376000,0.10000
1766376900,0.10000
1766377800,0.10000
1766378700,0.10000
1766379600,0.10000
1766380500,0.10000
1766381400,0.10000
1766382300,0.10000
1766383200,0.10000
1766384100,0.10000
1766385000,0.10000
1766385900,0.10000
1766386800,0.10000
1766387700,0.10000
1766388600,0.10000
1766389500,0.10000
1766390400,0.10000
1766391300,0.10000
1766392200,0.10000
1766393100,0.10000
1766394000,0.10000
1766394900,0.10000
1766395800,0.10000
1766396700,0.10000
1766397600,0.10000
1766398500,0.14000
1766399400,0.10000
1766400300,0.13000
1766401200,0.10000
1766402100,0.10000
1766403000,0.10000
1766403900,0.10000
1766404800,0.10000
1766405700,0.10000
1766406600,0.10000
1766407500,0.10000
1766408400,0.10000
1766409300,0.10000
1766410200,0.10000
1766411100,0.10000
1766412000,0.10000
1766412900,0.10000
1766413800,0.10000
1766414700,0.10000
1766415600,0.10000
1766416500,0.10000
1766417400,0.10000
1766418300,0.10000
1766419200,0.10000
1766420100,0.10000
1766421000,0.10000
1766421900,0.10000
1766422800,0.10000
1766423700,0.10000
1766424600,0.10000
1766425500,0.10000
1766426400,0.10000
1766427300,0.10000
1766428200,0.10000
1766429100,0.10000
1766430000,0.10000
1766430900,0.10000
1766431800,0.13000
1766432700,0.10000
1766433600,0.10000
1766434500,0.10000
1766435400,0.10000
1766436300,0.10000
1766437200,0.10000
1766438100,0.10000
1766439000,0.10000
1766439900,0.11000
1766444400,0.14000
1766445300,0.10000
1766446200,0.10000
1766447100,0.10000
1766448000,0.10000
1766448900,0.10000
1766449800,0.14000
1766450700,0.11000
1766451600,0.10000
1766452500,0.10000
1766453400,0.10000
1766454300,0.10000
1766455200,0.10000
1766456100,0.10000
1766457000,0.10000
1766457900,0.10000
1766458800,0.10000
1766459700,0.10000
1766460600,0.10000
1766461500,0.10000
1766462400,0.10000
1766463300,0.10000
1766464200,0.10000
1766465100,0.10000
1766466000,0.10000
1766466900,0.10000
1766467800,0.10000
1766468700,0.10000
1766469600,0.10000
1766470500,0.10000
1766471400,0.10000
1766472300,0.10000
1766473200,0.10000
1766474100,0.10000
1766475000,0.10000
1766475900,0.10000
1766476800,0.10000
1766477700,0.10000
1766478600,0.10000
1766479500,0.10000
1766480400,0.10000
1766481300,0.10000
1766482200,0.10000
1766483100,0.10000
1766484000,0.10000
1766484900,0.10000
1766485800,0.10000
1766486700,0.10000
1766487600,0.10000
1766488500,0.10000
1766489400,0.10000
1766490300,0.10000
1766491200,0.10000
1766492100,0.10000
1766493000,0.10000
1766493900,0.10000
1766494800,0.10000
1766495700,0.10000
1766496600,0.10000
1766497500,0.10000
1766498400,0.10000
1766499300,0.10000
1766500200,0.10000
1766501100,0.10000
1766502000,0.10000
1766502900,0.10000
1766503800,0.10000
1766504700,0.10000
1766505600,0.10000
1766506500,0.10000
1766507400,0.10000
1766508300,0.10000
1766509200,0.10000
1766510100,0.10000
1766511000,0.10000
1766511900,0.10000
1766512800,0.10000
1766513700,0.10000
1766514600,0.10000
1766515500,0.10000
1766516400,0.10000
1766517300,0.10000
1766518200,0.10000
1766519100,0.10000
1766520000,0.10000
1766520900,0.10000
1766521800,0.10000
1766522700,0.10000
1766523600,0.10000
1766524500,0.10000
1766525400,0.10000
1766526300,0.10000
1766530800,0.14000
1766531700,0.14000
1766532600,0.10000
1766533500,0.10000
1766534400,0.10000
1766535300,0.10000
1766536200,0.10000
1766537100,0.10000
1766538000,0.10000
1766538900,0.10000
1766539800,0.10000
1766540700,0.10000
1766541600,0.10000
1766542500,0.10000
1766543400,0.10000
1766544300,0.10000
1766545200,0.10000
1766546100,0.10000
1766547000,0.10000
1766547900,0.14000
1766548800,0.10000
1766549700,0.10000
1766550600,0.10000
1766551500,0.10000
1766552400,0.10000
1766553300,0.14000
1766554200,0.10000
1766555100,0.10000
1766556000,0.14000
1766556900,0.10000
1766557800,0.10000
1766558700,0.14000
1766559600,0.10000
1766560500,0.10000
1766561400,0.10000
1766562300,0.10000
1766563200,0.10000
1766564100,0.10000
1766565000,0.10000
1766565900,0.10000
1766566800,0.10000
1766567700,0.10000
1766568600,0.10000
1766569500,0.10000
1766570400,0.10000
1766571300,0.10000
1766572200,0.10000
1766573100,0.10000
1766574000,0.10000
1766574900,0.10000
1766575800,0.12000
1766576700,0.10000
1766577600,0.10000
1766578500,0.10000
1766579400,0.10000
1766580300,0.10000
1766581200,0.10000
1766582100,0.10000
1766583000,0.10000
1766583900,0.10000
1766584800,0.10000
1766585700,0.10000
1766586600,0.10000
1766587500,0.10000
1766588400,0.10000
1766589300,0.10000
1766590200,0.10000
1766591100,0.10000
1766592000,0.10000
1766592900,0.10000
1766593800,0.10000
1766594700,0.10000
1766595600,0.10000
1766596500,0.10000
1766597400,0.10000
1766598300,0.10000
1766599200,0.10000
1766600100,0.14000
1766601000,0.10000
1766703600,0.14000
1766704500,0.14000
1766705400,0.10000
1766706300,0.10000
1766707200,0.10000
1766708100,0.10000
1766709000,0.10000
1766709900,0.10000
1766710800,0.10000
1766711700,0.10000
1766712600,0.10000
1766713500,0.10000
1766714400,0.10000
1766715300,0.10000
1766716200,0.10000
1766717100,0.10000
1766718000,0.10000
1766718900,0.10000
1766719800,0.10000
1766720700,0.10000
1766721600,0.10000
1766722500,0.10000
1766723400,0.10000
1766724300,0.10000
1766725200,0.10000
1766726100,0.10000
1766727000,0.10000
1766727900,0.10000
1766728800,0.10000
1766729700,0.10000
1766730600,0.10000
1766731500,0.10000
1766732400,0.10000
1766733300,0.10000
1766734200,0.10000
1766735100,0.12000
1766736000,0.10000
1766736900,0.10000
1766737800,0.10000
1766738700,0.10000
1766739600,0.10000
1766740500,0.10000
1766741400,0.10000
1766742300,0.14000
1766743200,0.10000
1766744100,0.10000
1766745000,0.10000
1766745900,0.11000
1766746800,0.10000
1766747700,0.10000
1766748600,0.10000
1766749500,0.10000
1766750400,0.10000
1766751300,0.10000
1766752200,0.10000
1766753100,0.10000
1766754000,0.10000
1766754900,0.10000
1766755800,0.10000
1766756700,0.10000
1766757600,0.10000
1766758500,0.10000
1766759400,0.10000
1766760300,0.10000
1766761200,0.10000
1766762100,0.10000
1766763000,0.10000
1766763900,0.10000
1766764800,0.10000
1766765700,0.10000
1766766600,0.10000
1766767500,0.10000
1766768400,0.10000
1766769300,0.10000
1766770200,0.10000
1766771100,0.10000
1766772000,0.10000
1766772900,0.10000
1766773800,0.10000
1766774700,0.10000
1766775600,0.10000
1766776500,0.10000
1766777400,0.10000
1766778300,0.10000
1766779200,0.10000
1766780100,0.10000
1766781000,0.12000
1766781900,0.10000
1766782800,0.10000
1766783700,0.10000
1766784600,0.14000
1766962800,0.14000
1766963700,0.10000
1766964600,0.14000
1766965500,0.10000
1766966400,0.10000
1766967300,0.10000
1766968200,0.10000
1766969100,0.10000
1766970000,0.10000
1766970900,0.10000
1766971800,0.10000
1766972700,0.10000
1766973600,0.10000
1766974500,0.10000
1766975400,0.10000
1766976300,0.10000
1766977200,0.10000
1766978100,0.10000
1766979000,0.10000
1766979900,0.10000
1766980800,0.10000
1766981700,0.10000
1766982600,0.10000
1766983500,0.10000
1766984400,0.10000
1766985300,0.10000
1766986200,0.10000
1766987100,0.10000
1766988000,0.10000
1766988900,0.10000
1766989800,0.10000
1766990700,0.10000
1766991600,0.10000
1766992500,0.10000
1766993400,0.10000
1766994300,0.10000
1766995200,0.10000
1766996100,0.10000
1766997000,0.10000
1766997900,0.10000
1766998800,0.10000
1766999700,0.10000
1767000600,0.10000
1767001500,0.10000
1767002400,0.10000
1767003300,0.10000
1767004200,0.10000
1767005100,0.10000
1767006000,0.10000
1767006900,0.10000
1767007800,0.10000
1767008700,0.10000
1767009600,0.10000
1767010500,0.10000
1767011400,0.10000
1767012300,0.10000
1767013200,0.10000
1767014100,0.10000
1767015000,0.10000
1767015900,0.10000
1767016800,0.10000
1767017700,0.10000
1767018600,0.10000
1767019500,0.10000
1767020400,0.10000
1767021300,0.10000
1767022200,0.10000
1767023100,0.10000
1767024000,0.10000
1767024900,0.10000
1767025800,0.10000
1767026700,0.10000
1767027600,0.10000
1767028500,0.10000
1767029400,0.10000
1767030300,0.10000
1767031200,0.10000
1767032100,0.10000
1767033000,0.10000
1767033900,0.10000
1767034800,0.10000
1767035700,0.10000
1767036600,0.10000
1767037500,0.10000
1767038400,0.10000
1767039300,0.10000
1767040200,0.10000
1767041100,0.10000
1767042000,0.10000
1767042900,0.10000
1767043800,0.10000
1767044700,0.10000
1767049200,0.10000
1767050100,0.10000
1767051000,0.12000
1767051900,0.12000
1767052800,0.10000
1767053700,0.10000
1767054600,0.10000
1767055500,0.10000
1767056400,0.10000
1767057300,0.10000
1767058200,0.10000
1767059100,0.10000
1767060000,0.10000
1767060900,0.10000
1767061800,0.10000
1767062700,0.10000
1767063600,0.10000
1767064500,0.10000
1767065400,0.10000
1767066300,0.10000
1767067200,0.10000
1767068100,0.10000
1767069000,0.10000
1767069900,0.10000
1767070800,0.10000
1767071700,0.10000
1767072600,0.10000
1767073500,0.10000
1767074400,0.10000
1767075300,0.10000
1767076200,0.10000
1767077100,0.10000
1767078000,0.10000
1767078900,0.10000
1767079800,0.10000
1767080700,0.10000
1767081600,0.10000
1767082500,0.10000
1767083400,0.10000
1767084300,0.10000
1767085200,0.10000
1767086100,0.10000
1767087000,0.10000
1767087900,0.10000
1767088800,0.10000
1767089700,0.10000
1767090600,0.10000
1767091500,0.10000
1767092400,0.10000
1767093300,0.10000
1767094200,0.10000
1767095100,0.10000
1767096000,0.10000
1767096900,0.10000
1767097800,0.10000
1767098700,0.10000
1767099600,0.10000
1767100500,0.10000
1767101400,0.10000
1767102300,0.10000
1767103200,0.10000
1767104100,0.10000
1767105000,0.10000
1767105900,0.10000
1767106800,0.10000
1767107700,0.10000
1767108600,0.10000
1767109500,0.10000
1767110400,0.10000
1767111300,0.10000
1767112200,0.10000
1767113100,0.10000
1767114000,0.10000
1767114900,0.10000
1767115800,0.10000
1767116700,0.10000
1767117600,0.10000
1767118500,0.10000
1767119400,0.10000
1767120300,0.10000
1767121200,0.10000
1767122100,0.10000
1767123000,0.10000
1767123900,0.10000
1767124800,0.10000
1767125700,0.10000
1767126600,0.10000
1767127500,0.10000
1767128400,0.10000
1767129300,0.10000
1767130200,0.10000
1767131100,0.10000
1767135600,0.14000
1767136500,0.14000
1767137400,0.10000
1767138300,0.10000
1767139200,0.10000
1767140100,0.10000
1767141000,0.10000
1767141900,0.10000
1767142800,0.10000
1767143700,0.10000
1767144600,0.10000
1767145500,0.10000
1767146400,0.10000
1767147300,0.10000
1767148200,0.10000
1767149100,0.10000
1767150000,0.10000
1767150900,0.10000
1767151800,0.10000
1767152700,0.10000
1767153600,0.10000
1767154500,0.10000
1767155400,0.10000
1767156300,0.10000
1767157200,0.10000
1767158100,0.10000
1767159000,0.10000
1767159900,0.10000
1767160800,0.10000
1767161700,0.10000
1767162600,0.10000
1767163500,0.10000
1767164400,0.10000
1767165300,0.10000
1767166200,0.10000
1767167100,0.10000
1767168000,0.10000
1767168900,0.10000
1767169800,0.10000
1767170700,0.10000
1767171600,0.10000
1767172500,0.10000
1767173400,0.10000
1767174300,0.10000
1767175200,0.10000
1767176100,0.10000
1767177000,0.10000
1767177900,0.10000
1767178800,0.10000
1767179700,0.10000
1767180600,0.10000
1767181500,0.10000
1767182400,0.10000
1767183300,0.10000
1767184200,0.10000
1767185100,0.10000
1767186000,0.10000
1767186900,0.10000
1767187800,0.10000
1767188700,0.10000
1767189600,0.10000
1767190500,0.10000
1767191400,0.10000
1767192300,0.10000
1767193200,0.10000
1767194100,0.10000
1767195000,0.10000
1767195900,0.10000
1767196800,0.10000
1767197700,0.10000
1767198600,0.10000
1767199500,0.10000
1767200400,0.10000
1767201300,0.10000
1767202200,0.10000
1767203100,0.10000
1767204000,0.14000
1767204900,0.10000
1767205800,0.10000
1767206700,0.12000
1767207600,0.10000
1767208500,0.10000
1767209400,0.10000
1767210300,0.10000
1767211200,0.10000
1767212100,0.10000
1767213000,0.10000
1767213900,0.10000
1767214800,0.10000
1767215700,0.10000
1767216600,0.10000
1767217500,0.10000
1767308400,0.14000
1767309300,0.14000
1767310200,0.10000
1767311100,0.10000
1767312000,0.10000
1767312900,0.10000
1767313800,0.10000
1767314700,0.10000
1767315600,0.10000
1767316500,0.10000
1767317400,0.10000
1767318300,0.10000
1767319200,0.10000
1767320100,0.10000
1767321000,0.10000
1767321900,0.10000
1767322800,0.10000
1767323700,0.10000
1767324600,0.10000
1767325500,0.10000
1767326400,0.10000
1767327300,0.10000
1767328200,0.10000
1767329100,0.10000
1767330000,0.10000
1767330900,0.10000
1767331800,0.10000
1767332700,0.10000
1767333600,0.10000
1767334500,0.10000
1767335400,0.10000
1767336300,0.10000
1767337200,0.10000
1767338100,0.10000
1767339000,0.10000
1767339900,0.10000
1767340800,0.10000
1767341700,0.10000
1767342600,0.10000
1767343500,0.10000
1767344400,0.10000
1767345300,0.10000
1767346200,0.13000
1767347100,0.10000
1767348000,0.10000
1767348900,0.10000
1767349800,0.10000
1767350700,0.10000
1767351600,0.10000
1767352500,0.10000
1767353400,0.10000
1767354300,0.10000
1767355200,0.10000
1767356100,0.10000
1767357000,0.10000
1767357900,0.10000
1767358800,0.10000
1767359700,0.10000
1767360600,0.10000
1767361500,0.10000
1767362400,0.10000
1767363300,0.10000
1767364200,0.10000
1767365100,0.10000
1767366000,0.10000
1767366900,0.10000
1767367800,0.10000
1767368700,0.10000
1767369600,0.10000
1767370500,0.10000
1767371400,0.10000
1767372300,0.10000
1767373200,0.10000
1767374100,0.10000
1767375000,0.10000
1767375900,0.10000
1767376800,0.10000
1767377700,0.10000
1767378600,0.10000
1767379500,0.10000
1767380400,0.10000
1767381300,0.10000
1767382200,0.10000
1767383100,0.10000
1767384000,0.10000
1767384900,0.10000
1767385800,0.10000
1767386700,0.10000
1767387600,0.10000
1767388500,0.11000
1767389400,0.10000
1767567600,0.10000
1767568500,0.10000
1767569400,0.10000
1767570300,0.10000
1767571200,0.10000
1767572100,0.10000
1767573000,0.10000
1767573900,0.10000
1767574800,0.10000
1767575700,0.10000
1767576600,0.10000
1767577500,0.10000
1767578400,0.10000
1767579300,0.10000
1767580200,0.10000
1767581100,0.10000
1767582000,0.10000
1767582900,0.10000
1767583800,0.10000
1767584700,0.10000
1767585600,0.10000
1767586500,0.10000
1767587400,0.10000
1767588300,0.10000
1767589200,0.10000
1767590100,0.10000
1767591000,0.10000
1767591900,0.10000
1767592800,0.10000
1767593700,0.10000
1767594600,0.10000
1767595500,0.10000
1767596400,0.10000
1767597300,0.10000
1767598200,0.10000
1767599100,0.10000
1767600000,0.10000
1767600900,0.10000
1767601800,0.10000
1767602700,0.10000
1767603600,0.10000
1767604500,0.10000
1767605400,0.10000
1767606300,0.10000
1767607200,0.10000
1767608100,0.10000
1767609000,0.10000
1767609900,0.10000
1767610800,0.10000
1767611700,0.10000
1767612600,0.10000
1767613500,0.10000
1767614400,0.10000
1767615300,0.10000
1767616200,0.10000
1767617100,0.10000
1767618000,0.10000
1767618900,0.10000
1767619800,0.10000
1767620700,0.10000
1767621600,0.10000
1767622500,0.10000
1767623400,0.10000
1767624300,0.10000
1767625200,0.10000
1767626100,0.10000
1767627000,0.10000
1767627900,0.10000
1767628800,0.10000
1767629700,0.10000
1767630600,0.10000
1767631500,0.10000
1767632400,0.10000
1767633300,0.10000
1767634200,0.10000
1767635100,0.10000
1767636000,0.10000
1767636900,0.10000
1767637800,0.10000
1767638700,0.10000
1767639600,0.10000
1767640500,0.10000
1767641400,0.10000
1767642300,0.10000
1767643200,0.10000
1767644100,0.10000
1767645000,0.10000
1767645900,0.10000
1767646800,0.10000
1767647700,0.10000
1767648600,0.10000
1767649500,0.10000
1767654000,0.10000
1767654900,0.13000
1767655800,0.10000
1767656700,0.10000
1767657600,0.10000
1767658500,0.10000
1767659400,0.10000
1767660300,0.10000
1767661200,0.10000
1767662100,0.10000
1767663000,0.10000
1767663900,0.10000
1767664800,0.10000
1767665700,0.10000
1767666600,0.10000
1767667500,0.10000
1767668400,0.10000
1767669300,0.10000
1767670200,0.10000
1767671100,0.10000
1767672000,0.10000
1767672900,0.10000
1767673800,0.10000
1767674700,0.10000
1767675600,0.10000
1767676500,0.10000
1767677400,0.10000
1767678300,0.10000
1767679200,0.10000
1767680100,0.10000
1767681000,0.10000
1767681900,0.10000
1767682800,0.10000
1767683700,0.10000
1767684600,0.11000
1767685500,0.10000
1767686400,0.10000
1767687300,0.10000
1767688200,0.10000
1767689100,0.10000
1767690000,0.10000
1767690900,0.10000
1767691800,0.10000
1767692700,0.10000
1767693600,0.10000
1767694500,0.10000
1767695400,0.10000
1767696300,0.11000
1767697200,0.10000
1767698100,0.10000
1767699000,0.10000
1767699900,0.10000
1767700800,0.13000
1767701700,0.10000
1767702600,0.10000
1767703500,0.10000
1767704400,0.10000
1767705300,0.10000
1767706200,0.10000
1767707100,0.10000
1767708000,0.10000
1767708900,0.10000
1767709800,0.10000
1767710700,0.10000
1767711600,0.10000
1767712500,0.10000
1767713400,0.10000
1767714300,0.10000
1767715200,0.10000
1767716100,0.10000
1767717000,0.10000
1767717900,0.10000
1767718800,0.10000
1767719700,0.10000
1767720600,0.10000
1767721500,0.10000
1767722400,0.10000
1767723300,0.10000
1767724200,0.10000
1767725100,0.10000
1767726000,0.10000
1767726900,0.10000
1767727800,0.10000
1767728700,0.10000
1767729600,0.10000
1767730500,0.10000
1767731400,0.10000
1767732300,0.10000
1767733200,0.10000
1767734100,0.10000
1767735000,0.13000
1767735900,0.11000
1767740400,0.13000
1767741300,0.10000
1767742200,0.10000
1767743100,0.10000
1767744000,0.13000
1767744900,0.10000
1767745800,0.10000
1767746700,0.10000
1767747600,0.10000
1767748500,0.10000
1767749400,0.10000
1767750300,0.10000
1767751200,0.10000
1767752100,0.10000
1767753000,0.10000
1767753900,0.10000
1767754800,0.10000
1767755700,0.10000
1767756600,0.10000
1767757500,0.10000
1767758400,0.10000
1767759300,0.10000
1767760200,0.10000
1767761100,0.10000
1767762000,0.10000
1767762900,0.10000
1767763800,0.10000
1767764700,0.10000
1767765600,0.10000
1767766500,0.10000
1767767400,0.10000
1767768300,0.10000
1767769200,0.10000
1767770100,0.10000
1767771000,0.10000
1767771900,0.10000
1767772800,0.10000
1767773700,0.10000
1767774600,0.10000
1767775500,0.10000
1767776400,0.10000
1767777300,0.10000
1767778200,0.10000
1767779100,0.10000
1767780000,0.10000
1767780900,0.10000
1767781800,0.10000
1767782700,0.10000
1767783600,0.10000
1767784500,0.10000
1767785400,0.10000
1767786300,0.10000
1767787200,0.10000
1767788100,0.10000
1767789000,0.10000
1767789900,0.10000
1767790800,0.10000
1767791700,0.10000
1767792600,0.10000
1767793500,0.10000
1767794400,0.10000
1767795300,0.10000
1767796200,0.10000
1767797100,0.10000
1767798000,0.10000
1767798900,0.10000
1767799800,0.10000
1767800700,0.10000
1767801600,0.10000
1767802500,0.10000
1767803400,0.10000
1767804300,0.10000
1767805200,0.10000
1767806100,0.10000
1767807000,0.10000
1767807900,0.10000
1767808800,0.10000
1767809700,0.10000
1767810600,0.10000
1767811500,0.10000
1767812400,0.10000
1767813300,0.10000
1767814200,0.10000
1767815100,0.10000
1767816000,0.10000
1767816900,0.10000
1767817800,0.10000
1767818700,0.10000
1767819600,0.10000
1767820500,0.10000
1767821400,0.10000
1767822300,0.12000
1767826800,0.13000
1767827700,0.10000
1767828600,0.11000
1767829500,0.13000
1767830400,0.10000
1767831300,0.10000
1767832200,0.10000
1767833100,0.10000
1767834000,0.10000
1767834900,0.10000
1767835800,0.10000
1767836700,0.10000
1767837600,0.10000
1767838500,0.10000
1767839400,0.10000
1767840300,0.10000
1767841200,0.10000
1767842100,0.10000
1767843000,0.10000
1767843900,0.10000
1767844800,0.10000
1767845700,0.10000
1767846600,0.10000
1767847500,0.10000
1767848400,0.10000
1767849300,0.10000
1767850200,0.10000
1767851100,0.10000
1767852000,0.10000
1767852900,0.10000
1767853800,0.10000
1767854700,0.10000
1767855600,0.10000
1767856500,0.10000
1767857400,0.10000
1767858300,0.10000
1767859200,0.10000
1767860100,0.10000
1767861000,0.10000
1767861900,0.10000
1767862800,0.10000
1767863700,0.10000
1767864600,0.10000
1767865500,0.10000
1767866400,0.10000
1767867300,0.10000
1767868200,0.10000
1767869100,0.10000
1767870000,0.10000
1767870900,0.10000
1767871800,0.10000
1767872700,0.10000
1767873600,0.10000
1767874500,0.10000
1767875400,0.10000
1767876300,0.10000
1767877200,0.10000
1767878100,0.10000
1767879000,0.10000
1767879900,0.10000
1767880800,0.10000
1767881700,0.10000
1767882600,0.10000
1767883500,0.10000
1767884400,0.10000
1767885300,0.10000
1767886200,0.10000
1767887100,0.10000
1767888000,0.10000
1767888900,0.10000
1767889800,0.10000
1767890700,0.10000
1767891600,0.10000
1767892500,0.10000
1767893400,0.10000
1767894300,0.10000
1767895200,0.10000
1767896100,0.10000
1767897000,0.10000
1767897900,0.10000
1767898800,0.10000
1767899700,0.10000
1767900600,0.10000
1767901500,0.10000
1767902400,0.10000
1767903300,0.10000
1767904200,0.10000
1767905100,0.10000
1767906000,0.10000
1767906900,0.10000
1767907800,0.10000
1767908700,0.10000
1767913200,0.10000
1767914100,0.10000
1767915000,0.10000
1767915900,0.13000
1767916800,0.10000
1767917700,0.10000
1767918600,0.10000
1767919500,0.10000
1767920400,0.10000
1767921300,0.10000
1767922200,0.10000
1767923100,0.10000
1767924000,0.10000
1767924900,0.10000
1767925800,0.10000
1767926700,0.10000
1767927600,0.10000
1767928500,0.10000
1767929400,0.10000
1767930300,0.10000
1767931200,0.10000
1767932100,0.10000
1767933000,0.10000
1767933900,0.10000
1767934800,0.10000
1767935700,0.10000
1767936600,0.10000
1767937500,0.10000
1767938400,0.10000
1767939300,0.10000
1767940200,0.10000
1767941100,0.10000
1767942000,0.10000
1767942900,0.10000
1767943800,0.10000
1767944700,0.10000
1767945600,0.10000
1767946500,0.10000
1767947400,0.10000
1767948300,0.10000
1767949200,0.10000
1767950100,0.10000
1767951000,0.10000
1767951900,0.10000
1767952800,0.10000
1767953700,0.10000
1767954600,0.10000
1767955500,0.10000
1767956400,0.10000
1767957300,0.10000
1767958200,0.10000
1767959100,0.10000
1767960000,0.10000
1767960900,0.10000
1767961800,0.10000
1767962700,0.10000
1767963600,0.10000
1767964500,0.10000
1767965400,0.10000
1767966300,0.10000
1767967200,0.10000
1767968100,0.10000
1767969000,0.10000
1767969900,0.10000
1767970800,0.10000
1767971700,0.10000
1767972600,0.10000
1767973500,0.10000
1767974400,0.10000
1767975300,0.10000
1767976200,0.10000
1767977100,0.10000
1767978000,0.10000
1767978900,0.10000
1767979800,0.10000
1767980700,0.10000
1767981600,0.10000
1767982500,0.10000
1767983400,0.10000
1767984300,0.10000
1767985200,0.10000
1767986100,0.10000
1767987000,0.10000
1767987900,0.10000
1767988800,0.10000
1767989700,0.10000
1767990600,0.10000
1767991500,0.10000
1767992400,0.10000
1767993300,0.13000
1767994200,0.10000
1768172400,0.10000
1768173300,0.10000
1768174200,0.10000
1768175100,0.10000
1768176000,0.10000
1768176900,0.10000
1768177800,0.10000
1768178700,0.10000
1768179600,0.10000
1768180500,0.10000
1768181400,0.10000
1768182300,0.10000
1768183200,0.10000
1768184100,0.10000
1768185000,0.10000
1768185900,0.10000
1768186800,0.10000
1768187700,0.10000
1768188600,0.10000
1768189500,0.10000
1768190400,0.10000
1768191300,0.10000
1768192200,0.10000
1768193100,0.10000
1768194000,0.10000
1768194900,0.10000
1768195800,0.10000
1768196700,0.10000
1768197600,0.10000
1768198500,0.10000
1768199400,0.10000
1768200300,0.10000
1768201200,0.10000
1768202100,0.10000
1768203000,0.10000
1768203900,0.10000
1768204800,0.10000
1768205700,0.10000
1768206600,0.10000
1768207500,0.10000
1768208400,0.10000
1768209300,0.10000
1768210200,0.10000
1768211100,0.10000
1768212000,0.10000
1768212900,0.10000
1768213800,0.10000
1768214700,0.10000
1768215600,0.10000
1768216500,0.10000
1768217400,0.10000
1768218300,0.10000
1768219200,0.10000
1768220100,0.10000
1768221000,0.10000
1768221900,0.10000
1768222800,0.10000
1768223700,0.10000
1768224600,0.10000
1768225500,0.10000
1768226400,0.10000
1768227300,0.10000
1768228200,0.10000
1768229100,0.10000
1768230000,0.10000
1768230900,0.10000
1768231800,0.10000
1768232700,0.10000
1768233600,0.10000
1768234500,0.10000
1768235400,0.10000
1768236300,0.10000
1768237200,0.10000
1768238100,0.10000
1768239000,0.10000
1768239900,0.10000
1768240800,0.10000
1768241700,0.10000
1768242600,0.10000
1768243500,0.10000
1768244400,0.10000
1768245300,0.10000
1768246200,0.10000
1768247100,0.10000
1768248000,0.10000
1768248900,0.10000
1768249800,0.10000
1768250700,0.10000
1768251600,0.10000
1768252500,0.10000
1768253400,0.10000
1768254300,0.10000
1768258800,0.10000
1768259700,0.10000
1768260600,0.10000
1768261500,0.10000
1768262400,0.10000
1768263300,0.10000
1768264200,0.10000
1768265100,0.10000
1768266000,0.10000
1768266900,0.10000
1768267800,0.10000
1768268700,0.10000
1768269600,0.10000
1768270500,0.10000
1768271400,0.10000
1768272300,0.10000
1768273200,0.10000
1768274100,0.10000
1768275000,0.10000
1768275900,0.10000
1768276800,0.10000
1768277700,0.10000
1768278600,0.10000
1768279500,0.10000
1768280400,0.10000
1768281300,0.10000
1768282200,0.10000
1768283100,0.10000
1768284000,0.10000
1768284900,0.10000
1768285800,0.10000
1768286700,0.10000
1768287600,0.10000
1768288500,0.10000
1768289400,0.10000
1768290300,0.10000
1768291200,0.10000
1768292100,0.10000
1768293000,0.10000
1768293900,0.10000
1768294800,0.10000
1768295700,0.10000
1768296600,0.10000
1768297500,0.10000
1768298400,0.10000
1768299300,0.10000
1768300200,0.10000
1768301100,0.10000
1768302000,0.10000
1768302900,0.10000
1768303800,0.10000
1768304700,0.10000
1768305600,0.10000
1768306500,0.10000
1768307400,0.10000
1768308300,0.10000
1768309200,0.10000
1768310100,0.10000
1768311000,0.10000
1768311900,0.10000
1768312800,0.10000
1768313700,0.10000
1768314600,0.10000
1768315500,0.10000
1768316400,0.10000
1768317300,0.10000
1768318200,0.10000
1768319100,0.10000
1768320000,0.10000
1768320900,0.10000
1768321800,0.10000
1768322700,0.10000
1768323600,0.10000
1768324500,0.10000
1768325400,0.10000
1768326300,0.10000
1768327200,0.10000
1768328100,0.10000
1768329000,0.10000
1768329900,0.10000
1768330800,0.10000
1768331700,0.10000
1768332600,0.10000
1768333500,0.10000
1768334400,0.10000
1768335300,0.10000
1768336200,0.10000
1768337100,0.10000
1768338000,0.10000
1768338900,0.10000
1768339800,0.10000
1768340700,0.10000
1768345200,0.10000
1768346100,0.13000
1768347000,0.10000
1768347900,0.10000
1768348800,0.10000
1768349700,0.10000
1768350600,0.10000
1768351500,0.10000
1768352400,0.10000
1768353300,0.10000
1768354200,0.10000
1768355100,0.10000
1768356000,0.10000
1768356900,0.10000
1768357800,0.10000
1768358700,0.10000
1768359600,0.10000
1768360500,0.10000
1768361400,0.10000
1768362300,0.10000
1768363200,0.10000
1768364100,0.10000
1768365000,0.10000
1768365900,0.10000
1768366800,0.10000
1768367700,0.10000
1768368600,0.10000
1768369500,0.10000
1768370400,0.10000
1768371300,0.10000
1768372200,0.10000
1768373100,0.10000
1768374000,0.10000
1768374900,0.10000
1768375800,0.10000
1768376700,0.10000
1768377600,0.10000
1768378500,0.10000
1768379400,0.10000
1768380300,0.10000
1768381200,0.10000
1768382100,0.10000
1768383000,0.10000
1768383900,0.10000
1768384800,0.10000
1768385700,0.10000
1768386600,0.10000
1768387500,0.10000
1768388400,0.10000
1768389300,0.10000
1768390200,0.10000
1768391100,0.10000
1768392000,0.10000
1768392900,0.10000
1768393800,0.10000
1768394700,0.10000
1768395600,0.10000
1768396500,0.10000
1768397400,0.10000
1768398300,0.10000
1768399200,0.10000
1768400100,0.10000
1768401000,0.10000
1768401900,0.10000
1768402800,0.10000
1768403700,0.10000
1768404600,0.10000
1768405500,0.10000
1768406400,0.10000
1768407300,0.10000
1768408200,0.10000
1768409100,0.10000
1768410000,0.10000
1768410900,0.10000
1768411800,0.10000
1768412700,0.10000
1768413600,0.10000
1768414500,0.10000
1768415400,0.10000
1768416300,0.10000
1768417200,0.10000
1768418100,0.10000
1768419000,0.10000
1768419900,0.10000
1768420800,0.10000
1768421700,0.10000
1768422600,0.10000
1768423500,0.10000
1768424400,0.10000
1768425300,0.10000
1768426200,0.10000
1768427100,0.10000
1768431600,0.10000
1768432500,0.10000
1768433400,0.10000
1768434300,0.10000
1768435200,0.10000
1768436100,0.10000
1768437000,0.10000
1768437900,0.10000
1768438800,0.10000
1768439700,0.10000
1768440600,0.10000
1768441500,0.10000
1768442400,0.10000
1768443300,0.10000
1768444200,0.10000
1768445100,0.10000
1768446000,0.10000
1768446900,0.10000
1768447800,0.10000
1768448700,0.10000
1768449600,0.10000
1768450500,0.10000
1768451400,0.10000
1768452300,0.10000
1768453200,0.10000
1768454100,0.10000
1768455000,0.10000
1768455900,0.10000
1768456800,0.10000
1768457700,0.10000
1768458600,0.10000
1768459500,0.10000
1768460400,0.10000
1768461300,0.10000
1768462200,0.10000
1768463100,0.10000
1768464000,0.10000
1768464900,0.10000
1768465800,0.10000
1768466700,0.10000
1768467600,0.10000
1768468500,0.10000
1768469400,0.10000
1768470300,0.10000
1768471200,0.10000
1768472100,0.10000
1768473000,0.13000
1768473900,0.13000
1768474800,0.13000
1768475700,0.13000
1768476600,0.13000
1768477500,0.13000
1768478400,0.13000
1768479300,0.13000
1768480200,0.13000
1768481100,0.13000
1768482000,0.13000
1768482900,0.13000
1768483800,0.13000
1768484700,0.13000
1768485600,0.13000
1768486500,0.11000
1768487400,0.13000
1768488300,0.13000
1768489200,0.13000
1768490100,0.13000
1768491000,0.13000
1768491900,0.13000
1768492800,0.13000
1768493700,0.13000
1768494600,0.13000
1768495500,0.13000
1768496400,0.13000
1768497300,0.13000
1768498200,0.13000
1768499100,0.13000
1768500000,0.13000
1768500900,0.13000
1768501800,0.13000
1768502700,0.13000
1768503600,0.13000
1768504500,0.13000
1768505400,0.13000
1768506300,0.13000
1768507200,0.13000
1768508100,0.13000
1768509000,0.13000
1768509900,0.13000
1768510800,0.13000
1768511700,0.13000
1768512600,0.13000
1768513500,0.13000
1768518000,0.13000
1768518900,0.13000
1768519800,0.13000
1768520700,0.13000
1768521600,0.13000
1768522500,0.13000
1768523400,0.13000
1768524300,0.13000
1768525200,0.13000
1768526100,0.13000
1768527000,0.13000
1768527900,0.13000
1768528800,0.13000
1768529700,0.13000
1768530600,0.13000
1768531500,0.13000
1768532400,0.13000
1768533300,0.13000
1768534200,0.13000
1768535100,0.13000
1768536000,0.13000
1768536900,0.13000
1768537800,0.13000
1768538700,0.13000
1768539600,0.13000
1768540500,0.13000
1768541400,0.13000
1768542300,0.13000
1768543200,0.13000
1768544100,0.13000
1768545000,0.13000
1768545900,0.13000
1768546800,0.13000
1768547700,0.13000
1768548600,0.13000
1768549500,0.13000
1768550400,0.13000
1768551300,0.13000
1768552200,0.13000
1768553100,0.13000
1768554000,0.13000
1768554900,0.13000
1768555800,0.13000
1768556700,0.13000
1768557600,0.13000
1768558500,0.13000
1768559400,0.13000
1768560300,0.13000
1768561200,0.13000
1768562100,0.13000
1768563000,0.13000
1768563900,0.13000
1768564800,0.13000
1768565700,0.13000
1768566600,0.13000
1768567500,0.13000
1768568400,0.13000
1768569300,0.13000
1768570200,0.13000
1768571100,0.13000
1768572000,0.13000
1768572900,0.13000
1768573800,0.13000
1768574700,0.13000
1768575600,0.13000
1768576500,0.13000
1768577400,0.13000
1768578300,0.13000
1768579200,0.13000
1768580100,0.13000
1768581000,0.13000
1768581900,0.13000
1768582800,0.13000
1768583700,0.13000
1768584600,0.13000
1768585500,0.13000
1768586400,0.13000
1768587300,0.13000
1768588200,0.13000
1768589100,0.13000
1768590000,0.13000
1768590900,0.13000
1768591800,0.13000
1768592700,0.13000
1768593600,0.13000
1768594500,0.13000
1768595400,0.13000
1768596300,0.13000
1768597200,0.13000
1768598100,0.13000
1768599000,0.13000
1768777200,0.13000
1768778100,0.13000
1768779000,0.13000
1768779900,0.13000
1768780800,0.13000
1768781700,0.13000
1768782600,0.13000
1768783500,0.13000
1768784400,0.13000
1768785300,0.13000
1768786200,0.13000
1768787100,0.13000
1768788000,0.13000
1768788900,0.13000
1768789800,0.13000
1768790700,0.13000
1768791600,0.13000
1768792500,0.13000
1768793400,0.13000
1768794300,0.13000
1768795200,0.13000
1768796100,0.13000
1768797000,0.13000
1768797900,0.13000
1768798800,0.13000
1768799700,0.13000
1768800600,0.13000
1768801500,0.13000
1768802400,0.13000
1768803300,0.13000
1768804200,0.13000
1768805100,0.13000
1768806000,0.13000
1768806900,0.13000
1768807800,0.13000
1768808700,0.13000
1768809600,0.13000
1768810500,0.13000
1768811400,0.13000
1768812300,0.13000
1768813200,0.13000
1768814100,0.13000
1768815000,0.13000
1768815900,0.13000
1768816800,0.13000
1768817700,0.13000
1768818600,0.13000
1768819500,0.13000
1768820400,0.13000
1768821300,0.13000
1768822200,0.13000
1768823100,0.13000
1768824000,0.13000
1768824900,0.13000
1768825800,0.13000
1768826700,0.13000
1768827600,0.13000
1768828500,0.13000
1768829400,0.13000
1768830300,0.13000
1768831200,0.13000
1768832100,0.13000
1768833000,0.13000
1768833900,0.13000
1768834800,0.13000
1768835700,0.13000
1768836600,0.13000
1768837500,0.13000
1768838400,0.13000
1768839300,0.13000
1768840200,0.13000
1768841100,0.13000
1768842000,0.13000
1768842900,0.13000
1768843800,0.13000
1768844700,0.13000
1768845600,0.13000
1768846500,0.13000
1768847400,0.13000
1768848300,0.13000
1768849200,0.13000
1768850100,0.13000
1768863600,0.13000
1768864500,0.13000
1768865400,0.13000
1768866300,0.13000
1768867200,0.13000
1768868100,0.13000
1768869000,0.13000
1768869900,0.13000
1768870800,0.13000
1768871700,0.13000
1768872600,0.13000
1768873500,0.13000
1768874400,0.13000
1768875300,0.13000
1768876200,0.13000
1768877100,0.13000
1768878000,0.13000
1768878900,0.13000
1768879800,0.13000
1768880700,0.13000
1768881600,0.13000
1768882500,0.13000
1768883400,0.13000
1768884300,0.13000
1768885200,0.13000
1768886100,0.13000
1768887000,0.13000
1768887900,0.13000
1768888800,0.13000
1768889700,0.13000
1768890600,0.13000
1768891500,0.13000
1768892400,0.13000
1768893300,0.13000
1768894200,0.13000
1768895100,0.13000
1768896000,0.13000
1768896900,0.13000
1768897800,0.13000
1768898700,0.13000
1768899600,0.13000
1768900500,0.13000
1768901400,0.13000
1768902300,0.13000
1768903200,0.13000
1768904100,0.13000
1768905000,0.13000
1768905900,0.13000
1768906800,0.13000
1768907700,0.13000
1768908600,0.13000
1768909500,0.13000
1768910400,0.13000
1768911300,0.13000
1768912200,0.13000
1768913100,0.13000
1768914000,0.13000
1768914900,0.13000
1768915800,0.13000
1768916700,0.13000
1768917600,0.13000
1768918500,0.13000
1768919400,0.13000
1768920300,0.13000
1768921200,0.13000
1768922100,0.13000
1768923000,0.13000
1768923900,0.13000
1768924800,0.13000
1768925700,0.13000
1768926600,0.13000
1768927500,0.13000
1768928400,0.13000
1768929300,0.13000
1768930200,0.13000
1768931100,0.13000
1768932000,0.13000
1768932900,0.13000
1768933800,0.13000
1768934700,0.13000
1768935600,0.13000
1768936500,0.13000
1768937400,0.13000
1768938300,0.13000
1768939200,0.13000
1768940100,0.13000
1768941000,0.13000
1768941900,0.13000
1768942800,0.13000
1768943700,0.13000
1768944600,0.13000
1768945500,0.13000
1768950000,0.13000
1768950900,0.13000
1768951800,0.13000
1768952700,0.13000
1768953600,0.13000
1768954500,0.13000
1768955400,0.13000
1768956300,0.13000
1768957200,0.13000
1768958100,0.13000
1768959000,0.13000
1768959900,0.13000
1768960800,0.13000
1768961700,0.13000
1768962600,0.13000
1768963500,0.13000
1768964400,0.13000
1768965300,0.13000
1768966200,0.13000
1768967100,0.13000
1768968000,0.13000
1768968900,0.13000
1768969800,0.13000
1768970700,0.13000
1768971600,0.13000
1768972500,0.13000
1768973400,0.13000
1768974300,0.13000
1768975200,0.13000
1768976100,0.13000
1768977000,0.13000
1768977900,0.13000
1768978800,0.13000
1768979700,0.13000
1768980600,0.13000
1768981500,0.13000
1768982400,0.13000
1768983300,0.13000
1768984200,0.13000
1768985100,0.13000
1768986000,0.13000
1768986900,0.13000
1768987800,0.13000
1768988700,0.13000
1768989600,0.13000
1768990500,0.13000
1768991400,0.13000
1768992300,0.13000
1768993200,0.13000
1768994100,0.13000
1768995000,0.13000
1768995900,0.13000
1768996800,0.13000
1768997700,0.13000
1768998600,0.13000
1768999500,0.13000
1769000400,0.13000
1769001300,0.13000
1769002200,0.13000
1769003100,0.13000
1769004000,0.13000
1769004900,0.13000
1769005800,0.13000
1769006700,0.13000
1769007600,0.13000
1769008500,0.13000
1769009400,0.13000
1769010300,0.13000
1769011200,0.13000
1769012100,0.13000
1769013000,0.13000
1769013900,0.13000
1769014800,0.13000
1769015700,0.13000
1769016600,0.13000
1769017500,0.13000
1769018400,0.13000
1769019300,0.13000
1769020200,0.13000
1769021100,0.13000
1769022000,0.13000
1769022900,0.13000
1769023800,0.13000
1769024700,0.13000
1769025600,0.13000
1769026500,0.13000
1769027400,0.13000
1769028300,0.13000
1769029200,0.13000
1769030100,0.13000
1769031000,0.13000
1769031900,0.13000
1769036400,0.13000
1769037300,0.13000
1769038200,0.13000
1769039100,0.13000
1769040000,0.13000
1769040900,0.13000
1769041800,0.13000
1769042700,0.13000
1769043600,0.13000
1769044500,0.13000
1769045400,0.13000
1769046300,0.13000
1769047200,0.13000
1769048100,0.13000
1769049000,0.13000
1769049900,0.13000
1769050800,0.13000
1769051700,0.13000
1769052600,0.13000
1769053500,0.13000
1769054400,0.13000
1769055300,0.13000
1769056200,0.13000
1769057100,0.13000
1769058000,0.13000
1769058900,0.13000
1769059800,0.13000
1769060700,0.13000
1769061600,0.13000
1769062500,0.13000
1769063400,0.13000
1769064300,0.13000
1769065200,0.13000
1769066100,0.13000
1769067000,0.13000
1769067900,0.13000
1769068800,0.13000
1769069700,0.13000
1769070600,0.13000
1769071500,0.13000
1769072400,0.13000
1769073300,0.13000
1769074200,0.13000
1769075100,0.13000
1769076000,0.13000
1769076900,0.13000
1769077800,0.14000
1769078700,0.14000
1769079600,0.14000
1769080500,0.14000
1769081400,0.14000
1769082300,0.14000
1769083200,0.14000
1769084100,0.14000
1769085000,0.14000
1769085900,0.14000
1769086800,0.14000
1769087700,0.14000
1769088600,0.14000
1769089500,0.14000
1769090400,0.14000
1769091300,0.14000
1769092200,0.14000
1769093100,0.14000
1769094000,0.14000
1769094900,0.14000
1769095800,0.14000
1769096700,0.14000
1769097600,0.14000
1769098500,0.14000
1769099400,0.14000
1769100300,0.14000
1769101200,0.14000
1769102100,0.14000
1769103000,0.14000
1769103900,0.14000
1769104800,0.14000
1769105700,0.14000
1769106600,0.14000
1769107500,0.14000
1769108400,0.14000
1769109300,0.14000
1769110200,0.14000
1769111100,0.14000
1769112000,0.14000
1769112900,0.14000
1769113800,0.14000
1769114700,0.14000
1769115600,0.14000
1769116500,0.14000
1769117400,0.14000
1769118300,0.14000
1769122800,0.14000
1769123700,0.14000
1769124600,0.14000
1769125500,0.14000
1769126400,0.14000
1769127300,0.14000
1769128200,0.14000
1769129100,0.14000
1769130000,0.14000
1769130900,0.14000
1769131800,0.14000
1769132700,0.14000
1769133600,0.14000
1769134500,0.14000
1769135400,0.14000
1769136300,0.14000
1769137200,0.14000
1769138100,0.14000
1769139000,0.14000
1769139900,0.14000
1769140800,0.14000
1769141700,0.14000
1769142600,0.14000
1769143500,0.14000
1769144400,0.14000
1769145300,0.14000
1769146200,0.14000
1769147100,0.14000
1769148000,0.14000
1769148900,0.14000
1769149800,0.14000
1769150700,0.14000
1769151600,0.14000
1769152500,0.14000
1769153400,0.14000
1769154300,0.14000
1769155200,0.14000
1769156100,0.14000
1769157000,0.14000
1769157900,0.14000
1769158800,0.14000
1769159700,0.14000
1769160600,0.14000
1769161500,0.14000
1769162400,0.14000
1769163300,0.14000
1769164200,0.14000
1769165100,0.14000
1769166000,0.14000
1769166900,0.14000
1769167800,0.14000
1769168700,0.14000
1769169600,0.14000
1769170500,0.14000
1769171400,0.14000
1769172300,0.14000
1769173200,0.14000
1769174100,0.14000
1769175000,0.14000
1769175900,0.14000
1769176800,0.14000
1769177700,0.14000
1769178600,0.14000
1769179500,0.14000
1769180400,0.14000
1769181300,0.14000
1769182200,0.14000
1769183100,0.14000
1769184000,0.14000
1769184900,0.14000
1769185800,0.14000
1769186700,0.14000
1769187600,0.14000
1769188500,0.14000
1769189400,0.14000
1769190300,0.14000
1769191200,0.14000
1769192100,0.14000
1769193000,0.14000
1769193900,0.14000
1769194800,0.14000
1769195700,0.14000
1769196600,0.14000
1769197500,0.14000
1769198400,0.14000
1769199300,0.14000
1769200200,0.14000
1769201100,0.14000
1769202000,0.14000
1769202900,0.14000
1769203800,0.14000
1769382000,0.14000
1769382900,0.14000
1769383800,0.14000
1769384700,0.14000
1769385600,0.14000
1769386500,0.14000
1769387400,0.14000
1769388300,0.14000
1769389200,0.14000
1769390100,0.14000
1769391000,0.14000
1769391900,0.14000
1769392800,0.14000
1769393700,0.14000
1769394600,0.14000
1769395500,0.14000
1769396400,0.14000
1769397300,0.14000
1769398200,0.14000
1769399100,0.14000
1769400000,0.14000
1769400900,0.14000
1769401800,0.14000
1769402700,0.14000
1769403600,0.14000
1769404500,0.14000
1769405400,0.14000
1769406300,0.14000
1769407200,0.14000
1769408100,0.14000
1769409000,0.14000
1769409900,0.14000
1769410800,0.14000
1769411700,0.14000
1769412600,0.14000
1769413500,0.14000
1769414400,0.14000
1769415300,0.14000
1769416200,0.14000
1769417100,0.14000
1769418000,0.14000
1769418900,0.14000
1769419800,0.14000
1769420700,0.14000
1769421600,0.14000
1769422500,0.14000
1769423400,0.14000
1769424300,0.14000
1769425200,0.14000
1769426100,0.14000
1769427000,0.14000
1769427900,0.14000
1769428800,0.14000
1769429700,0.14000
1769430600,0.14000
1769431500,0.14000
1769432400,0.14000
1769433300,0.14000
1769434200,0.14000
1769435100,0.14000
1769436000,0.14000
1769436900,0.14000
1769437800,0.14000
1769438700,0.14000
1769439600,0.14000
1769440500,0.14000
1769441400,0.14000
1769442300,0.14000
1769443200,0.14000
1769444100,0.14000
1769445000,0.14000
1769445900,0.14000
1769446800,0.14000
1769447700,0.14000
1769448600,0.14000
1769449500,0.14000
1769450400,0.14000
1769451300,0.14000
1769452200,0.14000
1769453100,0.14000
1769454000,0.14000
1769454900,0.14000
1769455800,0.14000
1769456700,0.14000
1769457600,0.14000
1769458500,0.14000
1769459400,0.14000
1769460300,0.14000
1769461200,0.14000
1769462100,0.14000
1769463000,0.14000
1769463900,0.14000
1769468400,0.14000
1769469300,0.14000
1769470200,0.14000
1769471100,0.14000
1769472000,0.14000
1769472900,0.14000
1769473800,0.14000
1769474700,0.14000
1769475600,0.14000
1769476500,0.14000
1769477400,0.14000
1769478300,0.14000
1769479200,0.14000
1769480100,0.14000
1769481000,0.14000
1769481900,0.14000
1769482800,0.14000
1769483700,0.14000
1769484600,0.14000
1769485500,0.14000
1769486400,0.14000
1769487300,0.14000
1769488200,0.14000
1769489100,0.14000
1769490000,0.14000
1769490900,0.14000
1769491800,0.14000
1769492700,0.14000
1769493600,0.14000
1769494500,0.14000
1769495400,0.14000
1769496300,0.14000
1769497200,0.14000
1769498100,0.14000
1769499000,0.14000
1769499900,0.14000
1769500800,0.14000
1769501700,0.14000
1769502600,0.14000
1769503500,0.14000
1769504400,0.14000
1769505300,0.14000
1769506200,0.14000
1769507100,0.14000
1769508000,0.14000
1769508900,0.14000
1769509800,0.14000
1769510700,0.14000
1769511600,0.14000
1769512500,0.14000
1769513400,0.14000
1769514300,0.14000
1769515200,0.14000
1769516100,0.14000
1769517000,0.14000
1769517900,0.14000
1769518800,0.14000
1769519700,0.14000
1769520600,0.14000
1769521500,0.14000
1769522400,0.14000
1769523300,0.14000
1769524200,0.14000
1769525100,0.14000
1769526000,0.14000
1769526900,0.14000
1769527800,0.14000
1769528700,0.14000
1769529600,0.14000
1769530500,0.14000
1769531400,0.14000
1769532300,0.14000
1769533200,0.14000
1769534100,0.14000
1769535000,0.14000
1769535900,0.14000
1769536800,0.14000
1769537700,0.14000
1769538600,0.14000
1769539500,0.14000
1769540400,0.14000
1769541300,0.14000
1769542200,0.14000
1769543100,0.14000
1769544000,0.14000
1769544900,0.14000
1769545800,0.14000
1769546700,0.14000
1769547600,0.14000
1769548500,0.14000
1769549400,0.14000
1769550300,0.14000
1769554800,0.14000
1769555700,0.14000
1769556600,0.14000
1769557500,0.14000
1769558400,0.14000
1769559300,0.14000
1769560200,0.14000
1769561100,0.14000
1769562000,0.14000
1769562900,0.14000
1769563800,0.14000
1769564700,0.14000
1769565600,0.14000
1769566500,0.14000
1769567400,0.14000
1769568300,0.14000
1769569200,0.14000
1769570100,0.14000
1769571000,0.14000
1769571900,0.14000
1769572800,0.14000
1769573700,0.14000
1769574600,0.14000
1769575500,0.14000
1769576400,0.14000
1769577300,0.14000
1769578200,0.14000
1769579100,0.14000
1769580000,0.14000
1769580900,0.14000
1769581800,0.14000
1769582700,0.14000
1769583600,0.14000
1769584500,0.14000
1769585400,0.14000
1769586300,0.14000
1769587200,0.14000
1769588100,0.14000
1769589000,0.14000
1769589900,0.14000
1769590800,0.14000
1769591700,0.14000
1769592600,0.14000
1769593500,0.14000
1769594400,0.14000
1769595300,0.14000
1769596200,0.14000
1769597100,0.14000
1769598000,0.14000
1769598900,0.14000
1769599800,0.14000
1769600700,0.14000
1769601600,0.14000
1769602500,0.14000
1769603400,0.14000
1769604300,0.14000
1769605200,0.14000
1769606100,0.14000
1769607000,0.14000
1769607900,0.14000
1769608800,0.14000
1769609700,0.14000
1769610600,0.14000
1769611500,0.14000
1769612400,0.14000
1769613300,0.14000
1769614200,0.14000
1769615100,0.14000
1769616000,0.14000
1769616900,0.14000
1769617800,0.14000
1769618700,0.14000
1769619600,0.14000
1769620500,0.14000
1769621400,0.14000
1769622300,0.14000
1769623200,0.14000
1769624100,0.14000
1769625000,0.14000
1769625900,0.14000
1769626800,0.14000
1769627700,0.14000
1769628600,0.14000
1769629500,0.14000
1769630400,0.14000
1769631300,0.14000
1769632200,0.14000
1769633100,0.14000
1769634000,0.14000
1769634900,0.14000
1769635800,0.14000
1769636700,0.14000
1769641200,0.14000
1769642100,0.14000
1769643000,0.14000
1769643900,0.14000
1769644800,0.14000
1769645700,0.14000
1769646600,0.14000
1769647500,0.14000
1769648400,0.14000
1769649300,0.14000
1769650200,0.14000
1769651100,0.14000
1769652000,0.14000
1769652900,0.14000
1769653800,0.14000
1769654700,0.14000
1769655600,0.14000
1769656500,0.14000
1769657400,0.14000
1769658300,0.14000
1769659200,0.14000
1769660100,0.14000
1769661000,0.14000
1769661900,0.14000
1769662800,0.14000
1769663700,0.14000
1769664600,0.14000
1769665500,0.14000
1769666400,0.14000
1769667300,0.14000
1769668200,0.14000
1769669100,0.14000
1769670000,0.14000
1769670900,0.14000
1769671800,0.14000
1769672700,0.14000
1769673600,0.14000
1769674500,0.14000
1769675400,0.14000
1769676300,0.14000
1769677200,0.14000
1769678100,0.14000
1769679000,0.14000
1769679900,0.14000
1769680800,0.14000
1769681700,0.14000
1769682600,0.14000
1769683500,0.14000
1769684400,0.14000
1769685300,0.14000
1769686200,0.14000
1769687100,0.14000
1769688000,0.14000
1769688900,0.14000
1769689800,0.14000
1769690700,0.14000
1769691600,0.14000
1769692500,0.14000
1769693400,0.14000
1769694300,0.14000
1769695200,0.14000
1769696100,0.14000
1769697000,0.14000
1769697900,0.14000
1769698800,0.14000
1769699700,0.14000
1769700600,0.14000
1769701500,0.14000
1769702400,0.14000
1769703300,0.23000
1769704200,0.23000
1769705100,0.23000
1769706000,0.23000
1769706900,0.23000
1769707800,0.23000
1769708700,0.23000
1769709600,0.23000
1769710500,0.23000
1769711400,0.23000
1769712300,0.23000
1769713200,0.27000
1769714100,0.23000
1769715000,0.23000
1769715900,0.23000
1769716800,0.23000
1769717700,0.23000
1769718600,0.23000
1769719500,0.14000
1769720400,0.15000
1769721300,0.28000
1769722200,0.28000
1769723100,0.28000
1769727600,0.28000
1769728500,0.28000
1769729400,0.28000
1769730300,0.28000
1769731200,0.14000
1769732100,0.14000
1769733000,0.14000
1769733900,0.14000
1769734800,0.14000
1769735700,0.14000
1769736600,0.14000
1769737500,0.14000
1769738400,0.14000
1769739300,0.14000
1769740200,0.14000
1769741100,0.14000
1769742000,0.14000
1769742900,0.14000
1769743800,0.14000
1769744700,0.14000
1769745600,0.14000
1769746500,0.14000
1769747400,0.14000
1769748300,0.14000
1769749200,0.14000
1769750100,0.14000
1769751000,0.14000
1769751900,0.14000
1769752800,0.14000
1769753700,0.14000
1769754600,0.14000
1769755500,0.14000
1769756400,0.14000
1769757300,0.14000
1769758200,0.14000
1769759100,0.14000
1769760000,0.14000
1769760900,0.14000
1769761800,0.14000
1769762700,0.14000
1769763600,0.14000
1769764500,0.14000
1769765400,0.14000
1769766300,0.14000
1769767200,0.14000
1769768100,0.14000
1769769000,0.14000
1769769900,0.14000
1769770800,0.14000
1769771700,0.14000
1769772600,0.14000
1769773500,0.14000
1769774400,0.14000
1769775300,0.14000
1769776200,0.14000
1769777100,0.14000
1769778000,0.14000
1769778900,0.14000
1769779800,0.14000
1769780700,0.14000
1769781600,0.14000
1769782500,0.14000
1769783400,0.14000
1769784300,0.14000
1769785200,0.14000
1769786100,0.14000
1769787000,0.14000
1769787900,0.14000
1769788800,0.14000
1769789700,0.14000
1769790600,0.14000
1769791500,0.14000
1769792400,0.14000
1769793300,0.14000
1769794200,0.14000
1769795100,0.14000
1769796000,0.14000
1769796900,0.14000
1769797800,0.14000
1769798700,0.14000
1769799600,0.14000
1769800500,0.14000
1769801400,0.14000
1769802300,0.14000
1769803200,0.14000
1769804100,0.14000
1769805000,0.14000
1769805900,0.14000
1769806800,0.15000
1769807700,0.28000
1769808600,0.28000
1769986800,0.28000
1769987700,0.28000
1769988600,0.28000
1769989500,0.28000
1769990400,0.14000
1769991300,0.14000
1769992200,0.14000
1769993100,0.14000
1769994000,0.14000
1769994900,0.14000
1769995800,0.14000
1769996700,0.14000
1769997600,0.14000
1769998500,0.14000
1769999400,0.14000
1770000300,0.14000
1770001200,0.14000
1770002100,0.14000
1770003000,0.14000
1770003900,0.14000
1770004800,0.14000
1770005700,0.14000
1770006600,0.14000
1770007500,0.14000
1770008400,0.14000
1770009300,0.14000
1770010200,0.14000
1770011100,0.14000
1770012000,0.14000
1770012900,0.14000
1770013800,0.14000
1770014700,0.14000
1770015600,0.14000
1770016500,0.14000
1770017400,0.15000
1770018300,0.15000
1770019200,0.15000
1770020100,0.15000
1770021000,0.15000
1770021900,0.15000
1770022800,0.15000
1770023700,0.15000
1770024600,0.15000
1770025500,0.15000
1770026400,0.15000
1770027300,0.15000
1770028200,0.15000
1770029100,0.15000
1770030000,0.15000
1770030900,0.15000
1770031800,0.15000
1770032700,0.15000
1770033600,0.15000
1770034500,0.15000
1770035400,0.15000
1770036300,0.15000
1770037200,0.15000
1770038100,0.15000
1770039000,0.15000
1770039900,0.15000
1770040800,0.15000
1770041700,0.15000
1770042600,0.15000
1770043500,0.15000
1770044400,0.15000
1770045300,0.15000
1770046200,0.15000
1770047100,0.15000
1770048000,0.15000
1770048900,0.15000
1770049800,0.15000
1770050700,0.15000
1770051600,0.15000
1770052500,0.15000
1770053400,0.15000
1770054300,0.15000
1770055200,0.15000
1770056100,0.15000
1770057000,0.15000
1770057900,0.15000
1770058800,0.15000
1770059700,0.15000
1770060600,0.15000
1770061500,0.15000
1770062400,0.15000
1770063300,0.15000
1770064200,0.15000
1770065100,0.15000
1770066000,0.15000
1770066900,0.28000
1770067800,0.28000
1770068700,0.28000
1770073200,0.28000
1770074100,0.28000
1770075000,0.28000
1770075900,0.28000
1770076800,0.28000
1770077700,0.28000
1770078600,0.15000
1770079500,0.15000
1770080400,0.15000
1770081300,0.15000
1770082200,0.15000
1770083100,0.15000
1770084000,0.15000
1770084900,0.15000
1770085800,0.15000
1770086700,0.15000
1770087600,0.15000
1770088500,0.15000
1770089400,0.15000
1770090300,0.15000
1770091200,0.15000
1770092100,0.15000
1770093000,0.15000
1770093900,0.15000
1770094800,0.15000
1770095700,0.15000
1770096600,0.15000
1770097500,0.15000
1770098400,0.15000
1770099300,0.15000
1770100200,0.15000
1770101100,0.15000
1770102000,0.15000
1770102900,0.15000
1770103800,0.15000
1770104700,0.15000
1770105600,0.15000
1770106500,0.15000
1770107400,0.15000
1770108300,0.15000
1770109200,0.15000
1770110100,0.15000
1770111000,0.15000
1770111900,0.15000
1770112800,0.15000
1770113700,0.15000
1770114600,0.15000
1770115500,0.15000
1770116400,0.15000
1770117300,0.15000
1770118200,0.15000
1770119100,0.15000
1770120000,0.15000
1770120900,0.15000
1770121800,0.15000
1770122700,0.15000
1770123600,0.15000
1770124500,0.15000
1770125400,0.15000
1770126300,0.15000
1770127200,0.15000
1770128100,0.15000
1770129000,0.15000
1770129900,0.15000
1770130800,0.15000
1770131700,0.15000
1770132600,0.15000
1770133500,0.15000
1770134400,0.15000
1770135300,0.15000
1770136200,0.15000
1770137100,0.15000
1770138000,0.15000
1770138900,0.15000
1770139800,0.15000
1770140700,0.15000
1770141600,0.15000
1770142500,0.15000
1770143400,0.15000
1770144300,0.15000
1770145200,0.15000
1770146100,0.15000
1770147000,0.15000
1770147900,0.15000
1770148800,0.15000
1770149700,0.15000
1770150600,0.15000
1770151500,0.15000
1770152400,0.15000
1770153300,0.28000
1770154200,0.28000
1770155100,0.28000
1770159600,0.28000
1770160500,0.28000
1770161400,0.28000
1770162300,0.28000
1770163200,0.28000
1770164100,0.28000
1770165000,0.15000
1770165900,0.15000
1770166800,0.15000
1770167700,0.15000
1770168600,0.15000
1770169500,0.15000
1770170400,0.15000
1770171300,0.15000
1770172200,0.15000
1770173100,0.15000
1770174000,0.15000
1770174900,0.15000
1770175800,0.15000
1770176700,0.15000
1770177600,0.15000
1770178500,0.15000
1770179400,0.15000
1770180300,0.15000
1770181200,0.15000
1770182100,0.15000
1770183000,0.15000
1770183900,0.15000
1770184800,0.15000
1770185700,0.15000
1770186600,0.15000
1770187500,0.15000
1770188400,0.15000
1770189300,0.15000
1770190200,0.15000
1770191100,0.15000
1770192000,0.15000
1770192900,0.15000
1770193800,0.15000
1770194700,0.15000
1770195600,0.15000
1770196500,0.15000
1770197400,0.15000
1770198300,0.15000
1770199200,0.15000
1770200100,0.15000
1770201000,0.15000
1770201900,0.15000
1770202800,0.15000
1770203700,0.15000
1770204600,0.15000
1770205500,0.15000
1770206400,0.15000
1770207300,0.15000
1770208200,0.15000
1770209100,0.15000
1770210000,0.15000
1770210900,0.15000
1770211800,0.15000
1770212700,0.15000
1770213600,0.15000
1770214500,0.15000
1770215400,0.15000
1770216300,0.15000
1770217200,0.15000
1770218100,0.15000
1770219000,0.15000
1770219900,0.15000
1770220800,0.15000
1770221700,0.15000
1770222600,0.15000
1770223500,0.15000
1770224400,0.15000
1770225300,0.15000
1770226200,0.15000
1770227100,0.15000
1770228000,0.15000
1770228900,0.15000
1770229800,0.15000
1770230700,0.15000
1770231600,0.15000
1770232500,0.15000
1770233400,0.15000
1770234300,0.15000
1770235200,0.15000
1770236100,0.15000
1770237000,0.15000
1770237900,0.15000
1770238800,0.14000
1770239700,0.14000
1770240600,0.14000
1770241500,0.14000
1770246000,0.14000
1770246900,0.14000
1770247800,0.14000
1770248700,0.14000
1770249600,0.14000
1770250500,0.15000
1770251400,0.15000
1770252300,0.15000
1770253200,0.15000
1770254100,0.15000
1770255000,0.15000
1770255900,0.15000
1770256800,0.15000
1770257700,0.15000
1770258600,0.15000
1770259500,0.15000
1770260400,0.15000
1770261300,0.15000
1770262200,0.15000
1770263100,0.15000
1770264000,0.15000
1770264900,0.15000
1770265800,0.15000
1770266700,0.15000
1770267600,0.15000
1770268500,0.15000
1770269400,0.15000
1770270300,0.15000
1770271200,0.15000
1770272100,0.15000
1770273000,0.15000
1770273900,0.15000
1770274800,0.15000
1770275700,0.15000
1770276600,0.15000
1770277500,0.15000
1770278400,0.15000
1770279300,0.15000
1770280200,0.15000
1770281100,0.15000
1770282000,0.15000
1770282900,0.15000
1770283800,0.15000
1770284700,0.15000
1770285600,0.15000
1770286500,0.15000
1770287400,0.15000
1770288300,0.15000
1770289200,0.15000
1770290100,0.15000
1770291000,0.15000
1770291900,0.15000
1770292800,0.15000
1770293700,0.15000
1770294600,0.15000
1770295500,0.15000
1770296400,0.15000
1770297300,0.15000
1770298200,0.15000
1770299100,0.15000
1770300000,0.15000
1770300900,0.15000
1770301800,0.15000
1770302700,0.15000
1770303600,0.15000
1770304500,0.15000
1770305400,0.15000
1770306300,0.15000
1770307200,0.15000
1770308100,0.15000
1770309000,0.15000
1770309900,0.15000
1770310800,0.15000
1770311700,0.15000
1770312600,0.15000
1770313500,0.15000
1770314400,0.15000
1770315300,0.15000
1770316200,0.15000
1770317100,0.15000
1770318000,0.15000
1770318900,0.15000
1770319800,0.15000
1770320700,0.15000
1770321600,0.15000
1770322500,0.15000
1770323400,0.15000
1770324300,0.15000
1770325200,0.14000
1770326100,0.14000
1770327000,0.14000
1770327900,0.14000
1770332400,0.14000
1770333300,0.14000
1770334200,0.14000
1770335100,0.14000
1770336000,0.14000
1770336900,0.15000
1770337800,0.15000
1770338700,0.15000
1770339600,0.15000
1770340500,0.15000
1770341400,0.15000
1770342300,0.15000
1770343200,0.15000
1770344100,0.15000
1770345000,0.15000
1770345900,0.15000
1770346800,0.15000
1770347700,0.15000
1770348600,0.15000
1770349500,0.15000
1770350400,0.15000
1770351300,0.15000
1770352200,0.15000
1770353100,0.15000
1770354000,0.15000
1770354900,0.15000
1770355800,0.15000
1770356700,0.15000
1770357600,0.15000
1770358500,0.15000
1770359400,0.15000
1770360300,0.15000
1770361200,0.15000
1770362100,0.15000
1770363000,0.15000
1770363900,0.15000
1770364800,0.15000
1770365700,0.15000
1770366600,0.15000
1770367500,0.15000
1770368400,0.15000
1770369300,0.15000
1770370200,0.15000
1770371100,0.15000
1770372000,0.15000
1770372900,0.15000
1770373800,0.15000
1770374700,0.15000
1770375600,0.15000
1770376500,0.15000
1770377400,0.15000
1770378300,0.15000
1770379200,0.15000
1770380100,0.15000
1770381000,0.15000
1770381900,0.15000
1770382800,0.15000
1770383700,0.15000
1770384600,0.15000
1770385500,0.15000
1770386400,0.15000
1770387300,0.15000
1770388200,0.15000
1770389100,0.15000
1770390000,0.15000
1770390900,0.15000
1770391800,0.15000
1770392700,0.15000
1770393600,0.15000
1770394500,0.15000
1770395400,0.15000
1770396300,0.15000
1770397200,0.15000
1770398100,0.15000
1770399000,0.15000
1770399900,0.15000
1770400800,0.15000
1770401700,0.15000
1770402600,0.15000
1770403500,0.15000
1770404400,0.15000
1770405300,0.15000
1770406200,0.15000
1770407100,0.15000
1770408000,0.15000
1770408900,0.15000
1770409800,0.15000
1770410700,0.15000
1770411600,0.15000
1770412500,0.28000
1770413400,0.28000
1770591600,0.28000
1770592500,0.28000
1770593400,0.28000
1770594300,0.28000
1770595200,0.15000
1770596100,0.15000
1770597000,0.15000
1770597900,0.15000
1770598800,0.15000
1770599700,0.15000
1770600600,0.15000
1770601500,0.15000
1770602400,0.15000
1770603300,0.15000
1770604200,0.15000
1770605100,0.15000
1770606000,0.15000
1770606900,0.15000
1770607800,0.15000
1770608700,0.15000
1770609600,0.15000
1770610500,0.15000
1770611400,0.15000
1770612300,0.15000
1770613200,0.15000
1770614100,0.15000
1770615000,0.15000
1770615900,0.15000
1770616800,0.15000
1770617700,0.15000
1770618600,0.15000
1770619500,0.15000
1770620400,0.15000
1770621300,0.15000
1770622200,0.15000
1770623100,0.15000
1770624000,0.15000
1770624900,0.15000
1770625800,0.15000
1770626700,0.15000
1770627600,0.15000
1770628500,0.15000
1770629400,0.15000
1770630300,0.15000
1770631200,0.15000
1770632100,0.15000
1770633000,0.15000
1770633900,0.15000
1770634800,0.15000
1770635700,0.15000
1770636600,0.15000
1770637500,0.15000
1770638400,0.15000
1770639300,0.15000
1770640200,0.15000
1770641100,0.15000
1770642000,0.15000
1770642900,0.15000
1770643800,0.15000
1770644700,0.15000
1770645600,0.15000
1770646500,0.15000
1770647400,0.15000
1770648300,0.15000
1770649200,0.15000
1770650100,0.15000
1770651000,0.15000
1770651900,0.15000
1770652800,0.15000
1770653700,0.15000
1770654600,0.15000
1770655500,0.15000
1770656400,0.15000
1770657300,0.15000
1770658200,0.15000
1770659100,0.15000
1770660000,0.15000
1770660900,0.15000
1770661800,0.15000
1770662700,0.15000
1770663600,0.15000
1770664500,0.15000
1770665400,0.15000
1770666300,0.15000
1770667200,0.15000
1770668100,0.15000
1770669000,0.15000
1770669900,0.15000
1770670800,0.15000
1770671700,0.28000
1770672600,0.28000
1770673500,0.28000
1770678000,0.28000
1770678900,0.28000
1770679800,0.28000
1770680700,0.28000
1770681600,0.15000
1770682500,0.15000
1770683400,0.15000
1770684300,0.15000
1770685200,0.15000
1770686100,0.15000
1770687000,0.15000
1770687900,0.15000
1770688800,0.15000
1770689700,0.15000
1770690600,0.15000
1770691500,0.15000
1770692400,0.15000
1770693300,0.15000
1770694200,0.15000
1770695100,0.15000
1770696000,0.15000
1770696900,0.15000
1770697800,0.15000
1770698700,0.15000
1770699600,0.15000
1770700500,0.15000
1770701400,0.15000
1770702300,0.15000
1770703200,0.15000
1770704100,0.15000
1770705000,0.15000
1770705900,0.15000
1770706800,0.15000
1770707700,0.15000
1770708600,0.15000
1770709500,0.15000
1770710400,0.15000
1770711300,0.15000
1770712200,0.15000
1770713100,0.15000
1770714000,0.15000
1770714900,0.15000
1770715800,0.15000
1770716700,0.15000
1770717600,0.15000
1770718500,0.15000
1770719400,0.15000
1770720300,0.15000
1770721200,0.15000
1770722100,0.15000
1770723000,0.15000
1770723900,0.15000
1770724800,0.15000
1770725700,0.15000
1770726600,0.15000
1770727500,0.15000
1770728400,0.15000
1770729300,0.15000
1770730200,0.15000
1770731100,0.15000
1770732000,0.15000
1770732900,0.15000
1770733800,0.15000
1770734700,0.15000
1770735600,0.15000
1770736500,0.15000
1770737400,0.15000
1770738300,0.15000
1770739200,0.15000
1770740100,0.15000
1770741000,0.15000
1770741900,0.15000
1770742800,0.15000
1770743700,0.15000
1770744600,0.15000
1770745500,0.15000
1770746400,0.15000
1770747300,0.15000
1770748200,0.15000
1770749100,0.15000
1770750000,0.15000
1770750900,0.15000
1770751800,0.15000
1770752700,0.15000
1770753600,0.15000
1770754500,0.15000
1770755400,0.15000
1770756300,0.15000
1770757200,0.15000
1770758100,0.28000
1770759000,0.28000
1770759900,0.28000
1770764400,0.28000
1770765300,0.28000
1770766200,0.28000
1770767100,0.28000
1770768000,0.15000
1770768900,0.15000
1770769800,0.15000
1770770700,0.15000
1770771600,0.15000
1770772500,0.15000
1770773400,0.15000
1770774300,0.15000
1770775200,0.15000
1770776100,0.15000
1770777000,0.15000
1770777900,0.15000
1770778800,0.15000
1770779700,0.15000
1770780600,0.15000
1770781500,0.15000
1770782400,0.15000
1770783300,0.15000
1770784200,0.15000
1770785100,0.15000
1770786000,0.15000
1770786900,0.15000
1770787800,0.15000
1770788700,0.15000
1770789600,0.15000
1770790500,0.15000
1770791400,0.15000
1770792300,0.15000
1770793200,0.15000
1770794100,0.15000
1770795000,0.15000
1770795900,0.15000
1770796800,0.15000
1770797700,0.15000
1770798600,0.15000
1770799500,0.15000
1770800400,0.15000
1770801300,0.15000
1770802200,0.15000
1770803100,0.15000
1770804000,0.15000
1770804900,0.15000
1770805800,0.15000
1770806700,0.15000
1770807600,0.15000
1770808500,0.15000
1770809400,0.15000
1770810300,0.15000
1770811200,0.15000
1770812100,0.15000
1770813000,0.15000
1770813900,0.15000
1770814800,0.15000
1770815700,0.15000
1770816600,0.15000
1770817500,0.15000
1770818400,0.15000
1770819300,0.15000
1770820200,0.15000
1770821100,0.15000
1770822000,0.15000
1770822900,0.15000
1770823800,0.15000
1770824700,0.15000
1770825600,0.15000
1770826500,0.14000
1770827400,0.15000
1770828300,0.15000
1770829200,0.15000
1770830100,0.15000
1770831000,0.15000
1770831900,0.15000
1770832800,0.15000
1770833700,0.15000
1770834600,0.15000
1770835500,0.15000
1770836400,0.15000
1770837300,0.15000
1770838200,0.15000
1770839100,0.15000
1770840000,0.15000
1770840900,0.15000
1770841800,0.15000
1770842700,0.15000
1770843600,0.15000
1770844500,0.28000
1770845400,0.28000
1770846300,0.28000
1770850800,0.28000
1770851700,0.28000
1770852600,0.28000
1770853500,0.28000
1770854400,0.15000
1770855300,0.15000
1770856200,0.15000
1770857100,0.15000
1770858000,0.15000
1770858900,0.15000
1770859800,0.15000
1770860700,0.15000
1770861600,0.15000
1770862500,0.15000
1770863400,0.15000
1770864300,0.15000
1770865200,0.15000
1770866100,0.15000
1770867000,0.15000
1770867900,0.15000
1770868800,0.15000
1770869700,0.15000
1770870600,0.15000
1770871500,0.15000
1770872400,0.15000
1770873300,0.15000
1770874200,0.15000
1770875100,0.15000
1770876000,0.15000
1770876900,0.15000
1770877800,0.15000
1770878700,0.15000
1770879600,0.15000
1770880500,0.15000
1770881400,0.15000
1770882300,0.15000
1770883200,0.15000
1770884100,0.15000
1770885000,0.15000
1770885900,0.15000
1770886800,0.15000
1770887700,0.15000
1770888600,0.15000
1770889500,0.15000
1770890400,0.15000
1770891300,0.15000
1770892200,0.15000
1770893100,0.15000
1770894000,0.15000
1770894900,0.15000
1770895800,0.15000
1770896700,0.15000
1770897600,0.15000
1770898500,0.15000
1770899400,0.15000
1770900300,0.15000
1770901200,0.15000
1770902100,0.15000
1770903000,0.15000
1770903900,0.15000
1770904800,0.15000
1770905700,0.15000
1770906600,0.15000
1770907500,0.15000
1770908400,0.15000
1770909300,0.15000
1770910200,0.15000
1770911100,0.15000
1770912000,0.15000
1770912900,0.15000
1770913800,0.15000
1770914700,0.15000
1770915600,0.15000
1770916500,0.15000
1770917400,0.15000
1770918300,0.15000
1770919200,0.15000
1770920100,0.15000
1770921000,0.15000
1770921900,0.15000
1770922800,0.15000
1770923700,0.15000
1770924600,0.15000
1770925500,0.15000
1770926400,0.15000
1770927300,0.15000
1770928200,0.15000
1770929100,0.15000
1770930000,0.15000
1770930900,0.28000
1770931800,0.28000
1770932700,0.28000
1770937200,0.28000
1770938100,0.28000
1770939000,0.28000
1770939900,0.28000
1770940800,0.15000
1770941700,0.15000
1770942600,0.15000
1770943500,0.15000
1770944400,0.15000
1770945300,0.15000
1770946200,0.15000
1770947100,0.15000
1770948000,0.15000
1770948900,0.15000
1770949800,0.15000
1770950700,0.15000
1770951600,0.15000
1770952500,0.15000
1770953400,0.15000
1770954300,0.15000
1770955200,0.15000
1770956100,0.15000
1770957000,0.15000
1770957900,0.15000
1770958800,0.15000
1770959700,0.15000
1770960600,0.15000
1770961500,0.15000
1770962400,0.15000
1770963300,0.15000
1770964200,0.15000
1770965100,0.15000
1770966000,0.15000
1770966900,0.15000
1770967800,0.15000
1770968700,0.15000
1770969600,0.15000
1770970500,0.15000
1770971400,0.15000
1770972300,0.15000
1770973200,0.15000
1770974100,0.15000
1770975000,0.15000
1770975900,0.15000
1770976800,0.15000
1770977700,0.15000
1770978600,0.15000
1770979500,0.15000
1770980400,0.15000
1770981300,0.15000
1770982200,0.15000
1770983100,0.15000
1770984000,0.15000
1770984900,0.15000
1770985800,0.15000
1770986700,0.15000
1770987600,0.15000
1770988500,0.15000
1770989400,0.15000
1770990300,0.15000
1770991200,0.15000
1770992100,0.15000
1770993000,0.15000
1770993900,0.15000
1770994800,0.15000
1770995700,0.15000
1770996600,0.15000
1770997500,0.15000
1770998400,0.15000
1770999300,0.15000
1771000200,0.15000
1771001100,0.15000
1771002000,0.15000
1771002900,0.15000
1771003800,0.14000
1771004700,0.15000
1771005600,0.15000
1771006500,0.15000
1771007400,0.15000
1771008300,0.15000
1771009200,0.15000
1771010100,0.15000
1771011000,0.15000
1771011900,0.15000
1771012800,0.15000
1771013700,0.15000
1771014600,0.15000
1771015500,0.15000
1771016400,0.15000
1771017300,0.28000
1771018200,0.28000
1771196400,0.28000
1771197300,0.28000
1771198200,0.28000
1771199100,0.28000
1771200000,0.28000
1771200900,0.28000
1771201800,0.15000
1771202700,0.15000
1771203600,0.15000
1771204500,0.15000
1771205400,0.15000
1771206300,0.15000
1771207200,0.15000
1771208100,0.15000
1771209000,0.15000
1771209900,0.15000
1771210800,0.15000
1771211700,0.14000
1771212600,0.15000
1771213500,0.15000
1771214400,0.15000
1771215300,0.15000
1771216200,0.15000
1771217100,0.15000
1771218000,0.15000
1771218900,0.15000
1771219800,0.15000
1771220700,0.15000
1771221600,0.15000
1771222500,0.15000
1771223400,0.15000
1771224300,0.15000
1771225200,0.15000
1771226100,0.15000
1771227000,0.15000
1771227900,0.15000
1771228800,0.14000
1771229700,0.15000
1771230600,0.15000
1771231500,0.15000
1771232400,0.15000
1771233300,0.14000
1771234200,0.15000
1771235100,0.15000
1771236000,0.15000
1771236900,0.15000
1771237800,0.15000
1771238700,0.15000
1771239600,0.15000
1771240500,0.15000
1771241400,0.15000
1771242300,0.15000
1771243200,0.15000
1771244100,0.15000
1771245000,0.15000
1771245900,0.15000
1771246800,0.15000
1771247700,0.15000
1771248600,0.15000
1771249500,0.15000
1771250400,0.15000
1771251300,0.15000
1771252200,0.14000
1771253100,0.15000
1771254000,0.15000
1771254900,0.15000
1771255800,0.15000
1771256700,0.15000
1771257600,0.15000
1771258500,0.14000
1771259400,0.15000
1771260300,0.15000
1771261200,0.15000
1771262100,0.15000
1771263000,0.14000
1771263900,0.15000
1771264800,0.15000
1771265700,0.15000
1771266600,0.15000
1771267500,0.15000
1771268400,0.15000
1771269300,0.14000
1771282800,0.28000
1771283700,0.28000
1771284600,0.28000
1771285500,0.28000
1771286400,0.15000
1771287300,0.15000
1771288200,0.15000
1771289100,0.15000
1771290000,0.15000
1771290900,0.15000
1771291800,0.15000
1771292700,0.15000
1771293600,0.15000
1771294500,0.15000
1771295400,0.15000
1771296300,0.15000
1771297200,0.15000
1771298100,0.15000
1771299000,0.15000
1771299900,0.15000
1771300800,0.14000
1771301700,0.15000
1771302600,0.15000
1771303500,0.15000
1771304400,0.15000
1771305300,0.15000
1771306200,0.15000
1771307100,0.15000
1771308000,0.15000
1771308900,0.15000
1771309800,0.15000
1771310700,0.15000
1771311600,0.15000
1771312500,0.15000
1771313400,0.15000
1771314300,0.15000
1771315200,0.15000
1771316100,0.15000
1771317000,0.15000
1771317900,0.15000
1771318800,0.15000
1771319700,0.14000
1771320600,0.15000
1771321500,0.15000
1771322400,0.15000
1771323300,0.15000
1771324200,0.15000
1771325100,0.15000
1771326000,0.15000
1771326900,0.15000
1771327800,0.15000
1771328700,0.15000
1771329600,0.15000
1771330500,0.14000
1771331400,0.15000
1771332300,0.15000
1771333200,0.15000
1771334100,0.15000
1771335000,0.15000
1771335900,0.15000
1771336800,0.15000
1771337700,0.15000
1771338600,0.15000
1771339500,0.15000
1771340400,0.15000
1771341300,0.15000
1771342200,0.15000
1771343100,0.15000
1771344000,0.15000
1771344900,0.14000
1771345800,0.15000
1771346700,0.15000
1771347600,0.15000
1771348500,0.15000
1771349400,0.15000
1771350300,0.15000
1771351200,0.15000
1771352100,0.15000
1771353000,0.15000
1771353900,0.15000
1771354800,0.15000
1771355700,0.15000
1771356600,0.15000
1771357500,0.15000
1771358400,0.15000
1771359300,0.15000
1771360200,0.15000
1771361100,0.15000
1771362000,0.15000
1771362900,0.28000
1771363800,0.28000
1771364700,0.28000
1771369200,0.28000
1771370100,0.28000
1771371000,0.28000
1771371900,0.28000
1771372800,0.15000
1771373700,0.15000
1771374600,0.15000
1771375500,0.15000
1771376400,0.15000
1771377300,0.15000
1771378200,0.15000
1771379100,0.15000
1771380000,0.15000
1771380900,0.15000
1771381800,0.15000
1771382700,0.15000
1771383600,0.15000
1771384500,0.15000
1771385400,0.15000
1771386300,0.15000
1771387200,0.15000
1771388100,0.15000
1771389000,0.15000
1771389900,0.15000
1771390800,0.15000
1771391700,0.15000
1771392600,0.15000
1771393500,0.15000
1771394400,0.15000
1771395300,0.15000
1771396200,0.15000
1771397100,0.15000
1771398000,0.15000
1771398900,0.15000
1771399800,0.15000
1771400700,0.15000
1771401600,0.15000
1771402500,0.15000
1771403400,0.15000
1771404300,0.15000
1771405200,0.15000
1771406100,0.15000
1771407000,0.15000
1771407900,0.15000
1771408800,0.15000
1771409700,0.15000
1771410600,0.15000
1771411500,0.15000
1771412400,0.15000
1771413300,0.15000
1771414200,0.15000
1771415100,0.15000
1771416000,0.15000
1771416900,0.15000
1771417800,0.15000
1771418700,0.15000
1771419600,0.15000
1771420500,0.15000
1771421400,0.15000
1771422300,0.15000
1771423200,0.15000
1771424100,0.15000
1771425000,0.15000
1771425900,0.15000
1771426800,0.15000
1771427700,0.15000
1771428600,0.15000
1771429500,0.15000
1771430400,0.15000
1771431300,0.14000
1771432200,0.15000
1771433100,0.15000
1771434000,0.15000
1771434900,0.14000
1771435800,0.15000
1771436700,0.15000
1771437600,0.15000
1771438500,0.15000
1771439400,0.15000
1771440300,0.15000
1771441200,0.15000
1771442100,0.15000
1771443000,0.15000
1771443900,0.15000
1771444800,0.15000
1771445700,0.15000
1771446600,0.15000
1771447500,0.15000
1771448400,0.15000
1771449300,0.28000
1771450200,0.28000
1771451100,0.28000
1771455600,0.28000
1771456500,0.28000
1771457400,0.28000
1771458300,0.28000
1771459200,0.15000
1771460100,0.15000
1771461000,0.15000
1771461900,0.15000
1771462800,0.15000
1771463700,0.15000
1771464600,0.15000
1771465500,0.15000
1771466400,0.15000
1771467300,0.15000
1771468200,0.15000
1771469100,0.15000
1771470000,0.15000
1771470900,0.15000
1771471800,0.15000
1771472700,0.15000
1771473600,0.15000
1771474500,0.15000
1771475400,0.15000
1771476300,0.15000
1771477200,0.15000
1771478100,0.15000
1771479000,0.15000
1771479900,0.15000
1771480800,0.15000
1771481700,0.15000
1771482600,0.15000
1771483500,0.15000
1771484400,0.14000
1771485300,0.15000
1771486200,0.15000
1771487100,0.15000
1771488000,0.15000
1771488900,0.15000
1771489800,0.15000
1771490700,0.15000
1771491600,0.15000
1771492500,0.15000
1771493400,0.15000
1771494300,0.15000
1771495200,0.15000
1771496100,0.15000
1771497000,0.15000
1771497900,0.15000
1771498800,0.15000
1771499700,0.15000
1771500600,0.14000
1771501500,0.15000
1771502400,0.15000
1771503300,0.15000
1771504200,0.15000
1771505100,0.15000
1771506000,0.15000
1771506900,0.14000
1771507800,0.14000
1771508700,0.15000
1771509600,0.15000
1771510500,0.15000
1771511400,0.15000
1771512300,0.14000
1771513200,0.15000
1771514100,0.15000
1771515000,0.15000
1771515900,0.15000
1771516800,0.15000
1771517700,0.14000
1771518600,0.15000
1771519500,0.15000
1771520400,0.15000
1771521300,0.15000
1771522200,0.15000
1771523100,0.15000
1771524000,0.15000
1771524900,0.15000
1771525800,0.15000
1771526700,0.15000
1771527600,0.15000
1771528500,0.15000
1771529400,0.15000
1771530300,0.15000
1771531200,0.15000
1771532100,0.15000
1771533000,0.15000
1771533900,0.15000
1771534800,0.15000
1771535700,0.28000
1771536600,0.28000
1771537500,0.28000
1771542000,0.28000
1771542900,0.28000
1771543800,0.28000
1771544700,0.28000
1771545600,0.15000
1771546500,0.15000
1771547400,0.15000
1771548300,0.15000
1771549200,0.15000
1771550100,0.15000
1771551000,0.15000
1771551900,0.15000
1771552800,0.15000
1771553700,0.15000
1771554600,0.15000
1771555500,0.15000
1771556400,0.15000
1771557300,0.15000
1771558200,0.15000
1771559100,0.15000
1771560000,0.15000
1771560900,0.15000
1771561800,0.15000
1771562700,0.15000
1771563600,0.15000
1771564500,0.15000
1771565400,0.15000
1771566300,0.15000
1771567200,0.15000
1771568100,0.15000
1771569000,0.15000
1771569900,0.15000
1771570800,0.15000
1771571700,0.15000
1771572600,0.15000
1771573500,0.15000
1771574400,0.15000
1771575300,0.15000
1771576200,0.15000
1771577100,0.15000
1771578000,0.15000
1771578900,0.15000
1771579800,0.15000
1771580700,0.15000
1771581600,0.15000
1771582500,0.15000
1771583400,0.15000
1771584300,0.15000
1771585200,0.15000
1771586100,0.15000
1771587000,0.15000
1771587900,0.15000
1771588800,0.15000
1771589700,0.15000
1771590600,0.14000
1771591500,0.15000
1771592400,0.15000
1771593300,0.15000
1771594200,0.15000
1771595100,0.15000
1771596000,0.15000
1771596900,0.15000
1771597800,0.15000
1771598700,0.15000
1771599600,0.15000
1771600500,0.15000
1771601400,0.15000
1771602300,0.15000
1771603200,0.15000
1771604100,0.14000
1771605000,0.15000
1771605900,0.15000
1771606800,0.15000
1771607700,0.14000
1771608600,0.15000
1771609500,0.15000
1771610400,0.15000
1771611300,0.15000
1771612200,0.15000
1771613100,0.15000
1771614000,0.15000
1771614900,0.15000
1771615800,0.15000
1771616700,0.15000
1771617600,0.15000
1771618500,0.15000
1771619400,0.15000
1771620300,0.15000
1771621200,0.15000
1771622100,0.58000
1771623000,0.58000
1771801200,0.58000
1771802100,0.58000
1771803000,0.58000
1771803900,0.58000
1771804800,0.58000
1771805700,0.58000
1771806600,0.15000
1771807500,0.15000
1771808400,0.15000
1771809300,0.15000
1771810200,0.15000
1771811100,0.15000
1771812000,0.15000
1771812900,0.15000
1771813800,0.15000
1771814700,0.14000
1771815600,0.15000
1771816500,0.15000
1771817400,0.15000
1771818300,0.15000
1771819200,0.15000
1771820100,0.15000
1771821000,0.15000
1771821900,0.15000
1771822800,0.15000
1771823700,0.15000
1771824600,0.14000
1771825500,0.15000
1771826400,0.15000
1771827300,0.14000
1771828200,0.15000
1771829100,0.15000
1771830000,0.15000
1771830900,0.15000
1771831800,0.15000
1771832700,0.15000
1771833600,0.15000
1771834500,0.15000
1771835400,0.15000
1771836300,0.15000
1771837200,0.15000
1771838100,0.15000
1771839000,0.15000
1771839900,0.14000
1771840800,0.15000
1771841700,0.15000
1771842600,0.15000
1771843500,0.15000
1771844400,0.15000
1771845300,0.15000
1771846200,0.15000
1771847100,0.15000
1771848000,0.15000
1771848900,0.15000
1771849800,0.15000
1771850700,0.15000
1771851600,0.15000
1771852500,0.15000
1771853400,0.15000
1771854300,0.15000
1771855200,0.15000
1771856100,0.15000
1771857000,0.15000
1771857900,0.15000
1771858800,0.15000
1771859700,0.15000
1771860600,0.15000
1771861500,0.15000
1771862400,0.15000
1771863300,0.15000
1771864200,0.15000
1771865100,0.15000
1771866000,0.15000
1771866900,0.14000
1771867800,0.15000
1771868700,0.15000
1771869600,0.15000
1771870500,0.15000
1771871400,0.15000
1771872300,0.15000
1771873200,0.15000
1771874100,0.15000
1771875000,0.15000
1771875900,0.15000
1771876800,0.15000
1771877700,0.15000
1771878600,0.15000
1771879500,0.14000
1771880400,0.15000
1771881300,0.28000
1771882200,0.28000
1771883100,0.28000
1771887600,0.28000
1771888500,0.28000
1771889400,0.28000
1771890300,0.28000
1771891200,0.15000
1771892100,0.15000
1771893000,0.15000
1771893900,0.14000
1771894800,0.15000
1771895700,0.15000
1771896600,0.15000
1771897500,0.15000
1771898400,0.15000
1771899300,0.15000
1771900200,0.15000
1771901100,0.15000
1771902000,0.15000
1771902900,0.15000
1771903800,0.14000
1771904700,0.15000
1771905600,0.15000
1771906500,0.15000
1771907400,0.15000
1771908300,0.15000
1771909200,0.15000
1771910100,0.15000
1771911000,0.15000
1771911900,0.15000
1771912800,0.15000
1771913700,0.15000
1771914600,0.15000
1771915500,0.15000
1771916400,0.15000
1771917300,0.15000
1771918200,0.15000
1771919100,0.15000
1771920000,0.15000
1771920900,0.15000
1771921800,0.15000
1771922700,0.15000
1771923600,0.15000
1771924500,0.14000
1771925400,0.15000
1771926300,0.15000
1771927200,0.15000
1771928100,0.14000
1771929000,0.15000
1771929900,0.15000
1771930800,0.15000
1771931700,0.15000
1771932600,0.15000
1771933500,0.15000
1771934400,0.15000
1771935300,0.15000
1771936200,0.15000
1771937100,0.15000
1771938000,0.15000
1771938900,0.15000
1771939800,0.15000
1771940700,0.15000
1771941600,0.15000
1771942500,0.15000
1771943400,0.15000
1771944300,0.15000
1771945200,0.14000
1771946100,0.15000
1771947000,0.15000
1771947900,0.15000
1771948800,0.15000
1771949700,0.15000
1771950600,0.15000
1771951500,0.15000
1771952400,0.15000
1771953300,0.14000
1771954200,0.15000
1771955100,0.15000
1771956000,0.15000
1771956900,0.15000
1771957800,0.15000
1771958700,0.15000
1771959600,0.15000
1771960500,0.15000
1771961400,0.15000
1771962300,0.15000
1771963200,0.15000
1771964100,0.15000
1771965000,0.15000
1771965900,0.14000
1771966800,0.15000
1771967700,0.28000
1771968600,0.28000
1771969500,0.28000
1771974000,0.28000
1771974900,0.28000
1771975800,0.28000
1771976700,0.28000
1771977600,0.15000
1771978500,0.15000
1771979400,0.15000
1771980300,0.15000
1771981200,0.15000
1771982100,0.15000
1771983000,0.15000
1771983900,0.15000
1771984800,0.14000
1771985700,0.15000
1771986600,0.15000
1771987500,0.15000
1771988400,0.15000
1771989300,0.15000
1771990200,0.15000
1771991100,0.15000
1771992000,0.15000
1771992900,0.15000
1771993800,0.15000
1771994700,0.15000
1771995600,0.15000
1771996500,0.15000
1771997400,0.15000
1771998300,0.15000
1771999200,0.15000
1772000100,0.15000
1772001000,0.15000
1772001900,0.15000
1772002800,0.14000
1772003700,0.15000
1772004600,0.15000
1772005500,0.15000
1772006400,0.14000
1772007300,0.15000
1772008200,0.15000
1772009100,0.15000
1772010000,0.15000
1772010900,0.15000
1772011800,0.15000
1772012700,0.15000
1772013600,0.15000
1772014500,0.15000
1772015400,0.15000
1772016300,0.14000
1772017200,0.15000
1772018100,0.15000
1772019000,0.15000
1772019900,0.15000
1772020800,0.15000
1772021700,0.15000
1772022600,0.15000
1772023500,0.15000
1772024400,0.15000
1772025300,0.15000
1772026200,0.15000
1772027100,0.15000
1772028000,0.14000
1772028900,0.15000
1772029800,0.15000
1772030700,0.15000
1772031600,0.15000
1772032500,0.15000
1772033400,0.15000
1772034300,0.15000
1772035200,0.15000
1772036100,0.14000
1772037000,0.15000
1772037900,0.15000
1772038800,0.15000
1772039700,0.14000
1772040600,0.15000
1772041500,0.15000
1772042400,0.15000
1772043300,0.15000
1772044200,0.15000
1772045100,0.15000
1772046000,0.15000
1772046900,0.15000
1772047800,0.15000
1772048700,0.15000
1772049600,0.15000
1772050500,0.15000
1772051400,0.15000
1772052300,0.15000
1772053200,0.15000
1772054100,0.28000
1772055000,0.28000
1772055900,0.28000
1772060400,0.28000
1772061300,0.28000
1772062200,0.28000
1772063100,0.28000
1772064000,0.15000
1772064900,0.15000
1772065800,0.15000
1772066700,0.15000
1772067600,0.15000
1772068500,0.15000
1772069400,0.15000
1772070300,0.14000
1772071200,0.15000
1772072100,0.15000
1772073000,0.15000
1772073900,0.15000
1772074800,0.15000
1772075700,0.15000
1772076600,0.15000
1772077500,0.15000
1772078400,0.15000
1772079300,0.15000
1772080200,0.15000
1772081100,0.15000
1772082000,0.15000
1772082900,0.15000
1772083800,0.15000
1772084700,0.15000
1772085600,0.15000
1772086500,0.15000
1772087400,0.15000
1772088300,0.15000
1772089200,0.15000
1772090100,0.15000
1772091000,0.15000
1772091900,0.15000
1772092800,0.15000
1772093700,0.15000
1772094600,0.15000
1772095500,0.15000
1772096400,0.15000
1772097300,0.15000
1772098200,0.15000
1772099100,0.15000
1772100000,0.15000
1772100900,0.15000
1772101800,0.15000
1772102700,0.15000
1772103600,0.15000
1772104500,0.15000
1772105400,0.15000
1772106300,0.15000
1772107200,0.15000
1772108100,0.15000
1772109000,0.15000
1772109900,0.15000
1772110800,0.15000
1772111700,0.15000
1772112600,0.15000
1772113500,0.15000
1772114400,0.15000
1772115300,0.15000
1772116200,0.15000
1772117100,0.15000
1772118000,0.15000
1772118900,0.15000
1772119800,0.15000
1772120700,0.15000
1772121600,0.15000
1772122500,0.14000
1772123400,0.15000
1772124300,0.15000
1772125200,0.15000
1772126100,0.14000
1772127000,0.15000
1772127900,0.15000
1772128800,0.15000
1772129700,0.15000
1772130600,0.15000
1772131500,0.15000
1772132400,0.15000
1772133300,0.15000
1772134200,0.15000
1772135100,0.15000
1772136000,0.15000
1772136900,0.15000
1772137800,0.15000
1772138700,0.14000
1772139600,0.15000
1772140500,0.28000
1772141400,0.28000
1772142300,0.28000
1772146800,0.28000
1772147700,0.28000
1772148600,0.28000
1772149500,0.28000
1772150400,0.15000
1772151300,0.15000
1772152200,0.15000
1772153100,0.15000
1772154000,0.15000
1772154900,0.14000
1772155800,0.15000
1772156700,0.15000
1772157600,0.15000
1772158500,0.15000
1772159400,0.15000
1772160300,0.15000
1772161200,0.15000
1772162100,0.15000
1772163000,0.15000
1772163900,0.15000
1772164800,0.15000
1772165700,0.15000
1772166600,0.15000
1772167500,0.15000
1772168400,0.15000
1772169300,0.15000
1772170200,0.15000
1772171100,0.15000
1772172000,0.15000
1772172900,0.15000
1772173800,0.15000
1772174700,0.15000
1772175600,0.15000
1772176500,0.15000
1772177400,0.15000
1772178300,0.15000
1772179200,0.15000
1772180100,0.15000
1772181000,0.15000
1772181900,0.15000
1772182800,0.15000
1772183700,0.15000
1772184600,0.15000
1772185500,0.15000
1772186400,0.15000
1772187300,0.15000
1772188200,0.14000
1772189100,0.14000
1772190000,0.15000
1772190900,0.15000
1772191800,0.15000
1772192700,0.15000
1772193600,0.15000
1772194500,0.15000
1772195400,0.15000
1772196300,0.15000
1772197200,0.15000
1772198100,0.15000
1772199000,0.15000
1772199900,0.15000
1772200800,0.15000
1772201700,0.15000
1772202600,0.15000
1772203500,0.15000
1772204400,0.15000
1772205300,0.15000
1772206200,0.15000
1772207100,0.15000
1772208000,0.15000
1772208900,0.15000
1772209800,0.15000
1772210700,0.15000
1772211600,0.15000
1772212500,0.14000
1772213400,0.15000
1772214300,0.15000
1772215200,0.15000
1772216100,0.15000
1772217000,0.15000
1772217900,0.15000
1772218800,0.15000
1772219700,0.15000
1772220600,0.15000
1772221500,0.15000
1772222400,0.15000
1772223300,0.15000
1772224200,0.15000
1772225100,0.15000
1772226000,0.15000
1772226900,0.58000
1772227800,0.58000
1772406000,2.13000
1772406900,4.80000
1772407800,4.80000
1772408700,0.58000
1772409600,0.58000
1772410500,0.58000
1772411400,0.15000
1772412300,0.15000
1772413200,0.15000
1772414100,0.15000
1772415000,0.15000
1772415900,0.15000
1772416800,0.15000
1772417700,0.15000
1772418600,0.15000
1772419500,0.15000
1772420400,0.15000
1772421300,0.15000
1772422200,0.15000
1772423100,0.15000
1772424000,0.15000
1772424900,0.15000
1772425800,0.15000
1772426700,0.15000
1772427600,0.15000
1772428500,0.15000
1772429400,0.15000
1772430300,0.15000
1772431200,0.15000
1772432100,0.15000
1772433000,0.15000
1772433900,0.15000
1772434800,0.15000
1772435700,0.15000
1772436600,0.15000
1772437500,0.15000
1772438400,0.15000
1772439300,0.15000
1772440200,0.15000
1772441100,0.15000
1772442000,0.15000
1772442900,0.15000
1772443800,0.15000
1772444700,0.15000
1772445600,0.15000
1772446500,0.15000
1772447400,0.15000
1772448300,0.15000
1772449200,0.15000
1772450100,0.15000
1772451000,0.15000
1772451900,0.15000
1772452800,0.15000
1772453700,0.15000
1772454600,0.15000
1772455500,0.15000
1772456400,0.15000
1772457300,0.15000
1772458200,0.15000
1772459100,0.15000
1772460000,0.15000
1772460900,0.15000
1772461800,0.15000
1772462700,0.15000
1772463600,0.15000
1772464500,0.15000
1772465400,0.15000
1772466300,0.15000
1772467200,0.15000
1772468100,0.15000
1772469000,0.15000
1772469900,0.15000
1772470800,0.15000
1772471700,0.15000
1772472600,0.15000
1772473500,0.15000
1772474400,0.15000
1772475300,0.15000
1772476200,0.15000
1772477100,0.15000
1772478000,0.15000
1772478900,0.15000
1772479800,0.15000
1772480700,0.15000
1772481600,0.15000
1772482500,0.15000
1772483400,0.15000
1772484300,0.15000
1772485200,0.15000
1772486100,0.28000
1772487000,0.28000
1772487900,0.28000
1772492400,0.28000
1772493300,0.28000
1772494200,0.28000
1772495100,0.28000
1772496000,0.15000
1772496900,0.15000
1772497800,0.15000
1772498700,0.15000
1772499600,0.15000
1772500500,0.15000
1772501400,0.15000
1772502300,0.15000
1772503200,0.15000
1772504100,0.15000
1772505000,0.15000
1772505900,0.15000
1772506800,0.15000
1772507700,0.15000
1772508600,0.15000
1772509500,0.15000
1772510400,0.15000
1772511300,0.15000
1772512200,0.15000
1772513100,0.15000
1772514000,0.15000
1772514900,0.15000
1772515800,0.15000
1772516700,0.15000
1772517600,0.15000
1772518500,0.15000
1772519400,0.15000
1772520300,0.15000
1772521200,0.15000
1772522100,0.15000
1772523000,0.15000
1772523900,0.15000
1772524800,0.15000
1772525700,0.15000
1772526600,0.15000
1772527500,0.15000
1772528400,0.15000
1772529300,0.15000
1772530200,0.15000
1772531100,0.15000
1772532000,0.15000
1772532900,0.15000
1772533800,0.15000
1772534700,0.15000
1772535600,0.15000
1772536500,0.15000
1772537400,0.15000
1772538300,0.15000
1772539200,0.15000
1772540100,0.15000
1772541000,0.15000
1772541900,0.15000
1772542800,0.15000
1772543700,0.15000
1772544600,0.15000
1772545500,0.15000
1772546400,0.15000
1772547300,0.15000
1772548200,0.15000
1772549100,0.15000
1772550000,0.15000
1772550900,0.15000
1772551800,0.15000
1772552700,0.15000
1772553600,0.15000
1772554500,0.15000
1772555400,0.15000
1772556300,0.15000
1772557200,0.15000
1772558100,0.15000
1772559000,0.15000
1772559900,0.15000
1772560800,0.15000
1772561700,0.15000
1772562600,0.15000
1772563500,0.15000
1772564400,0.15000
1772565300,0.15000
1772566200,0.15000
1772567100,0.15000
1772568000,0.15000
1772568900,0.15000
1772569800,0.15000
1772570700,0.15000
1772571600,0.15000
1772572500,0.28000
1772573400,0.28000
1772574300,0.28000
1772578800,0.28000
1772579700,0.28000
1772580600,0.28000
1772581500,0.28000
1772582400,0.15000
1772583300,0.15000
1772584200,0.15000
1772585100,0.15000
1772586000,0.15000
1772586900,0.15000
1772587800,0.15000
1772588700,0.15000
1772589600,0.15000
1772590500,0.15000
1772591400,0.15000
1772592300,0.15000
1772593200,0.15000
1772594100,0.15000
1772595000,0.15000
1772595900,0.15000
1772596800,0.15000
1772597700,0.15000
1772598600,0.15000
1772599500,0.15000
1772600400,0.15000
1772601300,0.15000
1772602200,0.15000
1772603100,0.15000
1772604000,0.15000
1772604900,0.15000
1772605800,0.15000
1772606700,0.15000
1772607600,0.15000
1772608500,0.15000
1772609400,0.15000
1772610300,0.15000
1772611200,0.15000
1772612100,0.15000
1772613000,0.15000
1772613900,0.15000
1772614800,0.15000
1772615700,0.15000
1772616600,0.15000
1772617500,0.15000
1772618400,0.15000
1772619300,0.15000
1772620200,0.15000
1772621100,0.15000
1772622000,0.15000
1772622900,0.15000
1772623800,0.15000
1772624700,0.15000
1772625600,0.15000
1772626500,0.15000
1772627400,0.15000
1772628300,0.15000
1772629200,0.15000
1772630100,0.15000
1772631000,0.15000
1772631900,0.15000
1772632800,0.15000
1772633700,0.15000
1772634600,0.15000
1772635500,0.15000
1772636400,0.15000
1772637300,0.15000
1772638200,0.15000
1772639100,0.15000
1772640000,0.15000
1772640900,0.15000
1772641800,0.15000
1772642700,0.15000
1772643600,0.15000
1772644500,0.15000
1772645400,0.15000
1772646300,0.15000
1772647200,0.15000
1772648100,0.15000
1772649000,0.15000
1772649900,0.15000
1772650800,0.15000
1772651700,0.15000
1772652600,0.15000
1772653500,0.15000
1772654400,0.15000
1772655300,0.15000
1772656200,0.15000
1772657100,0.15000
1772658000,0.15000
1772658900,0.28000
1772659800,0.28000
1772660700,0.28000
1772665200,0.28000
1772666100,0.28000
1772667000,0.28000
1772667900,0.28000
1772668800,0.15000
1772669700,0.15000
1772670600,0.15000
1772671500,0.15000
1772672400,0.15000
1772673300,0.15000
1772674200,0.15000
1772675100,0.15000
1772676000,0.15000
1772676900,0.15000
1772677800,0.15000
1772678700,0.15000
1772679600,0.15000
1772680500,0.15000
1772681400,0.15000
1772682300,0.15000
1772683200,0.15000
1772684100,0.15000
1772685000,0.15000
1772685900,0.15000
1772686800,0.15000
1772687700,0.15000
1772688600,0.15000
1772689500,0.15000
1772690400,0.15000
1772691300,0.15000
1772692200,0.15000
1772693100,0.15000
1772694000,0.15000
1772694900,0.15000
1772695800,0.15000
1772696700,0.15000
1772697600,0.15000
1772698500,0.15000
1772699400,0.15000
1772700300,0.15000
1772701200,0.15000
1772702100,0.15000
1772703000,0.15000
1772703900,0.15000
1772704800,0.15000
1772705700,0.15000
1772706600,0.15000
1772707500,0.15000
1772708400,0.15000
1772709300,0.15000
1772710200,0.15000
1772711100,0.15000
1772712000,0.15000
1772712900,0.15000
1772713800,0.15000
1772714700,0.15000
1772715600,0.15000
1772716500,0.15000
1772717400,0.15000
1772718300,0.15000
1772719200,0.15000
1772720100,0.15000
1772721000,0.15000
1772721900,0.15000
1772722800,0.15000
1772723700,0.15000
1772724600,0.15000
1772725500,0.15000
1772726400,0.15000
1772727300,0.15000
1772728200,0.15000
1772729100,0.15000
1772730000,0.15000
1772730900,0.15000
1772731800,0.15000
1772732700,0.15000
1772733600,0.15000
1772734500,0.15000
1772735400,0.15000
1772736300,0.15000
1772737200,0.15000
1772738100,0.15000
1772739000,0.15000
1772739900,0.15000
1772740800,0.15000
1772741700,0.15000
1772742600,0.15000
1772743500,0.15000
1772744400,0.15000
1772745300,0.28000
1772746200,0.28000
1772747100,0.28000
1772751600,0.28000
1772752500,0.28000
1772753400,0.28000
1772754300,0.28000
1772755200,0.15000
1772756100,0.15000
1772757000,0.15000
1772757900,0.15000
1772758800,0.15000
1772759700,0.15000
1772760600,0.15000
1772761500,0.15000
1772762400,0.15000
1772763300,0.15000
1772764200,0.15000
1772765100,0.15000
1772766000,0.15000
1772766900,0.15000
1772767800,0.15000
1772768700,0.15000
1772769600,0.15000
1772770500,0.15000
1772771400,0.15000
1772772300,0.15000
1772773200,0.15000
1772774100,0.15000
1772775000,0.15000
1772775900,0.15000
1772776800,0.15000
1772777700,0.15000
1772778600,0.15000
1772779500,0.15000
1772780400,0.15000
1772781300,0.15000
1772782200,0.15000
1772783100,0.15000
1772784000,0.15000
1772784900,0.15000
1772785800,0.15000
1772786700,0.15000
1772787600,0.15000
1772788500,0.15000
1772789400,0.15000
1772790300,0.15000
1772791200,0.15000
1772792100,0.15000
1772793000,0.15000
1772793900,0.15000
1772794800,0.15000
1772795700,0.15000
1772796600,0.15000
1772797500,0.15000
1772798400,0.15000
1772799300,0.15000
1772800200,0.15000
1772801100,0.15000
1772802000,0.15000
1772802900,0.15000
1772803800,0.15000
1772804700,0.15000
1772805600,0.15000
1772806500,0.15000
1772807400,0.15000
1772808300,0.15000
1772809200,0.15000
1772810100,0.15000
1772811000,0.15000
1772811900,0.15000
1772812800,0.15000
1772813700,0.14000
1772814600,0.15000
1772815500,0.15000
1772816400,0.15000
1772817300,0.14000
1772818200,0.15000
1772819100,0.15000
1772820000,0.15000
1772820900,0.15000
1772821800,0.15000
1772822700,0.15000
1772823600,0.15000
1772824500,0.15000
1772825400,0.15000
1772826300,0.15000
1772827200,0.15000
1772828100,0.15000
1772829000,0.15000
1772829900,0.14000
1772830800,0.15000
1772831700,0.58000
1772832600,0.58000
1773007200,0.58000
1773008100,0.58000
1773009000,0.58000
1773009900,0.58000
1773010800,0.58000
1773011700,0.58000
1773012600,0.15000
1773013500,0.15000
1773014400,0.15000
1773015300,0.15000
1773016200,0.15000
1773017100,0.15000
1773018000,0.15000
1773018900,0.15000
1773019800,0.15000
1773020700,0.15000
1773021600,0.15000
1773022500,0.15000
1773023400,0.15000
1773024300,0.15000
1773025200,0.15000
1773026100,0.15000
1773027000,0.15000
1773027900,0.15000
1773028800,0.15000
1773029700,0.15000
1773030600,0.15000
1773031500,0.15000
1773032400,0.15000
1773033300,0.15000
1773034200,0.15000
1773035100,0.15000
1773036000,0.14000
1773036900,0.15000
1773037800,0.15000
1773038700,0.15000
1773039600,0.15000
1773040500,0.15000
1773041400,0.15000
1773042300,0.15000
1773043200,0.15000
1773044100,0.14000
1773045000,0.15000
1773045900,0.15000
1773046800,0.15000
1773047700,0.14000
1773048600,0.15000
1773049500,0.15000
1773050400,0.15000
1773051300,0.15000
1773052200,0.15000
1773053100,0.15000
1773054000,0.15000
1773054900,0.15000
1773055800,0.15000
1773056700,0.15000
1773057600,0.15000
1773058500,0.15000
1773059400,0.15000
1773060300,0.15000
1773061200,0.15000
1773062100,0.15000
1773063000,0.15000
1773063900,0.15000
1773064800,0.15000
1773065700,0.15000
1773066600,0.15000
1773067500,0.15000
1773068400,0.15000
1773069300,0.15000
1773070200,0.15000
1773071100,0.15000
1773072000,0.14000
1773072900,0.15000
1773073800,0.14000
1773074700,0.15000
1773075600,0.15000
1773076500,0.15000
1773077400,0.15000
1773078300,0.15000
1773079200,0.15000
1773080100,0.15000
1773081000,0.15000
1773081900,0.15000
1773082800,0.15000
1773083700,0.15000
1773084600,0.15000
1773085500,0.15000
1773086400,0.15000
1773087300,0.28000
1773088200,0.28000
1773089100,0.28000
1773093600,0.28000
1773094500,0.28000
1773095400,0.28000
1773096300,0.28000
1773097200,0.15000
1773098100,0.15000
1773099000,0.15000
1773099900,0.15000
1773100800,0.15000
1773101700,0.15000
1773102600,0.15000
1773103500,0.15000
1773104400,0.15000
1773105300,0.15000
1773106200,0.15000
1773107100,0.15000
1773108000,0.15000
1773108900,0.15000
1773109800,0.15000
1773110700,0.15000
1773111600,0.15000
1773112500,0.15000
1773113400,0.15000
1773114300,0.15000
1773115200,0.15000
1773116100,0.15000
1773117000,0.15000
1773117900,0.15000
1773118800,0.15000
1773119700,0.15000
1773120600,0.15000
1773121500,0.15000
1773122400,0.15000
1773123300,0.15000
1773124200,0.15000
1773125100,0.15000
1773126000,0.15000
1773126900,0.15000
1773127800,0.15000
1773128700,0.15000
1773129600,0.15000
1773130500,0.14000
1773131400,0.15000
1773132300,0.15000
1773133200,0.15000
1773134100,0.15000
1773135000,0.15000
1773135900,0.15000
1773136800,0.15000
1773137700,0.15000
1773138600,0.15000
1773139500,0.15000
1773140400,0.15000
1773141300,0.15000
1773142200,0.15000
1773143100,0.15000
1773144000,0.15000
1773144900,0.15000
1773145800,0.14000
1773146700,0.15000
1773147600,0.15000
1773148500,0.15000
1773149400,0.15000
1773150300,0.15000
1773151200,0.15000
1773152100,0.14000
1773153000,0.15000
1773153900,0.15000
1773154800,0.14000
1773155700,0.15000
1773156600,0.15000
1773157500,0.15000
1773158400,0.15000
1773159300,0.14000
1773160200,0.15000
1773161100,0.15000
1773162000,0.15000
1773162900,0.15000
1773163800,0.15000
1773164700,0.15000
1773165600,0.15000
1773166500,0.15000
1773167400,0.15000
1773168300,0.15000
1773169200,0.15000
1773170100,0.15000
1773171000,0.15000
1773171900,0.15000
1773172800,0.14000
1773173700,0.28000
1773174600,0.28000
1773175500,0.28000
1773180000,0.28000
1773180900,0.28000
1773181800,0.28000
1773182700,0.28000
1773183600,0.15000
1773184500,0.15000
1773185400,0.15000
1773186300,0.15000
1773187200,0.15000
1773188100,0.15000
1773189000,0.15000
1773189900,0.15000
1773190800,0.15000
1773191700,0.15000
1773192600,0.15000
1773193500,0.15000
1773194400,0.15000
1773195300,0.15000
1773196200,0.15000
1773197100,0.15000
1773198000,0.15000
1773198900,0.15000
1773199800,0.15000
1773200700,0.15000
1773201600,0.15000
1773202500,0.15000
1773203400,0.15000
1773204300,0.15000
1773205200,0.15000
1773206100,0.15000
1773207000,0.15000
1773207900,0.15000
1773208800,0.15000
1773209700,0.15000
1773210600,0.15000
1773211500,0.15000
1773212400,0.15000
1773213300,0.15000
1773214200,0.15000
1773215100,0.15000
1773216000,0.15000
1773216900,0.15000
1773217800,0.15000
1773218700,0.15000
1773219600,0.15000
1773220500,0.15000
1773221400,0.15000
1773222300,0.15000
1773223200,0.15000
1773224100,0.15000
1773225000,0.15000
1773225900,0.15000
1773226800,0.15000
1773227700,0.15000
1773228600,0.15000
1773229500,0.15000
1773230400,0.15000
1773231300,0.15000
1773232200,0.15000
1773233100,0.15000
1773234000,0.15000
1773234900,0.15000
1773235800,0.15000
1773236700,0.15000
1773237600,0.15000
1773238500,0.15000
1773239400,0.15000
1773240300,0.15000
1773241200,0.15000
1773242100,0.15000
1773243000,0.15000
1773243900,0.15000
1773244800,0.15000
1773245700,0.15000
1773246600,0.14000
1773247500,0.15000
1773248400,0.15000
1773249300,0.15000
1773250200,0.15000
1773251100,0.15000
1773252000,0.15000
1773252900,0.15000
1773253800,0.15000
1773254700,0.15000
1773255600,0.15000
1773256500,0.15000
1773257400,0.15000
1773258300,0.15000
1773259200,0.15000
1773260100,0.28000
1773261000,0.28000
1773261900,0.28000
1773266400,0.28000
1773267300,0.28000
1773268200,0.28000
1773269100,0.28000
1773270000,0.15000
1773270900,0.15000
1773271800,0.15000
1773272700,0.15000
1773273600,0.15000
1773274500,0.15000
1773275400,0.15000
1773276300,0.15000
1773277200,0.15000
1773278100,0.15000
1773279000,0.15000
1773279900,0.15000
1773280800,0.15000
1773281700,0.15000
1773282600,0.15000
1773283500,0.15000
1773284400,0.15000
1773285300,0.15000
1773286200,0.15000
1773287100,0.15000
1773288000,0.15000
1773288900,0.15000
1773289800,0.15000
1773290700,0.15000
1773291600,0.15000
1773292500,0.15000
1773293400,0.15000
1773294300,0.15000
1773295200,0.15000
1773296100,0.15000
1773297000,0.15000
1773297900,0.15000
1773298800,0.15000
1773299700,0.15000
1773300600,0.15000
1773301500,0.15000
1773302400,0.15000
1773303300,0.14000
1773304200,0.15000
1773305100,0.15000
1773306000,0.15000
1773306900,0.15000
1773307800,0.15000
1773308700,0.14000
1773309600,0.15000
1773310500,0.15000
1773311400,0.15000
1773312300,0.15000
1773313200,0.15000
1773314100,0.15000
1773315000,0.15000
1773315900,0.15000
1773316800,0.15000
1773317700,0.15000
1773318600,0.15000
1773319500,0.15000
1773320400,0.15000
1773321300,0.15000
1773322200,0.15000
1773323100,0.15000
1773324000,0.15000
1773324900,0.15000
1773325800,0.15000
1773326700,0.15000
1773327600,0.15000
1773328500,0.15000
1773329400,0.15000
1773330300,0.15000
1773331200,0.15000
1773332100,0.14000
1773333000,0.14000
1773333900,0.15000
1773334800,0.15000
1773335700,0.15000
1773336600,0.15000
1773337500,0.15000
1773338400,0.15000
1773339300,0.15000
1773340200,0.15000
1773341100,0.15000
1773342000,0.15000
1773342900,0.15000
1773343800,0.15000
1773344700,0.15000
1773345600,0.15000
1773346500,0.28000
1773347400,0.28000
1773348300,0.28000
1773352800,0.28000
1773353700,0.28000
1773354600,0.28000
1773355500,0.28000
1773356400,0.15000
1773357300,0.15000
1773358200,0.15000
1773359100,0.15000
1773360000,0.15000
1773360900,0.15000
1773361800,0.15000
1773362700,0.15000
1773363600,0.15000
1773364500,0.15000
1773365400,0.15000
1773366300,0.15000
1773367200,0.15000
1773368100,0.15000
1773369000,0.15000
1773369900,0.15000
1773370800,0.15000
1773371700,0.15000
1773372600,0.15000
1773373500,0.15000
1773374400,0.15000
1773375300,0.15000
1773376200,0.15000
1773377100,0.15000
1773378000,0.15000
1773378900,0.15000
1773379800,0.15000
1773380700,0.15000
1773381600,0.15000
1773382500,0.15000
1773383400,0.15000
1773384300,0.15000
1773385200,0.15000
1773386100,0.15000
1773387000,0.15000
1773387900,0.15000
1773388800,0.15000
1773389700,0.15000
1773390600,0.15000
1773391500,0.15000
1773392400,0.15000
1773393300,0.15000
1773394200,0.15000
1773395100,0.15000
1773396000,0.15000
1773396900,0.15000
1773397800,0.15000
1773398700,0.15000
1773399600,0.15000
1773400500,0.15000
1773401400,0.15000
1773402300,0.15000
1773403200,0.14000
1773404100,0.15000
1773405000,0.15000
1773405900,0.15000
1773406800,0.15000
1773407700,0.15000
1773408600,0.15000
1773409500,0.15000
1773410400,0.15000
1773411300,0.15000
1773412200,0.15000
1773413100,0.15000
1773414000,0.15000
1773414900,0.15000
1773415800,0.15000
1773416700,0.15000
1773417600,0.15000
1773418500,0.15000
1773419400,0.14000
1773420300,0.15000
1773421200,0.15000
1773422100,0.15000
1773423000,0.15000
1773423900,0.15000
1773424800,0.15000
1773425700,0.15000
1773426600,0.15000
1773427500,0.15000
1773428400,0.15000
1773429300,0.15000
1773430200,0.15000
1773431100,0.15000
1773432000,0.15000
1773432900,0.15000
1773433800,0.14000
1773612000,0.58000
1773612900,0.58000
1773613800,0.58000
1773614700,0.58000
1773615600,0.58000
1773616500,0.58000
1773617400,0.15000
1773618300,0.15000
1773619200,0.15000
1773620100,0.15000
1773621000,0.15000
1773621900,0.15000
1773622800,0.15000
1773623700,0.15000
1773624600,0.15000
1773625500,0.15000
1773626400,0.15000
1773627300,0.15000
1773628200,0.15000
1773629100,0.15000
1773630000,0.15000
1773630900,0.15000
1773631800,0.15000
1773632700,0.15000
1773633600,0.15000
1773634500,0.15000
1773635400,0.15000
1773636300,0.15000
1773637200,0.15000
1773638100,0.15000
1773639000,0.15000
1773639900,0.15000
1773640800,0.15000
1773641700,0.15000
1773642600,0.15000
1773643500,0.15000
1773644400,0.14000
1773645300,0.15000
1773646200,0.15000
1773647100,0.15000
1773648000,0.15000
1773648900,0.15000
1773649800,0.15000
1773650700,0.15000
1773651600,0.15000
1773652500,0.15000
1773653400,0.15000
1773654300,0.15000
1773655200,0.15000
1773656100,0.15000
1773657000,0.15000
1773657900,0.15000
1773658800,0.15000
1773659700,0.15000
1773660600,0.15000
1773661500,0.15000
1773662400,0.15000
1773663300,0.15000
1773664200,0.15000
1773665100,0.15000
1773666000,0.15000
1773666900,0.15000
1773667800,0.15000
1773668700,0.15000
1773669600,0.15000
1773670500,0.15000
1773671400,0.15000
1773672300,0.15000
1773673200,0.15000
1773674100,0.15000
1773675000,0.15000
1773675900,0.15000
1773676800,0.15000
1773677700,0.15000
1773678600,0.15000
1773679500,0.15000
1773680400,0.15000
1773681300,0.15000
1773682200,0.15000
1773683100,0.15000
1773684000,0.15000
1773684900,0.15000
1773685800,0.15000
1773686700,0.15000
1773687600,0.15000
1773688500,0.15000
1773689400,0.15000
1773690300,0.15000
1773691200,0.15000
1773692100,0.28000
1773693000,0.28000
1773693900,0.28000
1773698400,0.28000
1773699300,0.28000
1773700200,0.28000
1773701100,0.28000
1773702000,0.15000
1773702900,0.15000
1773703800,0.15000
1773704700,0.15000
1773705600,0.15000
1773706500,0.15000
1773707400,0.15000
1773708300,0.15000
1773709200,0.15000
1773710100,0.15000
1773711000,0.15000
1773711900,0.15000
1773712800,0.15000
1773713700,0.15000
1773714600,0.15000
1773715500,0.15000
1773716400,0.15000
1773717300,0.15000
1773718200,0.15000
1773719100,0.15000
1773720000,0.15000
1773720900,0.15000
1773721800,0.15000
1773722700,0.15000
1773723600,0.15000
1773724500,0.15000
1773725400,0.15000
1773726300,0.15000
1773727200,0.14000
1773728100,0.15000
1773729000,0.15000
1773729900,0.15000
1773730800,0.15000
1773731700,0.15000
1773732600,0.15000
1773733500,0.15000
1773734400,0.14000
1773735300,0.15000
1773736200,0.15000
1773737100,0.15000
1773738000,0.15000
1773738900,0.15000
1773739800,0.15000
1773740700,0.14000
1773741600,0.14000
1773742500,0.15000
1773743400,0.15000
1773744300,0.15000
1773745200,0.14000
1773746100,0.15000
1773747000,0.15000
1773747900,0.15000
1773748800,0.15000
1773749700,0.15000
1773750600,0.15000
1773751500,0.15000
1773752400,0.15000
1773753300,0.15000
1773754200,0.15000
1773755100,0.15000
1773756000,0.15000
1773756900,0.15000
1773757800,0.15000
1773758700,0.15000
1773759600,0.15000
1773760500,0.14000
1773761400,0.15000
1773762300,0.15000
1773763200,0.15000
1773764100,0.15000
1773765000,0.15000
1773765900,0.15000
1773766800,0.15000
1773767700,0.15000
1773768600,0.15000
1773769500,0.15000
1773770400,0.15000
1773771300,0.15000
1773772200,0.15000
1773773100,0.15000
1773774000,0.15000
1773774900,0.15000
1773775800,0.15000
1773776700,0.15000
1773777600,0.15000
1773778500,0.28000
1773779400,0.28000
1773780300,0.28000
1773784800,0.28000
1773785700,0.28000
1773786600,0.28000
1773787500,0.28000
1773788400,0.15000
1773789300,0.15000
1773790200,0.15000
1773791100,0.15000
1773792000,0.15000
1773792900,0.15000
1773793800,0.15000
1773794700,0.15000
1773795600,0.15000
1773796500,0.15000
1773797400,0.15000
1773798300,0.15000
1773799200,0.15000
1773800100,0.15000
1773801000,0.15000
1773801900,0.15000
1773802800,0.15000
1773803700,0.15000
1773804600,0.15000
1773805500,0.15000
1773806400,0.15000
1773807300,0.15000
1773808200,0.15000
1773809100,0.15000
1773810000,0.15000
1773810900,0.15000
1773811800,0.15000
1773812700,0.15000
1773813600,0.14000
1773814500,0.15000
1773815400,0.15000
1773816300,0.15000
1773817200,0.15000
1773818100,0.15000
1773819000,0.15000
1773819900,0.15000
1773820800,0.15000
1773821700,0.15000
1773822600,0.15000
1773823500,0.14000
1773824400,0.15000
1773825300,0.15000
1773826200,0.15000
1773827100,0.15000
1773828000,0.15000
1773828900,0.15000
1773829800,0.15000
1773830700,0.15000
1773831600,0.15000
1773832500,0.15000
1773833400,0.15000
1773834300,0.15000
1773835200,0.14000
1773836100,0.15000
1773837000,0.15000
1773837900,0.15000
1773838800,0.15000
1773839700,0.14000
1773840600,0.15000
1773841500,0.14000
1773842400,0.15000
1773843300,0.15000
1773844200,0.15000
1773845100,0.15000
1773846000,0.15000
1773846900,0.15000
1773847800,0.15000
1773848700,0.15000
1773849600,0.15000
1773850500,0.14000
1773851400,0.15000
1773852300,0.15000
1773853200,0.15000
1773854100,0.14000
1773855000,0.15000
1773855900,0.15000
1773856800,0.15000
1773857700,0.15000
1773858600,0.15000
1773859500,0.15000
1773860400,0.15000
1773861300,0.15000
1773862200,0.15000
1773863100,0.14000
1773864000,0.15000
1773864900,0.28000
1773865800,0.28000
1773866700,0.28000
1773871200,0.28000
1773872100,0.28000
1773873000,0.28000
1773873900,0.28000
1773874800,0.15000
1773875700,0.15000
1773876600,0.15000
1773877500,0.15000
1773878400,0.15000
1773879300,0.15000
1773880200,0.14000
1773881100,0.15000
1773882000,0.15000
1773882900,0.15000
1773883800,0.15000
1773884700,0.15000
1773885600,0.15000
1773886500,0.15000
1773887400,0.15000
1773888300,0.15000
1773889200,0.15000
1773890100,0.15000
1773891000,0.15000
1773891900,0.15000
1773892800,0.15000
1773893700,0.15000
1773894600,0.15000
1773895500,0.14000
1773896400,0.15000
1773897300,0.15000
1773898200,0.15000
1773899100,0.15000
1773900000,0.15000
1773900900,0.15000
1773901800,0.15000
1773902700,0.15000
1773903600,0.15000
1773904500,0.15000
1773905400,0.15000
1773906300,0.15000
1773907200,0.14000
1773908100,0.14000
1773909000,0.15000
1773909900,0.15000
1773910800,0.15000
1773911700,0.14000
1773912600,0.15000
1773913500,0.15000
1773914400,0.15000
1773915300,0.15000
1773916200,0.15000
1773917100,0.15000
1773918000,0.15000
1773918900,0.15000
1773919800,0.15000
1773920700,0.14000
1773921600,0.15000
1773922500,0.15000
1773923400,0.15000
1773924300,0.15000
1773925200,0.15000
1773926100,0.15000
1773927000,0.15000
1773927900,0.15000
1773928800,0.15000
1773929700,0.15000
1773930600,0.15000
1773931500,0.15000
1773932400,0.15000
1773933300,0.15000
1773934200,0.15000
1773935100,0.15000
1773936000,0.15000
1773936900,0.15000
1773937800,0.15000
1773938700,0.15000
1773939600,0.15000
1773940500,0.15000
1773941400,0.15000
1773942300,0.15000
1773943200,0.15000
1773944100,0.15000
1773945000,0.15000
1773945900,0.15000
1773946800,0.15000
1773947700,0.15000
1773948600,0.15000
1773949500,0.15000
1773950400,0.15000
1773951300,0.28000
1773952200,0.28000
1773953100,0.28000
1773957600,0.28000
1773958500,0.28000
1773959400,0.28000
1773960300,0.28000
1773961200,0.15000
1773962100,0.15000
1773963000,0.15000
1773963900,0.15000
1773964800,0.15000
1773965700,0.15000
1773966600,0.15000
1773967500,0.15000
1773968400,0.15000
1773969300,0.15000
1773970200,0.15000
1773971100,0.15000
1773972000,0.15000
1773972900,0.15000
1773973800,0.15000
1773974700,0.15000
1773975600,0.15000
1773976500,0.15000
1773977400,0.15000
1773978300,0.15000
1773979200,0.15000
1773980100,0.15000
1773981000,0.15000
1773981900,0.15000
1773982800,0.15000
1773983700,0.15000
1773984600,0.15000
1773985500,0.15000
1773986400,0.14000
1773987300,0.15000
1773988200,0.15000
1773989100,0.15000
1773990000,0.15000
1773990900,0.15000
1773991800,0.15000
1773992700,0.15000
1773993600,0.15000
1773994500,0.15000
1773995400,0.15000
1773996300,0.15000
1773997200,0.14000
1773998100,0.15000
1773999000,0.15000
1773999900,0.15000
1774000800,0.15000
1774001700,0.15000
1774002600,0.15000
1774003500,0.15000
1774004400,0.15000
1774005300,0.15000
1774006200,0.14000
1774007100,0.15000
1774008000,0.15000
1774008900,0.15000
1774009800,0.15000
1774010700,0.15000
1774011600,0.15000
1774012500,0.15000
1774013400,0.15000
1774014300,0.15000
1774015200,0.15000
1774016100,0.15000
1774017000,0.15000
1774017900,0.15000
1774018800,0.15000
1774019700,0.14000
1774020600,0.15000
1774021500,0.15000
1774022400,0.15000
1774023300,0.15000
1774024200,0.14000
1774025100,0.15000
1774026000,0.15000
1774026900,0.15000
1774027800,0.14000
1774028700,0.15000
1774029600,0.15000
1774030500,0.15000
1774031400,0.15000
1774032300,0.15000
1774033200,0.15000
1774034100,0.15000
1774035000,0.15000
1774035900,0.15000
1774036800,0.15000
1774037700,0.58000
1774038600,0.58000
1774216800,0.58000
1774217700,0.58000
1774218600,0.58000
1774219500,0.58000
1774220400,0.58000
1774221300,0.58000
1774222200,0.15000
1774223100,0.15000
1774224000,0.15000
1774224900,0.15000
1774225800,0.15000
1774226700,0.15000
1774227600,0.15000
1774228500,0.15000
1774229400,0.15000
1774230300,0.15000
1774231200,0.15000
1774232100,0.15000
1774233000,0.15000
1774233900,0.15000
1774234800,0.15000
1774235700,0.15000
1774236600,0.15000
1774237500,0.15000
1774238400,0.15000
1774239300,0.15000
1774240200,0.15000
1774241100,0.15000
1774242000,0.15000
1774242900,0.15000
1774243800,0.15000
1774244700,0.15000
1774245600,0.15000
1774246500,0.14000
1774247400,0.15000
1774248300,0.15000
1774249200,0.15000
1774250100,0.15000
1774251000,0.15000
1774251900,0.14000
1774252800,0.14000
1774253700,0.14000
1774254600,0.15000
1774255500,0.14000
1774256400,0.14000
1774257300,0.15000
1774258200,0.15000
1774259100,0.15000
1774260000,0.15000
1774260900,0.15000
1774261800,0.15000
1774262700,0.15000
1774263600,0.15000
1774264500,0.15000
1774265400,0.15000
1774266300,0.15000
1774267200,0.15000
1774268100,0.15000
1774269000,0.15000
1774269900,0.15000
1774270800,0.15000
1774271700,0.15000
1774272600,0.15000
1774273500,0.15000
1774274400,0.15000
1774275300,0.15000
1774276200,0.15000
1774277100,0.15000
1774278000,0.15000
1774278900,0.15000
1774279800,0.15000
1774280700,0.15000
1774281600,0.15000
1774282500,0.15000
1774283400,0.14000
1774284300,0.15000
1774285200,0.15000
1774286100,0.15000
1774287000,0.15000
1774287900,0.15000
1774288800,0.15000
1774289700,0.15000
1774290600,0.15000
1774291500,0.15000
1774292400,0.15000
1774293300,0.15000
1774294200,0.15000
1774295100,0.15000
1774296000,0.15000
1774296900,0.28000
1774297800,0.28000
1774298700,0.28000
1774303200,0.28000
1774304100,0.28000
1774305000,0.28000
1774305900,0.28000
1774306800,0.15000
1774307700,0.15000
1774308600,0.14000
1774309500,0.15000
1774310400,0.15000
1774311300,0.15000
1774312200,0.15000
1774313100,0.15000
1774314000,0.15000
1774314900,0.15000
1774315800,0.15000
1774316700,0.15000
1774317600,0.15000
1774318500,0.15000
1774319400,0.15000
1774320300,0.15000
1774321200,0.15000
1774322100,0.15000
1774323000,0.15000
1774323900,0.15000
1774324800,0.15000
1774325700,0.15000
1774326600,0.15000
1774327500,0.15000
1774328400,0.15000
1774329300,0.15000
1774330200,0.15000
1774331100,0.15000
1774332000,0.15000
1774332900,0.15000
1774333800,0.15000
1774334700,0.15000
1774335600,0.15000
1774336500,0.15000
1774337400,0.15000
1774338300,0.15000
1774339200,0.15000
1774340100,0.14000
1774341000,0.15000
1774341900,0.15000
1774342800,0.15000
1774343700,0.14000
1774344600,0.15000
1774345500,0.15000
1774346400,0.15000
1774347300,0.15000
1774348200,0.15000
1774349100,0.15000
1774350000,0.15000
1774350900,0.15000
1774351800,0.15000
1774352700,0.15000
1774353600,0.15000
1774354500,0.15000
1774355400,0.15000
1774356300,0.15000
1774357200,0.15000
1774358100,0.15000
1774359000,0.15000
1774359900,0.15000
1774360800,0.15000
1774361700,0.15000
1774362600,0.15000
1774363500,0.15000
1774364400,0.15000
1774365300,0.15000
1774366200,0.15000
1774367100,0.15000
1774368000,0.15000
1774368900,0.15000
1774369800,0.14000
1774370700,0.15000
1774371600,0.15000
1774372500,0.15000
1774373400,0.15000
1774374300,0.15000
1774375200,0.15000
1774376100,0.15000
1774377000,0.15000
1774377900,0.14000
1774378800,0.15000
1774379700,0.15000
1774380600,0.15000
1774381500,0.15000
1774382400,0.15000
1774383300,0.28000
1774384200,0.28000
1774385100,0.28000
1774389600,0.28000
1774390500,0.28000
1774391400,0.28000
1774392300,0.28000
1774393200,0.15000
1774394100,0.15000
1774395000,0.15000
1774395900,0.15000
1774396800,0.15000
1774397700,0.15000
1774398600,0.15000
1774399500,0.15000
1774400400,0.15000
1774401300,0.15000
1774402200,0.15000
1774403100,0.15000
1774404000,0.15000
1774404900,0.15000
1774405800,0.15000
1774406700,0.15000
1774407600,0.15000
1774408500,0.15000
1774409400,0.15000
1774410300,0.15000
1774411200,0.15000
1774412100,0.15000
1774413000,0.15000
1774413900,0.15000
1774414800,0.15000
1774415700,0.15000
1774416600,0.15000
1774417500,0.15000
1774418400,0.15000
1774419300,0.15000
1774420200,0.15000
1774421100,0.15000
1774422000,0.15000
1774422900,0.15000
1774423800,0.15000
1774424700,0.15000
1774425600,0.15000
1774426500,0.15000
1774427400,0.15000
1774428300,0.15000
1774429200,0.15000
1774430100,0.15000
1774431000,0.15000
1774431900,0.15000
1774432800,0.15000
1774433700,0.15000
1774434600,0.15000
1774435500,0.15000
1774436400,0.15000
1774437300,0.15000
1774438200,0.15000
1774439100,0.15000
1774440000,0.15000
1774440900,0.15000
1774441800,0.15000
1774442700,0.15000
1774443600,0.15000
1774444500,0.15000
1774445400,0.15000
1774446300,0.15000
1774447200,0.15000
1774448100,0.15000
1774449000,0.15000
1774449900,0.15000
1774450800,0.15000
1774451700,0.15000
1774452600,0.15000
1774453500,0.15000
1774454400,0.15000
1774455300,0.15000
1774456200,0.14000
1774457100,0.15000
1774458000,0.15000
1774458900,0.15000
1774459800,0.15000
1774460700,0.15000
1774461600,0.15000
1774462500,0.15000
1774463400,0.15000
1774464300,0.15000
1774465200,0.15000
1774466100,0.15000
1774467000,0.14000
1774467900,0.15000
1774468800,0.15000
1774469700,0.28000
1774470600,0.28000
1774471500,0.28000
1774476000,0.28000
1774476900,0.28000
1774477800,0.28000
1774478700,0.28000
1774479600,0.15000
1774480500,0.15000
1774481400,0.15000
1774482300,0.15000
1774483200,0.15000
1774484100,0.15000
1774485000,0.15000
1774485900,0.15000
1774486800,0.15000
1774487700,0.15000
1774488600,0.15000
1774489500,0.15000
1774490400,0.15000
1774491300,0.15000
1774492200,0.15000
1774493100,0.15000
1774494000,0.14000
1774494900,0.15000
1774495800,0.15000
1774496700,0.15000
1774497600,0.15000
1774498500,0.15000
1774499400,0.14000
1774500300,0.15000
1774501200,0.15000
1774502100,0.15000
1774503000,0.15000
1774503900,0.15000
1774504800,0.15000
1774505700,0.15000
1774506600,0.15000
1774507500,0.15000
1774508400,0.15000
1774509300,0.15000
1774510200,0.15000
1774511100,0.15000
1774512000,0.15000
1774512900,0.15000
1774513800,0.15000
1774514700,0.15000
1774515600,0.15000
1774516500,0.15000
1774517400,0.15000
1774518300,0.15000
1774519200,0.15000
1774520100,0.15000
1774521000,0.15000
1774521900,0.15000
1774522800,0.15000
1774523700,0.15000
1774524600,0.15000
1774525500,0.15000
1774526400,0.15000
1774527300,0.15000
1774528200,0.15000
1774529100,0.15000
1774530000,0.15000
1774530900,0.15000
1774531800,0.15000
1774532700,0.15000
1774533600,0.15000
1774534500,0.15000
1774535400,0.15000
1774536300,0.15000
1774537200,0.15000
1774538100,0.15000
1774539000,0.15000
1774539900,0.15000
1774540800,0.14000
1774541700,0.15000
1774542600,0.15000
1774543500,0.15000
1774544400,0.15000
1774545300,0.15000
1774546200,0.15000
1774547100,0.15000
1774548000,0.15000
1774548900,0.15000
1774549800,0.15000
1774550700,0.15000
1774551600,0.15000
1774552500,0.15000
1774553400,0.15000
1774554300,0.15000
1774555200,0.15000
1774556100,0.28000
1774557000,0.28000
1774557900,0.28000
1774562400,0.28000
1774563300,0.28000
1774564200,0.28000
1774565100,0.28000
1774566000,0.15000
1774566900,0.15000
1774567800,0.15000
1774568700,0.15000
1774569600,0.15000
1774570500,0.15000
1774571400,0.15000
1774572300,0.15000
1774573200,0.15000
1774574100,0.15000
1774575000,0.15000
1774575900,0.15000
1774576800,0.15000
1774577700,0.15000
1774578600,0.15000
1774579500,0.15000
1774580400,0.15000
1774581300,0.15000
1774582200,0.15000
1774583100,0.15000
1774584000,0.15000
1774584900,0.15000
1774585800,0.15000
1774586700,0.15000
1774587600,0.15000
1774588500,0.15000
1774589400,0.15000
1774590300,0.15000
1774591200,0.15000
1774592100,0.15000
1774593000,0.15000
1774593900,0.15000
1774594800,0.15000
1774595700,0.15000
1774596600,0.15000
1774597500,0.15000
1774598400,0.15000
1774599300,0.15000
1774600200,0.15000
1774601100,0.15000
1774602000,0.15000
1774602900,0.15000
1774603800,0.15000
1774604700,0.15000
1774605600,0.15000
1774606500,0.15000
1774607400,0.15000
1774608300,0.15000
1774609200,0.15000
1774610100,0.15000
1774611000,0.15000
1774611900,0.15000
1774612800,0.15000
1774613700,0.15000
1774614600,0.15000
1774615500,0.15000
1774616400,0.15000
1774617300,0.15000
1774618200,0.15000
1774619100,0.15000
1774620000,0.15000
1774620900,0.15000
1774621800,0.15000
1774622700,0.15000
1774623600,0.15000
1774624500,0.15000
1774625400,0.15000
1774626300,0.15000
1774627200,0.15000
1774628100,0.15000
1774629000,0.15000
1774629900,0.15000
1774630800,0.15000
1774631700,0.15000
1774632600,0.15000
1774633500,0.15000
1774634400,0.15000
1774635300,0.15000
1774636200,0.15000
1774637100,0.15000
1774638000,0.15000
1774638900,0.15000
1774639800,0.15000
1774640700,0.15000
1774641600,0.15000
1774642500,0.58000
1774643400,0.58000
1774821600,0.58000
1774822500,0.58000
1774823400,0.58000
1774824300,0.58000
1774825200,0.58000
1774826100,0.58000
1774827000,0.15000
1774827900,0.15000
1774828800,0.15000
1774829700,0.15000
1774830600,0.15000
1774831500,0.15000
1774832400,0.15000
1774833300,0.15000
1774834200,0.15000
1774835100,0.15000
1774836000,0.15000
1774836900,0.15000
1774837800,0.15000
1774838700,0.15000
1774839600,0.15000
1774840500,0.15000
1774841400,0.15000
1774842300,0.15000
1774843200,0.15000
1774844100,0.15000
1774845000,0.15000
1774845900,0.15000
1774846800,0.15000
1774847700,0.15000
1774848600,0.15000
1774849500,0.15000
1774850400,0.15000
1774851300,0.15000
1774852200,0.15000
1774853100,0.15000
1774854000,0.15000
1774854900,0.15000
1774855800,0.15000
1774856700,0.14000
1774857600,0.15000
1774858500,0.15000
1774859400,0.15000
1774860300,0.15000
1774861200,0.15000
1774862100,0.15000
1774863000,0.15000
1774863900,0.15000
1774864800,0.15000
1774865700,0.15000
1774866600,0.15000
1774867500,0.15000
1774868400,0.15000
1774869300,0.15000
1774870200,0.15000
1774871100,0.15000
1774872000,0.14000
1774872900,0.15000
1774873800,0.15000
1774874700,0.15000
1774875600,0.15000
1774876500,0.15000
1774877400,0.15000
1774878300,0.15000
1774879200,0.15000
1774880100,0.15000
1774881000,0.15000
1774881900,0.15000
1774882800,0.15000
1774883700,0.15000
1774884600,0.14000
1774885500,0.15000
1774886400,0.15000
1774887300,0.15000
1774888200,0.15000
1774889100,0.15000
1774890000,0.15000
1774890900,0.15000
1774891800,0.15000
1774892700,0.15000
1774893600,0.15000
1774894500,0.15000
1774895400,0.15000
1774896300,0.15000
1774897200,0.15000
1774898100,0.15000
1774899000,0.15000
1774899900,0.14000
1774900800,0.15000
1774901700,0.28000
1774902600,0.28000
1774903500,0.28000
1774908000,0.28000
1774908900,0.28000
1774909800,0.28000
1774910700,0.28000
1774911600,0.15000
1774912500,0.15000
1774913400,0.15000
1774914300,0.15000
1774915200,0.15000
1774916100,0.15000
1774917000,0.15000
1774917900,0.15000
1774918800,0.15000
1774919700,0.15000
1774920600,0.15000
1774921500,0.15000
1774922400,0.15000
1774923300,0.15000
1774924200,0.15000
1774925100,0.15000
1774926000,0.14000
1774926900,0.14000
1774927800,0.15000
1774928700,0.15000
1774929600,0.15000
1774930500,0.15000
1774931400,0.15000
1774932300,0.15000
1774933200,0.15000
1774934100,0.15000
1774935000,0.15000
1774935900,0.15000
1774936800,0.14000
1774937700,0.15000
1774938600,0.15000
1774939500,0.15000
1774940400,0.14000
1774941300,0.15000
1774942200,0.15000
1774943100,0.14000
1774944000,0.15000
1774944900,0.14000
1774945800,0.15000
1774946700,0.15000
1774947600,0.15000
1774948500,0.15000
1774949400,0.15000
1774950300,0.15000
1774951200,0.14000
1774952100,0.15000
1774953000,0.15000
1774953900,0.15000
1774954800,0.15000
1774955700,0.15000
1774956600,0.15000
1774957500,0.15000
1774958400,0.15000
1774959300,0.15000
1774960200,0.15000
1774961100,0.15000
1774962000,0.15000
1774962900,0.15000
1774963800,0.15000
1774964700,0.15000
1774965600,0.15000
1774966500,0.15000
1774967400,0.15000
1774968300,0.15000
1774969200,0.15000
1774970100,0.15000
1774971000,0.14000
1774971900,0.15000
1774972800,0.15000
1774973700,0.14000
1774974600,0.15000
1774975500,0.15000
1774976400,0.15000
1774977300,0.15000
1774978200,0.15000
1774979100,0.15000
1774980000,0.15000
1774980900,0.15000
1774981800,0.15000
1774982700,0.15000
1774983600,0.15000
1774984500,0.15000
1774985400,0.15000
1774986300,0.14000
1774987200,0.15000
1774988100,0.28000
1774989000,0.28000
1774989900,0.28000
1774994400,0.28000
1774995300,0.28000
1774996200,0.28000
1774997100,0.28000
1774998000,0.15000
1774998900,0.15000
1774999800,0.15000
1775000700,0.15000
1775001600,0.15000
1775002500,0.15000
1775003400,0.15000
1775004300,0.15000
1775005200,0.15000
1775006100,0.15000
1775007000,0.15000
1775007900,0.15000
1775008800,0.15000
1775009700,0.15000
1775010600,0.15000
1775011500,0.15000
1775012400,0.15000
1775013300,0.15000
1775014200,0.15000
1775015100,0.15000
1775016000,0.15000
1775016900,0.15000
1775017800,0.15000
1775018700,0.15000
1775019600,0.15000
1775020500,0.15000
1775021400,0.15000
1775022300,0.15000
1775023200,0.14000
1775024100,0.15000
1775025000,0.15000
1775025900,0.15000
1775026800,0.15000
1775027700,0.15000
1775028600,0.15000
1775029500,0.15000
1775030400,0.15000
1775031300,0.14000
1775032200,0.15000
1775033100,0.15000
1775034000,0.15000
1775034900,0.15000
1775035800,0.15000
1775036700,0.15000
1775037600,0.15000
1775038500,0.15000
1775039400,0.15000
1775040300,0.15000
1775041200,0.15000
1775042100,0.15000
1775043000,0.15000
1775043900,0.15000
1775044800,0.14000
1775045700,0.15000
1775046600,0.15000
1775047500,0.15000
1775048400,0.15000
1775049300,0.15000
1775050200,0.15000
1775051100,0.15000
1775052000,0.15000
1775052900,0.15000
1775053800,0.15000
1775054700,0.15000
1775055600,0.15000
1775056500,0.15000
1775057400,0.15000
1775058300,0.15000
1775059200,0.15000
1775060100,0.15000
1775061000,0.15000
1775061900,0.15000
1775062800,0.15000
1775063700,0.15000
1775064600,0.14000
1775065500,0.15000
1775066400,0.15000
1775067300,0.15000
1775068200,0.15000
1775069100,0.15000
1775070000,0.15000
1775070900,0.15000
1775071800,0.15000
1775072700,0.15000
1775073600,0.15000
1775074500,0.28000
1775075400,0.28000
1775076300,0.28000
1775080800,0.28000
1775081700,0.28000
1775082600,0.28000
1775083500,0.28000
1775084400,0.15000
1775085300,0.15000
1775086200,0.15000
1775087100,0.15000
1775088000,0.15000
1775088900,0.15000
1775089800,0.15000
1775090700,0.15000
1775091600,0.15000
1775092500,0.15000
1775093400,0.15000
1775094300,0.15000
1775095200,0.15000
1775096100,0.15000
1775097000,0.15000
1775097900,0.15000
1775098800,0.15000
1775099700,0.15000
1775100600,0.15000
1775101500,0.15000
1775102400,0.15000
1775103300,0.15000
1775104200,0.15000
1775105100,0.15000
1775106000,0.15000
1775106900,0.15000
1775107800,0.15000
1775108700,0.15000
1775109600,0.15000
1775110500,0.15000
1775111400,0.15000
1775112300,0.15000
1775113200,0.14000
1775114100,0.15000
1775115000,0.15000
1775115900,0.15000
1775116800,0.15000
1775117700,0.15000
1775118600,0.15000
1775119500,0.15000
1775120400,0.15000
1775121300,0.15000
1775122200,0.15000
1775123100,0.15000
1775124000,0.15000
1775124900,0.15000
1775125800,0.15000
1775126700,0.15000
1775127600,0.15000
1775128500,0.15000
1775129400,0.15000
1775130300,0.15000
1775131200,0.15000
1775132100,0.15000
1775133000,0.15000
1775133900,0.15000
1775134800,0.15000
1775135700,0.15000
1775136600,0.15000
1775137500,0.14000
1775138400,0.15000
1775139300,0.15000
1775140200,0.15000
1775141100,0.15000
1775142000,0.15000
1775142900,0.15000
1775143800,0.14000
1775144700,0.15000
1775145600,0.15000
1775146500,0.15000
1775147400,0.14000
1775148300,0.15000
1775149200,0.15000
1775150100,0.15000
1775151000,0.15000
1775151900,0.15000
1775152800,0.15000
1775153700,0.15000
1775154600,0.15000
1775155500,0.15000
1775156400,0.15000
1775157300,0.15000
1775158200,0.15000
1775159100,0.14000
1775160000,0.15000
1775160900,0.28000
1775161800,0.28000
1775162700,0.28000
1775426400,0.58000
1775427300,0.58000
1775428200,0.58000
1775429100,0.58000
1775430000,0.58000
1775430900,0.58000
1775431800,0.15000
1775432700,0.15000
1775433600,0.15000
1775434500,0.15000
1775435400,0.15000
1775436300,0.15000
1775437200,0.15000
1775438100,0.15000
1775439000,0.15000
1775439900,0.15000
1775440800,0.15000
1775441700,0.15000
1775442600,0.15000
1775443500,0.15000
1775444400,0.15000
1775445300,0.15000
1775446200,0.15000
1775447100,0.15000
1775448000,0.15000
1775448900,0.15000
1775449800,0.15000
1775450700,0.15000
1775451600,0.15000
1775452500,0.15000
1775453400,0.15000
1775454300,0.15000
1775455200,0.15000
1775456100,0.15000
1775457000,0.15000
1775457900,0.15000
1775458800,0.15000
1775459700,0.15000
1775460600,0.15000
1775461500,0.15000
1775462400,0.15000
1775463300,0.15000
1775464200,0.15000
1775465100,0.14000
1775466000,0.15000
1775466900,0.15000
1775467800,0.15000
1775468700,0.15000
1775469600,0.15000
1775470500,0.15000
1775471400,0.15000
1775472300,0.15000
1775473200,0.15000
1775474100,0.15000
1775475000,0.15000
1775475900,0.15000
1775476800,0.15000
1775477700,0.15000
1775478600,0.15000
1775479500,0.15000
1775480400,0.15000
1775481300,0.15000
1775482200,0.15000
1775483100,0.15000
1775484000,0.15000
1775484900,0.15000
1775485800,0.15000
1775486700,0.15000
1775487600,0.15000
1775488500,0.15000
1775489400,0.14000
1775490300,0.15000
1775491200,0.15000
1775492100,0.15000
1775493000,0.15000
1775493900,0.15000
1775494800,0.15000
1775495700,0.15000
1775496600,0.15000
1775497500,0.15000
1775498400,0.15000
1775499300,0.15000
1775500200,0.15000
1775501100,0.15000
1775502000,0.15000
1775502900,0.15000
1775503800,0.15000
1775504700,0.14000
1775505600,0.15000
1775506500,0.28000
1775507400,0.28000
1775508300,0.28000
1775512800,0.28000
1775513700,0.28000
1775514600,0.28000
1775515500,0.28000
1775516400,0.15000
1775517300,0.15000
1775518200,0.15000
1775519100,0.15000
1775520000,0.15000
1775520900,0.15000
1775521800,0.15000
1775522700,0.15000
1775523600,0.15000
1775524500,0.15000
1775525400,0.15000
1775526300,0.15000
1775527200,0.15000
1775528100,0.15000
1775529000,0.15000
1775529900,0.15000
1775530800,0.15000
1775531700,0.15000
1775532600,0.15000
1775533500,0.15000
1775534400,0.15000
1775535300,0.15000
1775536200,0.15000
1775537100,0.15000
1775538000,0.15000
1775538900,0.15000
1775539800,0.15000
1775540700,0.15000
1775541600,0.15000
1775542500,0.15000
1775543400,0.15000
1775544300,0.15000
1775545200,0.15000
1775546100,0.14000
1775547000,0.15000
1775547900,0.15000
1775548800,0.15000
1775549700,0.15000
1775550600,0.15000
1775551500,0.15000
1775552400,0.15000
1775553300,0.15000
1775554200,0.15000
1775555100,0.15000
1775556000,0.15000
1775556900,0.15000
1775557800,0.15000
1775558700,0.15000
1775559600,0.15000
1775560500,0.15000
1775561400,0.15000
1775562300,0.15000
1775563200,0.15000
1775564100,0.15000
1775565000,0.14000
1775565900,0.15000
1775566800,0.15000
1775567700,0.15000
1775568600,0.15000
1775569500,0.15000
1775570400,0.15000
1775571300,0.15000
1775572200,0.15000
1775573100,0.15000
1775574000,0.15000
1775574900,0.15000
1775575800,0.14000
1775576700,0.15000
1775577600,0.15000
1775578500,0.14000
1775579400,0.14000
1775580300,0.15000
1775581200,0.15000
1775582100,0.15000
1775583000,0.15000
1775583900,0.15000
1775584800,0.15000
1775585700,0.15000
1775586600,0.15000
1775587500,0.15000
1775588400,0.15000
1775589300,0.15000
1775590200,0.15000
1775591100,0.14000
1775592000,0.15000
1775592900,0.28000
1775593800,0.28000
1775594700,0.28000
1775599200,0.28000
1775600100,0.28000
1775601000,0.28000
1775601900,0.28000
1775602800,0.15000
1775603700,0.15000
1775604600,0.15000
1775605500,0.15000
1775606400,0.15000
1775607300,0.15000
1775608200,0.15000
1775609100,0.15000
1775610000,0.15000
1775610900,0.15000
1775611800,0.15000
1775612700,0.15000
1775613600,0.15000
1775614500,0.15000
1775615400,0.15000
1775616300,0.14000
1775617200,0.15000
1775618100,0.15000
1775619000,0.15000
1775619900,0.15000
1775620800,0.15000
1775621700,0.15000
1775622600,0.15000
1775623500,0.15000
1775624400,0.15000
1775625300,0.15000
1775626200,0.15000
1775627100,0.15000
1775628000,0.14000
1775628900,0.15000
1775629800,0.15000
1775630700,0.15000
1775631600,0.15000
1775632500,0.15000
1775633400,0.15000
1775634300,0.15000
1775635200,0.15000
1775636100,0.15000
1775637000,0.14000
1775637900,0.15000
1775638800,0.15000
1775639700,0.15000
1775640600,0.15000
1775641500,0.14000
1775642400,0.15000
1775643300,0.15000
1775644200,0.15000
1775645100,0.15000
1775646000,0.15000
1775646900,0.15000
1775647800,0.15000
1775648700,0.15000
1775649600,0.14000
1775650500,0.15000
1775651400,0.15000
1775652300,0.15000
1775653200,0.15000
1775654100,0.15000
1775655000,0.15000
1775655900,0.15000
1775656800,0.15000
1775657700,0.15000
1775658600,0.15000
1775659500,0.15000
1775660400,0.15000
1775661300,0.14000
1775662200,0.14000
1775663100,0.15000
1775664000,0.15000
1775664900,0.15000
1775665800,0.14000
1775666700,0.15000
1775667600,0.15000
1775668500,0.15000
1775669400,0.15000
1775670300,0.15000
1775671200,0.15000
1775672100,0.15000
1775673000,0.15000
1775673900,0.15000
1775674800,0.15000
1775675700,0.15000
1775676600,0.15000
1775677500,0.14000
1775678400,0.15000
1775679300,0.28000
1775680200,0.28000
1775681100,0.28000
1775685600,0.28000
1775686500,0.28000
1775687400,0.28000
1775688300,0.28000
1775689200,0.15000
1775690100,0.15000
1775691000,0.15000
1775691900,0.15000
1775692800,0.15000
1775693700,0.15000
1775694600,0.15000
1775695500,0.15000
1775696400,0.15000
1775697300,0.15000
1775698200,0.15000
1775699100,0.15000
1775700000,0.15000
1775700900,0.15000
1775701800,0.15000
1775702700,0.14000
1775703600,0.15000
1775704500,0.15000
1775705400,0.15000
1775706300,0.15000
1775707200,0.15000
1775708100,0.15000
1775709000,0.15000
1775709900,0.15000
1775710800,0.15000
1775711700,0.15000
1775712600,0.15000
1775713500,0.15000
1775714400,0.14000
1775715300,0.15000
1775716200,0.15000
1775717100,0.15000
1775718000,0.15000
1775718900,0.15000
1775719800,0.15000
1775720700,0.15000
1775721600,0.15000
1775722500,0.15000
1775723400,0.15000
1775724300,0.15000
1775725200,0.15000
1775726100,0.15000
1775727000,0.15000
1775727900,0.15000
1775728800,0.15000
1775729700,0.15000
1775730600,0.15000
1775731500,0.15000
1775732400,0.15000
1775733300,0.15000
1775734200,0.15000
1775735100,0.14000
1775736000,0.15000
1775736900,0.15000
1775737800,0.15000
1775738700,0.15000
1775739600,0.15000
1775740500,0.15000
1775741400,0.15000
1775742300,0.15000
1775743200,0.15000
1775744100,0.15000
1775745000,0.15000
1775745900,0.15000
1775746800,0.15000
1775747700,0.15000
1775748600,0.14000
1775749500,0.15000
1775750400,0.15000
1775751300,0.14000
1775752200,0.14000
1775753100,0.15000
1775754000,0.15000
1775754900,0.15000
1775755800,0.15000
1775756700,0.15000
1775757600,0.15000
1775758500,0.15000
1775759400,0.15000
1775760300,0.15000
1775761200,0.15000
1775762100,0.15000
1775763000,0.15000
1775763900,0.14000
1775764800,0.15000
1775765700,0.28000
1775766600,0.28000
1775767500,0.28000
1775772000,0.28000
1775772900,0.28000
1775773800,0.28000
1775774700,0.28000
1775775600,0.15000
1775776500,0.15000
1775777400,0.15000
1775778300,0.15000
1775779200,0.15000
1775780100,0.15000
1775781000,0.15000
1775781900,0.15000
1775782800,0.15000
1775783700,0.15000
1775784600,0.15000
1775785500,0.15000
1775786400,0.15000
1775787300,0.15000
1775788200,0.14000
1775789100,0.15000
1775790000,0.15000
1775790900,0.15000
1775791800,0.15000
1775792700,0.15000
1775793600,0.15000
1775794500,0.15000
1775795400,0.15000
1775796300,0.15000
1775797200,0.15000
1775798100,0.15000
1775799000,0.15000
1775799900,0.15000
1775800800,0.15000
1775801700,0.15000
1775802600,0.15000
1775803500,0.15000
1775804400,0.15000
1775805300,0.15000
1775806200,0.15000
1775807100,0.15000
1775808000,0.15000
1775808900,0.15000
1775809800,0.15000
1775810700,0.15000
1775811600,0.15000
1775812500,0.15000
1775813400,0.15000
1775814300,0.15000
1775815200,0.15000
1775816100,0.15000
1775817000,0.15000
1775817900,0.15000
1775818800,0.15000
1775819700,0.15000
1775820600,0.15000
1775821500,0.15000
1775822400,0.15000
1775823300,0.15000
1775824200,0.15000
1775825100,0.15000
1775826000,0.14000
1775826900,0.15000
1775827800,0.15000
1775828700,0.15000
1775829600,0.15000
1775830500,0.15000
1775831400,0.15000
1775832300,0.15000
1775833200,0.15000
1775834100,0.15000
1775835000,0.15000
1775835900,0.15000
1775836800,0.15000
1775837700,0.15000
1775838600,0.15000
1775839500,0.15000
1775840400,0.15000
1775841300,0.15000
1775842200,0.15000
1775843100,0.15000
1775844000,0.15000
1775844900,0.15000
1775845800,0.15000
1775846700,0.15000
1775847600,0.15000
1775848500,0.15000
1775849400,0.15000
1775850300,0.15000
1775851200,0.15000
1775852100,0.58000
1775853000,0.58000
1776031200,0.58000
1776032100,0.58000
1776033000,0.58000
1776033900,0.58000
1776034800,0.58000
1776035700,0.58000
1776036600,0.15000
1776037500,0.15000
1776038400,0.15000
1776039300,0.15000
1776040200,0.15000
1776041100,0.15000
1776042000,0.15000
1776042900,0.15000
1776043800,0.15000
1776044700,0.15000
1776045600,0.15000
1776046500,0.15000
1776047400,0.15000
1776048300,0.15000
1776049200,0.15000
1776050100,0.15000
1776051000,0.15000
1776051900,0.15000
1776052800,0.15000
1776053700,0.15000
1776054600,0.15000
1776055500,0.15000
1776056400,0.15000
1776057300,0.15000
1776058200,0.15000
1776059100,0.15000
1776060000,0.15000
1776060900,0.15000
1776061800,0.15000
1776062700,0.15000
1776063600,0.15000
1776064500,0.15000
1776065400,0.15000
1776066300,0.15000
1776067200,0.15000
1776068100,0.15000
1776069000,0.15000
1776069900,0.15000
1776070800,0.15000
1776071700,0.15000
1776072600,0.15000
1776073500,0.15000
1776074400,0.15000
1776075300,0.14000
1776076200,0.15000
1776077100,0.15000
1776078000,0.15000
1776078900,0.15000
1776079800,0.15000
1776080700,0.15000
1776081600,0.15000
1776082500,0.15000
1776083400,0.15000
1776084300,0.15000
1776085200,0.15000
1776086100,0.15000
1776087000,0.15000
1776087900,0.15000
1776088800,0.15000
1776089700,0.15000
1776090600,0.15000
1776091500,0.15000
1776092400,0.15000
1776093300,0.14000
1776094200,0.15000
1776095100,0.15000
1776096000,0.15000
1776096900,0.15000
1776097800,0.15000
1776098700,0.15000
1776099600,0.15000
1776100500,0.15000
1776101400,0.15000
1776102300,0.15000
1776103200,0.15000
1776104100,0.15000
1776105000,0.15000
1776105900,0.15000
1776106800,0.15000
1776107700,0.15000
1776108600,0.15000
1776109500,0.14000
1776110400,0.14000
1776111300,0.28000
1776112200,0.28000
1776113100,0.28000
1776117600,0.28000
1776118500,0.28000
1776119400,0.28000
1776120300,0.28000
1776121200,0.15000
1776122100,0.15000
1776123000,0.15000
1776123900,0.15000
1776124800,0.15000
1776125700,0.15000
1776126600,0.15000
1776127500,0.15000
1776128400,0.15000
1776129300,0.15000
1776130200,0.15000
1776131100,0.15000
1776132000,0.15000
1776132900,0.15000
1776133800,0.15000
1776134700,0.15000
1776135600,0.15000
1776136500,0.15000
1776137400,0.15000
1776138300,0.15000
1776139200,0.15000
1776140100,0.15000
1776141000,0.15000
1776141900,0.15000
1776142800,0.15000
1776143700,0.15000
1776144600,0.15000
1776145500,0.15000
1776146400,0.14000
1776147300,0.15000
1776148200,0.15000
1776149100,0.15000
1776150000,0.15000
1776150900,0.15000
1776151800,0.15000
1776152700,0.15000
1776153600,0.15000
1776154500,0.14000
1776155400,0.15000
1776156300,0.15000
1776157200,0.15000
1776158100,0.15000
1776159000,0.15000
1776159900,0.15000
1776160800,0.15000
1776161700,0.15000
1776162600,0.15000
1776163500,0.15000
1776164400,0.15000
1776165300,0.15000
1776166200,0.15000
1776167100,0.15000
1776168000,0.15000
1776168900,0.15000
1776169800,0.15000
1776170700,0.15000
1776171600,0.15000
1776172500,0.15000
1776173400,0.15000
1776174300,0.15000
1776175200,0.15000
1776176100,0.15000
1776177000,0.15000
1776177900,0.15000
1776178800,0.15000
1776179700,0.14000
1776180600,0.14000
1776181500,0.15000
1776182400,0.15000
1776183300,0.14000
1776184200,0.15000
1776185100,0.15000
1776186000,0.15000
1776186900,0.15000
1776187800,0.15000
1776188700,0.15000
1776189600,0.15000
1776190500,0.15000
1776191400,0.15000
1776192300,0.15000
1776193200,0.15000
1776194100,0.15000
1776195000,0.15000
1776195900,0.15000
1776196800,0.15000
1776197700,0.28000
1776198600,0.28000
1776199500,0.28000
1776204000,0.28000
1776204900,0.28000
1776205800,0.28000
1776206700,0.28000
1776207600,0.15000
1776208500,0.15000
1776209400,0.15000
1776210300,0.15000
1776211200,0.15000
1776212100,0.15000
1776213000,0.15000
1776213900,0.15000
1776214800,0.15000
1776215700,0.15000
1776216600,0.15000
1776217500,0.15000
1776218400,0.15000
1776219300,0.15000
1776220200,0.15000
1776221100,0.15000
1776222000,0.15000
1776222900,0.15000
1776223800,0.15000
1776224700,0.15000
1776225600,0.15000
1776226500,0.15000
1776227400,0.15000
1776228300,0.15000
1776229200,0.15000
1776230100,0.15000
1776231000,0.15000
1776231900,0.15000
1776232800,0.14000
1776233700,0.15000
1776234600,0.15000
1776235500,0.15000
1776236400,0.15000
1776237300,0.15000
1776238200,0.15000
1776239100,0.15000
1776240000,0.15000
1776240900,0.14000
1776241800,0.15000
1776242700,0.15000
1776243600,0.15000
1776244500,0.14000
1776245400,0.15000
1776246300,0.15000
1776247200,0.15000
1776248100,0.15000
1776249000,0.15000
1776249900,0.15000
1776250800,0.15000
1776251700,0.15000
1776252600,0.15000
1776253500,0.15000
1776254400,0.15000
1776255300,0.15000
1776256200,0.15000
1776257100,0.15000
1776258000,0.15000
1776258900,0.15000
1776259800,0.15000
1776260700,0.15000
1776261600,0.14000
1776262500,0.15000
1776263400,0.15000
1776264300,0.15000
1776265200,0.15000
1776266100,0.15000
1776267000,0.15000
1776267900,0.15000
1776268800,0.15000
1776269700,0.15000
1776270600,0.15000
1776271500,0.15000
1776272400,0.15000
1776273300,0.15000
1776274200,0.15000
1776275100,0.15000
1776276000,0.15000
1776276900,0.15000
1776277800,0.15000
1776278700,0.15000
1776279600,0.15000
1776280500,0.15000
1776281400,0.15000
1776282300,0.15000
1776283200,0.15000
1776284100,0.28000
1776285000,0.28000
1776285900,0.28000
1776290400,0.28000
1776291300,0.28000
1776292200,0.28000
1776293100,0.28000
1776294000,0.15000
1776294900,0.15000
1776295800,0.15000
1776296700,0.15000
1776297600,0.15000
1776298500,0.15000
1776299400,0.15000
1776300300,0.15000
1776301200,0.15000
1776302100,0.15000
1776303000,0.15000
1776303900,0.15000
1776304800,0.14000
1776305700,0.15000
1776306600,0.15000
1776307500,0.15000
1776308400,0.15000
1776309300,0.15000
1776310200,0.15000
1776311100,0.15000
1776312000,0.15000
1776312900,0.15000
1776313800,0.15000
1776314700,0.15000
1776315600,0.15000
1776316500,0.15000
1776317400,0.15000
1776318300,0.15000
1776319200,0.14000
1776320100,0.15000
1776321000,0.15000
1776321900,0.15000
1776322800,0.15000
1776323700,0.15000
1776324600,0.15000
1776325500,0.15000
1776326400,0.15000
1776327300,0.15000
1776328200,0.15000
1776329100,0.15000
1776330000,0.14000
1776330900,0.15000
1776331800,0.15000
1776332700,0.15000
1776333600,0.15000
1776334500,0.15000
1776335400,0.15000
1776336300,0.15000
1776337200,0.15000
1776338100,0.15000
1776339000,0.15000
1776339900,0.15000
1776340800,0.15000
1776341700,0.15000
1776342600,0.15000
1776343500,0.15000
1776344400,0.15000
1776345300,0.15000
1776346200,0.15000
1776347100,0.15000
1776348000,0.15000
1776348900,0.15000
1776349800,0.15000
1776350700,0.15000
1776351600,0.15000
1776352500,0.15000
1776353400,0.15000
1776354300,0.15000
1776355200,0.15000
1776356100,0.15000
1776357000,0.14000
1776357900,0.15000
1776358800,0.15000
1776359700,0.15000
1776360600,0.15000
1776361500,0.15000
1776362400,0.15000
1776363300,0.15000
1776364200,0.15000
1776365100,0.15000
1776366000,0.15000
1776366900,0.15000
1776367800,0.15000
1776368700,0.14000
1776369600,0.15000
1776370500,0.28000
1776371400,0.28000
1776372300,0.28000
1776376800,0.28000
1776377700,0.28000
1776378600,0.28000
1776379500,0.28000
1776380400,0.15000
1776381300,0.15000
1776382200,0.15000
1776383100,0.15000
1776384000,0.15000
1776384900,0.15000
1776385800,0.15000
1776386700,0.14000
1776387600,0.15000
1776388500,0.15000
1776389400,0.15000
1776390300,0.15000
1776391200,0.15000
1776392100,0.15000
1776393000,0.15000
1776393900,0.15000
1776394800,0.15000
1776395700,0.15000
1776396600,0.15000
1776397500,0.15000
1776398400,0.15000
1776399300,0.15000
1776400200,0.15000
1776401100,0.15000
1776402000,0.15000
1776402900,0.15000
1776403800,0.15000
1776404700,0.15000
1776405600,0.14000
1776406500,0.15000
1776407400,0.15000
1776408300,0.15000
1776409200,0.15000
1776410100,0.15000
1776411000,0.15000
1776411900,0.14000
1776412800,0.15000
1776413700,0.15000
1776414600,0.15000
1776415500,0.15000
1776416400,0.15000
1776417300,0.15000
1776418200,0.15000
1776419100,0.14000
1776420000,0.15000
1776420900,0.15000
1776421800,0.15000
1776422700,0.14000
1776423600,0.15000
1776424500,0.15000
1776425400,0.15000
1776426300,0.14000
1776427200,0.15000
1776428100,0.15000
1776429000,0.15000
1776429900,0.15000
1776430800,0.15000
1776431700,0.15000
1776432600,0.15000
1776433500,0.15000
1776434400,0.15000
1776435300,0.15000
1776436200,0.15000
1776437100,0.15000
1776438000,0.15000
1776438900,0.14000
1776439800,0.14000
1776440700,0.15000
1776441600,0.15000
1776442500,0.14000
1776443400,0.15000
1776444300,0.15000
1776445200,0.15000
1776446100,0.15000
1776447000,0.15000
1776447900,0.15000
1776448800,0.15000
1776449700,0.15000
1776450600,0.15000
1776451500,0.15000
1776452400,0.15000
1776453300,0.15000
1776454200,0.15000
1776455100,0.14000
1776456000,0.15000
1776456900,0.58000
1776457800,0.58000
1776636000,0.58000
1776636900,0.58000
1776637800,0.58000
1776638700,0.58000
1776639600,0.58000
1776640500,0.58000
1776641400,0.15000
1776642300,0.15000
1776643200,0.15000
1776644100,0.15000
1776645000,0.15000
1776645900,0.15000
1776646800,0.15000
1776647700,0.15000
1776648600,0.15000
1776649500,0.15000
1776650400,0.15000
1776651300,0.15000
1776652200,0.15000
1776653100,0.15000
1776654000,0.15000
1776654900,0.15000
1776655800,0.15000
1776656700,0.15000
1776657600,0.15000
1776658500,0.15000
1776659400,0.15000
1776660300,0.15000
1776661200,0.15000
1776662100,0.15000
1776663000,0.15000
1776663900,0.15000
1776664800,0.14000
1776665700,0.15000
1776666600,0.15000
1776667500,0.15000
1776668400,0.15000
1776669300,0.15000
1776670200,0.15000
1776671100,0.15000
1776672000,0.15000
1776672900,0.14000
1776673800,0.15000
1776674700,0.15000
1776675600,0.15000
1776676500,0.15000
1776677400,0.15000
1776678300,0.15000
1776679200,0.15000
1776680100,0.15000
1776681000,0.14000
1776681900,0.15000
1776682800,0.15000
1776683700,0.15000
1776684600,0.15000
1776685500,0.15000
1776686400,0.15000
1776687300,0.15000
1776688200,0.15000
1776689100,0.15000
1776690000,0.15000
1776690900,0.15000
1776691800,0.15000
1776692700,0.15000
1776693600,0.15000
1776694500,0.15000
1776695400,0.15000
1776696300,0.15000
1776697200,0.15000
1776698100,0.14000
1776699000,0.14000
1776699900,0.15000
1776700800,0.15000
1776701700,0.14000
1776702600,0.15000
1776703500,0.15000
1776704400,0.15000
1776705300,0.15000
1776706200,0.15000
1776707100,0.15000
1776708000,0.15000
1776708900,0.15000
1776709800,0.15000
1776710700,0.15000
1776711600,0.15000
1776712500,0.15000
1776713400,0.15000
1776714300,0.15000
1776715200,0.15000
1776716100,0.28000
1776717000,0.28000
1776717900,0.28000
1776722400,0.28000
1776723300,0.28000
1776724200,0.28000
1776725100,0.28000
1776726000,0.15000
1776726900,0.15000
1776727800,0.15000
1776728700,0.15000
1776729600,0.15000
1776730500,0.15000
1776731400,0.15000
1776732300,0.15000
1776733200,0.15000
1776734100,0.15000
1776735000,0.15000
1776735900,0.15000
1776736800,0.15000
1776737700,0.15000
1776738600,0.15000
1776739500,0.15000
1776740400,0.15000
1776741300,0.15000
1776742200,0.15000
1776743100,0.15000
1776744000,0.15000
1776744900,0.15000
1776745800,0.15000
1776746700,0.15000
1776747600,0.15000
1776748500,0.15000
1776749400,0.15000
1776750300,0.15000
1776751200,0.15000
1776752100,0.15000
1776753000,0.15000
1776753900,0.15000
1776754800,0.15000
1776755700,0.15000
1776756600,0.15000
1776757500,0.15000
1776758400,0.15000
1776759300,0.14000
1776760200,0.15000
1776761100,0.15000
1776762000,0.15000
1776762900,0.15000
1776763800,0.15000
1776764700,0.15000
1776765600,0.15000
1776766500,0.15000
1776767400,0.14000
1776768300,0.14000
1776769200,0.15000
1776770100,0.15000
1776771000,0.15000
1776771900,0.15000
1776772800,0.15000
1776773700,0.15000
1776774600,0.15000
1776775500,0.15000
1776776400,0.15000
1776777300,0.15000
1776778200,0.15000
1776779100,0.14000
1776780000,0.15000
1776780900,0.15000
1776781800,0.15000
1776782700,0.15000
1776783600,0.15000
1776784500,0.15000
1776785400,0.15000
1776786300,0.15000
1776787200,0.15000
1776788100,0.15000
1776789000,0.15000
1776789900,0.15000
1776790800,0.15000
1776791700,0.15000
1776792600,0.15000
1776793500,0.15000
1776794400,0.15000
1776795300,0.15000
1776796200,0.15000
1776797100,0.15000
1776798000,0.15000
1776798900,0.15000
1776799800,0.15000
1776800700,0.14000
1776801600,0.15000
1776802500,0.28000
1776803400,0.28000
1776804300,0.28000
1776808800,0.28000
1776809700,0.28000
1776810600,0.28000
1776811500,0.28000
1776812400,0.15000
1776813300,0.15000
1776814200,0.15000
1776815100,0.15000
1776816000,0.15000
1776816900,0.15000
1776817800,0.15000
1776818700,0.15000
1776819600,0.15000
1776820500,0.15000
1776821400,0.15000
1776822300,0.15000
1776823200,0.15000
1776824100,0.15000
1776825000,0.15000
1776825900,0.15000
1776826800,0.15000
1776827700,0.15000
1776828600,0.15000
1776829500,0.15000
1776830400,0.15000
1776831300,0.15000
1776832200,0.15000
1776833100,0.15000
1776834000,0.14000
1776834900,0.15000
1776835800,0.15000
1776836700,0.15000
1776837600,0.14000
1776838500,0.15000
1776839400,0.15000
1776840300,0.15000
1776841200,0.15000
1776842100,0.15000
1776843000,0.15000
1776843900,0.15000
1776844800,0.15000
1776845700,0.15000
1776846600,0.15000
1776847500,0.15000
1776848400,0.14000
1776849300,0.15000
1776850200,0.15000
1776851100,0.15000
1776852000,0.15000
1776852900,0.15000
1776853800,0.15000
1776854700,0.14000
1776855600,0.15000
1776856500,0.15000
1776857400,0.15000
1776858300,0.15000
1776859200,0.15000
1776860100,0.15000
1776861000,0.15000
1776861900,0.15000
1776862800,0.15000
1776863700,0.15000
1776864600,0.15000
1776865500,0.14000
1776866400,0.15000
1776867300,0.15000
1776868200,0.15000
1776869100,0.15000
1776870000,0.15000
1776870900,0.15000
1776871800,0.15000
1776872700,0.14000
1776873600,0.15000
1776874500,0.14000
1776875400,0.15000
1776876300,0.15000
1776877200,0.15000
1776878100,0.15000
1776879000,0.15000
1776879900,0.15000
1776880800,0.15000
1776881700,0.15000
1776882600,0.15000
1776883500,0.15000
1776884400,0.15000
1776885300,0.15000
1776886200,0.15000
1776887100,0.15000
1776888000,0.15000
1776888900,0.28000
1776889800,0.28000
1776890700,0.28000
1776895200,0.28000
1776896100,0.28000
1776897000,0.28000
1776897900,0.28000
1776898800,0.15000
1776899700,0.14000
1776900600,0.15000
1776901500,0.15000
1776902400,0.15000
1776903300,0.15000
1776904200,0.15000
1776905100,0.15000
1776906000,0.15000
1776906900,0.15000
1776907800,0.15000
1776908700,0.15000
1776909600,0.15000
1776910500,0.15000
1776911400,0.15000
1776912300,0.15000
1776913200,0.15000
1776914100,0.15000
1776915000,0.15000
1776915900,0.15000
1776916800,0.15000
1776917700,0.15000
1776918600,0.15000
1776919500,0.15000
1776920400,0.15000
1776921300,0.15000
1776922200,0.15000
1776923100,0.15000
1776924000,0.15000
1776924900,0.15000
1776925800,0.15000
1776926700,0.15000
1776927600,0.15000
1776928500,0.14000
1776929400,0.15000
1776930300,0.15000
1776931200,0.15000
1776932100,0.15000
1776933000,0.15000
1776933900,0.15000
1776934800,0.15000
1776935700,0.15000
1776936600,0.15000
1776937500,0.15000
1776938400,0.15000
1776939300,0.15000
1776940200,0.15000
1776941100,0.15000
1776942000,0.15000
1776942900,0.15000
1776943800,0.15000
1776944700,0.15000
1776945600,0.15000
1776946500,0.15000
1776947400,0.15000
1776948300,0.14000
1776949200,0.15000
1776950100,0.15000
1776951000,0.15000
1776951900,0.15000
1776952800,0.15000
1776953700,0.14000
1776954600,0.15000
1776955500,0.15000
1776956400,0.15000
1776957300,0.14000
1776958200,0.15000
1776959100,0.15000
1776960000,0.15000
1776960900,0.14000
1776961800,0.15000
1776962700,0.15000
1776963600,0.15000
1776964500,0.15000
1776965400,0.15000
1776966300,0.15000
1776967200,0.15000
1776968100,0.15000
1776969000,0.14000
1776969900,0.15000
1776970800,0.15000
1776971700,0.15000
1776972600,0.15000
1776973500,0.15000
1776974400,0.15000
1776975300,0.28000
1776976200,0.28000
1776977100,0.28000
1776981600,0.28000
1776982500,0.28000
1776983400,0.28000
1776984300,0.28000
1776985200,0.15000
1776986100,0.15000
1776987000,0.15000
1776987900,0.15000
1776988800,0.15000
1776989700,0.15000
1776990600,0.15000
1776991500,0.15000
1776992400,0.15000
1776993300,0.15000
1776994200,0.15000
1776995100,0.15000
1776996000,0.15000
1776996900,0.15000
1776997800,0.15000
1776998700,0.15000
1776999600,0.15000
1777000500,0.15000
1777001400,0.15000
1777002300,0.15000
1777003200,0.15000
1777004100,0.15000
1777005000,0.15000
1777005900,0.15000
1777006800,0.15000
1777007700,0.15000
1777008600,0.15000
1777009500,0.15000
1777010400,0.14000
1777011300,0.15000
1777012200,0.15000
1777013100,0.15000
1777014000,0.15000
1777014900,0.15000
1777015800,0.14000
1777016700,0.14000
1777017600,0.15000
1777018500,0.15000
1777019400,0.15000
1777020300,0.15000
1777021200,0.15000
1777022100,0.15000
1777023000,0.15000
1777023900,0.14000
1777024800,0.14000
1777025700,0.14000
1777026600,0.15000
1777027500,0.15000
1777028400,0.15000
1777029300,0.15000
1777030200,0.15000
1777031100,0.15000
1777032000,0.15000
1777032900,0.14000
1777033800,0.15000
1777034700,0.15000
1777035600,0.14000
1777036500,0.15000
1777037400,0.14000
1777038300,0.15000
1777039200,0.15000
1777040100,0.15000
1777041000,0.15000
1777041900,0.15000
1777042800,0.15000
1777043700,0.14000
1777044600,0.15000
1777045500,0.15000
1777046400,0.15000
1777047300,0.15000
1777048200,0.15000
1777049100,0.15000
1777050000,0.15000
1777050900,0.15000
1777051800,0.15000
1777052700,0.15000
1777053600,0.15000
1777054500,0.15000
1777055400,0.15000
1777056300,0.15000
1777057200,0.15000
1777058100,0.15000
1777059000,0.15000
1777059900,0.14000
1777060800,0.15000
1777061700,0.58000
1777062600,0.58000
1777240800,0.58000
1777241700,0.58000
1777242600,0.58000
1777243500,0.58000
1777244400,0.58000
1777245300,0.58000
1777246200,0.15000
1777247100,0.15000
1777248000,0.15000
1777248900,0.15000
1777249800,0.15000
1777250700,0.15000
1777251600,0.15000
1777252500,0.15000
1777253400,0.15000
1777254300,0.15000
1777255200,0.15000
1777256100,0.15000
1777257000,0.15000
1777257900,0.15000
1777258800,0.15000
1777259700,0.15000
1777260600,0.15000
1777261500,0.15000
1777262400,0.15000
1777263300,0.15000
1777264200,0.15000
1777265100,0.15000
1777266000,0.15000
1777266900,0.15000
1777267800,0.15000
1777268700,0.15000
1777269600,0.15000
1777270500,0.15000
1777271400,0.15000
1777272300,0.15000
1777273200,0.15000
1777274100,0.15000
1777275000,0.15000
1777275900,0.15000
1777276800,0.15000
1777277700,0.14000
1777278600,0.15000
1777279500,0.15000
1777280400,0.15000
1777281300,0.15000
1777282200,0.15000
1777283100,0.15000
1777284000,0.15000
1777284900,0.15000
1777285800,0.15000
1777286700,0.15000
1777287600,0.15000
1777288500,0.15000
1777289400,0.15000
1777290300,0.15000
1777291200,0.15000
1777292100,0.15000
1777293000,0.15000
1777293900,0.15000
1777294800,0.15000
1777295700,0.15000
1777296600,0.14000
1777297500,0.15000
1777298400,0.15000
1777299300,0.15000
1777300200,0.15000
1777301100,0.15000
1777302000,0.15000
1777302900,0.15000
1777303800,0.15000
1777304700,0.15000
1777305600,0.15000
1777306500,0.14000
1777307400,0.15000
1777308300,0.15000
1777309200,0.15000
1777310100,0.15000
1777311000,0.15000
1777311900,0.15000
1777312800,0.15000
1777313700,0.15000
1777314600,0.15000
1777315500,0.15000
1777316400,0.15000
1777317300,0.15000
1777318200,0.15000
1777319100,0.14000
1777320000,0.15000
1777320900,0.28000
1777321800,0.28000
1777322700,0.28000
1777327200,0.28000
1777328100,0.28000
1777329000,0.28000
1777329900,0.28000
1777330800,0.15000
1777331700,0.15000
1777332600,0.15000
1777333500,0.15000
1777334400,0.15000
1777335300,0.15000
1777336200,0.15000
1777337100,0.15000
1777338000,0.15000
1777338900,0.15000
1777339800,0.15000
1777340700,0.15000
1777341600,0.15000
1777342500,0.15000
1777343400,0.15000
1777344300,0.15000
1777345200,0.15000
1777346100,0.15000
1777347000,0.15000
1777347900,0.15000
1777348800,0.15000
1777349700,0.15000
1777350600,0.15000
1777351500,0.15000
1777352400,0.15000
1777353300,0.15000
1777354200,0.15000
1777355100,0.15000
1777356000,0.15000
1777356900,0.15000
1777357800,0.15000
1777358700,0.15000
1777359600,0.15000
1777360500,0.15000
1777361400,0.15000
1777362300,0.15000
1777363200,0.15000
1777364100,0.14000
1777365000,0.15000
1777365900,0.15000
1777366800,0.15000
1777367700,0.15000
1777368600,0.15000
1777369500,0.15000
1777370400,0.15000
1777371300,0.15000
1777372200,0.15000
1777373100,0.15000
1777374000,0.15000
1777374900,0.15000
1777375800,0.15000
1777376700,0.15000
1777377600,0.15000
1777378500,0.15000
1777379400,0.15000
1777380300,0.15000
1777381200,0.15000
1777382100,0.15000
1777383000,0.14000
1777383900,0.15000
1777384800,0.15000
1777385700,0.15000
1777386600,0.15000
1777387500,0.15000
1777388400,0.15000
1777389300,0.14000
1777390200,0.15000
1777391100,0.15000
1777392000,0.15000
1777392900,0.14000
1777393800,0.15000
1777394700,0.15000
1777395600,0.15000
1777396500,0.15000
1777397400,0.15000
1777398300,0.15000
1777399200,0.15000
1777400100,0.15000
1777401000,0.15000
1777401900,0.15000
1777402800,0.15000
1777403700,0.15000
1777404600,0.15000
1777405500,0.15000
1777406400,0.15000
1777407300,0.28000
1777408200,0.28000
1777409100,0.28000
1777413600,0.28000
1777414500,0.28000
1777415400,0.28000
1777416300,0.28000
1777417200,0.15000
1777418100,0.15000
1777419000,0.15000
1777419900,0.15000
1777420800,0.15000
1777421700,0.15000
1777422600,0.15000
1777423500,0.15000
1777424400,0.15000
1777425300,0.15000
1777426200,0.15000
1777427100,0.15000
1777428000,0.15000
1777428900,0.15000
1777429800,0.15000
1777430700,0.15000
1777431600,0.15000
1777432500,0.15000
1777433400,0.15000
1777434300,0.15000
1777435200,0.15000
1777436100,0.15000
1777437000,0.15000
1777437900,0.15000
1777438800,0.15000
1777439700,0.15000
1777440600,0.15000
1777441500,0.15000
1777442400,0.15000
1777443300,0.15000
1777444200,0.15000
1777445100,0.15000
1777446000,0.15000
1777446900,0.15000
1777447800,0.15000
1777448700,0.15000
1777449600,0.15000
1777450500,0.14000
1777451400,0.15000
1777452300,0.15000
1777453200,0.15000
1777454100,0.15000
1777455000,0.15000
1777455900,0.15000
1777456800,0.15000
1777457700,0.15000
1777458600,0.15000
1777459500,0.15000
1777460400,0.15000
1777461300,0.15000
1777462200,0.15000
1777463100,0.15000
1777464000,0.15000
1777464900,0.15000
1777465800,0.15000
1777466700,0.15000
1777467600,0.15000
1777468500,0.15000
1777469400,0.14000
1777470300,0.15000
1777471200,0.15000
1777472100,0.15000
1777473000,0.15000
1777473900,0.15000
1777474800,0.15000
1777475700,0.15000
1777476600,0.15000
1777477500,0.15000
1777478400,0.15000
1777479300,0.15000
1777480200,0.15000
1777481100,0.15000
1777482000,0.15000
1777482900,0.15000
1777483800,0.15000
1777484700,0.14000
1777485600,0.15000
1777486500,0.15000
1777487400,0.15000
1777488300,0.15000
1777489200,0.15000
1777490100,0.15000
1777491000,0.15000
1777491900,0.15000
1777492800,0.15000
1777493700,0.28000
1777494600,0.28000
1777495500,0.28000
1777500000,0.28000
1777500900,0.28000
1777501800,0.28000
1777502700,0.28000
1777503600,0.15000
1777504500,0.15000
1777505400,0.15000
1777506300,0.15000
1777507200,0.15000
1777508100,0.15000
1777509000,0.15000
1777509900,0.15000
1777510800,0.15000
1777511700,0.15000
1777512600,0.15000
1777513500,0.15000
1777514400,0.15000
1777515300,0.15000
1777516200,0.15000
1777517100,0.15000
1777518000,0.15000
1777518900,0.15000
1777519800,0.15000
1777520700,0.15000
1777521600,0.15000
1777522500,0.15000
1777523400,0.15000
1777524300,0.15000
1777525200,0.15000
1777526100,0.15000
1777527000,0.15000
1777527900,0.15000
1777528800,0.15000
1777529700,0.15000
1777530600,0.15000
1777531500,0.15000
1777532400,0.15000
1777533300,0.15000
1777534200,0.15000
1777535100,0.15000
1777536000,0.15000
1777536900,0.15000
1777537800,0.15000
1777538700,0.15000
1777539600,0.15000
1777540500,0.15000
1777541400,0.15000
1777542300,0.15000
1777543200,0.15000
1777544100,0.15000
1777545000,0.15000
1777545900,0.15000
1777546800,0.15000
1777547700,0.15000
1777548600,0.15000
1777549500,0.15000
1777550400,0.15000
1777551300,0.15000
1777552200,0.15000
1777553100,0.15000
1777554000,0.15000
1777554900,0.15000
1777555800,0.14000
1777556700,0.15000
1777557600,0.15000
1777558500,0.15000
1777559400,0.15000
1777560300,0.15000
1777561200,0.15000
1777562100,0.15000
1777563000,0.15000
1777563900,0.15000
1777564800,0.15000
1777565700,0.14000
1777566600,0.15000
1777567500,0.15000
1777568400,0.15000
1777569300,0.15000
1777570200,0.15000
1777571100,0.15000
1777572000,0.15000
1777572900,0.15000
1777573800,0.15000
1777574700,0.15000
1777575600,0.15000
1777576500,0.15000
1777577400,0.15000
1777578300,0.14000
1777579200,0.14000
1777580100,0.28000
1777581000,0.28000
1777581900,0.28000
1777586400,0.28000
1777587300,0.28000
1777588200,0.28000
1777589100,0.28000
1777590000,0.15000
1777590900,0.15000
1777591800,0.15000
1777592700,0.15000
1777593600,0.15000
1777594500,0.15000
1777595400,0.14000
1777596300,0.15000
1777597200,0.15000
1777598100,0.15000
1777599000,0.15000
1777599900,0.15000
1777600800,0.15000
1777601700,0.15000
1777602600,0.15000
1777603500,0.15000
1777604400,0.15000
1777605300,0.15000
1777606200,0.15000
1777607100,0.15000
1777608000,0.15000
1777608900,0.15000
1777609800,0.15000
1777610700,0.15000
1777611600,0.15000
1777612500,0.15000
1777613400,0.15000
1777614300,0.15000
1777615200,0.15000
1777616100,0.15000
1777617000,0.15000
1777617900,0.15000
1777618800,0.14000
1777619700,0.15000
1777620600,0.15000
1777621500,0.15000
1777622400,0.15000
1777623300,0.15000
1777624200,0.15000
1777625100,0.15000
1777626000,0.14000
1777626900,0.15000
1777627800,0.15000
1777628700,0.14000
1777629600,0.15000
1777630500,0.15000
1777631400,0.15000
1777632300,0.15000
1777633200,0.15000
1777634100,0.15000
1777635000,0.15000
1777635900,0.15000
1777636800,0.15000
1777637700,0.15000
1777638600,0.15000
1777639500,0.15000
1777640400,0.15000
1777641300,0.15000
1777642200,0.15000
1777643100,0.15000
1777644000,0.15000
1777644900,0.15000
1777645800,0.15000
1777646700,0.15000
1777647600,0.15000
1777648500,0.14000
1777649400,0.15000
1777650300,0.15000
1777651200,0.15000
1777652100,0.15000
1777653000,0.15000
1777653900,0.15000
1777654800,0.15000
1777655700,0.15000
1777656600,0.15000
1777657500,0.15000
1777658400,0.15000
1777659300,0.15000
1777660200,0.15000
1777661100,0.15000
1777662000,0.15000
1777662900,0.15000
1777663800,0.15000
1777664700,0.15000
1777665600,0.15000
1777666500,0.58000
1777667400,0.58000
1777845600,0.58000
1777846500,0.58000
1777847400,0.58000
1777848300,0.58000
1777849200,0.58000
1777850100,0.58000
1777851000,0.15000
1777851900,0.15000
1777852800,0.15000
1777853700,0.15000
1777854600,0.15000
1777855500,0.15000
1777856400,0.15000
1777857300,0.15000
1777858200,0.15000
1777859100,0.15000
1777860000,0.15000
1777860900,0.15000
1777861800,0.15000
1777862700,0.15000
1777863600,0.15000
1777864500,0.15000
1777865400,0.15000
1777866300,0.15000
1777867200,0.15000
1777868100,0.15000
1777869000,0.15000
1777869900,0.15000
1777870800,0.15000
1777871700,0.15000
1777872600,0.15000
1777873500,0.15000
1777874400,0.15000
1777875300,0.15000
1777876200,0.15000
1777877100,0.15000
1777878000,0.15000
1777878900,0.15000
1777879800,0.15000
1777880700,0.15000
1777881600,0.15000
1777882500,0.14000
1777883400,0.15000
1777884300,0.15000
1777885200,0.15000
1777886100,0.15000
1777887000,0.15000
1777887900,0.15000
1777888800,0.15000
1777889700,0.15000
1777890600,0.15000
1777891500,0.15000
1777892400,0.15000
1777893300,0.15000
1777894200,0.15000
1777895100,0.15000
1777896000,0.15000
1777896900,0.15000
1777897800,0.15000
1777898700,0.15000
1777899600,0.15000
1777900500,0.15000
1777901400,0.15000
1777902300,0.15000
1777903200,0.15000
1777904100,0.15000
1777905000,0.15000
1777905900,0.14000
1777906800,0.15000
1777907700,0.15000
1777908600,0.15000
1777909500,0.15000
1777910400,0.15000
1777911300,0.14000
1777912200,0.15000
1777913100,0.15000
1777914000,0.15000
1777914900,0.15000
1777915800,0.15000
1777916700,0.15000
1777917600,0.15000
1777918500,0.15000
1777919400,0.15000
1777920300,0.15000
1777921200,0.15000
1777922100,0.15000
1777923000,0.15000
1777923900,0.14000
1777924800,0.15000
1777925700,0.28000
1777926600,0.28000
1777927500,0.28000
1777932000,0.28000
1777932900,0.28000
1777933800,0.28000
1777934700,0.28000
1777935600,0.15000
1777936500,0.15000
1777937400,0.15000
1777938300,0.15000
1777939200,0.15000
1777940100,0.15000
1777941000,0.15000
1777941900,0.15000
1777942800,0.15000
1777943700,0.15000
1777944600,0.15000
1777945500,0.15000
1777946400,0.15000
1777947300,0.15000
1777948200,0.15000
1777949100,0.15000
1777950000,0.15000
1777950900,0.15000
1777951800,0.15000
1777952700,0.15000
1777953600,0.15000
1777954500,0.15000
1777955400,0.15000
1777956300,0.15000
1777957200,0.15000
1777958100,0.15000
1777959000,0.15000
1777959900,0.15000
1777960800,0.15000
1777961700,0.15000
1777962600,0.15000
1777963500,0.15000
1777964400,0.15000
1777965300,0.15000
1777966200,0.15000
1777967100,0.14000
1777968000,0.15000
1777968900,0.15000
1777969800,0.15000
1777970700,0.15000
1777971600,0.15000
1777972500,0.15000
1777973400,0.15000
1777974300,0.15000
1777975200,0.15000
1777976100,0.15000
1777977000,0.15000
1777977900,0.15000
1777978800,0.15000
1777979700,0.15000
1777980600,0.15000
1777981500,0.15000
1777982400,0.15000
1777983300,0.14000
1777984200,0.15000
1777985100,0.15000
1777986000,0.15000
1777986900,0.15000
1777987800,0.14000
1777988700,0.15000
1777989600,0.15000
1777990500,0.15000
1777991400,0.15000
1777992300,0.15000
1777993200,0.15000
1777994100,0.14000
1777995000,0.15000
1777995900,0.15000
1777996800,0.15000
1777997700,0.15000
1777998600,0.15000
1777999500,0.15000
1778000400,0.15000
1778001300,0.15000
1778002200,0.15000
1778003100,0.15000
1778004000,0.15000
1778004900,0.15000
1778005800,0.15000
1778006700,0.15000
1778007600,0.15000
1778008500,0.15000
1778009400,0.15000
1778010300,0.15000
1778011200,0.15000
1778012100,0.28000
1778013000,0.28000
1778013900,0.28000
1778018400,0.28000
1778019300,0.28000
1778020200,0.28000
1778021100,0.28000
1778022000,0.15000
1778022900,0.15000
1778023800,0.15000
1778024700,0.15000
1778025600,0.15000
1778026500,0.15000
1778027400,0.15000
1778028300,0.15000
1778029200,0.15000
1778030100,0.15000
1778031000,0.15000
1778031900,0.15000
1778032800,0.15000
1778033700,0.15000
1778034600,0.15000
1778035500,0.15000
1778036400,0.15000
1778037300,0.15000
1778038200,0.15000
1778039100,0.15000
1778040000,0.15000
1778040900,0.15000
1778041800,0.15000
1778042700,0.15000
1778043600,0.15000
1778044500,0.15000
1778045400,0.15000
1778046300,0.15000
1778047200,0.14000
1778048100,0.15000
1778049000,0.15000
1778049900,0.15000
1778050800,0.15000
1778051700,0.15000
1778052600,0.15000
1778053500,0.15000
1778054400,0.15000
1778055300,0.15000
1778056200,0.14000
1778057100,0.15000
1778058000,0.15000
1778058900,0.15000
1778059800,0.15000
1778060700,0.15000
1778061600,0.14000
1778062500,0.15000
1778063400,0.15000
1778064300,0.15000
1778065200,0.14000
1778066100,0.15000
1778067000,0.15000
1778067900,0.15000
1778068800,0.15000
1778069700,0.15000
1778070600,0.15000
1778071500,0.14000
1778072400,0.15000
1778073300,0.15000
1778074200,0.14000
1778075100,0.15000
1778076000,0.14000
1778076900,0.15000
1778077800,0.15000
1778078700,0.15000
1778079600,0.15000
1778080500,0.15000
1778081400,0.15000
1778082300,0.15000
1778083200,0.15000
1778084100,0.14000
1778085000,0.15000
1778085900,0.15000
1778086800,0.15000
1778087700,0.15000
1778088600,0.15000
1778089500,0.15000
1778090400,0.15000
1778091300,0.15000
1778092200,0.15000
1778093100,0.15000
1778094000,0.15000
1778094900,0.15000
1778095800,0.15000
1778096700,0.15000
1778097600,0.15000
1778098500,0.28000
1778099400,0.28000
1778100300,0.28000
1778104800,0.28000
1778105700,0.28000
1778106600,0.28000
1778107500,0.28000
1778108400,0.15000
1778109300,0.15000
1778110200,0.15000
1778111100,0.15000
1778112000,0.15000
1778112900,0.15000
1778113800,0.15000
1778114700,0.15000
1778115600,0.15000
1778116500,0.15000
1778117400,0.15000
1778118300,0.15000
1778119200,0.15000
1778120100,0.15000
1778121000,0.15000
1778121900,0.15000
1778122800,0.15000
1778123700,0.15000
1778124600,0.15000
1778125500,0.15000
1778126400,0.15000
1778127300,0.15000
1778128200,0.15000
1778129100,0.14000
1778130000,0.15000
1778130900,0.15000
1778131800,0.15000
1778132700,0.15000
1778133600,0.14000
1778134500,0.15000
1778135400,0.15000
1778136300,0.15000
1778137200,0.15000
1778138100,0.15000
1778139000,0.15000
1778139900,0.15000
1778140800,0.15000
1778141700,0.15000
1778142600,0.14000
1778143500,0.15000
1778144400,0.15000
1778145300,0.15000
1778146200,0.15000
1778147100,0.15000
1778148000,0.15000
1778148900,0.15000
1778149800,0.15000
1778150700,0.14000
1778151600,0.15000
1778152500,0.15000
1778153400,0.15000
1778154300,0.15000
1778155200,0.15000
1778156100,0.15000
1778157000,0.15000
1778157900,0.15000
1778158800,0.15000
1778159700,0.14000
1778160600,0.15000
1778161500,0.15000
1778162400,0.15000
1778163300,0.15000
1778164200,0.14000
1778165100,0.15000
1778166000,0.15000
1778166900,0.15000
1778167800,0.15000
1778168700,0.15000
1778169600,0.15000
1778170500,0.14000
1778171400,0.15000
1778172300,0.15000
1778173200,0.15000
1778174100,0.15000
1778175000,0.15000
1778175900,0.15000
1778176800,0.15000
1778177700,0.15000
1778178600,0.15000
1778179500,0.15000
1778180400,0.15000
1778181300,0.15000
1778182200,0.15000
1778183100,0.15000
1778184000,0.14000
1778184900,0.28000
1778185800,0.28000
1778186700,0.28000
1778191200,0.28000
1778192100,0.28000
1778193000,0.28000
1778193900,0.28000
1778194800,0.15000
1778195700,0.15000
1778196600,0.15000
1778197500,0.15000
1778198400,0.15000
1778199300,0.15000
1778200200,0.15000
1778201100,0.15000
1778202000,0.15000
1778202900,0.15000
1778203800,0.15000
1778204700,0.15000
1778205600,0.15000
1778206500,0.15000
1778207400,0.15000
1778208300,0.15000
1778209200,0.15000
1778210100,0.15000
1778211000,0.15000
1778211900,0.15000
1778212800,0.15000
1778213700,0.15000
1778214600,0.15000
1778215500,0.15000
1778216400,0.15000
1778217300,0.15000
1778218200,0.15000
1778219100,0.15000
1778220000,0.15000
1778220900,0.15000
1778221800,0.15000
1778222700,0.14000
1778223600,0.15000
1778224500,0.15000
1778225400,0.15000
1778226300,0.15000
1778227200,0.15000
1778228100,0.15000
1778229000,0.15000
1778229900,0.15000
1778230800,0.15000
1778231700,0.14000
1778232600,0.15000
1778233500,0.15000
1778234400,0.15000
1778235300,0.15000
1778236200,0.15000
1778237100,0.15000
1778238000,0.15000
1778238900,0.15000
1778239800,0.15000
1778240700,0.15000
1778241600,0.15000
1778242500,0.15000
1778243400,0.15000
1778244300,0.15000
1778245200,0.15000
1778246100,0.14000
1778247000,0.15000
1778247900,0.14000
1778248800,0.15000
1778249700,0.15000
1778250600,0.15000
1778251500,0.15000
1778252400,0.15000
1778253300,0.14000
1778254200,0.15000
1778255100,0.15000
1778256000,0.15000
1778256900,0.14000
1778257800,0.15000
1778258700,0.15000
1778259600,0.15000
1778260500,0.15000
1778261400,0.15000
1778262300,0.15000
1778263200,0.15000
1778264100,0.15000
1778265000,0.15000
1778265900,0.15000
1778266800,0.15000
1778267700,0.15000
1778268600,0.15000
1778269500,0.15000
1778270400,0.15000
1778271300,0.58000
1778272200,0.58000
1778450400,0.58000
1778451300,0.58000
1778452200,0.58000
1778453100,0.58000
1778454000,0.58000
1778454900,0.58000
1778455800,0.15000
1778456700,0.15000
1778457600,0.15000
1778458500,0.15000
1778459400,0.15000
1778460300,0.15000
1778461200,0.15000
1778462100,0.15000
1778463000,0.15000
1778463900,0.15000
1778464800,0.15000
1778465700,0.15000
1778466600,0.15000
1778467500,0.15000
1778468400,0.15000
1778469300,0.15000
1778470200,0.15000
1778471100,0.15000
1778472000,0.15000
1778472900,0.15000
1778473800,0.15000
1778474700,0.15000
1778475600,0.15000
1778476500,0.15000
1778477400,0.15000
1778478300,0.15000
1778479200,0.15000
1778480100,0.15000
1778481000,0.15000
1778481900,0.15000
1778482800,0.15000
1778483700,0.15000
1778484600,0.15000
1778485500,0.15000
1778486400,0.15000
1778487300,0.14000
1778488200,0.15000
1778489100,0.15000
1778490000,0.15000
1778490900,0.15000
1778491800,0.15000
1778492700,0.15000
1778493600,0.15000
1778494500,0.15000
1778495400,0.15000
1778496300,0.15000
1778497200,0.15000
1778498100,0.15000
1778499000,0.15000
1778499900,0.15000
1778500800,0.15000
1778501700,0.15000
1778502600,0.15000
1778503500,0.15000
1778504400,0.15000
1778505300,0.15000
1778506200,0.14000
1778507100,0.15000
1778508000,0.15000
1778508900,0.14000
1778509800,0.15000
1778510700,0.15000
1778511600,0.15000
1778512500,0.14000
1778513400,0.15000
1778514300,0.15000
1778515200,0.15000
1778516100,0.15000
1778517000,0.15000
1778517900,0.15000
1778518800,0.15000
1778519700,0.15000
1778520600,0.15000
1778521500,0.15000
1778522400,0.15000
1778523300,0.15000
1778524200,0.15000
1778525100,0.15000
1778526000,0.15000
1778526900,0.15000
1778527800,0.15000
1778528700,0.15000
1778529600,0.15000
1778530500,0.28000
1778531400,0.28000
1778532300,0.28000
1778536800,0.28000
1778537700,0.28000
1778538600,0.28000
1778539500,0.28000
1778540400,0.15000
1778541300,0.15000
1778542200,0.15000
1778543100,0.15000
1778544000,0.15000
1778544900,0.15000
1778545800,0.15000
1778546700,0.15000
1778547600,0.15000
1778548500,0.15000
1778549400,0.15000
1778550300,0.15000
1778551200,0.15000
1778552100,0.15000
1778553000,0.15000
1778553900,0.15000
1778554800,0.15000
1778555700,0.15000
1778556600,0.15000
1778557500,0.15000
1778558400,0.15000
1778559300,0.15000
1778560200,0.15000
1778561100,0.15000
1778562000,0.15000
1778562900,0.15000
1778563800,0.15000
1778564700,0.15000
1778565600,0.15000
1778566500,0.15000
1778567400,0.15000
1778568300,0.15000
1778569200,0.14000
1778570100,0.15000
1778571000,0.15000
1778571900,0.15000
1778572800,0.15000
1778573700,0.15000
1778574600,0.15000
1778575500,0.15000
1778576400,0.15000
1778577300,0.15000
1778578200,0.15000
1778579100,0.15000
1778580000,0.15000
1778580900,0.14000
1778581800,0.15000
1778582700,0.14000
1778583600,0.15000
1778584500,0.15000
1778585400,0.15000
1778586300,0.15000
1778587200,0.15000
1778588100,0.15000
1778589000,0.15000
1778589900,0.15000
1778590800,0.15000
1778591700,0.14000
1778592600,0.15000
1778593500,0.15000
1778594400,0.15000
1778595300,0.15000
1778596200,0.15000
1778597100,0.15000
1778598000,0.15000
1778598900,0.15000
1778599800,0.15000
1778600700,0.15000
1778601600,0.15000
1778602500,0.14000
1778603400,0.15000
1778604300,0.15000
1778605200,0.15000
1778606100,0.15000
1778607000,0.15000
1778607900,0.15000
1778608800,0.15000
1778609700,0.15000
1778610600,0.15000
1778611500,0.15000
1778612400,0.15000
1778613300,0.15000
1778614200,0.15000
1778615100,0.14000
1778616000,0.15000
1778616900,0.28000
1778617800,0.28000
1778618700,0.28000
1778623200,0.28000
1778624100,0.28000
1778625000,0.28000
1778625900,0.28000
1778626800,0.15000
1778627700,0.15000
1778628600,0.15000
1778629500,0.15000
1778630400,0.15000
1778631300,0.15000
1778632200,0.15000
1778633100,0.15000
1778634000,0.15000
1778634900,0.15000
1778635800,0.15000
1778636700,0.15000
1778637600,0.15000
1778638500,0.15000
1778639400,0.15000
1778640300,0.15000
1778641200,0.15000
1778642100,0.15000
1778643000,0.15000
1778643900,0.15000
1778644800,0.15000
1778645700,0.15000
1778646600,0.15000
1778647500,0.15000
1778648400,0.15000
1778649300,0.15000
1778650200,0.15000
1778651100,0.15000
1778652000,0.15000
1778652900,0.15000
1778653800,0.15000
1778654700,0.15000
1778655600,0.15000
1778656500,0.15000
1778657400,0.15000
1778658300,0.15000
1778659200,0.15000
1778660100,0.14000
1778661000,0.15000
1778661900,0.15000
1778662800,0.15000
1778663700,0.15000
1778664600,0.15000
1778665500,0.15000
1778666400,0.15000
1778667300,0.15000
1778668200,0.15000
1778669100,0.15000
1778670000,0.15000
1778670900,0.15000
1778671800,0.15000
1778672700,0.15000
1778673600,0.15000
1778674500,0.15000
1778675400,0.15000
1778676300,0.15000
1778677200,0.15000
1778678100,0.15000
1778679000,0.15000
1778679900,0.15000
1778680800,0.15000
1778681700,0.15000
1778682600,0.15000
1778683500,0.15000
1778684400,0.15000
1778685300,0.15000
1778686200,0.15000
1778687100,0.15000
1778688000,0.15000
1778688900,0.14000
1778689800,0.15000
1778690700,0.15000
1778691600,0.15000
1778692500,0.15000
1778693400,0.15000
1778694300,0.15000
1778695200,0.15000
1778696100,0.15000
1778697000,0.15000
1778697900,0.15000
1778698800,0.15000
1778699700,0.15000
1778700600,0.15000
1778701500,0.14000
1778702400,0.15000
1778703300,0.28000
1778704200,0.28000
1778705100,0.28000
1778709600,0.28000
1778710500,0.28000
1778711400,0.28000
1778712300,0.28000
1778713200,0.15000
1778714100,0.15000
1778715000,0.15000
1778715900,0.15000
1778716800,0.15000
1778717700,0.15000
1778718600,0.15000
1778719500,0.15000
1778720400,0.15000
1778721300,0.15000
1778722200,0.15000
1778723100,0.15000
1778724000,0.15000
1778724900,0.15000
1778725800,0.15000
1778726700,0.15000
1778727600,0.15000
1778728500,0.15000
1778729400,0.15000
1778730300,0.15000
1778731200,0.15000
1778732100,0.15000
1778733000,0.15000
1778733900,0.15000
1778734800,0.15000
1778735700,0.15000
1778736600,0.15000
1778737500,0.15000
1778738400,0.14000
1778739300,0.15000
1778740200,0.15000
1778741100,0.14000
1778742000,0.15000
1778742900,0.15000
1778743800,0.15000
1778744700,0.15000
1778745600,0.15000
1778746500,0.15000
1778747400,0.15000
1778748300,0.15000
1778749200,0.15000
1778750100,0.15000
1778751000,0.15000
1778751900,0.15000
1778752800,0.15000
1778753700,0.15000
1778754600,0.15000
1778755500,0.15000
1778756400,0.15000
1778757300,0.15000
1778758200,0.15000
1778759100,0.15000
1778760000,0.15000
1778760900,0.15000
1778761800,0.15000
1778762700,0.15000
1778763600,0.15000
1778764500,0.15000
1778765400,0.15000
1778766300,0.15000
1778767200,0.15000
1778768100,0.15000
1778769000,0.15000
1778769900,0.15000
1778770800,0.15000
1778771700,0.15000
1778772600,0.15000
1778773500,0.15000
1778774400,0.15000
1778775300,0.14000
1778776200,0.15000
1778777100,0.15000
1778778000,0.15000
1778778900,0.15000
1778779800,0.15000
1778780700,0.15000
1778781600,0.15000
1778782500,0.15000
1778783400,0.15000
1778784300,0.15000
1778785200,0.15000
1778786100,0.15000
1778787000,0.15000
1778787900,0.14000
1778788800,0.14000
1778789700,0.28000
1778790600,0.28000
1778791500,0.28000
1778796000,0.28000
1778796900,0.28000
1778797800,0.28000
1778798700,0.28000
1778799600,0.15000
1778800500,0.15000
1778801400,0.15000
1778802300,0.15000
1778803200,0.15000
1778804100,0.15000
1778805000,0.14000
1778805900,0.15000
1778806800,0.15000
1778807700,0.15000
1778808600,0.15000
1778809500,0.15000
1778810400,0.15000
1778811300,0.15000
1778812200,0.15000
1778813100,0.15000
1778814000,0.15000
1778814900,0.15000
1778815800,0.15000
1778816700,0.15000
1778817600,0.15000
1778818500,0.15000
1778819400,0.15000
1778820300,0.15000
1778821200,0.15000
1778822100,0.15000
1778823000,0.15000
1778823900,0.15000
1778824800,0.14000
1778825700,0.14000
1778826600,0.15000
1778827500,0.15000
1778828400,0.15000
1778829300,0.14000
1778830200,0.15000
1778831100,0.15000
1778832000,0.15000
1778832900,0.15000
1778833800,0.14000
1778834700,0.15000
1778835600,0.15000
1778836500,0.15000
1778837400,0.15000
1778838300,0.15000
1778839200,0.15000
1778840100,0.15000
1778841000,0.15000
1778841900,0.15000
1778842800,0.15000
1778843700,0.15000
1778844600,0.15000
1778845500,0.15000
1778846400,0.15000
1778847300,0.15000
1778848200,0.15000
1778849100,0.15000
1778850000,0.15000
1778850900,0.15000
1778851800,0.15000
1778852700,0.15000
1778853600,0.15000
1778854500,0.15000
1778855400,0.15000
1778856300,0.15000
1778857200,0.15000
1778858100,0.14000
1778859000,0.15000
1778859900,0.15000
1778860800,0.15000
1778861700,0.14000
1778862600,0.15000
1778863500,0.15000
1778864400,0.15000
1778865300,0.15000
1778866200,0.15000
1778867100,0.14000
1778868000,0.15000
1778868900,0.15000
1778869800,0.15000
1778870700,0.15000
1778871600,0.15000
1778872500,0.15000
1778873400,0.15000
1778874300,0.14000
1778875200,0.15000
1778876100,0.58000
1778877000,0.58000
1779055200,0.58000
1779056100,0.58000
1779057000,0.58000
1779057900,0.58000
1779058800,0.58000
1779059700,0.58000
1779060600,0.15000
1779061500,0.15000
1779062400,0.15000
1779063300,0.15000
1779064200,0.15000
1779065100,0.15000
1779066000,0.15000
1779066900,0.15000
1779067800,0.15000
1779068700,0.15000
1779069600,0.15000
1779070500,0.15000
1779071400,0.15000
1779072300,0.15000
1779073200,0.15000
1779074100,0.15000
1779075000,0.15000
1779075900,0.15000
1779076800,0.15000
1779077700,0.15000
1779078600,0.15000
1779079500,0.15000
1779080400,0.15000
1779081300,0.15000
1779082200,0.15000
1779083100,0.15000
1779084000,0.15000
1779084900,0.14000
1779085800,0.15000
1779086700,0.15000
1779087600,0.15000
1779088500,0.15000
1779089400,0.15000
1779090300,0.15000
1779091200,0.15000
1779092100,0.15000
1779093000,0.15000
1779093900,0.15000
1779094800,0.15000
1779095700,0.15000
1779096600,0.15000
1779097500,0.15000
1779098400,0.15000
1779099300,0.15000
1779100200,0.14000
1779101100,0.15000
1779102000,0.15000
1779102900,0.15000
1779103800,0.15000
1779104700,0.15000
1779105600,0.15000
1779106500,0.15000
1779107400,0.15000
1779108300,0.15000
1779109200,0.15000
1779110100,0.15000
1779111000,0.15000
1779111900,0.15000
1779112800,0.15000
1779113700,0.15000
1779114600,0.15000
1779115500,0.15000
1779116400,0.15000
1779117300,0.15000
1779118200,0.15000
1779119100,0.15000
1779120000,0.15000
1779120900,0.15000
1779121800,0.15000
1779122700,0.15000
1779123600,0.15000
1779124500,0.15000
1779125400,0.15000
1779126300,0.15000
1779127200,0.15000
1779128100,0.15000
1779129000,0.15000
1779129900,0.15000
1779130800,0.15000
1779131700,0.15000
1779132600,0.15000
1779133500,0.14000
1779134400,0.14000
1779135300,0.28000
1779136200,0.28000
1779137100,0.28000
1779141600,0.28000
1779142500,0.28000
1779143400,0.28000
1779144300,0.28000
1779145200,0.15000
1779146100,0.15000
1779147000,0.15000
1779147900,0.15000
1779148800,0.15000
1779149700,0.15000
1779150600,0.15000
1779151500,0.15000
1779152400,0.15000
1779153300,0.15000
1779154200,0.15000
1779155100,0.15000
1779156000,0.15000
1779156900,0.15000
1779157800,0.15000
1779158700,0.15000
1779159600,0.15000
1779160500,0.15000
1779161400,0.15000
1779162300,0.15000
1779163200,0.15000
1779164100,0.15000
1779165000,0.15000
1779165900,0.15000
1779166800,0.15000
1779167700,0.15000
1779168600,0.15000
1779169500,0.15000
1779170400,0.15000
1779171300,0.15000
1779172200,0.15000
1779173100,0.15000
1779174000,0.15000
1779174900,0.15000
1779175800,0.15000
1779176700,0.15000
1779177600,0.15000
1779178500,0.15000
1779179400,0.15000
1779180300,0.14000
1779181200,0.15000
1779182100,0.15000
1779183000,0.15000
1779183900,0.15000
1779184800,0.15000
1779185700,0.15000
1779186600,0.15000
1779187500,0.15000
1779188400,0.15000
1779189300,0.15000
1779190200,0.15000
1779191100,0.14000
1779192000,0.15000
1779192900,0.15000
1779193800,0.15000
1779194700,0.15000
1779195600,0.15000
1779196500,0.15000
1779197400,0.15000
1779198300,0.15000
1779199200,0.15000
1779200100,0.15000
1779201000,0.15000
1779201900,0.15000
1779202800,0.15000
1779203700,0.14000
1779204600,0.15000
1779205500,0.15000
1779206400,0.15000
1779207300,0.15000
1779208200,0.15000
1779209100,0.15000
1779210000,0.15000
1779210900,0.15000
1779211800,0.15000
1779212700,0.15000
1779213600,0.15000
1779214500,0.15000
1779215400,0.15000
1779216300,0.15000
1779217200,0.15000
1779218100,0.15000
1779219000,0.15000
1779219900,0.14000
1779220800,0.15000
1779221700,0.28000
1779222600,0.28000
1779223500,0.28000
1779228000,0.28000
1779228900,0.28000
1779229800,0.28000
1779230700,0.28000
1779231600,0.15000
1779232500,0.15000
1779233400,0.15000
1779234300,0.15000
1779235200,0.15000
1779236100,0.15000
1779237000,0.15000
1779237900,0.15000
1779238800,0.15000
1779239700,0.15000
1779240600,0.15000
1779241500,0.15000
1779242400,0.15000
1779243300,0.15000
1779244200,0.15000
1779245100,0.15000
1779246000,0.15000
1779246900,0.15000
1779247800,0.15000
1779248700,0.15000
1779249600,0.15000
1779250500,0.15000
1779251400,0.15000
1779252300,0.15000
1779253200,0.15000
1779254100,0.15000
1779255000,0.15000
1779255900,0.15000
1779256800,0.15000
1779257700,0.15000
1779258600,0.15000
1779259500,0.15000
1779260400,0.15000
1779261300,0.15000
1779262200,0.15000
1779263100,0.15000
1779264000,0.15000
1779264900,0.15000
1779265800,0.14000
1779266700,0.15000
1779267600,0.15000
1779268500,0.14000
1779269400,0.15000
1779270300,0.15000
1779271200,0.15000
1779272100,0.15000
1779273000,0.15000
1779273900,0.15000
1779274800,0.15000
1779275700,0.14000
1779276600,0.15000
1779277500,0.15000
1779278400,0.15000
1779279300,0.15000
1779280200,0.15000
1779281100,0.15000
1779282000,0.15000
1779282900,0.15000
1779283800,0.15000
1779284700,0.15000
1779285600,0.15000
1779286500,0.15000
1779287400,0.15000
1779288300,0.15000
1779289200,0.15000
1779290100,0.15000
1779291000,0.14000
1779291900,0.15000
1779292800,0.15000
1779293700,0.15000
1779294600,0.15000
1779295500,0.15000
1779296400,0.15000
1779297300,0.15000
1779298200,0.15000
1779299100,0.15000
1779300000,0.15000
1779300900,0.15000
1779301800,0.15000
1779302700,0.15000
1779303600,0.15000
1779304500,0.15000
1779305400,0.15000
1779306300,0.14000
1779307200,0.15000
1779308100,0.28000
1779309000,0.28000
1779309900,0.28000
1779314400,0.28000
1779315300,0.28000
1779316200,0.28000
1779317100,0.28000
1779318000,0.15000
1779318900,0.15000
1779319800,0.15000
1779320700,0.15000
1779321600,0.15000
1779322500,0.15000
1779323400,0.15000
1779324300,0.15000
1779325200,0.15000
1779326100,0.15000
1779327000,0.15000
1779327900,0.15000
1779328800,0.15000
1779329700,0.15000
1779330600,0.14000
1779331500,0.15000
1779332400,0.15000
1779333300,0.15000
1779334200,0.15000
1779335100,0.15000
1779336000,0.15000
1779336900,0.15000
1779337800,0.15000
1779338700,0.15000
1779339600,0.15000
1779340500,0.15000
1779341400,0.15000
1779342300,0.14000
1779343200,0.15000
1779344100,0.15000
1779345000,0.15000
1779345900,0.15000
1779346800,0.15000
1779347700,0.15000
1779348600,0.15000
1779349500,0.15000
1779350400,0.15000
1779351300,0.14000
1779352200,0.15000
1779353100,0.15000
1779354000,0.15000
1779354900,0.15000
1779355800,0.15000
1779356700,0.15000
1779357600,0.15000
1779358500,0.15000
1779359400,0.15000
1779360300,0.15000
1779361200,0.15000
1779362100,0.15000
1779363000,0.15000
1779363900,0.14000
1779364800,0.15000
1779365700,0.15000
1779366600,0.15000
1779367500,0.15000
1779368400,0.15000
1779369300,0.15000
1779370200,0.15000
1779371100,0.15000
1779372000,0.15000
1779372900,0.15000
1779373800,0.15000
1779374700,0.15000
1779375600,0.15000
1779376500,0.14000
1779377400,0.15000
1779378300,0.15000
1779379200,0.15000
1779380100,0.14000
1779381000,0.15000
1779381900,0.15000
1779382800,0.15000
1779383700,0.15000
1779384600,0.15000
1779385500,0.15000
1779386400,0.15000
1779387300,0.15000
1779388200,0.15000
1779389100,0.15000
1779390000,0.15000
1779390900,0.15000
1779391800,0.15000
1779392700,0.14000
1779393600,0.16000
1779394500,0.28000
1779395400,0.28000
1779396300,0.28000
1779400800,0.28000
1779401700,0.28000
1779402600,0.28000
1779403500,0.28000
1779404400,0.15000
1779405300,0.15000
1779406200,0.15000
1779407100,0.15000
1779408000,0.15000
1779408900,0.15000
1779409800,0.15000
1779410700,0.15000
1779411600,0.15000
1779412500,0.15000
1779413400,0.15000
1779414300,0.15000
1779415200,0.15000
1779416100,0.15000
1779417000,0.15000
1779417900,0.15000
1779418800,0.15000
1779419700,0.15000
1779420600,0.15000
1779421500,0.15000
1779422400,0.15000
1779423300,0.15000
1779424200,0.15000
1779425100,0.15000
1779426000,0.15000
1779426900,0.15000
1779427800,0.15000
1779428700,0.15000
1779429600,0.15000
1779430500,0.15000
1779431400,0.15000
1779432300,0.15000
1779433200,0.15000
1779434100,0.15000
1779435000,0.15000
1779435900,0.15000
1779436800,0.15000
1779437700,0.15000
1779438600,0.15000
1779439500,0.15000
1779440400,0.15000
1779441300,0.15000
1779442200,0.15000
1779443100,0.14000
1779444000,0.15000
1779444900,0.15000
1779445800,0.15000
1779446700,0.14000
1779447600,0.15000
1779448500,0.15000
1779449400,0.15000
1779450300,0.15000
1779451200,0.15000
1779452100,0.15000
1779453000,0.15000
1779453900,0.15000
1779454800,0.15000
1779455700,0.15000
1779456600,0.15000
1779457500,0.15000
1779458400,0.15000
1779459300,0.15000
1779460200,0.15000
1779461100,0.15000
1779462000,0.15000
1779462900,0.14000
1779463800,0.15000
1779464700,0.15000
1779465600,0.15000
1779466500,0.14000
1779467400,0.15000
1779468300,0.15000
1779469200,0.15000
1779470100,0.15000
1779471000,0.15000
1779471900,0.14000
1779472800,0.15000
1779473700,0.15000
1779474600,0.15000
1779475500,0.15000
1779476400,0.15000
1779477300,0.15000
1779478200,0.15000
1779479100,0.14000
1779480000,0.15000
1779480900,0.58000
1779481800,0.58000
1779660000,0.58000
1779660900,0.58000
1779661800,0.58000
1779662700,0.58000
1779663600,0.58000
1779664500,0.58000
1779665400,0.15000
1779666300,0.15000
1779667200,0.15000
1779668100,0.15000
1779669000,0.15000
1779669900,0.15000
1779670800,0.15000
1779671700,0.15000
1779672600,0.15000
1779673500,0.15000
1779674400,0.15000
1779675300,0.15000
1779676200,0.15000
1779677100,0.15000
1779678000,0.15000
1779678900,0.15000
1779679800,0.15000
1779680700,0.15000
1779681600,0.15000
1779682500,0.15000
1779683400,0.15000
1779684300,0.15000
1779685200,0.15000
1779686100,0.15000
1779687000,0.15000
1779687900,0.15000
1779688800,0.15000
1779689700,0.15000
1779690600,0.15000
1779691500,0.15000
1779692400,0.15000
1779693300,0.15000
1779694200,0.15000
1779695100,0.15000
1779696000,0.15000
1779696900,0.15000
1779697800,0.15000
1779698700,0.15000
1779699600,0.15000
1779700500,0.15000
1779701400,0.15000
1779702300,0.15000
1779703200,0.15000
1779704100,0.15000
1779705000,0.15000
1779705900,0.15000
1779706800,0.15000
1779707700,0.15000
1779708600,0.15000
1779709500,0.15000
1779710400,0.15000
1779711300,0.15000
1779712200,0.15000
1779713100,0.15000
1779714000,0.15000
1779714900,0.15000
1779715800,0.15000
1779716700,0.15000
1779717600,0.15000
1779718500,0.15000
1779719400,0.15000
1779720300,0.15000
1779721200,0.15000
1779722100,0.15000
1779723000,0.15000
1779723900,0.15000
1779724800,0.15000
1779725700,0.15000
1779726600,0.15000
1779727500,0.15000
1779728400,0.15000
1779729300,0.15000
1779730200,0.15000
1779731100,0.15000
1779732000,0.15000
1779732900,0.15000
1779746400,0.28000
1779747300,0.28000
1779748200,0.28000
1779749100,0.28000
1779750000,0.15000
1779750900,0.15000
1779751800,0.15000
1779752700,0.15000
1779753600,0.15000
1779754500,0.15000
1779755400,0.15000
1779756300,0.15000
1779757200,0.15000
1779758100,0.15000
1779759000,0.15000
1779759900,0.15000
1779760800,0.15000
1779761700,0.15000
1779762600,0.15000
1779763500,0.15000
1779764400,0.15000
1779765300,0.15000
1779766200,0.15000
1779767100,0.15000
1779768000,0.15000
1779768900,0.15000
1779769800,0.15000
1779770700,0.15000
1779771600,0.15000
1779772500,0.15000
1779773400,0.15000
1779774300,0.15000
1779775200,0.15000
1779776100,0.15000
1779777000,0.15000
1779777900,0.15000
1779778800,0.15000
1779779700,0.15000
1779780600,0.15000
1779781500,0.15000
1779782400,0.15000
1779783300,0.15000
1779784200,0.14000
1779785100,0.15000
1779786000,0.15000
1779786900,0.15000
1779787800,0.15000
1779788700,0.15000
1779789600,0.15000
1779790500,0.15000
1779791400,0.15000
1779792300,0.15000
1779793200,0.15000
1779794100,0.15000
1779795000,0.15000
1779795900,0.14000
1779796800,0.15000
1779797700,0.15000
1779798600,0.15000
1779799500,0.15000
1779800400,0.15000
1779801300,0.15000
1779802200,0.15000
1779803100,0.15000
1779804000,0.15000
1779804900,0.15000
1779805800,0.15000
1779806700,0.15000
1779807600,0.15000
1779808500,0.15000
1779809400,0.15000
1779810300,0.15000
1779811200,0.15000
1779812100,0.14000
1779813000,0.15000
1779813900,0.15000
1779814800,0.15000
1779815700,0.15000
1779816600,0.15000
1779817500,0.15000
1779818400,0.15000
1779819300,0.15000
1779820200,0.15000
1779821100,0.15000
1779822000,0.15000
1779822900,0.15000
1779823800,0.15000
1779824700,0.15000
1779825600,0.15000
1779826500,0.28000
1779827400,0.28000
1779828300,0.28000
1779832800,0.28000
1779833700,0.28000
1779834600,0.28000
1779835500,0.28000
1779836400,0.15000
1779837300,0.15000
1779838200,0.15000
1779839100,0.15000
1779840000,0.15000
1779840900,0.15000
1779841800,0.15000
1779842700,0.15000
1779843600,0.15000
1779844500,0.15000
1779845400,0.15000
1779846300,0.15000
1779847200,0.15000
1779848100,0.15000
1779849000,0.15000
1779849900,0.15000
1779850800,0.15000
1779851700,0.15000
1779852600,0.15000
1779853500,0.15000
1779854400,0.15000
1779855300,0.15000
1779856200,0.15000
1779857100,0.15000
1779858000,0.15000
1779858900,0.15000
1779859800,0.15000
1779860700,0.15000
1779861600,0.14000
1779862500,0.15000
1779863400,0.15000
1779864300,0.15000
1779865200,0.15000
1779866100,0.15000
1779867000,0.15000
1779867900,0.15000
1779868800,0.15000
1779869700,0.15000
1779870600,0.15000
1779871500,0.15000
1779872400,0.15000
1779873300,0.15000
1779874200,0.15000
1779875100,0.15000
1779876000,0.15000
1779876900,0.15000
1779877800,0.15000
1779878700,0.15000
1779879600,0.15000
1779880500,0.15000
1779881400,0.15000
1779882300,0.15000
1779883200,0.15000
1779884100,0.15000
1779885000,0.15000
1779885900,0.15000
1779886800,0.15000
1779887700,0.15000
1779888600,0.14000
1779889500,0.14000
1779890400,0.15000
1779891300,0.15000
1779892200,0.15000
1779893100,0.15000
1779894000,0.15000
1779894900,0.14000
1779895800,0.15000
1779896700,0.15000
1779897600,0.15000
1779898500,0.14000
1779899400,0.15000
1779900300,0.15000
1779901200,0.15000
1779902100,0.15000
1779903000,0.15000
1779903900,0.15000
1779904800,0.15000
1779905700,0.15000
1779906600,0.15000
1779907500,0.15000
1779908400,0.15000
1779909300,0.15000
1779910200,0.15000
1779911100,0.15000
1779912000,0.15000
1779912900,0.28000
1779913800,0.28000
1779914700,0.28000
1779919200,0.28000
1779920100,0.28000
1779921000,0.28000
1779921900,0.28000
1779922800,0.15000
1779923700,0.15000
1779924600,0.15000
1779925500,0.15000
1779926400,0.15000
1779927300,0.15000
1779928200,0.15000
1779929100,0.15000
1779930000,0.15000
1779930900,0.15000
1779931800,0.15000
1779932700,0.15000
1779933600,0.15000
1779934500,0.15000
1779935400,0.15000
1779936300,0.15000
1779937200,0.15000
1779938100,0.15000
1779939000,0.15000
1779939900,0.15000
1779940800,0.15000
1779941700,0.15000
1779942600,0.15000
1779943500,0.15000
1779944400,0.15000
1779945300,0.15000
1779946200,0.15000
1779947100,0.15000
1779948000,0.15000
1779948900,0.15000
1779949800,0.15000
1779950700,0.15000
1779951600,0.15000
1779952500,0.15000
1779953400,0.15000
1779954300,0.15000
1779955200,0.15000
1779956100,0.15000
1779957000,0.15000
1779957900,0.15000
1779958800,0.15000
1779959700,0.15000
1779960600,0.15000
1779961500,0.15000
1779962400,0.15000
1779963300,0.15000
1779964200,0.15000
1779965100,0.15000
1779966000,0.14000
1779966900,0.15000
1779967800,0.15000
1779968700,0.15000
1779969600,0.15000
1779970500,0.15000
1779971400,0.15000
1779972300,0.15000
1779973200,0.15000
1779974100,0.15000
1779975000,0.15000
1779975900,0.15000
1779976800,0.15000
1779977700,0.15000
1779978600,0.15000
1779979500,0.15000
1779980400,0.15000
1779981300,0.15000
1779982200,0.15000
1779983100,0.15000
1779984000,0.15000
1779984900,0.14000
1779985800,0.15000
1779986700,0.15000
1779987600,0.15000
1779988500,0.15000
1779989400,0.15000
1779990300,0.15000
1779991200,0.15000
1779992100,0.15000
1779993000,0.15000
1779993900,0.15000
1779994800,0.15000
1779995700,0.15000
1779996600,0.15000
1779997500,0.15000
1779998400,0.16000
1779999300,0.28000
1780000200,0.28000
1780001100,0.28000
1780005600,0.28000
1780006500,0.28000
1780007400,0.28000
1780008300,0.28000
1780009200,0.15000
1780010100,0.15000
1780011000,0.15000
1780011900,0.15000
1780012800,0.15000
1780013700,0.15000
1780014600,0.15000
1780015500,0.15000
1780016400,0.15000
1780017300,0.15000
1780018200,0.15000
1780019100,0.15000
1780020000,0.15000
1780020900,0.15000
1780021800,0.15000
1780022700,0.15000
1780023600,0.15000
1780024500,0.15000
1780025400,0.15000
1780026300,0.15000
1780027200,0.15000
1780028100,0.15000
1780029000,0.15000
1780029900,0.15000
1780030800,0.15000
1780031700,0.15000
1780032600,0.15000
1780033500,0.15000
1780034400,0.15000
1780035300,0.15000
1780036200,0.15000
1780037100,0.15000
1780038000,0.15000
1780038900,0.15000
1780039800,0.15000
1780040700,0.15000
1780041600,0.15000
1780042500,0.14000
1780043400,0.15000
1780044300,0.15000
1780045200,0.15000
1780046100,0.15000
1780047000,0.15000
1780047900,0.15000
1780048800,0.15000
1780049700,0.15000
1780050600,0.14000
1780051500,0.15000
1780052400,0.15000
1780053300,0.15000
1780054200,0.15000
1780055100,0.15000
1780056000,0.15000
1780056900,0.15000
1780057800,0.15000
1780058700,0.15000
1780059600,0.15000
1780060500,0.15000
1780061400,0.15000
1780062300,0.15000
1780063200,0.15000
1780064100,0.15000
1780065000,0.15000
1780065900,0.15000
1780066800,0.15000
1780067700,0.15000
1780068600,0.14000
1780069500,0.15000
1780070400,0.15000
1780071300,0.14000
1780072200,0.14000
1780073100,0.15000
1780074000,0.15000
1780074900,0.15000
1780075800,0.15000
1780076700,0.15000
1780077600,0.15000
1780078500,0.15000
1780079400,0.15000
1780080300,0.15000
1780081200,0.15000
1780082100,0.15000
1780083000,0.15000
1780083900,0.15000
1780084800,0.24000
1780085700,0.58000
1780086600,0.58000
1780264800,0.58000
1780265700,0.58000
1780266600,0.58000
1780267500,0.58000
1780268400,0.58000
1780269300,0.58000
1780270200,0.15000
1780271100,0.15000
1780272000,0.15000
1780272900,0.15000
1780273800,0.15000
1780274700,0.15000
1780275600,0.15000
1780276500,0.15000
1780277400,0.15000
1780278300,0.15000
1780279200,0.15000
1780280100,0.14000
1780281000,0.15000
1780281900,0.15000
1780282800,0.15000
1780283700,0.15000
1780284600,0.15000
1780285500,0.15000
1780286400,0.15000
1780287300,0.15000
1780288200,0.15000
1780289100,0.15000
1780290000,0.15000
1780290900,0.14000
1780291800,0.15000
1780292700,0.15000
1780293600,0.15000
1780294500,0.15000
1780295400,0.15000
1780296300,0.15000
1780297200,0.15000
1780298100,0.15000
1780299000,0.15000
1780299900,0.15000
1780300800,0.15000
1780301700,0.14000
1780302600,0.15000
1780303500,0.15000
1780304400,0.15000
1780305300,0.15000
1780306200,0.15000
1780307100,0.15000
1780308000,0.15000
1780308900,0.15000
1780309800,0.15000
1780310700,0.15000
1780311600,0.15000
1780312500,0.15000
1780313400,0.15000
1780314300,0.15000
1780315200,0.15000
1780316100,0.15000
1780317000,0.15000
1780317900,0.15000
1780318800,0.15000
1780319700,0.15000
1780320600,0.15000
1780321500,0.15000
1780322400,0.15000
1780323300,0.15000
1780324200,0.15000
1780325100,0.15000
1780326000,0.15000
1780326900,0.15000
1780327800,0.15000
1780328700,0.15000
1780329600,0.15000
1780330500,0.15000
1780331400,0.14000
1780332300,0.15000
1780333200,0.14000
1780334100,0.15000
1780335000,0.15000
1780335900,0.15000
1780336800,0.15000
1780337700,0.15000
1780338600,0.15000
1780339500,0.15000
1780340400,0.15000
1780341300,0.15000
1780342200,0.15000
1780343100,0.15000
1780344000,0.15000
1780344900,0.28000
1780345800,0.28000
1780346700,0.28000
1780351200,0.28000
1780352100,0.28000
1780353000,0.28000
1780353900,0.28000
1780354800,0.15000
1780355700,0.15000
1780356600,0.15000
1780357500,0.15000
1780358400,0.15000
1780359300,0.15000
1780360200,0.15000
1780361100,0.15000
1780362000,0.15000
1780362900,0.15000
1780363800,0.15000
1780364700,0.15000
1780365600,0.15000
1780366500,0.15000
1780367400,0.15000
1780368300,0.15000
1780369200,0.15000
1780370100,0.15000
1780371000,0.15000
1780371900,0.15000
1780372800,0.15000
1780373700,0.15000
1780374600,0.15000
1780375500,0.15000
1780376400,0.15000
1780377300,0.15000
1780378200,0.15000
1780379100,0.15000
1780380000,0.15000
1780380900,0.15000
1780381800,0.15000
1780382700,0.14000
1780383600,0.15000
1780384500,0.15000
1780385400,0.15000
1780386300,0.15000
1780387200,0.15000
1780388100,0.14000
1780389000,0.15000
1780389900,0.15000
1780390800,0.15000
1780391700,0.15000
1780392600,0.15000
1780393500,0.15000
1780394400,0.15000
1780395300,0.15000
1780396200,0.15000
1780397100,0.15000
1780398000,0.15000
1780398900,0.15000
1780399800,0.15000
1780400700,0.15000
1780401600,0.15000
1780402500,0.15000
1780403400,0.15000
1780404300,0.15000
1780405200,0.15000
1780406100,0.15000
1780407000,0.15000
1780407900,0.15000
1780408800,0.15000
1780409700,0.15000
1780410600,0.15000
1780411500,0.15000
1780412400,0.15000
1780413300,0.15000
1780414200,0.15000
1780415100,0.15000
1780416000,0.15000
1780416900,0.15000
1780417800,0.15000
1780418700,0.15000
1780419600,0.15000
1780420500,0.15000
1780421400,0.15000
1780422300,0.15000
1780423200,0.15000
1780424100,0.15000
1780425000,0.15000
1780425900,0.15000
1780426800,0.15000
1780427700,0.15000
1780428600,0.15000
1780429500,0.15000
1780430400,0.15000
1780431300,0.28000
1780432200,0.28000
1780433100,0.28000
1780437600,0.28000
1780438500,0.28000
1780439400,0.28000
1780440300,0.28000
1780441200,0.15000
1780442100,0.15000
1780443000,0.15000
1780443900,0.15000
1780444800,0.15000
1780445700,0.15000
1780446600,0.15000
1780447500,0.15000
1780448400,0.15000
1780449300,0.15000
1780450200,0.15000
1780451100,0.15000
1780452000,0.15000
1780452900,0.15000
1780453800,0.15000
1780454700,0.15000
1780455600,0.15000
1780456500,0.15000
1780457400,0.15000
1780458300,0.15000
1780459200,0.15000
1780460100,0.15000
1780461000,0.15000
1780461900,0.15000
1780462800,0.15000
1780463700,0.15000
1780464600,0.15000
1780465500,0.15000
1780466400,0.15000
1780467300,0.15000
1780468200,0.15000
1780469100,0.15000
1780470000,0.15000
1780470900,0.15000
1780471800,0.15000
1780472700,0.15000
1780473600,0.15000
1780474500,0.15000
1780475400,0.15000
1780476300,0.15000
1780477200,0.15000
1780478100,0.15000
1780479000,0.15000
1780479900,0.15000
1780480800,0.15000
1780481700,0.15000
1780482600,0.15000
1780483500,0.15000
1780484400,0.15000
1780485300,0.15000
1780486200,0.15000
1780487100,0.15000
1780488000,0.15000
1780488900,0.15000
1780489800,0.15000
1780490700,0.15000
1780491600,0.15000
1780492500,0.15000
1780493400,0.15000
1780494300,0.15000
1780495200,0.15000
1780496100,0.15000
1780497000,0.15000
1780497900,0.15000
1780498800,0.15000
1780499700,0.15000
1780500600,0.15000
1780501500,0.15000
1780502400,0.15000
1780503300,0.15000
1780504200,0.15000
1780505100,0.15000
1780506000,0.15000
1780506900,0.15000
1780507800,0.15000
1780508700,0.15000
1780509600,0.15000
1780510500,0.15000
1780511400,0.15000
1780512300,0.15000
1780513200,0.15000
1780514100,0.15000
1780515000,0.15000
1780515900,0.15000
1780516800,0.15000
1780517700,0.28000
1780518600,0.28000
1780519500,0.28000
1780524000,0.28000
1780524900,0.28000
1780525800,0.28000
1780526700,0.28000
1780527600,0.15000
1780528500,0.15000
1780529400,0.15000
1780530300,0.15000
1780531200,0.15000
1780532100,0.15000
1780533000,0.15000
1780533900,0.15000
1780534800,0.15000
1780535700,0.15000
1780536600,0.15000
1780537500,0.15000
1780538400,0.15000
1780539300,0.15000
1780540200,0.15000
1780541100,0.15000
1780542000,0.15000
1780542900,0.15000
1780543800,0.15000
1780544700,0.15000
1780545600,0.15000
1780546500,0.15000
1780547400,0.15000
1780548300,0.15000
1780549200,0.15000
1780550100,0.15000
1780551000,0.15000
1780551900,0.15000
1780552800,0.15000
1780553700,0.15000
1780554600,0.15000
1780555500,0.15000
1780556400,0.15000
1780557300,0.15000
1780558200,0.15000
1780559100,0.15000
1780560000,0.15000
1780560900,0.15000
1780561800,0.15000
1780562700,0.15000
1780563600,0.15000
1780564500,0.15000
1780565400,0.15000
1780566300,0.15000
1780567200,0.15000
1780568100,0.15000
1780569000,0.15000
1780569900,0.15000
1780570800,0.15000
1780571700,0.15000
1780572600,0.15000
1780573500,0.15000
1780574400,0.15000
1780575300,0.15000
1780576200,0.15000
1780577100,0.15000
1780578000,0.15000
1780578900,0.15000
1780579800,0.15000
1780580700,0.15000
1780581600,0.15000
1780582500,0.15000
1780583400,0.15000
1780584300,0.15000
1780585200,0.15000
1780586100,0.15000
1780587000,0.15000
1780587900,0.15000
1780588800,0.15000
1780589700,0.15000
1780590600,0.15000
1780591500,0.15000
1780592400,0.15000
1780593300,0.15000
1780594200,0.15000
1780595100,0.15000
1780596000,0.15000
1780596900,0.15000
1780597800,0.15000
1780598700,0.15000
1780599600,0.15000
1780600500,0.15000
1780601400,0.15000
1780602300,0.15000
1780603200,0.15000
1780604100,0.28000
1780605000,0.28000
1780605900,0.28000
1780610400,0.28000
1780611300,0.28000
1780612200,0.28000
1780613100,0.28000
1780614000,0.15000
1780614900,0.15000
1780615800,0.15000
1780616700,0.15000
1780617600,0.15000
1780618500,0.15000
1780619400,0.15000
1780620300,0.15000
1780621200,0.15000
1780622100,0.15000
1780623000,0.15000
1780623900,0.15000
1780624800,0.15000
1780625700,0.15000
1780626600,0.15000
1780627500,0.15000
1780628400,0.15000
1780629300,0.15000
1780630200,0.15000
1780631100,0.15000
1780632000,0.15000
1780632900,0.15000
1780633800,0.15000
1780634700,0.15000
1780635600,0.15000
1780636500,0.15000
1780637400,0.15000
1780638300,0.15000
1780639200,0.15000
1780640100,0.15000
1780641000,0.15000
1780641900,0.15000
1780642800,0.15000
1780643700,0.15000
1780644600,0.15000
1780645500,0.15000
1780646400,0.15000
1780647300,0.15000
1780648200,0.15000
1780649100,0.15000
1780650000,0.15000
1780650900,0.15000
1780651800,0.15000
1780652700,0.15000
1780653600,0.15000
1780654500,0.15000
1780655400,0.15000
1780656300,0.15000
1780657200,0.15000
1780658100,0.15000
1780659000,0.15000
1780659900,0.15000
1780660800,0.15000
1780661700,0.15000
1780662600,0.15000
1780663500,0.15000
1780664400,0.15000
1780665300,0.15000
1780666200,0.15000
1780667100,0.15000
1780668000,0.15000
1780668900,0.15000
1780669800,0.15000
1780670700,0.15000
1780671600,0.15000
1780672500,0.15000
1780673400,0.15000
1780674300,0.15000
1780675200,0.15000
1780676100,0.15000
1780677000,0.15000
1780677900,0.15000
1780678800,0.15000
1780679700,0.15000
1780680600,0.15000
1780681500,0.15000
1780682400,0.15000
1780683300,0.15000
1780684200,0.15000
1780685100,0.15000
1780686000,0.15000
1780686900,0.15000
1780687800,0.15000
1780688700,0.15000
1780689600,0.15000
1780690500,0.58000
1780691400,0.58000
1780869600,0.58000
1780870500,0.58000
1780871400,0.58000
1780872300,0.58000
1780873200,0.58000
1780874100,0.58000
1780875000,0.15000
1780875900,0.15000
1780876800,0.15000
1780877700,0.15000
1780878600,0.15000
1780879500,0.15000
1780880400,0.15000
1780881300,0.15000
1780882200,0.15000
1780883100,0.15000
1780884000,0.15000
1780884900,0.15000
1780885800,0.15000
1780886700,0.15000
1780887600,0.15000
1780888500,0.15000
1780889400,0.15000
1780890300,0.15000
1780891200,0.15000
1780892100,0.15000
1780893000,0.15000
1780893900,0.15000
1780894800,0.15000
1780895700,0.15000
1780896600,0.15000
1780897500,0.15000
1780898400,0.15000
1780899300,0.15000
1780900200,0.15000
1780901100,0.15000
1780902000,0.15000
1780902900,0.15000
1780903800,0.15000
1780904700,0.15000
1780905600,0.15000
1780906500,0.15000
1780907400,0.15000
1780908300,0.15000
1780909200,0.15000
1780910100,0.15000
1780911000,0.15000
1780911900,0.15000
1780912800,0.15000
1780913700,0.15000
1780914600,0.15000
1780915500,0.15000
1780916400,0.15000
1780917300,0.15000
1780918200,0.15000
1780919100,0.15000
1780920000,0.15000
1780920900,0.15000
1780921800,0.15000
1780922700,0.15000
1780923600,0.15000
1780924500,0.15000
1780925400,0.15000
1780926300,0.15000
1780927200,0.15000
1780928100,0.15000
1780929000,0.15000
1780929900,0.15000
1780930800,0.15000
1780931700,0.15000
1780932600,0.15000
1780933500,0.15000
1780934400,0.15000
1780935300,0.15000
1780936200,0.15000
1780937100,0.15000
1780938000,0.15000
1780938900,0.15000
1780939800,0.15000
1780940700,0.15000
1780941600,0.15000
1780942500,0.15000
1780943400,0.15000
1780944300,0.15000
1780945200,0.15000
1780946100,0.15000
1780947000,0.15000
1780947900,0.15000
1780948800,0.16000
1780949700,0.28000
1780950600,0.28000
1780951500,0.28000
1780956000,0.28000
1780956900,0.28000
1780957800,0.28000
1780958700,0.28000
1780959600,0.15000
1780960500,0.15000
1780961400,0.15000
1780962300,0.15000
1780963200,0.15000
1780964100,0.15000
1780965000,0.15000
1780965900,0.15000
1780966800,0.15000
1780967700,0.15000
1780968600,0.15000
1780969500,0.15000
1780970400,0.15000
1780971300,0.15000
1780972200,0.15000
1780973100,0.15000
1780974000,0.15000
1780974900,0.15000
1780975800,0.15000
1780976700,0.15000
1780977600,0.15000
1780978500,0.15000
1780979400,0.15000
1780980300,0.15000
1780981200,0.15000
1780982100,0.15000
1780983000,0.15000
1780983900,0.15000
1780984800,0.15000
1780985700,0.15000
1780986600,0.15000
1780987500,0.15000
1780988400,0.15000
1780989300,0.15000
1780990200,0.15000
1780991100,0.15000
1780992000,0.15000
1780992900,0.15000
1780993800,0.15000
1780994700,0.15000
1780995600,0.15000
1780996500,0.15000
1780997400,0.15000
1780998300,0.15000
1780999200,0.15000
1781000100,0.15000
1781001000,0.15000
1781001900,0.15000
1781002800,0.15000
1781003700,0.15000
1781004600,0.15000
1781005500,0.15000
1781006400,0.15000
1781007300,0.15000
1781008200,0.15000
1781009100,0.15000
1781010000,0.15000
1781010900,0.15000
1781011800,0.15000
1781012700,0.15000
1781013600,0.15000
1781014500,0.15000
1781015400,0.15000
1781016300,0.15000
1781017200,0.15000
1781018100,0.15000
1781019000,0.15000
1781019900,0.15000
1781020800,0.15000
1781021700,0.15000
1781022600,0.15000
1781023500,0.15000
1781024400,0.15000
1781025300,0.15000
1781026200,0.15000
1781027100,0.15000
1781028000,0.15000
1781028900,0.15000
1781029800,0.15000
1781030700,0.15000
1781031600,0.15000
1781032500,0.15000
1781033400,0.15000
1781034300,0.15000
1781035200,0.16000
1781036100,0.28000
1781037000,0.28000
1781037900,0.28000
1781042400,0.28000
1781043300,0.28000
1781044200,0.28000
1781045100,0.28000
1781046000,0.15000
1781046900,0.15000
1781047800,0.15000
1781048700,0.15000
1781049600,0.15000
1781050500,0.15000
1781051400,0.15000
1781052300,0.15000
1781053200,0.15000
1781054100,0.15000
1781055000,0.15000
1781055900,0.15000
1781056800,0.15000
1781057700,0.15000
1781058600,0.15000
1781059500,0.15000
1781060400,0.15000
1781061300,0.15000
1781062200,0.15000
1781063100,0.15000
1781064000,0.15000
1781064900,0.15000
1781065800,0.15000
1781066700,0.15000
1781067600,0.15000
1781068500,0.15000
1781069400,0.15000
1781070300,0.15000
1781071200,0.15000
1781072100,0.15000
1781073000,0.15000
1781073900,0.15000
1781074800,0.15000
1781075700,0.15000
1781076600,0.15000
1781077500,0.15000
1781078400,0.15000
1781079300,0.15000
1781080200,0.15000
1781081100,0.15000
1781082000,0.15000
1781082900,0.15000
1781083800,0.15000
1781084700,0.15000
1781085600,0.15000
1781086500,0.15000
1781087400,0.15000
1781088300,0.15000
1781089200,0.15000
1781090100,0.15000
1781091000,0.15000
1781091900,0.15000
1781092800,0.15000
1781093700,0.15000
1781094600,0.15000
1781095500,0.15000
1781096400,0.15000
1781097300,0.15000
1781098200,0.15000
1781099100,0.15000
1781100000,0.15000
1781100900,0.15000
1781101800,0.15000
1781102700,0.15000
1781103600,0.15000
1781104500,0.15000
1781105400,0.15000
1781106300,0.15000
1781107200,0.15000
1781108100,0.15000
1781109000,0.15000
1781109900,0.15000
1781110800,0.15000
1781111700,0.15000
1781112600,0.15000
1781113500,0.15000
1781114400,0.15000
1781115300,0.15000
1781116200,0.15000
1781117100,0.15000
1781118000,0.15000
1781118900,0.15000
1781119800,0.15000
1781120700,0.15000
1781121600,0.15000
1781122500,0.28000
1781123400,0.28000
1781124300,0.28000
1781128800,0.28000
1781129700,0.28000
1781130600,0.28000
1781131500,0.28000
1781132400,0.15000
1781133300,0.15000
1781134200,0.15000
1781135100,0.15000
1781136000,0.15000
1781136900,0.15000
1781137800,0.15000
1781138700,0.15000
1781139600,0.15000
1781140500,0.15000
1781141400,0.15000
1781142300,0.15000
1781143200,0.15000
1781144100,0.15000
1781145000,0.15000
1781145900,0.15000
1781146800,0.15000
1781147700,0.15000
1781148600,0.15000
1781149500,0.15000
1781150400,0.15000
1781151300,0.15000
1781152200,0.15000
1781153100,0.15000
1781154000,0.15000
1781154900,0.15000
1781155800,0.15000
1781156700,0.15000
1781157600,0.15000
1781158500,0.15000
1781159400,0.15000
1781160300,0.15000
1781161200,0.15000
1781162100,0.15000
1781163000,0.15000
1781163900,0.15000
1781164800,0.15000
1781165700,0.15000
1781166600,0.15000
1781167500,0.15000
1781168400,0.15000
1781169300,0.15000
1781170200,0.15000
1781171100,0.15000
1781172000,0.15000
1781172900,0.15000
1781173800,0.15000
1781174700,0.15000
1781175600,0.15000
1781176500,0.15000
1781177400,0.15000
1781178300,0.15000
1781179200,0.15000
1781180100,0.15000
1781181000,0.15000
1781181900,0.15000
1781182800,0.15000
1781183700,0.15000
1781184600,0.15000
1781185500,0.15000
1781186400,0.15000
1781187300,0.15000
1781188200,0.15000
1781189100,0.15000
1781190000,0.15000
1781190900,0.15000
1781191800,0.15000
1781192700,0.15000
1781193600,0.15000
1781194500,0.15000
1781195400,0.15000
1781196300,0.15000
1781197200,0.15000
1781198100,0.15000
1781199000,0.15000
1781199900,0.15000
1781200800,0.15000
1781201700,0.15000
1781202600,0.15000
1781203500,0.15000
1781204400,0.15000
1781205300,0.15000
1781206200,0.15000
1781207100,0.15000
1781208000,0.15000
1781208900,0.28000
1781209800,0.28000
1781210700,0.28000
1781215200,0.28000
1781216100,0.28000
1781217000,0.28000
1781217900,0.28000
1781218800,0.15000
1781219700,0.15000
1781220600,0.15000
1781221500,0.15000
1781222400,0.15000
1781223300,0.15000
1781224200,0.15000
1781225100,0.15000
1781226000,0.15000
1781226900,0.15000
1781227800,0.15000
1781228700,0.15000
1781229600,0.15000
1781230500,0.15000
1781231400,0.15000
1781232300,0.15000
1781233200,0.15000
1781234100,0.15000
1781235000,0.15000
1781235900,0.15000
1781236800,0.15000
1781237700,0.15000
1781238600,0.15000
1781239500,0.15000
1781240400,0.15000
1781241300,0.15000
1781242200,0.15000
1781243100,0.15000
1781244000,0.15000
1781244900,0.15000
1781245800,0.15000
1781246700,0.15000
1781247600,0.15000
1781248500,0.15000
1781249400,0.15000
1781250300,0.15000
1781251200,0.15000
1781252100,0.15000
1781253000,0.15000
1781253900,0.15000
1781254800,0.15000
1781255700,0.15000
1781256600,0.15000
1781257500,0.15000
1781258400,0.15000
1781259300,0.15000
1781260200,0.15000
1781261100,0.15000
1781262000,0.15000
1781262900,0.15000
1781263800,0.15000
1781264700,0.15000
1781265600,0.15000
1781266500,0.15000
1781267400,0.15000
1781268300,0.15000
1781269200,0.15000
1781270100,0.15000
1781271000,0.15000
1781271900,0.15000
1781272800,0.15000
1781273700,0.15000
1781274600,0.15000
1781275500,0.15000
1781276400,0.15000
1781277300,0.15000
1781278200,0.15000
1781279100,0.15000
1781280000,0.15000
1781280900,0.15000
1781281800,0.15000
1781282700,0.15000
1781283600,0.15000
1781284500,0.15000
1781285400,0.15000
1781286300,0.15000
1781287200,0.15000
1781288100,0.15000
1781289000,0.15000
1781289900,0.15000
1781290800,0.15000
1781291700,0.15000
1781292600,0.15000
1781293500,0.15000
1781294400,0.15000
1781295300,0.58000
1781296200,0.58000
1781474400,0.58000
1781475300,0.58000
1781476200,0.58000
1781477100,0.58000
1781478000,0.58000
1781478900,0.58000
1781479800,0.15000
1781480700,0.15000
1781481600,0.15000
1781482500,0.15000
1781483400,0.15000
1781484300,0.15000
1781485200,0.15000
1781486100,0.15000
1781487000,0.15000
1781487900,0.15000
1781488800,0.15000
1781489700,0.15000
1781490600,0.15000
1781491500,0.15000
1781492400,0.15000
1781493300,0.15000
1781494200,0.15000
1781495100,0.15000
1781496000,0.15000
1781496900,0.15000
1781497800,0.15000
1781498700,0.15000
1781499600,0.15000
1781500500,0.15000
1781501400,0.15000
1781502300,0.15000
1781503200,0.15000
1781504100,0.15000
1781505000,0.15000
1781505900,0.15000
1781506800,0.15000
1781507700,0.15000
1781508600,0.15000
1781509500,0.15000
1781510400,0.15000
1781511300,0.15000
1781512200,0.15000
1781513100,0.15000
1781514000,0.15000
1781514900,0.15000
1781515800,0.15000
1781516700,0.15000
1781517600,0.15000
1781518500,0.15000
1781519400,0.15000
1781520300,0.15000
1781521200,0.15000
1781522100,0.15000
1781523000,0.15000
1781523900,0.15000
1781524800,0.15000
1781525700,0.15000
1781526600,0.15000
1781527500,0.15000
1781528400,0.15000
1781529300,0.15000
1781530200,0.15000
1781531100,0.15000
1781532000,0.15000
1781532900,0.15000
1781533800,0.15000
1781534700,0.15000
1781535600,0.15000
1781536500,0.15000
1781537400,0.15000
1781538300,0.15000
1781539200,0.15000
1781540100,0.15000
1781541000,0.15000
1781541900,0.15000
1781542800,0.15000
1781543700,0.15000
1781544600,0.15000
1781545500,0.15000
1781546400,0.15000
1781547300,0.15000
1781548200,0.15000
1781549100,0.15000
1781550000,0.15000
1781550900,0.15000
1781551800,0.15000
1781552700,0.15000
1781553600,0.15000
1781554500,0.28000
1781555400,0.28000
1781556300,0.28000
1781560800,0.28000
1781561700,0.28000
1781562600,0.28000
1781563500,0.28000
1781564400,0.15000
1781565300,0.15000
1781566200,0.15000
1781567100,0.15000
1781568000,0.15000
1781568900,0.15000
1781569800,0.15000
1781570700,0.15000
1781571600,0.15000
1781572500,0.15000
1781573400,0.15000
1781574300,0.15000
1781575200,0.15000
1781576100,0.15000
1781577000,0.15000
1781577900,0.15000
1781578800,0.15000
1781579700,0.15000
1781580600,0.15000
1781581500,0.15000
1781582400,0.15000
1781583300,0.15000
1781584200,0.15000
1781585100,0.15000
1781586000,0.15000
1781586900,0.15000
1781587800,0.15000
1781588700,0.15000
1781589600,0.15000
1781590500,0.15000
1781591400,0.15000
1781592300,0.15000
1781593200,0.15000
1781594100,0.15000
1781595000,0.15000
1781595900,0.15000
1781596800,0.15000
1781597700,0.15000
1781598600,0.15000
1781599500,0.15000
1781600400,0.15000
1781601300,0.15000
1781602200,0.15000
1781603100,0.15000
1781604000,0.15000
1781604900,0.15000
1781605800,0.15000
1781606700,0.15000
1781607600,0.15000
1781608500,0.15000
1781609400,0.15000
1781610300,0.15000
1781611200,0.15000
1781612100,0.15000
1781613000,0.15000
1781613900,0.15000
1781614800,0.15000
1781615700,0.15000
1781616600,0.15000
1781617500,0.15000
1781618400,0.15000
1781619300,0.15000
1781620200,0.15000
1781621100,0.15000
1781622000,0.15000
1781622900,0.15000
1781623800,0.15000
1781624700,0.15000
1781625600,0.15000
1781626500,0.15000
1781627400,0.15000
1781628300,0.15000
1781629200,0.15000
1781630100,0.15000
1781631000,0.15000
1781631900,0.15000
1781632800,0.15000
1781633700,0.15000
1781634600,0.15000
1781635500,0.15000
1781636400,0.15000
1781637300,0.15000
1781638200,0.15000
1781639100,0.15000
1781640000,0.15000
1781640900,0.28000
1781641800,0.28000
1781642700,0.28000
1781647200,0.28000
1781648100,0.28000
1781649000,0.28000
1781649900,0.28000
1781650800,0.15000
1781651700,0.15000
1781652600,0.15000
1781653500,0.15000
1781654400,0.15000
1781655300,0.15000
1781656200,0.15000
1781657100,0.15000
1781658000,0.15000
1781658900,0.15000
1781659800,0.15000
1781660700,0.15000
1781661600,0.15000
1781662500,0.15000
1781663400,0.15000
1781664300,0.15000
1781665200,0.15000
1781666100,0.15000
1781667000,0.15000
1781667900,0.15000
1781668800,0.15000
1781669700,0.15000
1781670600,0.15000
1781671500,0.15000
1781672400,0.15000
1781673300,0.15000
1781674200,0.15000
1781675100,0.15000
1781676000,0.15000
1781676900,0.15000
1781677800,0.15000
1781678700,0.15000
1781679600,0.15000
1781680500,0.15000
1781681400,0.15000
1781682300,0.15000
1781683200,0.15000
1781684100,0.15000
1781685000,0.15000
1781685900,0.15000
1781686800,0.15000
1781687700,0.15000
1781688600,0.15000
1781689500,0.15000
1781690400,0.15000
1781691300,0.15000
1781692200,0.15000
1781693100,0.15000
1781694000,0.15000
1781694900,0.15000
1781695800,0.15000
1781696700,0.15000
1781697600,0.15000
1781698500,0.15000
1781699400,0.15000
1781700300,0.15000
1781701200,0.15000
1781702100,0.15000
1781703000,0.15000
1781703900,0.15000
1781704800,0.15000
1781705700,0.15000
1781706600,0.15000
1781707500,0.15000
1781708400,0.15000
1781709300,0.15000
1781710200,0.15000
1781711100,0.15000
1781712000,0.15000
1781712900,0.15000
1781713800,0.15000
1781714700,0.15000
1781715600,0.15000
1781716500,0.15000
1781717400,0.15000
1781718300,0.15000
1781719200,0.15000
1781720100,0.15000
1781721000,0.15000
1781721900,0.15000
1781722800,0.15000
1781723700,0.15000
1781724600,0.15000
1781725500,0.15000
1781726400,0.15000
1781727300,0.28000
1781728200,0.28000
1781729100,0.28000
1781733600,0.28000
1781734500,0.28000
1781735400,0.28000
1781736300,0.28000
1781737200,0.15000
1781738100,0.15000
1781739000,0.15000
1781739900,0.15000
1781740800,0.15000
1781741700,0.15000
1781742600,0.15000
1781743500,0.15000
1781744400,0.15000
1781745300,0.15000
1781746200,0.15000
1781747100,0.15000
1781748000,0.15000
1781748900,0.15000
1781749800,0.15000
1781750700,0.15000
1781751600,0.15000
1781752500,0.15000
1781753400,0.15000
1781754300,0.15000
1781755200,0.15000
1781756100,0.15000
1781757000,0.15000
1781757900,0.15000
1781758800,0.15000
1781759700,0.15000
1781760600,0.15000
1781761500,0.15000
1781762400,0.15000
1781763300,0.15000
1781764200,0.15000
1781765100,0.15000
1781766000,0.15000
1781766900,0.15000
1781767800,0.15000
1781768700,0.15000
1781769600,0.15000
1781770500,0.15000
1781771400,0.15000
1781772300,0.15000
1781773200,0.15000
1781774100,0.15000
1781775000,0.15000
1781775900,0.15000
1781776800,0.15000
1781777700,0.15000
1781778600,0.15000
1781779500,0.15000
1781780400,0.15000
1781781300,0.15000
1781782200,0.15000
1781783100,0.15000
1781784000,0.15000
1781784900,0.15000
1781785800,0.15000
1781786700,0.15000
1781787600,0.15000
1781788500,0.15000
1781789400,0.15000
1781790300,0.15000
1781791200,0.15000
1781792100,0.15000
1781793000,0.15000
1781793900,0.15000
1781794800,0.15000
1781795700,0.15000
1781796600,0.15000
1781797500,0.15000
1781798400,0.15000
1781799300,0.15000
1781800200,0.15000
1781801100,0.15000
1781802000,0.15000
1781802900,0.15000
1781803800,0.15000
1781804700,0.15000
1781805600,0.15000
1781806500,0.15000
1781807400,0.15000
1781808300,0.15000
1781809200,0.15000
1781810100,0.15000
1781811000,0.15000
1781811900,0.15000
1781812800,0.15000
1781813700,0.28000
1781814600,0.28000
1781815500,0.28000
1781820000,0.28000
1781820900,0.28000
1781821800,0.28000
1781822700,0.28000
1781823600,0.15000
1781824500,0.15000
1781825400,0.15000
1781826300,0.15000
1781827200,0.15000
1781828100,0.15000
1781829000,0.15000
1781829900,0.15000
1781830800,0.15000
1781831700,0.15000
1781832600,0.15000
1781833500,0.15000
1781834400,0.15000
1781835300,0.15000
1781836200,0.15000
1781837100,0.15000
1781838000,0.15000
1781838900,0.15000
1781839800,0.15000
1781840700,0.15000
1781841600,0.15000
1781842500,0.15000
1781843400,0.15000
1781844300,0.15000
1781845200,0.15000
1781846100,0.15000
1781847000,0.15000
1781847900,0.15000
1781848800,0.15000
1781849700,0.15000
1781850600,0.15000
1781851500,0.15000
1781852400,0.15000
1781853300,0.15000
1781854200,0.15000
1781855100,0.15000
1781856000,0.15000
1781856900,0.15000
1781857800,0.15000
1781858700,0.15000
1781859600,0.15000
1781860500,0.15000
1781861400,0.15000
1781862300,0.15000
1781863200,0.15000
1781864100,0.15000
1781865000,0.15000
1781865900,0.15000
1781866800,0.15000
1781867700,0.15000
1781868600,0.15000
1781869500,0.15000
1781870400,0.15000
1781871300,0.15000
1781872200,0.15000
1781873100,0.15000
1781874000,0.15000
1781874900,0.15000
1781875800,0.15000
1781876700,0.15000
1781877600,0.15000
1781878500,0.15000
1781879400,0.15000
1781880300,0.15000
1781881200,0.15000
1781882100,0.15000
1781883000,0.15000
1781883900,0.15000
1781884800,0.15000
1781885700,0.15000
1781886600,0.15000
1781887500,0.15000
1782079200,0.58000
1782080100,0.58000
1782081000,0.58000
1782081900,0.58000
1782082800,0.58000
1782083700,0.58000
1782084600,0.15000
1782085500,0.15000
1782086400,0.15000
1782087300,0.15000
1782088200,0.15000
1782089100,0.15000
1782090000,0.15000
1782090900,0.15000
1782091800,0.15000
1782092700,0.15000
1782093600,0.15000
1782094500,0.15000
1782095400,0.15000
1782096300,0.15000
1782097200,0.15000
1782098100,0.15000
1782099000,0.15000
1782099900,0.15000
1782100800,0.15000
1782101700,0.15000
1782102600,0.15000
1782103500,0.15000
1782104400,0.15000
1782105300,0.15000
1782106200,0.15000
1782107100,0.15000
1782108000,0.15000
1782108900,0.15000
1782109800,0.15000
1782110700,0.15000
1782111600,0.15000
1782112500,0.15000
1782113400,0.15000
1782114300,0.15000
1782115200,0.15000
1782116100,0.15000
1782117000,0.15000
1782117900,0.15000
1782118800,0.15000
1782119700,0.15000
1782120600,0.15000
1782121500,0.15000
1782122400,0.15000
1782123300,0.15000
1782124200,0.15000
1782125100,0.15000
1782126000,0.15000
1782126900,0.15000
1782127800,0.15000
1782128700,0.15000
1782129600,0.15000
1782130500,0.15000
1782131400,0.15000
1782132300,0.15000
1782133200,0.15000
1782134100,0.15000
1782135000,0.15000
1782135900,0.15000
1782136800,0.15000
1782137700,0.15000
1782138600,0.15000
1782139500,0.15000
1782140400,0.15000
1782141300,0.15000
1782142200,0.15000
1782143100,0.15000
1782144000,0.15000
1782144900,0.15000
1782145800,0.15000
1782146700,0.15000
1782147600,0.15000
1782148500,0.15000
1782149400,0.15000
1782150300,0.15000
1782151200,0.15000
1782152100,0.15000
1782153000,0.15000
1782153900,0.15000
1782154800,0.15000
1782155700,0.15000
1782156600,0.15000
1782157500,0.15000
1782158400,0.15000
1782159300,0.28000
1782160200,0.28000
1782161100,0.28000
1782165600,0.28000
1782166500,0.28000
1782167400,0.28000
1782168300,0.28000
1782169200,0.15000
1782170100,0.15000
1782171000,0.15000
1782171900,0.15000
1782172800,0.15000
1782173700,0.15000
1782174600,0.15000
1782175500,0.15000
1782176400,0.15000
1782177300,0.15000
1782178200,0.15000
1782179100,0.15000
1782180000,0.15000
1782180900,0.15000
1782181800,0.15000
1782182700,0.15000
1782183600,0.15000
1782184500,0.15000
1782185400,0.15000
1782186300,0.15000
1782187200,0.15000
1782188100,0.15000
1782189000,0.15000
1782189900,0.15000
1782190800,0.15000
1782191700,0.15000
1782192600,0.15000
1782193500,0.15000
1782194400,0.15000
1782195300,0.15000
1782196200,0.15000
1782197100,0.15000
1782198000,0.15000
1782198900,0.15000
1782199800,0.15000
1782200700,0.15000
1782201600,0.15000
1782202500,0.15000
1782203400,0.15000
1782204300,0.15000
1782205200,0.15000
1782206100,0.15000
1782207000,0.15000
1782207900,0.15000
1782208800,0.15000
1782209700,0.15000
1782210600,0.15000
1782211500,0.15000
1782212400,0.15000
1782213300,0.15000
1782214200,0.15000
1782215100,0.15000
1782216000,0.15000
1782216900,0.15000
1782217800,0.15000
1782218700,0.15000
1782219600,0.15000
1782220500,0.15000
1782221400,0.15000
1782222300,0.15000
1782223200,0.15000
1782224100,0.15000
1782225000,0.15000
1782225900,0.15000
1782226800,0.15000
1782227700,0.15000
1782228600,0.15000
1782229500,0.15000
1782230400,0.15000
1782231300,0.15000
1782232200,0.15000
1782233100,0.15000
1782234000,0.15000
1782234900,0.15000
1782235800,0.15000
1782236700,0.15000
1782237600,0.15000
1782238500,0.15000
1782239400,0.15000
1782240300,0.15000
1782241200,0.15000
1782242100,0.15000
1782243000,0.15000
1782243900,0.15000
1782244800,0.15000
1782245700,0.28000
1782246600,0.28000
1782247500,0.28000
1782252000,0.28000
1782252900,0.28000
1782253800,0.28000
1782254700,0.28000
1782255600,0.15000
1782256500,0.15000
1782257400,0.15000
1782258300,0.15000
1782259200,0.15000
1782260100,0.15000
1782261000,0.15000
1782261900,0.15000
1782262800,0.15000
1782263700,0.15000
1782264600,0.15000
1782265500,0.15000
1782266400,0.15000
1782267300,0.15000
1782268200,0.15000
1782269100,0.15000
1782270000,0.15000
1782270900,0.15000
1782271800,0.15000
1782272700,0.15000
1782273600,0.15000
1782274500,0.15000
1782275400,0.15000
1782276300,0.15000
1782277200,0.15000
1782278100,0.15000
1782279000,0.15000
1782279900,0.15000
1782280800,0.15000
1782281700,0.15000
1782282600,0.15000
1782283500,0.15000
1782284400,0.15000
1782285300,0.15000
1782286200,0.15000
1782287100,0.15000
1782288000,0.15000
1782288900,0.15000
1782289800,0.15000
1782290700,0.15000
1782291600,0.15000
1782292500,0.15000
1782293400,0.15000
1782294300,0.15000
1782295200,0.15000
1782296100,0.15000
1782297000,0.15000
1782297900,0.15000
1782298800,0.15000
1782299700,0.15000
1782300600,0.15000
1782301500,0.15000
1782302400,0.15000
1782303300,0.15000
1782304200,0.15000
1782305100,0.15000
1782306000,0.15000
1782306900,0.15000
1782307800,0.15000
1782308700,0.15000
1782309600,0.15000
1782310500,0.15000
1782311400,0.15000
1782312300,0.15000
1782313200,0.15000
1782314100,0.15000
1782315000,0.15000
1782315900,0.15000
1782316800,0.15000
1782317700,0.15000
1782318600,0.15000
1782319500,0.15000
1782320400,0.15000
1782321300,0.15000
1782322200,0.15000
1782323100,0.15000
1782324000,0.15000
1782324900,0.15000
1782325800,0.15000
1782326700,0.15000
1782327600,0.15000
1782328500,0.15000
1782329400,0.15000
1782330300,0.15000
1782331200,0.15000
1782332100,0.28000
1782333000,0.28000
1782333900,0.28000
1782338400,0.28000
1782339300,0.28000
1782340200,0.28000
1782341100,0.28000
1782342000,0.15000
1782342900,0.15000
1782343800,0.15000
1782344700,0.15000
1782345600,0.15000
1782346500,0.15000
1782347400,0.15000
1782348300,0.15000
1782349200,0.15000
1782350100,0.15000
1782351000,0.15000
1782351900,0.15000
1782352800,0.15000
1782353700,0.15000
1782354600,0.15000
1782355500,0.15000
1782356400,0.15000
1782357300,0.15000
1782358200,0.15000
1782359100,0.15000
1782360000,0.15000
1782360900,0.15000
1782361800,0.15000
1782362700,0.15000
1782363600,0.15000
1782364500,0.15000
1782365400,0.15000
1782366300,0.15000
1782367200,0.15000
1782368100,0.15000
1782369000,0.15000
1782369900,0.15000
1782370800,0.15000
1782371700,0.15000
1782372600,0.15000
1782373500,0.15000
1782374400,0.15000
1782375300,0.15000
1782376200,0.15000
1782377100,0.15000
1782378000,0.15000
1782378900,0.15000
1782379800,0.15000
1782380700,0.15000
1782381600,0.15000
1782382500,0.15000
1782383400,0.15000
1782384300,0.15000
1782385200,0.15000
1782386100,0.15000
1782387000,0.15000
1782387900,0.15000
1782388800,0.15000
1782389700,0.15000
1782390600,0.15000
1782391500,0.15000
1782392400,0.15000
1782393300,0.15000
1782394200,0.15000
1782395100,0.15000
1782396000,0.15000
1782396900,0.15000
1782397800,0.15000
1782398700,0.15000
1782399600,0.15000
1782400500,0.15000
1782401400,0.15000
1782402300,0.15000
1782403200,0.15000
1782404100,0.15000
1782405000,0.15000
1782405900,0.15000
1782406800,0.15000
1782407700,0.15000
1782408600,0.15000
1782409500,0.15000
1782410400,0.15000
1782411300,0.15000
1782412200,0.15000
1782413100,0.15000
1782414000,0.15000
1782414900,0.15000
1782415800,0.15000
1782416700,0.15000
1782417600,0.15000
1782418500,0.28000
1782419400,0.28000
1782420300,0.28000
1782424800,0.28000
1782425700,0.28000
1782426600,0.28000
1782427500,0.28000
1782428400,0.15000
1782429300,0.15000
1782430200,0.15000
1782431100,0.15000
1782432000,0.15000
1782432900,0.15000
1782433800,0.15000
1782434700,0.15000
1782435600,0.15000
1782436500,0.15000
1782437400,0.15000
1782438300,0.15000
1782439200,0.15000
1782440100,0.15000
1782441000,0.15000
1782441900,0.15000
1782442800,0.15000
1782443700,0.15000
1782444600,0.15000
1782445500,0.15000
1782446400,0.15000
1782447300,0.15000
1782448200,0.15000
1782449100,0.15000
1782450000,0.15000
1782450900,0.15000
1782451800,0.15000
1782452700,0.15000
1782453600,0.15000
1782454500,0.15000
1782455400,0.15000
1782456300,0.15000
1782457200,0.15000
1782458100,0.15000
1782459000,0.15000
1782459900,0.15000
1782460800,0.15000
1782461700,0.15000
1782462600,0.15000
1782463500,0.15000
1782464400,0.15000
1782465300,0.15000
1782466200,0.15000
1782467100,0.15000
1782468000,0.15000
1782468900,0.15000
1782469800,0.15000
1782470700,0.15000
1782471600,0.15000
1782472500,0.15000
1782473400,0.15000
1782474300,0.15000
1782475200,0.15000
1782476100,0.15000
1782477000,0.15000
1782477900,0.15000
1782478800,0.15000
1782479700,0.15000
1782480600,0.15000
1782481500,0.15000
1782482400,0.15000
1782483300,0.15000
1782484200,0.15000
1782485100,0.15000
1782486000,0.15000
1782486900,0.15000
1782487800,0.15000
1782488700,0.15000
1782489600,0.15000
1782490500,0.15000
1782491400,0.15000
1782492300,0.15000
1782493200,0.15000
1782494100,0.15000
1782495000,0.15000
1782495900,0.15000
1782496800,0.15000
1782497700,0.15000
1782498600,0.15000
1782499500,0.15000
1782500400,0.15000
1782501300,0.15000
1782502200,0.15000
1782503100,0.15000
1782504000,0.22000
1782504900,0.58000
1782505800,0.38000
1782684000,0.58000
1782684900,0.58000
1782685800,0.58000
1782686700,0.58000
1782687600,0.58000
1782688500,0.58000
1782689400,0.15000
1782690300,0.15000
1782691200,0.15000
1782692100,0.15000
1782693000,0.15000
1782693900,0.15000
1782694800,0.15000
1782695700,0.15000
1782696600,0.15000
1782697500,0.15000
1782698400,0.15000
1782699300,0.15000
1782700200,0.15000
1782701100,0.15000
1782702000,0.15000
1782702900,0.15000
1782703800,0.15000
1782704700,0.15000
1782705600,0.15000
1782706500,0.15000
1782707400,0.15000
1782708300,0.15000
1782709200,0.15000
1782710100,0.15000
1782711000,0.15000
1782711900,0.15000
1782712800,0.15000
1782713700,0.15000
1782714600,0.15000
1782715500,0.15000
1782716400,0.15000
1782717300,0.15000
1782718200,0.15000
1782719100,0.15000
1782720000,0.15000
1782720900,0.15000
1782721800,0.15000
1782722700,0.15000
1782723600,0.15000
1782724500,0.15000
1782725400,0.15000
1782726300,0.15000
1782727200,0.15000
1782728100,0.15000
1782729000,0.15000
1782729900,0.15000
1782730800,0.15000
1782731700,0.15000
1782732600,0.15000
1782733500,0.15000
1782734400,0.15000
1782735300,0.15000
1782736200,0.15000
1782737100,0.15000
1782738000,0.15000
1782738900,0.15000
1782739800,0.15000
1782740700,0.15000
1782741600,0.15000
1782742500,0.15000
1782743400,0.15000
1782744300,0.15000
1782745200,0.15000
1782746100,0.15000
1782747000,0.15000
1782747900,0.15000
1782748800,0.15000
1782749700,0.15000
1782750600,0.15000
1782751500,0.15000
1782752400,0.15000
1782753300,0.15000
1782754200,0.15000
1782755100,0.15000
1782756000,0.15000
1782756900,0.15000
1782757800,0.15000
1782758700,0.15000
1782759600,0.15000
1782760500,0.15000
1782761400,0.15000
1782762300,0.15000
1782763200,0.15000
1782764100,0.28000
1782765000,0.28000
1782765900,0.28000
1782770400,0.28000
1782771300,0.28000
1782772200,0.28000
1782773100,0.28000
1782774000,0.15000
1782774900,0.15000
1782775800,0.15000
1782776700,0.15000
1782777600,0.15000
1782778500,0.15000
1782779400,0.15000
1782780300,0.15000
1782781200,0.15000
1782782100,0.15000
1782783000,0.15000
1782783900,0.15000
1782784800,0.15000
1782785700,0.15000
1782786600,0.15000
1782787500,0.15000
1782788400,0.15000
1782789300,0.15000
1782790200,0.15000
1782791100,0.15000
1782792000,0.15000
1782792900,0.15000
1782793800,0.15000
1782794700,0.15000
1782795600,0.15000
1782796500,0.15000
1782797400,0.15000
1782798300,0.15000
1782799200,0.15000
1782800100,0.15000
1782801000,0.15000
1782801900,0.15000
1782802800,0.15000
1782803700,0.15000
1782804600,0.15000
1782805500,0.15000
1782806400,0.15000
1782807300,0.15000
1782808200,0.15000
1782809100,0.15000
1782810000,0.15000
1782810900,0.15000
1782811800,0.15000
1782812700,0.15000
1782813600,0.15000
1782814500,0.15000
1782815400,0.15000
1782816300,0.15000
1782817200,0.15000
1782818100,0.15000
1782819000,0.15000
1782819900,0.15000
1782820800,0.15000
1782821700,0.15000
1782822600,0.15000
1782823500,0.15000
1782824400,0.15000
1782825300,0.15000
1782826200,0.15000
1782827100,0.15000
1782828000,0.15000
1782828900,0.15000
1782829800,0.15000
1782830700,0.15000
1782831600,0.15000
1782832500,0.15000
1782833400,0.15000
1782834300,0.15000
1782835200,0.15000
1782836100,0.15000
1782837000,0.15000
1782837900,0.15000
1782838800,0.15000
1782839700,0.15000
1782840600,0.15000
1782841500,0.15000
1782842400,0.15000
1782843300,0.15000
1782844200,0.15000
1782845100,0.15000
1782846000,0.15000
1782846900,0.15000
1782847800,0.15000
1782848700,0.15000
1782849600,0.15000
1782850500,0.28000
1782851400,0.28000
1782852300,0.28000
1782856800,0.28000
1782857700,0.28000
1782858600,0.28000
1782859500,0.28000
1782860400,0.15000
1782861300,0.15000
1782862200,0.15000
1782863100,0.15000
1782864000,0.15000
1782864900,0.15000
1782865800,0.15000
1782866700,0.15000
1782867600,0.15000
1782868500,0.15000
1782869400,0.15000
1782870300,0.15000
1782871200,0.15000
1782872100,0.15000
1782873000,0.15000
1782873900,0.15000
1782874800,0.15000
1782875700,0.15000
1782876600,0.15000
1782877500,0.15000
1782878400,0.15000
1782879300,0.15000
1782880200,0.15000
1782881100,0.15000
1782882000,0.15000
1782882900,0.15000
1782883800,0.15000
1782884700,0.15000
1782885600,0.15000
1782886500,0.15000
1782887400,0.15000
1782888300,0.15000
1782889200,0.15000
1782890100,0.15000
1782891000,0.15000
1782891900,0.15000
1782892800,0.15000
1782893700,0.15000
1782894600,0.15000
1782895500,0.15000
1782896400,0.15000
1782897300,0.15000
1782898200,0.15000
1782899100,0.15000
1782900000,0.15000
1782900900,0.15000
1782901800,0.15000
1782902700,0.15000
1782903600,0.15000
1782904500,0.15000
1782905400,0.15000
1782906300,0.15000
1782907200,0.15000
1782908100,0.15000
1782909000,0.15000
1782909900,0.15000
1782910800,0.15000
1782911700,0.15000
1782912600,0.15000
1782913500,0.15000
1782914400,0.15000
1782915300,0.15000
1782916200,0.15000
1782917100,0.15000
1782918000,0.15000
1782918900,0.15000
1782919800,0.15000
1782920700,0.15000
1782921600,0.15000
1782922500,0.15000
1782923400,0.15000
1782924300,0.15000
1782925200,0.15000
1782926100,0.15000
1782927000,0.15000
1782927900,0.15000
1782928800,0.15000
1782929700,0.15000
1782930600,0.15000
1782931500,0.15000
1782932400,0.15000
1782933300,0.15000
1782934200,0.15000
1782935100,0.15000
1782936000,0.15000
1782936900,0.28000
1782937800,0.28000
1782938700,0.28000
1782943200,0.28000
1782944100,0.28000
1782945000,0.28000
1782945900,0.28000
1782946800,0.15000
1782947700,0.15000
1782948600,0.15000
1782949500,0.15000
1782950400,0.15000
1782951300,0.15000
1782952200,0.15000
1782953100,0.15000
1782954000,0.15000
1782954900,0.15000
1782955800,0.15000
1782956700,0.15000
1782957600,0.15000
1782958500,0.15000
1782959400,0.15000
1782960300,0.15000
1782961200,0.15000
1782962100,0.15000
1782963000,0.15000
1782963900,0.15000
1782964800,0.15000
1782965700,0.15000
1782966600,0.15000
1782967500,0.15000
1782968400,0.15000
1782969300,0.15000
1782970200,0.15000
1782971100,0.15000
1782972000,0.15000
1782972900,0.15000
1782973800,0.15000
1782974700,0.15000
1782975600,0.15000
1782976500,0.15000
1782977400,0.15000
1782978300,0.15000
1782979200,0.15000
1782980100,0.15000
1782981000,0.15000
1782981900,0.15000
1782982800,0.15000
1782983700,0.15000
1782984600,0.15000
1782985500,0.15000
1782986400,0.15000
1782987300,0.15000
1782988200,0.15000
1782989100,0.15000
1782990000,0.15000
1782990900,0.15000
1782991800,0.15000
1782992700,0.15000
1782993600,0.15000
1782994500,0.15000
1782995400,0.15000
1782996300,0.15000
1782997200,0.15000
1782998100,0.15000
1782999000,0.15000
1782999900,0.15000
1783000800,0.15000
1783001700,0.15000
1783002600,0.15000
1783003500,0.15000
1783004400,0.15000
1783005300,0.15000
1783006200,0.15000
1783007100,0.15000
1783008000,0.15000
1783008900,0.15000
1783009800,0.15000
1783010700,0.15000
1783011600,0.15000
1783012500,0.15000
1783013400,0.15000
1783014300,0.15000
1783015200,0.15000
1783016100,0.15000
1783017000,0.15000
1783017900,0.15000
1783018800,0.15000
1783019700,0.15000
1783020600,0.15000
1783021500,0.15000
1783022400,0.15000
1783023300,0.28000
1783024200,0.28000
1783025100,0.28000
1783029600,0.28000
1783030500,0.28000
1783031400,0.28000
1783032300,0.28000
1783033200,0.15000
1783034100,0.15000
1783035000,0.15000
1783035900,0.15000
1783036800,0.15000
1783037700,0.15000
1783038600,0.15000
1783039500,0.15000
1783040400,0.15000
1783041300,0.15000
1783042200,0.15000
1783043100,0.15000
1783044000,0.15000
1783044900,0.15000
1783045800,0.15000
1783046700,0.15000
1783047600,0.15000
1783048500,0.15000
1783049400,0.15000
1783050300,0.15000
1783051200,0.15000
1783052100,0.15000
1783053000,0.15000
1783053900,0.15000
1783054800,0.15000
1783055700,0.15000
1783056600,0.15000
1783057500,0.15000
1783058400,0.15000
1783059300,0.15000
1783060200,0.15000
1783061100,0.15000
1783062000,0.15000
1783062900,0.15000
1783063800,0.15000
1783064700,0.15000
1783065600,0.15000
1783066500,0.15000
1783067400,0.15000
1783068300,0.15000
1783069200,0.15000
1783070100,0.15000
1783071000,0.15000
1783071900,0.15000
1783072800,0.15000
1783073700,0.15000
1783074600,0.15000
1783075500,0.15000
1783076400,0.15000
1783077300,0.15000
1783078200,0.15000
1783079100,0.15000
1783080000,0.15000
1783080900,0.15000
1783081800,0.15000
1783082700,0.15000
1783083600,0.15000
1783084500,0.15000
1783085400,0.15000
1783086300,0.15000
1783087200,0.15000
1783088100,0.15000
1783089000,0.15000
1783089900,0.15000
1783090800,0.15000
1783091700,0.15000
1783092600,0.15000
1783093500,0.15000
1783094400,0.15000
1783095300,0.15000
1783096200,0.15000
1783097100,0.15000
1783288800,0.58000
1783289700,0.58000
1783290600,0.58000
1783291500,0.58000
1783292400,0.58000
1783293300,0.58000
1783294200,0.15000
1783295100,0.15000
1783296000,0.15000
1783296900,0.15000
1783297800,0.15000
1783298700,0.15000
1783299600,0.15000
1783300500,0.15000
1783301400,0.15000
1783302300,0.15000
1783303200,0.15000
1783304100,0.15000
1783305000,0.15000
1783305900,0.15000
1783306800,0.15000
1783307700,0.15000
1783308600,0.15000
1783309500,0.15000
1783310400,0.15000
1783311300,0.15000
1783312200,0.15000
1783313100,0.15000
1783314000,0.15000
1783314900,0.15000
1783315800,0.15000
1783316700,0.15000
1783317600,0.15000
1783318500,0.15000
1783319400,0.15000
1783320300,0.15000
1783321200,0.15000
1783322100,0.15000
1783323000,0.15000
1783323900,0.15000
1783324800,0.15000
1783325700,0.15000
1783326600,0.15000
1783327500,0.15000
1783328400,0.15000
1783329300,0.15000
1783330200,0.15000
1783331100,0.15000
1783332000,0.15000
1783332900,0.15000
1783333800,0.15000
1783334700,0.15000
1783335600,0.15000
1783336500,0.15000
1783337400,0.15000
1783338300,0.15000
1783339200,0.15000
1783340100,0.15000
1783341000,0.15000
1783341900,0.15000
1783342800,0.15000
1783343700,0.15000
1783344600,0.15000
1783345500,0.15000
1783346400,0.15000
1783347300,0.15000
1783348200,0.15000
1783349100,0.15000
1783350000,0.15000
1783350900,0.15000
1783351800,0.15000
1783352700,0.15000
1783353600,0.15000
1783354500,0.15000
1783355400,0.15000
1783356300,0.15000
1783357200,0.15000
1783358100,0.15000
1783359000,0.15000
1783359900,0.15000
1783360800,0.15000
1783361700,0.15000
1783362600,0.15000
1783363500,0.15000
1783364400,0.15000
1783365300,0.15000
1783366200,0.15000
1783367100,0.15000
1783368000,0.15000
1783368900,0.28000
1783369800,0.28000
1783370700,0.28000
1783375200,0.28000
1783376100,0.28000
1783377000,0.28000
1783377900,0.28000
1783378800,0.15000
1783379700,0.15000
1783380600,0.15000
1783381500,0.15000
1783382400,0.15000
1783383300,0.15000
1783384200,0.15000
1783385100,0.15000
1783386000,0.15000
1783386900,0.15000
1783387800,0.15000
1783388700,0.15000
1783389600,0.15000
1783390500,0.15000
1783391400,0.15000
1783392300,0.15000
1783393200,0.15000
1783394100,0.15000
1783395000,0.15000
1783395900,0.15000
1783396800,0.15000
1783397700,0.15000
1783398600,0.15000
1783399500,0.15000
1783400400,0.15000
1783401300,0.15000
1783402200,0.15000
1783403100,0.15000
1783404000,0.15000
1783404900,0.15000
1783405800,0.15000
1783406700,0.15000
1783407600,0.15000
1783408500,0.15000
1783409400,0.15000
1783410300,0.15000
1783411200,0.15000
1783412100,0.15000
1783413000,0.15000
1783413900,0.15000
1783414800,0.15000
1783415700,0.15000
1783416600,0.15000
1783417500,0.15000
1783418400,0.15000
1783419300,0.15000
1783420200,0.15000
1783421100,0.15000
1783422000,0.15000
1783422900,0.15000
1783423800,0.15000
1783424700,0.15000
1783425600,0.15000
1783426500,0.15000
1783427400,0.15000
1783428300,0.15000
1783429200,0.15000
1783430100,0.15000
1783431000,0.15000
1783431900,0.15000
1783432800,0.15000
1783433700,0.15000
1783434600,0.15000
1783435500,0.15000
1783436400,0.15000
1783437300,0.15000
1783438200,0.15000
1783439100,0.15000
1783440000,0.15000
1783440900,0.15000
1783441800,0.15000
1783442700,0.15000
1783443600,0.15000
1783444500,0.15000
1783445400,0.15000
1783446300,0.15000
1783447200,0.15000
1783448100,0.15000
1783449000,0.15000
1783449900,0.15000
1783450800,0.15000
1783451700,0.15000
1783452600,0.15000
1783453500,0.15000
1783454400,0.15000
1783455300,0.28000
1783456200,0.28000
1783457100,0.28000
1783461600,0.28000
1783462500,0.28000
1783463400,0.28000
1783464300,0.28000
1783465200,0.15000
1783466100,0.15000
1783467000,0.15000
1783467900,0.15000
1783468800,0.15000
1783469700,0.15000
1783470600,0.15000
1783471500,0.15000
1783472400,0.15000
1783473300,0.15000
1783474200,0.15000
1783475100,0.15000
1783476000,0.15000
1783476900,0.15000
1783477800,0.15000
1783478700,0.15000
1783479600,0.15000
1783480500,0.15000
1783481400,0.15000
1783482300,0.15000
1783483200,0.15000
1783484100,0.15000
1783485000,0.15000
1783485900,0.15000
1783486800,0.15000
1783487700,0.15000
1783488600,0.15000
1783489500,0.15000
1783490400,0.15000
1783491300,0.15000
1783492200,0.15000
1783493100,0.15000
1783494000,0.15000
1783494900,0.15000
1783495800,0.15000
1783496700,0.15000
1783497600,0.15000
1783498500,0.15000
1783499400,0.15000
1783500300,0.15000
1783501200,0.15000
1783502100,0.15000
1783503000,0.15000
1783503900,0.15000
1783504800,0.15000
1783505700,0.15000
1783506600,0.15000
1783507500,0.15000
1783508400,0.15000
1783509300,0.15000
1783510200,0.15000
1783511100,0.15000
1783512000,0.15000
1783512900,0.15000
1783513800,0.15000
1783514700,0.15000
1783515600,0.15000
1783516500,0.15000
1783517400,0.15000
1783518300,0.15000
1783519200,0.15000
1783520100,0.15000
1783521000,0.15000
1783521900,0.15000
1783522800,0.15000
1783523700,0.15000
1783524600,0.15000
1783525500,0.15000
1783526400,0.15000
1783527300,0.15000
1783528200,0.15000
1783529100,0.15000
1783530000,0.15000
1783530900,0.15000
1783531800,0.15000
1783532700,0.15000
1783533600,0.15000
1783534500,0.15000
1783535400,0.15000
1783536300,0.15000
1783537200,0.15000
1783538100,0.15000
1783539000,0.15000
1783539900,0.15000
1783540800,0.15000
1783541700,0.28000
1783542600,0.28000
1783543500,0.28000
1783548000,0.28000
1783548900,0.28000
1783549800,0.28000
1783550700,0.28000
1783551600,0.15000
1783552500,0.15000
1783553400,0.15000
1783554300,0.15000
1783555200,0.15000
1783556100,0.15000
1783557000,0.15000
1783557900,0.15000
1783558800,0.15000
1783559700,0.15000
1783560600,0.15000
1783561500,0.15000
1783562400,0.15000
1783563300,0.15000
1783564200,0.15000
1783565100,0.15000
1783566000,0.15000
1783566900,0.15000
1783567800,0.15000
1783568700,0.15000
1783569600,0.15000
1783570500,0.15000
1783571400,0.15000
1783572300,0.15000
1783573200,0.15000
1783574100,0.15000
1783575000,0.15000
1783575900,0.15000
1783576800,0.15000
1783577700,0.15000
1783578600,0.15000
1783579500,0.15000
1783580400,0.15000
1783581300,0.15000
1783582200,0.15000
1783583100,0.15000
1783584000,0.15000
1783584900,0.15000
1783585800,0.15000
1783586700,0.15000
1783587600,0.15000
1783588500,0.15000
1783589400,0.15000
1783590300,0.15000
1783591200,0.15000
1783592100,0.15000
1783593000,0.15000
1783593900,0.15000
1783594800,0.15000
1783595700,0.15000
1783596600,0.15000
1783597500,0.15000
1783598400,0.15000
1783599300,0.15000
1783600200,0.15000
1783601100,0.15000
1783602000,0.15000
1783602900,0.15000
1783603800,0.15000
1783604700,0.15000
1783605600,0.15000
1783606500,0.15000
1783607400,0.15000
1783608300,0.15000
1783609200,0.15000
1783610100,0.15000
1783611000,0.15000
1783611900,0.15000
1783612800,0.15000
1783613700,0.15000
1783614600,0.15000
1783615500,0.15000
1783616400,0.15000
1783617300,0.15000
1783618200,0.15000
1783619100,0.15000
1783620000,0.15000
1783620900,0.15000
1783621800,0.15000
1783622700,0.15000
1783623600,0.15000
1783624500,0.15000
1783625400,0.15000
1783626300,0.15000
1783627200,0.15000
1783628100,0.28000
1783629000,0.28000
1783629900,0.28000
1783634400,0.28000
1783635300,0.28000
1783636200,0.28000
1783637100,0.28000
1783638000,0.15000
1783638900,0.15000
1783639800,0.15000
1783640700,0.15000
1783641600,0.15000
1783642500,0.15000
1783643400,0.15000
1783644300,0.15000
1783645200,0.15000
1783646100,0.15000
1783647000,0.15000
1783647900,0.15000
1783648800,0.15000
1783649700,0.15000
1783650600,0.15000
1783651500,0.15000
1783652400,0.15000
1783653300,0.15000
1783654200,0.15000
1783655100,0.15000
1783656000,0.15000
1783656900,0.15000
1783657800,0.15000
1783658700,0.15000
1783659600,0.15000
1783660500,0.15000
1783661400,0.15000
1783662300,0.15000
1783663200,0.15000
1783664100,0.15000
1783665000,0.15000
1783665900,0.15000
1783666800,0.15000
1783667700,0.15000
1783668600,0.15000
1783669500,0.15000
1783670400,0.15000
1783671300,0.15000
1783672200,0.15000
1783673100,0.15000
1783674000,0.15000
1783674900,0.15000
1783675800,0.15000
1783676700,0.15000
1783677600,0.15000
1783678500,0.15000
1783679400,0.15000
1783680300,0.15000
1783681200,0.15000
1783682100,0.15000
1783683000,0.15000
1783683900,0.15000
1783684800,0.15000
1783685700,0.15000
1783686600,0.15000
1783687500,0.15000
1783688400,0.15000
1783689300,0.15000
1783690200,0.15000
1783691100,0.15000
1783692000,0.15000
1783692900,0.15000
1783693800,0.15000
1783694700,0.15000
1783695600,0.15000
1783696500,0.15000
1783697400,0.15000
1783698300,0.15000
1783699200,0.15000
1783700100,0.15000
1783701000,0.15000
1783701900,0.15000
1783702800,0.15000
1783703700,0.15000
1783704600,0.15000
1783705500,0.15000
1783706400,0.15000
1783707300,0.15000
1783708200,0.15000
1783709100,0.15000
1783710000,0.15000
1783710900,0.15000
1783711800,0.15000
1783712700,0.15000
1783713600,0.15000
1783714500,0.58000
1783715400,0.34000
1783893600,0.58000
1783894500,0.58000
1783895400,0.58000
1783896300,0.58000
1783897200,0.58000
1783898100,0.58000
1783899000,0.15000
1783899900,0.15000
1783900800,0.15000
1783901700,0.15000
1783902600,0.15000
1783903500,0.15000
1783904400,0.15000
1783905300,0.15000
1783906200,0.15000
1783907100,0.15000
1783908000,0.15000
1783908900,0.15000
1783909800,0.15000
1783910700,0.15000
1783911600,0.15000
1783912500,0.15000
1783913400,0.15000
1783914300,0.15000
1783915200,0.15000
1783916100,0.15000
1783917000,0.15000
1783917900,0.15000
1783918800,0.15000
1783919700,0.15000
1783920600,0.15000
1783921500,0.15000
1783922400,0.15000
1783923300,0.15000
1783924200,0.15000
1783925100,0.15000
1783926000,0.15000
1783926900,0.15000
1783927800,0.15000
1783928700,0.15000
1783929600,0.15000
1783930500,0.15000
1783931400,0.15000
1783932300,0.15000
1783933200,0.15000
1783934100,0.15000
1783935000,0.15000
1783935900,0.15000
1783936800,0.15000
1783937700,0.15000
1783938600,0.15000
1783939500,0.15000
1783940400,0.15000
1783941300,0.15000
1783942200,0.15000
1783943100,0.15000
1783944000,0.15000
1783944900,0.15000
1783945800,0.15000
1783946700,0.15000
1783947600,0.15000
1783948500,0.15000
1783949400,0.15000
1783950300,0.15000
1783951200,0.15000
1783952100,0.15000
1783953000,0.15000
1783953900,0.15000
1783954800,0.15000
1783955700,0.15000
1783956600,0.15000
1783957500,0.15000
1783958400,0.15000
1783959300,0.15000
1783960200,0.15000
1783961100,0.15000
1783962000,0.15000
1783962900,0.15000
1783963800,0.15000
1783964700,0.15000
1783965600,0.15000
1783966500,0.15000
1783967400,0.15000
1783968300,0.15000
1783969200,0.15000
1783970100,0.15000
1783971000,0.15000
1783971900,0.15000
1783972800,0.15000
1783973700,0.28000
1783974600,0.28000
1783975500,0.28000
1783980000,0.28000
1783980900,0.28000
1783981800,0.28000
1783982700,0.28000
1783983600,0.15000
1783984500,0.15000
1783985400,0.15000
1783986300,0.15000
1783987200,0.15000
1783988100,0.15000
1783989000,0.15000
1783989900,0.15000
1783990800,0.15000
1783991700,0.15000
1783992600,0.15000
1783993500,0.15000
1783994400,0.15000
1783995300,0.15000
1783996200,0.15000
1783997100,0.15000
1783998000,0.15000
1783998900,0.15000
1783999800,0.15000
1784000700,0.15000
1784001600,0.15000
1784002500,0.15000
1784003400,0.15000
1784004300,0.15000
1784005200,0.15000
1784006100,0.15000
1784007000,0.15000
1784007900,0.15000
1784008800,0.15000
1784009700,0.15000
1784010600,0.15000
1784011500,0.15000
1784012400,0.15000
1784013300,0.15000
1784014200,0.15000
1784015100,0.15000
1784016000,0.15000
1784016900,0.15000
1784017800,0.15000
1784018700,0.15000
1784019600,0.15000
1784020500,0.15000
1784021400,0.15000
1784022300,0.15000
1784023200,0.15000
1784024100,0.15000
1784025000,0.15000
1784025900,0.15000
1784026800,0.15000
1784027700,0.15000
1784028600,0.15000
1784029500,0.15000
1784030400,0.15000
1784031300,0.15000
1784032200,0.15000
1784033100,0.15000
1784034000,0.15000
1784034900,0.15000
1784035800,0.15000
1784036700,0.15000
1784037600,0.15000
1784038500,0.15000
1784039400,0.15000
1784040300,0.15000
1784041200,0.15000
1784042100,0.15000
1784043000,0.15000
1784043900,0.15000
1784044800,0.15000
1784045700,0.15000
1784046600,0.15000
1784047500,0.15000
1784048400,0.15000
1784049300,0.15000
1784050200,0.15000
1784051100,0.15000
1784052000,0.15000
1784052900,0.15000
1784053800,0.15000
1784054700,0.15000
1784055600,0.15000
1784056500,0.15000
1784057400,0.15000
1784058300,0.15000
1784059200,0.15000
1784060100,0.28000
1784061000,0.28000
1784061900,0.28000
1784066400,0.28000
1784067300,0.28000
1784068200,0.28000
1784069100,0.28000
1784070000,0.15000
1784070900,0.15000
1784071800,0.15000
1784072700,0.15000
1784073600,0.15000
1784074500,0.15000
1784075400,0.15000
1784076300,0.15000
1784077200,0.15000
1784078100,0.15000
1784079000,0.15000
1784079900,0.15000
1784080800,0.15000
1784081700,0.15000
1784082600,0.15000
1784083500,0.15000
1784084400,0.15000
1784085300,0.15000
1784086200,0.15000
1784087100,0.15000
1784088000,0.15000
1784088900,0.15000
1784089800,0.15000
1784090700,0.15000
1784091600,0.15000
1784092500,0.15000
1784093400,0.15000
1784094300,0.15000
1784095200,0.15000
1784096100,0.15000
1784097000,0.15000
1784097900,0.15000
1784098800,0.15000
1784099700,0.15000
1784100600,0.15000
1784101500,0.15000
1784102400,0.15000
1784103300,0.15000
1784104200,0.15000
1784105100,0.15000
1784106000,0.15000
1784106900,0.15000
1784107800,0.15000
1784108700,0.15000
1784109600,0.15000
1784110500,0.15000
1784111400,0.15000
1784112300,0.15000
1784113200,0.15000
1784114100,0.15000
1784115000,0.15000
1784115900,0.15000
1784116800,0.15000
1784117700,0.15000
1784118600,0.15000
1784119500,0.15000
1784120400,0.15000
1784121300,0.15000
1784122200,0.15000
1784123100,0.15000
1784124000,0.15000
1784124900,0.15000
1784125800,0.15000
1784126700,0.15000
1784127600,0.15000
1784128500,0.15000
1784129400,0.15000
1784130300,0.15000
1784131200,0.15000
1784132100,0.15000
1784133000,0.15000
1784133900,0.15000
1784134800,0.15000
1784135700,0.15000
1784136600,0.15000
1784137500,0.15000
1784138400,0.15000
1784139300,0.15000
1784140200,0.15000
1784141100,0.15000
1784142000,0.15000
1784142900,0.15000
1784143800,0.15000
1784144700,0.15000
1784145600,0.15000
1784146500,0.28000
1784147400,0.28000
1784148300,0.28000
1784152800,0.28000
1784153700,0.28000
1784154600,0.28000
1784155500,0.28000
1784156400,0.15000
1784157300,0.15000
1784158200,0.15000
1784159100,0.15000
1784160000,0.15000
1784160900,0.15000
1784161800,0.15000
1784162700,0.15000
1784163600,0.15000
1784164500,0.15000
1784165400,0.15000
1784166300,0.15000
1784167200,0.15000
1784168100,0.15000
1784169000,0.15000
1784169900,0.15000
1784170800,0.15000
1784171700,0.15000
1784172600,0.15000
1784173500,0.15000
1784174400,0.15000
1784175300,0.15000
1784176200,0.15000
1784177100,0.15000
1784178000,0.15000
1784178900,0.15000
1784179800,0.15000
1784180700,0.15000
1784181600,0.15000
1784182500,0.15000
1784183400,0.15000
1784184300,0.15000
1784185200,0.15000
1784186100,0.15000
1784187000,0.15000
1784187900,0.15000
1784188800,0.15000
1784189700,0.15000
1784190600,0.15000
1784191500,0.15000
1784192400,0.15000
1784193300,0.15000
1784194200,0.15000
1784195100,0.15000
1784196000,0.15000
1784196900,0.15000
1784197800,0.15000
1784198700,0.15000
1784199600,0.15000
1784200500,0.15000
1784201400,0.15000
1784202300,0.15000
1784203200,0.15000
1784204100,0.15000
1784205000,0.15000
1784205900,0.15000
1784206800,0.15000
1784207700,0.15000
1784208600,0.15000
1784209500,0.15000
1784210400,0.15000
1784211300,0.15000
1784212200,0.15000
1784213100,0.15000
1784214000,0.15000
1784214900,0.15000
1784215800,0.15000
1784216700,0.15000
1784217600,0.15000
1784218500,0.15000
1784219400,0.15000
1784220300,0.15000
1784221200,0.15000
1784222100,0.15000
1784223000,0.15000
1784223900,0.15000
1784224800,0.15000
1784225700,0.15000
1784226600,0.15000
1784227500,0.15000
1784228400,0.15000
1784229300,0.15000
1784230200,0.15000
1784231100,0.15000
1784232000,0.15000
1784232900,0.28000
1784233800,0.28000
1784234700,0.28000
1784239200,0.28000
1784240100,0.28000
1784241000,0.28000
1784241900,0.28000
1784242800,0.15000
1784243700,0.15000
1784244600,0.15000
1784245500,0.15000
1784246400,0.15000
1784247300,0.15000
1784248200,0.15000
1784249100,0.15000
1784250000,0.15000
1784250900,0.15000
1784251800,0.15000
1784252700,0.15000
1784253600,0.15000
1784254500,0.15000
1784255400,0.15000
1784256300,0.15000
1784257200,0.15000
1784258100,0.15000
1784259000,0.15000
1784259900,0.15000
1784260800,0.15000
1784261700,0.15000
1784262600,0.15000
1784263500,0.15000
1784264400,0.15000
1784265300,0.15000
1784266200,0.15000
1784267100,0.15000
1784268000,0.15000
1784268900,0.15000
1784269800,0.15000
1784270700,0.15000
1784271600,0.15000
1784272500,0.15000
1784273400,0.15000
1784274300,0.15000
1784275200,0.15000
1784276100,0.15000
1784277000,0.15000
1784277900,0.15000
1784278800,0.15000
1784279700,0.15000
1784280600,0.15000
1784281500,0.15000
1784282400,0.15000
1784283300,0.15000
1784284200,0.15000
1784285100,0.15000
1784286000,0.15000
1784286900,0.15000
1784287800,0.15000
1784288700,0.15000
1784289600,0.15000
1784290500,0.15000
1784291400,0.15000
1784292300,0.15000
1784293200,0.15000
1784294100,0.15000
1784295000,0.15000
1784295900,0.15000
1784296800,0.15000
1784297700,0.15000
1784298600,0.15000
1784299500,0.15000
1784300400,0.15000
1784301300,0.15000
1784302200,0.15000
1784303100,0.15000
1784304000,0.15000
1784304900,0.15000
1784305800,0.15000
1784306700,0.15000
1784307600,0.15000
1784308500,0.15000
1784309400,0.15000
1784310300,0.15000
1784311200,0.15000
1784312100,0.15000
1784313000,0.15000
1784313900,0.15000
1784314800,0.15000
1784315700,0.15000
1784316600,0.15000
1784317500,0.15000
1784318400,0.15000
1784319300,0.58000
1784320200,0.20000
1784498400,0.58000
1784499300,0.58000
1784500200,0.58000
1784501100,0.58000
1784502000,0.58000
1784502900,0.58000
1784503800,0.15000
1784504700,0.15000
1784505600,0.15000
1784506500,0.15000
1784507400,0.15000
1784508300,0.15000
1784509200,0.15000
1784510100,0.15000
1784511000,0.15000
1784511900,0.15000
1784512800,0.15000
1784513700,0.15000
1784514600,0.15000
1784515500,0.15000
1784516400,0.15000
1784517300,0.15000
1784518200,0.15000
1784519100,0.15000
1784520000,0.15000
1784520900,0.15000
1784521800,0.15000
1784522700,0.15000
1784523600,0.15000
1784524500,0.15000
1784525400,0.15000
1784526300,0.15000
1784527200,0.15000
1784528100,0.15000
1784529000,0.15000
1784529900,0.15000
1784530800,0.15000
1784531700,0.15000
1784532600,0.15000
1784533500,0.15000
1784534400,0.15000
1784535300,0.15000
1784536200,0.15000
1784537100,0.15000
1784538000,0.15000
1784538900,0.15000
1784539800,0.15000
1784540700,0.15000
1784541600,0.15000
1784542500,0.15000
1784543400,0.15000
1784544300,0.15000
1784545200,0.15000
1784546100,0.15000
1784547000,0.15000
1784547900,0.15000
1784548800,0.15000
1784549700,0.15000
1784550600,0.15000
1784551500,0.15000
1784552400,0.15000
1784553300,0.15000
1784554200,0.15000
1784555100,0.15000
1784556000,0.15000
1784556900,0.15000
1784557800,0.15000
1784558700,0.15000
1784559600,0.15000
1784560500,0.15000
1784561400,0.15000
1784562300,0.15000
1784563200,0.15000
1784564100,0.15000
1784565000,0.15000
1784565900,0.15000
1784566800,0.15000
1784567700,0.15000
1784568600,0.15000
1784569500,0.15000
1784570400,0.15000
1784571300,0.15000
1784572200,0.15000
1784573100,0.15000
1784574000,0.15000
1784574900,0.15000
1784575800,0.15000
1784576700,0.15000
1784577600,0.15000
1784578500,0.28000
1784579400,0.28000
1784580300,0.28000
1784584800,0.28000
1784585700,0.28000
1784586600,0.28000
1784587500,0.28000
1784588400,0.15000
1784589300,0.15000
1784590200,0.15000
1784591100,0.15000
1784592000,0.15000
1784592900,0.15000
1784593800,0.15000
1784594700,0.15000
1784595600,0.15000
1784596500,0.15000
1784597400,0.15000
1784598300,0.15000
1784599200,0.15000
1784600100,0.15000
1784601000,0.15000
1784601900,0.15000
1784602800,0.15000
1784603700,0.15000
1784604600,0.15000
1784605500,0.15000
1784606400,0.15000
1784607300,0.15000
1784608200,0.15000
1784609100,0.15000
1784610000,0.15000
1784610900,0.15000
1784611800,0.15000
1784612700,0.15000
1784613600,0.15000
1784614500,0.15000
1784615400,0.15000
1784616300,0.15000
1784617200,0.15000
1784618100,0.15000
1784619000,0.15000
1784619900,0.15000
1784620800,0.15000
1784621700,0.15000
1784622600,0.15000
1784623500,0.15000
1784624400,0.15000
1784625300,0.15000
1784626200,0.15000
1784627100,0.15000
1784628000,0.15000
1784628900,0.15000
1784629800,0.15000
1784630700,0.15000
1784631600,0.15000
1784632500,0.15000
1784633400,0.15000
1784634300,0.15000
1784635200,0.15000
1784636100,0.15000
1784637000,0.15000
1784637900,0.15000
1784638800,0.15000
1784639700,0.15000
1784640600,0.15000
1784641500,0.15000
1784642400,0.15000
1784643300,0.15000
1784644200,0.15000
1784645100,0.15000
1784646000,0.15000
1784646900,0.15000
1784647800,0.15000
1784648700,0.15000
1784649600,0.15000
1784650500,0.15000
1784651400,0.15000
1784652300,0.15000
1784653200,0.15000
1784654100,0.15000
1784655000,0.15000
1784655900,0.15000
1784656800,0.15000
1784657700,0.15000
1784658600,0.15000
1784659500,0.15000
1784660400,0.15000
1784661300,0.15000
1784662200,0.15000
1784663100,0.15000
1784664000,0.15000
1784664900,0.28000
1784665800,0.28000
1784666700,0.28000
1784671200,0.28000
1784672100,0.28000
1784673000,0.28000
1784673900,0.28000
1784674800,0.15000
1784675700,0.15000
1784676600,0.15000
1784677500,0.15000
1784678400,0.15000
1784679300,0.15000
1784680200,0.15000
1784681100,0.15000
1784682000,0.15000
1784682900,0.15000
1784683800,0.15000
1784684700,0.15000
1784685600,0.15000
1784686500,0.15000
1784687400,0.15000
1784688300,0.15000
1784689200,0.15000
1784690100,0.15000
1784691000,0.15000
1784691900,0.15000
1784692800,0.15000
1784693700,0.15000
1784694600,0.15000
1784695500,0.15000
1784696400,0.15000
1784697300,0.15000
1784698200,0.15000
1784699100,0.15000
1784700000,0.15000
1784700900,0.15000
1784701800,0.15000
1784702700,0.15000
1784703600,0.15000
1784704500,0.15000
1784705400,0.15000
1784706300,0.15000
1784707200,0.15000
1784708100,0.15000
1784709000,0.15000
1784709900,0.15000
1784710800,0.15000
1784711700,0.15000
1784712600,0.15000
1784713500,0.15000
1784714400,0.15000
1784715300,0.15000
1784716200,0.15000
1784717100,0.15000
1784718000,0.15000
1784718900,0.15000
1784719800,0.15000
1784720700,0.15000
1784721600,0.15000
1784722500,0.15000
1784723400,0.15000
1784724300,0.15000
1784725200,0.15000
1784726100,0.15000
1784727000,0.15000
1784727900,0.15000
1784728800,0.15000
1784729700,0.15000
1784730600,0.15000
1784731500,0.15000
1784732400,0.15000
1784733300,0.15000
1784734200,0.15000
1784735100,0.15000
1784736000,0.15000
1784736900,0.15000
1784737800,0.15000
1784738700,0.15000
1784739600,0.15000
1784740500,0.15000
1784741400,0.15000
1784742300,0.15000
1784743200,0.15000
1784744100,0.15000
1784745000,0.15000
1784745900,0.15000
1784746800,0.15000
1784747700,0.15000
1784748600,0.15000
1784749500,0.15000
1784750400,0.15000
1784751300,0.28000
1784752200,0.28000
1784753100,0.28000
1784757600,0.28000
1784758500,0.28000
1784759400,0.28000
1784760300,0.28000
1784761200,0.15000
1784762100,0.15000
1784763000,0.15000
1784763900,0.15000
1784764800,0.15000
1784765700,0.15000
1784766600,0.15000
1784767500,0.15000
1784768400,0.15000
1784769300,0.15000
1784770200,0.15000
1784771100,0.15000
1784772000,0.15000
1784772900,0.15000
1784773800,0.15000
1784774700,0.15000
1784775600,0.15000
1784776500,0.15000
1784777400,0.15000
1784778300,0.15000
1784779200,0.15000
1784780100,0.15000
1784781000,0.15000
1784781900,0.15000
1784782800,0.15000
1784783700,0.15000
1784784600,0.15000
1784785500,0.15000
1784786400,0.15000
1784787300,0.15000
1784788200,0.15000
1784789100,0.15000
1784790000,0.15000
1784790900,0.15000
1784791800,0.15000
1784792700,0.15000
1784793600,0.15000
1784794500,0.15000
1784795400,0.15000
1784796300,0.15000
1784797200,0.15000
1784798100,0.15000
1784799000,0.15000
1784799900,0.15000
1784800800,0.15000
1784801700,0.15000
1784802600,0.15000
1784803500,0.15000
1784804400,0.15000
1784805300,0.15000
1784806200,0.15000
1784807100,0.15000
1784808000,0.15000
1784808900,0.15000
1784809800,0.15000
1784810700,0.15000
1784811600,0.15000
1784812500,0.15000
1784813400,0.15000
1784814300,0.15000
1784815200,0.15000
1784816100,0.15000
1784817000,0.15000
1784817900,0.15000
1784818800,0.15000
1784819700,0.15000
1784820600,0.15000
1784821500,0.15000
1784822400,0.15000
1784823300,0.15000
1784824200,0.15000
1784825100,0.15000
1784826000,0.15000
1784826900,0.15000
1784827800,0.15000
1784828700,0.15000
1784829600,0.15000
1784830500,0.15000
1784831400,0.15000
1784832300,0.15000
1784833200,0.15000
1784834100,0.15000
1784835000,0.15000
1784835900,0.15000
1784836800,0.15000
1784837700,0.28000
1784838600,0.28000
1784839500,0.28000
1784844000,0.28000
1784844900,0.28000
1784845800,0.28000
1784846700,0.28000
1784847600,0.15000
1784848500,0.15000
1784849400,0.15000
1784850300,0.15000
1784851200,0.15000
1784852100,0.15000
1784853000,0.15000
1784853900,0.15000
1784854800,0.15000
1784855700,0.15000
1784856600,0.15000
1784857500,0.15000
1784858400,0.15000
1784859300,0.15000
1784860200,0.15000
1784861100,0.15000
1784862000,0.15000
1784862900,0.15000
1784863800,0.15000
1784864700,0.15000
1784865600,0.15000
1784866500,0.15000
1784867400,0.15000
1784868300,0.15000
1784869200,0.15000
1784870100,0.15000
1784871000,0.15000
1784871900,0.15000
1784872800,0.15000
1784873700,0.15000
1784874600,0.15000
1784875500,0.15000
1784876400,0.15000
1784877300,0.15000
1784878200,0.15000
1784879100,0.15000
1784880000,0.15000
1784880900,0.15000
1784881800,0.15000
1784882700,0.15000
1784883600,0.15000
1784884500,0.15000
1784885400,0.15000
1784886300,0.15000
1784887200,0.15000
1784888100,0.15000
1784889000,0.15000
1784889900,0.15000
1784890800,0.15000
1784891700,0.15000
1784892600,0.15000
1784893500,0.15000
1784894400,0.15000
1784895300,0.15000
1784896200,0.15000
1784897100,0.15000
1784898000,0.15000
1784898900,0.15000
1784899800,0.15000
1784900700,0.15000
1784901600,0.15000
1784902500,0.15000
1784903400,0.15000
1784904300,0.15000
1784905200,0.15000
1784906100,0.15000
1784907000,0.15000
1784907900,0.15000
1784908800,0.15000
1784909700,0.15000
1784910600,0.15000
1784911500,0.15000
1784912400,0.15000
1784913300,0.15000
1784914200,0.15000
1784915100,0.15000
1784916000,0.15000
1784916900,0.15000
1784917800,0.15000
1784918700,0.15000
1784919600,0.15000
1784920500,0.15000
1784921400,0.15000
1784922300,0.15000
1784923200,0.15000
1784924100,0.15000
1784925000,0.15000
1785103200,0.58000
1785104100,0.58000
1785105000,0.58000
1785105900,0.58000
1785106800,0.58000
1785107700,0.58000
1785108600,0.15000
1785109500,0.15000
1785110400,0.15000
1785111300,0.15000
1785112200,0.15000
1785113100,0.15000
1785114000,0.15000
1785114900,0.15000
1785115800,0.15000
1785116700,0.15000
1785117600,0.15000
1785118500,0.15000
1785119400,0.15000
1785120300,0.15000
1785121200,0.15000
1785122100,0.15000
1785123000,0.15000
1785123900,0.15000
1785124800,0.15000
1785125700,0.15000
1785126600,0.15000
1785127500,0.15000
1785128400,0.15000
1785129300,0.15000
1785130200,0.15000
1785131100,0.15000
1785132000,0.15000
1785132900,0.15000
1785133800,0.15000
1785134700,0.15000
1785135600,0.15000
1785136500,0.15000
1785137400,0.15000
1785138300,0.15000
1785139200,0.15000
1785140100,0.15000
1785141000,0.15000
1785141900,0.15000
1785142800,0.15000
1785143700,0.15000
1785144600,0.15000
1785145500,0.15000
1785146400,0.15000
1785147300,0.15000
1785148200,0.15000
1785149100,0.15000
1785150000,0.15000
1785150900,0.15000
1785151800,0.15000
1785152700,0.15000
1785153600,0.15000
1785154500,0.15000
1785155400,0.15000
1785156300,0.15000
1785157200,0.15000
1785158100,0.15000
1785159000,0.15000
1785159900,0.15000
1785160800,0.15000
1785161700,0.15000
1785162600,0.15000
1785163500,0.15000
1785164400,0.15000
1785165300,0.15000
1785166200,0.15000
1785167100,0.15000
1785168000,0.15000
1785168900,0.15000
1785169800,0.15000
1785170700,0.15000
1785171600,0.15000
1785172500,0.15000
1785173400,0.15000
1785174300,0.15000
1785175200,0.15000
1785176100,0.15000
1785177000,0.15000
1785177900,0.15000
1785178800,0.15000
1785179700,0.15000
1785180600,0.15000
1785181500,0.15000
1785182400,0.15000
1785183300,0.28000
1785184200,0.28000
1785185100,0.28000
1785189600,0.28000
1785190500,0.28000
1785191400,0.28000
1785192300,0.28000
1785193200,0.15000
1785194100,0.15000
1785195000,0.15000
1785195900,0.15000
1785196800,0.15000
1785197700,0.15000
1785198600,0.15000
1785199500,0.15000
1785200400,0.15000
1785201300,0.15000
1785202200,0.15000
1785203100,0.15000
1785204000,0.15000
1785204900,0.15000
1785205800,0.15000
1785206700,0.15000
1785207600,0.15000
1785208500,0.15000
1785209400,0.15000
1785210300,0.15000
1785211200,0.15000
1785212100,0.15000
1785213000,0.15000
1785213900,0.15000
1785214800,0.15000
1785215700,0.15000
1785216600,0.15000
1785217500,0.15000
1785218400,0.15000
1785219300,0.15000
1785220200,0.15000
1785221100,0.15000
1785222000,0.15000
1785222900,0.15000
1785223800,0.15000
1785224700,0.15000
1785225600,0.15000
1785226500,0.15000
1785227400,0.15000
1785228300,0.15000
1785229200,0.15000
1785230100,0.15000
1785231000,0.15000
1785231900,0.15000
1785232800,0.15000
1785233700,0.15000
1785234600,0.15000
1785235500,0.15000
1785236400,0.15000
1785237300,0.15000
1785238200,0.15000
1785239100,0.15000
1785240000,0.15000
1785240900,0.15000
1785241800,0.15000
1785242700,0.15000
1785243600,0.15000
1785244500,0.15000
1785245400,0.15000
1785246300,0.15000
1785247200,0.15000
1785248100,0.15000
1785249000,0.15000
1785249900,0.15000
1785250800,0.15000
1785251700,0.15000
1785252600,0.15000
1785253500,0.15000
1785254400,0.15000
1785255300,0.15000
1785256200,0.15000
1785257100,0.15000
1785258000,0.15000
1785258900,0.15000
1785259800,0.15000
1785260700,0.15000
1785261600,0.15000
1785262500,0.15000
1785263400,0.15000
1785264300,0.15000
1785265200,0.15000
1785266100,0.15000
1785267000,0.15000
1785267900,0.15000
1785268800,0.15000
1785269700,0.28000
1785270600,0.28000
1785271500,0.28000
1785276000,0.28000
1785276900,0.28000
1785277800,0.28000
1785278700,0.28000
1785279600,0.15000
1785280500,0.15000
1785281400,0.15000
1785282300,0.15000
1785283200,0.15000
1785284100,0.15000
1785285000,0.15000
1785285900,0.15000
1785286800,0.15000
1785287700,0.15000
1785288600,0.15000
1785289500,0.15000
1785290400,0.15000
1785291300,0.15000
1785292200,0.15000
1785293100,0.15000
1785294000,0.15000
1785294900,0.15000
1785295800,0.15000
1785296700,0.15000
1785297600,0.15000
1785298500,0.15000
1785299400,0.15000
1785300300,0.15000
1785301200,0.15000
1785302100,0.15000
1785303000,0.15000
1785303900,0.15000
1785304800,0.15000
1785305700,0.15000
1785306600,0.15000
1785307500,0.15000
1785308400,0.15000
1785309300,0.15000
1785310200,0.15000
1785311100,0.15000
1785312000,0.15000
1785312900,0.15000
1785313800,0.15000
1785314700,0.15000
1785315600,0.15000
1785316500,0.15000
1785317400,0.15000
1785318300,0.15000
1785319200,0.15000
1785320100,0.15000
1785321000,0.15000
1785321900,0.15000
1785322800,0.15000
1785323700,0.15000
1785324600,0.15000
1785325500,0.15000
1785326400,0.15000
1785327300,0.15000
1785328200,0.15000
1785329100,0.15000
1785330000,0.15000
1785330900,0.15000
1785331800,0.15000
1785332700,0.15000
1785333600,0.15000
1785334500,0.15000
1785335400,0.15000
1785336300,0.15000
1785337200,0.15000
1785338100,0.15000
1785339000,0.15000
1785339900,0.15000
1785340800,0.15000
1785341700,0.15000
1785342600,0.15000
1785343500,0.15000
1785344400,0.15000
1785345300,0.15000
1785346200,0.15000
1785347100,0.15000
1785348000,0.15000
1785348900,0.15000
1785349800,0.15000
1785350700,0.15000
1785351600,0.15000
1785352500,0.15000
1785353400,0.15000
1785354300,0.15000
1785355200,0.15000
1785356100,0.28000
1785357000,0.28000
1785357900,0.28000
1785362400,0.28000
1785363300,0.28000
1785364200,0.28000
1785365100,0.28000
1785366000,0.15000
1785366900,0.15000
1785367800,0.15000
1785368700,0.15000
1785369600,0.15000
1785370500,0.15000
1785371400,0.15000
1785372300,0.15000
1785373200,0.15000
1785374100,0.15000
1785375000,0.15000
1785375900,0.15000
1785376800,0.15000
1785377700,0.15000
1785378600,0.15000
1785379500,0.15000
1785380400,0.15000
1785381300,0.15000
1785382200,0.15000
1785383100,0.15000
1785384000,0.15000
1785384900,0.15000
1785385800,0.15000
1785386700,0.15000
1785387600,0.15000
1785388500,0.15000
1785389400,0.15000
1785390300,0.15000
1785391200,0.15000
1785392100,0.15000
1785393000,0.15000
1785393900,0.15000
1785394800,0.15000
1785395700,0.15000
1785396600,0.15000
1785397500,0.15000
1785398400,0.15000
1785399300,0.15000
1785400200,0.15000
1785401100,0.15000
1785402000,0.15000
1785402900,0.15000
1785403800,0.15000
1785404700,0.15000
1785405600,0.15000
1785406500,0.15000
1785407400,0.15000
1785408300,0.15000
1785409200,0.15000
1785410100,0.15000
1785411000,0.15000
1785411900,0.15000
1785412800,0.15000
1785413700,0.15000
1785414600,0.15000
1785415500,0.15000
1785416400,0.15000
1785417300,0.15000
1785418200,0.15000
1785419100,0.15000
1785420000,0.15000
1785420900,0.15000
1785421800,0.15000
1785422700,0.15000
1785423600,0.15000
1785424500,0.15000
1785425400,0.15000
1785426300,0.15000
1785427200,0.15000
1785428100,0.15000
1785429000,0.15000
1785429900,0.15000
1785430800,0.15000
1785431700,0.15000
1785432600,0.15000
1785433500,0.15000
1785434400,0.15000
1785435300,0.15000
1785436200,0.15000
1785437100,0.15000
1785438000,0.15000
1785438900,0.15000
1785439800,0.15000
1785440700,0.15000
1785441600,0.15000
1785442500,0.28000
1785443400,0.28000
1785444300,0.28000
1785448800,0.28000
1785449700,0.37000
1785450600,0.37000
1785451500,0.40000
1785452400,0.15000
1785453300,0.15000
1785454200,0.15000
1785455100,0.15000
1785456000,0.15000
1785456900,0.15000
1785457800,0.15000
1785458700,0.15000
1785459600,0.15000
1785460500,0.15000
1785461400,0.15000
1785462300,0.15000
1785463200,0.15000
1785464100,0.15000
1785465000,0.15000
1785465900,0.15000
1785466800,0.15000
1785467700,0.15000
1785468600,0.15000
1785469500,0.15000
1785470400,0.15000
1785471300,0.15000
1785472200,0.15000
1785473100,0.15000
1785474000,0.15000
1785474900,0.15000
1785475800,0.15000
1785476700,0.15000
1785477600,0.15000
1785478500,0.15000
1785479400,0.15000
1785480300,0.15000
1785481200,0.15000
1785482100,0.15000
1785483000,0.15000
1785483900,0.15000
1785484800,0.15000
1785485700,0.15000
1785486600,0.15000
1785487500,0.15000
1785488400,0.15000
1785489300,0.15000
1785490200,0.15000
1785491100,0.15000
1785492000,0.15000
1785492900,0.15000
1785493800,0.15000
1785494700,0.15000
1785495600,0.15000
1785496500,0.15000
1785497400,0.15000
1785498300,0.15000
1785499200,0.15000
1785500100,0.15000
1785501000,0.15000
1785501900,0.15000
1785502800,0.15000
1785503700,0.15000
1785504600,0.15000
1785505500,0.15000
1785506400,0.15000
1785507300,0.15000
1785508200,0.15000
1785509100,0.15000
1785510000,0.15000
1785510900,0.15000
1785511800,0.15000
1785512700,0.15000
1785513600,0.15000
1785514500,0.15000
1785515400,0.15000
1785516300,0.15000
1785517200,0.15000
1785518100,0.15000
1785519000,0.15000
1785519900,0.15000
1785520800,0.15000
1785521700,0.15000
1785522600,0.15000
1785523500,0.15000
1785524400,0.15000
1785525300,0.15000
1785526200,0.15000
1785527100,0.15000
1785528000,0.15000
1785528900,0.15000
1785529800,0.15000
1785708000,0.58000
1785708900,0.58000
1785709800,0.58000
1785710700,0.58000
1785711600,0.58000
1785712500,0.58000
1785713400,0.15000
1785714300,0.15000
1785715200,0.15000
1785716100,0.15000
1785717000,0.15000
1785717900,0.15000
1785718800,0.15000
1785719700,0.15000
1785720600,0.15000
1785721500,0.15000
1785722400,0.15000
1785723300,0.15000
1785724200,0.15000
1785725100,0.15000
1785726000,0.15000
1785726900,0.15000
1785727800,0.15000
1785728700,0.15000
1785729600,0.15000
1785730500,0.15000
1785731400,0.15000
1785732300,0.15000
1785733200,0.15000
1785734100,0.15000
1785735000,0.15000
1785735900,0.15000
1785736800,0.15000
1785737700,0.15000
1785738600,0.15000
1785739500,0.15000
1785740400,0.15000
1785741300,0.15000
1785742200,0.15000
1785743100,0.15000
1785744000,0.15000
1785744900,0.15000
1785745800,0.15000
1785746700,0.15000
1785747600,0.15000
1785748500,0.15000
1785749400,0.15000
1785750300,0.15000
1785751200,0.15000
1785752100,0.15000
1785753000,0.15000
1785753900,0.15000
1785754800,0.15000
1785755700,0.15000
1785756600,0.15000
1785757500,0.15000
1785758400,0.15000
1785759300,0.15000
1785760200,0.15000
1785761100,0.15000
1785762000,0.15000
1785762900,0.15000
1785763800,0.15000
1785764700,0.15000
1785765600,0.15000
1785766500,0.15000
1785767400,0.15000
1785768300,0.15000
1785769200,0.15000
1785770100,0.15000
1785771000,0.15000
1785771900,0.15000
1785772800,0.15000
1785773700,0.15000
1785774600,0.15000
1785775500,0.15000
1785776400,0.15000
1785777300,0.15000
1785778200,0.15000
1785779100,0.15000
1785780000,0.15000
1785780900,0.15000
1785781800,0.15000
1785782700,0.15000
1785783600,0.15000
1785784500,0.15000
1785785400,0.15000
1785786300,0.15000
1785787200,0.15000
1785788100,0.28000
1785789000,0.28000
1785789900,0.28000
1785794400,0.38000
1785795300,0.29000
1785796200,0.28000
1785797100,0.28000
1785798000,0.17000
1785798900,0.15000
1785799800,0.15000
1785800700,0.15000
1785801600,0.15000
1785802500,0.15000
1785803400,0.15000
1785804300,0.15000
1785805200,0.15000
1785806100,0.15000
1785807000,0.15000
1785807900,0.15000
1785808800,0.15000
1785809700,0.15000
1785810600,0.15000
1785811500,0.15000
1785812400,0.15000
1785813300,0.15000
1785814200,0.15000
1785815100,0.15000
1785816000,0.15000
1785816900,0.15000
1785817800,0.15000
1785818700,0.15000
1785819600,0.15000
1785820500,0.15000
1785821400,0.15000
1785822300,0.15000
1785823200,0.15000
1785824100,0.15000
1785825000,0.15000
1785825900,0.15000
1785826800,0.15000
1785827700,0.15000
1785828600,0.15000
1785829500,0.15000
1785830400,0.15000
1785831300,0.15000
1785832200,0.15000
1785833100,0.15000
1785834000,0.15000
1785834900,0.15000
1785835800,0.15000
1785836700,0.15000
1785837600,0.15000
1785838500,0.15000
1785839400,0.15000
1785840300,0.15000
1785841200,0.15000
1785842100,0.15000
1785843000,0.15000
1785843900,0.15000
1785844800,0.15000
1785845700,0.15000
1785846600,0.15000
1785847500,0.15000
1785848400,0.15000
1785849300,0.15000
1785850200,0.15000
1785851100,0.15000
1785852000,0.15000
1785852900,0.15000
1785853800,0.15000
1785854700,0.15000
1785855600,0.15000
1785856500,0.15000
1785857400,0.15000
1785858300,0.15000
1785859200,0.15000
1785860100,0.15000
1785861000,0.15000
1785861900,0.15000
1785862800,0.15000
1785863700,0.15000
1785864600,0.15000
1785865500,0.15000
1785866400,0.15000
1785867300,0.15000
1785868200,0.15000
1785869100,0.15000
1785870000,0.15000
1785870900,0.15000
1785871800,0.15000
1785872700,0.15000
1785873600,0.20000
1785874500,0.28000
1785875400,0.28000
1785876300,0.28000
1785880800,0.28000
1785881700,0.28000
1785882600,0.28000
1785883500,0.28000
1785884400,0.15000
1785885300,0.15000
1785886200,0.15000
1785887100,0.16000
1785888000,0.15000
1785888900,0.15000
1785889800,0.15000
1785890700,0.15000
1785891600,0.15000
1785892500,0.15000
1785893400,0.15000
1785894300,0.15000
1785895200,0.15000
1785896100,0.15000
1785897000,0.15000
1785897900,0.15000
1785898800,0.15000
1785899700,0.15000
1785900600,0.15000
1785901500,0.15000
1785902400,0.15000
1785903300,0.15000
1785904200,0.15000
1785905100,0.15000
1785906000,0.15000
1785906900,0.15000
1785907800,0.15000
1785908700,0.15000
1785909600,0.15000
1785910500,0.15000
1785911400,0.15000
1785912300,0.15000
1785913200,0.15000
1785914100,0.15000
1785915000,0.15000
1785915900,0.15000
1785916800,0.15000
1785917700,0.15000
1785918600,0.15000
1785919500,0.15000
1785920400,0.15000
1785921300,0.15000
1785922200,0.15000
1785923100,0.15000
1785924000,0.15000
1785924900,0.15000
1785925800,0.15000
1785926700,0.15000
1785927600,0.15000
1785928500,0.15000
1785929400,0.15000
1785930300,0.15000
1785931200,0.15000
1785932100,0.15000
1785933000,0.15000
1785933900,0.15000
1785934800,0.15000
1785935700,0.15000
1785936600,0.15000
1785937500,0.15000
1785938400,0.15000
1785939300,0.15000
1785940200,0.15000
1785941100,0.15000
1785942000,0.15000
1785942900,0.15000
1785943800,0.15000
1785944700,0.15000
1785945600,0.15000
1785946500,0.15000
1785947400,0.15000
1785948300,0.15000
1785949200,0.15000
1785950100,0.15000
1785951000,0.15000
1785951900,0.15000
1785952800,0.15000
1785953700,0.15000
1785954600,0.15000
1785955500,0.15000
1785956400,0.15000
1785957300,0.15000
1785958200,0.15000
1785959100,0.15000
1785960000,0.27000
1785960900,0.28000
1785961800,0.28000
1785962700,0.28000
1785967200,0.28000
1785968100,0.28000
1785969000,0.28000
1785969900,0.28000
1785970800,0.15000
1785971700,0.15000
1785972600,0.15000
1785973500,0.15000
1785974400,0.15000
1785975300,0.15000
1785976200,0.15000
1785977100,0.15000
1785978000,0.15000
1785978900,0.15000
1785979800,0.15000
1785980700,0.15000
1785981600,0.15000
1785982500,0.15000
1785983400,0.15000
1785984300,0.15000
1785985200,0.15000
1785986100,0.15000
1785987000,0.15000
1785987900,0.15000
1785988800,0.15000
1785989700,0.15000
1785990600,0.15000
1785991500,0.15000
1785992400,0.15000
1785993300,0.15000
1785994200,0.15000
1785995100,0.15000
1785996000,0.15000
1785996900,0.15000
1785997800,0.15000
1785998700,0.15000
1785999600,0.15000
1786000500,0.15000
1786001400,0.15000
1786002300,0.15000
1786003200,0.15000
1786004100,0.15000
1786005000,0.15000
1786005900,0.15000
1786006800,0.15000
1786007700,0.15000
1786008600,0.15000
1786009500,0.15000
1786010400,0.15000
1786011300,0.15000
1786012200,0.15000
1786013100,0.15000
1786014000,0.15000
1786014900,0.15000
1786015800,0.15000
1786016700,0.15000
1786017600,0.15000
1786018500,0.15000
1786019400,0.15000
1786020300,0.15000
1786021200,0.15000
1786022100,0.15000
1786023000,0.15000
1786023900,0.15000
1786024800,0.15000
1786025700,0.15000
1786026600,0.15000
1786027500,0.15000
1786028400,0.15000
1786029300,0.15000
1786030200,0.15000
1786031100,0.15000
1786032000,0.15000
1786032900,0.15000
1786033800,0.15000
1786034700,0.15000
1786035600,0.15000
1786036500,0.15000
1786037400,0.15000
1786038300,0.15000
1786039200,0.15000
1786040100,0.15000
1786041000,0.15000
1786041900,0.15000
1786042800,0.15000
1786043700,0.15000
1786044600,0.15000
1786045500,0.15000
1786046400,0.17000
1786047300,0.28000
1786048200,0.28000
1786049100,0.28000
1786053600,0.33000
1786054500,0.28000
1786055400,0.33000
1786056300,0.28000
1786057200,0.15000
1786058100,0.15000
1786059000,0.15000
1786059900,0.15000
1786060800,0.15000
1786061700,0.15000
1786062600,0.15000
1786063500,0.15000
1786064400,0.15000
1786065300,0.15000
1786066200,0.15000
1786067100,0.15000
1786068000,0.15000
1786068900,0.15000
1786069800,0.15000
1786070700,0.15000
1786071600,0.15000
1786072500,0.15000
1786073400,0.15000
1786074300,0.15000
1786075200,0.15000
1786076100,0.15000
1786077000,0.15000
1786077900,0.15000
1786078800,0.15000
1786079700,0.15000
1786080600,0.15000
1786081500,0.15000
1786082400,0.15000
1786083300,0.15000
1786084200,0.15000
1786085100,0.15000
1786086000,0.15000
1786086900,0.15000
1786087800,0.15000
1786088700,0.15000
1786089600,0.15000
1786090500,0.15000
1786091400,0.15000
1786092300,0.15000
1786093200,0.15000
1786094100,0.15000
1786095000,0.15000
1786095900,0.15000
1786096800,0.15000
1786097700,0.15000
1786098600,0.15000
1786099500,0.15000
1786100400,0.15000
1786101300,0.15000
1786102200,0.15000
1786103100,0.15000
1786104000,0.15000
1786104900,0.15000
1786105800,0.16000
1786106700,0.16000
1786107600,0.16000
1786108500,0.16000
1786109400,0.16000
1786110300,0.16000
1786111200,0.15000
1786112100,0.15000
1786113000,0.15000
1786113900,0.15000
1786114800,0.15000
1786115700,0.15000
1786116600,0.15000
1786117500,0.15000
1786118400,0.15000
1786119300,0.15000
1786120200,0.15000
1786121100,0.15000
1786122000,0.15000
1786122900,0.15000
1786123800,0.15000
1786124700,0.15000
1786125600,0.15000
1786126500,0.15000
1786127400,0.15000
1786128300,0.15000
1786129200,0.15000
1786130100,0.15000
1786131000,0.15000
1786131900,0.15000
1786132800,0.15000
1786133700,0.15000
1786134600,0.23000
1786312800,0.58000
1786313700,0.58000
1786314600,0.58000
1786315500,0.58000
1786316400,0.15000
1786317300,0.15000
1786318200,0.15000
1786319100,0.15000
1786320000,0.15000
1786320900,0.15000
1786321800,0.15000
1786322700,0.15000
1786323600,0.15000
1786324500,0.15000
1786325400,0.15000
1786326300,0.15000
1786327200,0.15000
1786328100,0.15000
1786329000,0.15000
1786329900,0.15000
1786330800,0.15000
1786331700,0.15000
1786332600,0.15000
1786333500,0.15000
1786334400,0.15000
1786335300,0.15000
1786336200,0.15000
1786337100,0.15000
1786338000,0.15000
1786338900,0.15000
1786339800,0.15000
1786340700,0.15000
1786341600,0.15000
1786342500,0.15000
1786343400,0.15000
1786344300,0.15000
1786345200,0.15000
1786346100,0.15000
1786347000,0.15000
1786347900,0.15000
1786348800,0.15000
1786349700,0.15000
1786350600,0.15000
1786351500,0.15000
1786352400,0.15000
1786353300,0.15000
1786354200,0.15000
1786355100,0.15000
1786356000,0.15000
1786356900,0.15000
1786357800,0.15000
1786358700,0.15000
1786359600,0.15000
1786360500,0.15000
1786361400,0.15000
1786362300,0.15000
1786363200,0.15000
1786364100,0.15000
1786365000,0.15000
1786365900,0.15000
1786366800,0.15000
1786367700,0.15000
1786368600,0.15000
1786369500,0.15000
1786370400,0.15000
1786371300,0.15000
1786372200,0.15000
1786373100,0.15000
1786374000,0.15000
1786374900,0.15000
1786375800,0.15000
1786376700,0.15000
1786377600,0.15000
1786378500,0.15000
1786379400,0.15000
1786380300,0.15000
1786381200,0.15000
1786382100,0.15000
1786383000,0.15000
1786383900,0.15000
1786384800,0.15000
1786385700,0.15000
1786386600,0.15000
1786387500,0.15000
1786388400,0.15000
1786389300,0.15000
1786390200,0.15000
1786391100,0.15000
1786392000,0.15000
1786392900,0.28000
1786393800,0.28000
1786394700,0.28000
1786399200,0.28000
1786400100,0.28000
1786401000,0.28000
1786401900,0.28000
1786402800,0.15000
1786403700,0.15000
1786404600,0.16000
1786405500,0.15000
1786406400,0.15000
1786407300,0.15000
1786408200,0.15000
1786409100,0.15000
1786410000,0.15000
1786410900,0.15000
1786411800,0.15000
1786412700,0.15000
1786413600,0.15000
1786414500,0.15000
1786415400,0.15000
1786416300,0.15000
1786417200,0.15000
1786418100,0.15000
1786419000,0.15000
1786419900,0.15000
1786420800,0.15000
1786421700,0.15000
1786422600,0.15000
1786423500,0.15000
1786424400,0.15000
1786425300,0.15000
1786426200,0.15000
1786427100,0.15000
1786428000,0.15000
1786428900,0.15000
1786429800,0.15000
1786430700,0.15000
1786431600,0.15000
1786432500,0.15000
1786433400,0.15000
1786434300,0.15000
1786435200,0.15000
1786436100,0.15000
1786437000,0.15000
1786437900,0.15000
1786438800,0.15000
1786439700,0.15000
1786440600,0.15000
1786441500,0.15000
1786442400,0.15000
1786443300,0.15000
1786444200,0.15000
1786445100,0.15000
1786446000,0.15000
1786446900,0.15000
1786447800,0.15000
1786448700,0.15000
1786449600,0.15000
1786450500,0.15000
1786451400,0.15000
1786452300,0.15000
1786453200,0.15000
1786454100,0.15000
1786455000,0.15000
1786455900,0.15000
1786456800,0.15000
1786457700,0.15000
1786458600,0.15000
1786459500,0.15000
1786460400,0.15000
1786461300,0.15000
1786462200,0.15000
1786463100,0.15000
1786464000,0.15000
1786464900,0.15000
1786465800,0.15000
1786466700,0.15000
1786467600,0.15000
1786468500,0.15000
1786469400,0.15000
1786470300,0.15000
1786471200,0.15000
1786472100,0.15000
1786473000,0.15000
1786473900,0.15000
1786474800,0.15000
1786475700,0.15000
1786476600,0.15000
1786477500,0.15000
1786478400,0.15000
1786479300,0.28000
1786480200,0.28000
1786481100,0.28000
1786485600,0.29000
1786486500,0.28000
1786487400,0.28000
1786488300,0.28000
1786489200,0.15000
1786490100,0.15000
1786491000,0.15000
1786491900,0.15000
1786492800,0.15000
1786493700,0.15000
1786494600,0.15000
1786495500,0.15000
1786496400,0.15000
1786497300,0.15000
1786498200,0.15000
1786499100,0.15000
1786500000,0.15000
1786500900,0.15000
1786501800,0.15000
1786502700,0.15000
1786503600,0.15000
1786504500,0.15000
1786505400,0.15000
1786506300,0.15000
1786507200,0.15000
1786508100,0.15000
1786509000,0.15000
1786509900,0.15000
1786510800,0.15000
1786511700,0.15000
1786512600,0.15000
1786513500,0.15000
1786514400,0.15000
1786515300,0.15000
1786516200,0.15000
1786517100,0.15000
1786518000,0.15000
1786518900,0.15000
1786519800,0.15000
1786520700,0.15000
1786521600,0.15000
1786522500,0.15000
1786523400,0.15000
1786524300,0.15000
1786525200,0.15000
1786526100,0.15000
1786527000,0.15000
1786527900,0.15000
1786528800,0.15000
1786529700,0.15000
1786530600,0.15000
1786531500,0.15000
1786532400,0.15000
1786533300,0.15000
1786534200,0.15000
1786535100,0.15000
1786536000,0.15000
1786536900,0.15000
1786537800,0.50000
1786538700,0.15000
1786539600,0.15000
1786540500,0.15000
1786541400,0.15000
1786542300,0.15000
1786543200,0.15000
1786544100,0.15000
1786545000,0.15000
1786545900,0.15000
1786546800,0.15000
1786547700,0.15000
1786548600,0.15000
1786549500,0.15000
1786550400,0.15000
1786551300,0.15000
1786552200,0.15000
1786553100,0.15000
1786554000,0.15000
1786554900,0.15000
1786555800,0.15000
1786556700,0.15000
1786557600,0.15000
1786558500,0.15000
1786559400,0.15000
1786560300,0.15000
1786561200,0.15000
1786562100,0.15000
1786563000,0.15000
1786563900,0.15000
1786564800,0.15000
1786565700,0.28000
1786566600,0.28000
1786567500,0.28000
1786572000,0.28000
1786572900,0.28000
1786573800,0.35000
1786574700,0.30000
1786575600,0.15000
1786576500,0.15000
1786577400,0.16000
1786578300,0.15000
1786579200,0.15000
1786580100,0.15000
1786581000,0.15000
1786581900,0.15000
1786582800,0.15000
1786583700,0.15000
1786584600,0.15000
1786585500,0.15000
1786586400,0.15000
1786587300,0.15000
1786588200,0.15000
1786589100,0.15000
1786590000,0.15000
1786590900,0.15000
1786591800,0.15000
1786592700,0.15000
1786593600,0.15000
1786594500,0.15000
1786595400,0.15000
1786596300,0.15000
1786597200,0.15000
1786598100,0.15000
1786599000,0.15000
1786599900,0.15000
1786600800,0.15000
1786601700,0.15000
1786602600,0.15000
1786603500,0.15000
1786604400,0.15000
1786605300,0.15000
1786606200,0.15000
1786607100,0.15000
1786608000,0.15000
1786608900,0.15000
1786609800,0.15000
1786610700,0.15000
1786611600,0.15000
1786612500,0.15000
1786613400,0.15000
1786614300,0.15000
1786615200,0.15000
1786616100,0.15000
1786617000,0.15000
1786617900,0.15000
1786618800,0.15000
1786619700,0.15000
1786620600,0.15000
1786621500,0.15000
1786622400,0.15000
1786623300,0.15000
1786624200,0.15000
1786625100,0.15000
1786626000,0.15000
1786626900,0.15000
1786627800,0.15000
1786628700,0.15000
1786629600,0.15000
1786630500,0.15000
1786631400,0.15000
1786632300,0.15000
1786633200,0.15000
1786634100,0.15000
1786635000,0.15000
1786635900,0.15000
1786636800,0.15000
1786637700,0.15000
1786638600,0.15000
1786639500,0.15000
1786640400,0.15000
1786641300,0.15000
1786642200,0.15000
1786643100,0.15000
1786644000,0.15000
1786644900,0.15000
1786645800,0.15000
1786646700,0.15000
1786647600,0.15000
1786648500,0.15000
1786649400,0.15000
1786650300,0.15000
1786651200,0.23000
1786652100,0.28000
1786653000,0.28000
1786653900,0.28000
1786658400,0.48000
1786659300,0.28000
1786660200,0.28000
1786661100,0.28000
1786662000,0.15000
1786662900,0.15000
1786663800,0.15000
1786664700,0.15000
1786665600,0.15000
1786666500,0.15000
1786667400,0.15000
1786668300,0.15000
1786669200,0.15000
1786670100,0.15000
1786671000,0.15000
1786671900,0.15000
1786672800,0.15000
1786673700,0.15000
1786674600,0.15000
1786675500,0.15000
1786676400,0.15000
1786677300,0.15000
1786678200,0.15000
1786679100,0.15000
1786680000,0.15000
1786680900,0.15000
1786681800,0.15000
1786682700,0.15000
1786683600,0.15000
1786684500,0.15000
1786685400,0.15000
1786686300,0.15000
1786687200,0.15000
1786688100,0.15000
1786689000,0.15000
1786689900,0.15000
1786690800,0.15000
1786691700,0.15000
1786692600,0.15000
1786693500,0.15000
1786694400,0.15000
1786695300,0.15000
1786696200,0.15000
1786697100,0.15000
1786698000,0.15000
1786698900,0.15000
1786699800,0.15000
1786700700,0.15000
1786701600,0.15000
1786702500,0.15000
1786703400,0.15000
1786704300,0.15000
1786705200,0.15000
1786706100,0.15000
1786707000,0.15000
1786707900,0.15000
1786708800,0.15000
1786709700,0.15000
1786710600,0.15000
1786711500,0.15000
1786712400,0.15000
1786713300,0.15000
1786714200,0.15000
1786715100,0.15000
1786716000,0.15000
1786716900,0.15000
1786717800,0.15000
1786718700,0.15000
1786719600,0.15000
1786720500,0.15000
1786721400,0.15000
1786722300,0.15000
1786723200,0.15000
1786724100,0.15000
1786725000,0.15000
1786725900,0.15000
1786726800,0.15000
1786727700,0.15000
1786728600,0.15000
1786729500,0.15000
1786730400,0.15000
1786731300,0.15000
1786732200,0.15000
1786733100,0.15000
1786734000,0.15000
1786734900,0.15000
1786735800,0.15000
1786736700,0.15000
1786737600,0.15000
1786738500,0.15000
1786739400,0.23000
1786917600,0.58000
1786918500,0.58000
1786919400,0.58000
1786920300,0.58000
1786921200,0.15000
1786922100,0.15000
1786923000,0.15000
1786923900,0.15000
1786924800,0.15000
1786925700,0.15000
1786926600,0.15000
1786927500,0.15000
1786928400,0.15000
1786929300,0.15000
1786930200,0.15000
1786931100,0.15000
1786932000,0.15000
1786932900,0.15000
1786933800,0.15000
1786934700,0.15000
1786935600,0.15000
1786936500,0.15000
1786937400,0.15000
1786938300,0.15000
1786939200,0.15000
1786940100,0.15000
1786941000,0.15000
1786941900,0.15000
1786942800,0.15000
1786943700,0.15000
1786944600,0.15000
1786945500,0.15000
1786946400,0.15000
1786947300,0.15000
1786948200,0.15000
1786949100,0.15000
1786950000,0.15000
1786950900,0.15000
1786951800,0.15000
1786952700,0.15000
1786953600,0.15000
1786954500,0.15000
1786955400,0.15000
1786956300,0.15000
1786957200,0.15000
1786958100,0.15000
1786959000,0.15000
1786959900,0.15000
1786960800,0.15000
1786961700,0.15000
1786962600,0.15000
1786963500,0.15000
1786964400,0.15000
1786965300,0.15000
1786966200,0.15000
1786967100,0.15000
1786968000,0.15000
1786968900,0.15000
1786969800,0.15000
1786970700,0.15000
1786971600,0.15000
1786972500,0.15000
1786973400,0.15000
1786974300,0.15000
1786975200,0.15000
1786976100,0.15000
1786977000,0.15000
1786977900,0.15000
1786978800,0.15000
1786979700,0.15000
1786980600,0.15000
1786981500,0.15000
1786982400,0.15000
1786983300,0.15000
1786984200,0.15000
1786985100,0.15000
1786986000,0.15000
1786986900,0.15000
1786987800,0.15000
1786988700,0.15000
1786989600,0.15000
1786990500,0.15000
1786991400,0.15000
1786992300,0.15000
1786993200,0.15000
1786994100,0.15000
1786995000,0.15000
1786995900,0.15000
1786996800,0.15000
1786997700,0.28000
1786998600,0.28000
1786999500,0.28000
1787004000,0.28000
1787004900,0.28000
1787005800,0.28000
1787006700,0.28000
1787007600,0.15000
1787008500,0.15000
1787009400,0.15000
1787010300,0.15000
1787011200,0.15000
1787012100,0.15000
1787013000,0.15000
1787013900,0.15000
1787014800,0.15000
1787015700,0.15000
1787016600,0.15000
1787017500,0.15000
1787018400,0.15000
1787019300,0.15000
1787020200,0.15000
1787021100,0.15000
1787022000,0.15000
1787022900,0.15000
1787023800,0.15000
1787024700,0.15000
1787025600,0.15000
1787026500,0.15000
1787027400,0.15000
1787028300,0.15000
1787029200,0.15000
1787030100,0.15000
1787031000,0.15000
1787031900,0.15000
1787032800,0.15000
1787033700,0.15000
1787034600,0.15000
1787035500,0.15000
1787036400,0.15000
1787037300,0.15000
1787038200,0.15000
1787039100,0.15000
1787040000,0.15000
1787040900,0.15000
1787041800,0.15000
1787042700,0.15000
1787043600,0.15000
1787044500,0.15000
1787045400,0.15000
1787046300,0.15000
1787047200,0.15000
1787048100,0.15000
1787049000,0.15000
1787049900,0.15000
1787050800,0.15000
1787051700,0.15000
1787052600,0.15000
1787053500,0.15000
1787054400,0.15000
1787055300,0.15000
1787056200,0.15000
1787057100,0.15000
1787058000,0.15000
1787058900,0.15000
1787059800,0.15000
1787060700,0.15000
1787061600,0.15000
1787062500,0.15000
1787063400,0.15000
1787064300,0.15000
1787065200,0.15000
1787066100,0.15000
1787067000,0.15000
1787067900,0.15000
1787068800,0.15000
1787069700,0.15000
1787070600,0.15000
1787071500,0.15000
1787072400,0.15000
1787073300,0.15000
1787074200,0.15000
1787075100,0.15000
1787076000,0.15000
1787076900,0.15000
1787077800,0.15000
1787078700,0.15000
1787079600,0.15000
1787080500,0.15000
1787081400,0.15000
1787082300,0.15000
1787083200,0.15000
1787084100,0.28000
1787085000,0.28000
1787085900,0.28000
1787090400,0.28000
1787091300,0.28000
1787092200,0.28000
1787093100,0.28000
1787094000,0.15000
1787094900,0.15000
1787095800,0.15000
1787096700,0.15000
1787097600,0.15000
1787098500,0.15000
1787099400,0.15000
1787100300,0.15000
1787101200,0.15000
1787102100,0.15000
1787103000,0.15000
1787103900,0.15000
1787104800,0.15000
1787105700,0.15000
1787106600,0.15000
1787107500,0.15000
1787108400,0.15000
1787109300,0.15000
1787110200,0.15000
1787111100,0.15000
1787112000,0.15000
1787112900,0.15000
1787113800,0.15000
1787114700,0.15000
1787115600,0.15000
1787116500,0.15000
1787117400,0.15000
1787118300,0.15000
1787119200,0.15000
1787120100,0.15000
1787121000,0.15000
1787121900,0.15000
1787122800,0.15000
1787123700,0.15000
1787124600,0.15000
1787125500,0.15000
1787126400,0.15000
1787127300,0.15000
1787128200,0.15000
1787129100,0.15000
1787130000,0.15000
1787130900,0.15000
1787131800,0.15000
1787132700,0.15000
1787133600,0.15000
1787134500,0.15000
1787135400,0.15000
1787136300,0.15000
1787137200,0.15000
1787138100,0.15000
1787139000,0.15000
1787139900,0.15000
1787140800,0.15000
1787141700,0.15000
1787142600,0.15000
1787143500,0.15000
1787144400,0.15000
1787145300,0.15000
1787146200,0.15000
1787147100,0.15000
1787148000,0.15000
1787148900,0.15000
1787149800,0.15000
1787150700,0.15000
1787151600,0.15000
1787152500,0.15000
1787153400,0.15000
1787154300,0.15000
1787155200,0.15000
1787156100,0.15000
1787157000,0.15000
1787157900,0.15000
1787158800,0.15000
1787159700,0.15000
1787160600,0.15000
1787161500,0.15000
1787162400,0.50000
1787163300,0.15000
1787164200,0.15000
1787165100,0.15000
1787166000,0.15000
1787166900,0.15000
1787167800,0.15000
1787168700,0.15000
1787169600,0.15000
1787170500,0.28000
1787171400,0.28000
1787172300,0.28000
1787176800,0.28000
1787177700,0.28000
1787178600,0.28000
1787179500,0.28000
1787180400,0.15000
1787181300,0.15000
1787182200,0.15000
1787183100,0.15000
1787184000,0.15000
1787184900,0.15000
1787185800,0.15000
1787186700,0.15000
1787187600,0.15000
1787188500,0.15000
1787189400,0.15000
1787190300,0.15000
1787191200,0.15000
1787192100,0.15000
1787193000,0.15000
1787193900,0.15000
1787194800,0.15000
1787195700,0.15000
1787196600,0.15000
1787197500,0.15000
1787198400,0.15000
1787199300,0.15000
1787200200,0.15000
1787201100,0.15000
1787202000,0.15000
1787202900,0.15000
1787203800,0.15000
1787204700,0.15000
1787205600,0.15000
1787206500,0.15000
1787207400,0.15000
1787208300,0.15000
1787209200,0.15000
1787210100,0.15000
1787211000,0.15000
1787211900,0.15000
1787212800,0.15000
1787213700,0.15000
1787214600,0.15000
1787215500,0.15000
1787216400,0.15000
1787217300,0.15000
1787218200,0.15000
1787219100,0.15000
1787220000,0.15000
1787220900,0.15000
1787221800,0.15000
1787222700,0.15000
1787223600,0.15000
1787224500,0.15000
1787225400,0.15000
1787226300,0.15000
1787227200,0.15000
1787228100,0.15000
1787229000,0.15000
1787229900,0.15000
1787230800,0.15000
1787231700,0.15000
1787232600,0.15000
1787233500,0.15000
1787234400,0.15000
1787235300,0.15000
1787236200,0.15000
1787237100,0.15000
1787238000,0.15000
1787238900,0.15000
1787239800,0.15000
1787240700,0.15000
1787241600,0.15000
1787242500,0.15000
1787243400,0.15000
1787244300,0.15000
1787245200,0.15000
1787246100,0.15000
1787247000,0.15000
1787247900,0.15000
1787248800,0.15000
1787249700,0.15000
1787250600,0.15000
1787251500,0.15000
1787252400,0.15000
1787253300,0.15000
1787254200,0.15000
1787255100,0.15000
1787256000,0.15000
1787256900,0.28000
1787257800,0.28000
1787258700,0.28000
1787263200,0.28000
1787264100,0.28000
1787265000,0.28000
1787265900,0.28000
1787266800,0.15000
1787267700,0.15000
1787268600,0.15000
1787269500,0.15000
1787270400,0.15000
1787271300,0.15000
1787272200,0.15000
1787273100,0.15000
1787274000,0.15000
1787274900,0.15000
1787275800,0.15000
1787276700,0.15000
1787277600,0.15000
1787278500,0.15000
1787279400,0.15000
1787280300,0.15000
1787281200,0.15000
1787282100,0.15000
1787283000,0.15000
1787283900,0.15000
1787284800,0.15000
1787285700,0.15000
1787286600,0.15000
1787287500,0.15000
1787288400,0.15000
1787289300,0.15000
1787290200,0.15000
1787291100,0.15000
1787292000,0.15000
1787292900,0.15000
1787293800,0.15000
1787294700,0.15000
1787295600,0.15000
1787296500,0.15000
1787297400,0.15000
1787298300,0.15000
1787299200,0.15000
1787300100,0.15000
1787301000,0.15000
1787301900,0.15000
1787302800,0.15000
1787303700,0.15000
1787304600,0.15000
1787305500,0.15000
1787306400,0.15000
1787307300,0.15000
1787308200,0.15000
1787309100,0.15000
1787310000,0.15000
1787310900,0.15000
1787311800,0.15000
1787312700,0.15000
1787313600,0.15000
1787314500,0.15000
1787315400,0.15000
1787316300,0.15000
1787317200,0.15000
1787318100,0.15000
1787319000,0.15000
1787319900,0.15000
1787320800,0.15000
1787321700,0.15000
1787322600,0.15000
1787323500,0.15000
1787324400,0.15000
1787325300,0.15000
1787326200,0.15000
1787327100,0.15000
1787328000,0.15000
1787328900,0.15000
1787329800,0.15000
1787330700,0.15000
1787331600,0.15000
1787332500,0.15000
1787333400,0.15000
1787334300,0.15000
1787335200,0.15000
1787336100,0.15000
1787337000,0.15000
1787337900,0.15000
1787338800,0.15000
1787339700,0.15000
1787340600,0.15000
1787341500,0.15000
1787342400,0.15000
1787343300,0.15000
1787344200,0.24000
1787522400,0.58000
1787523300,0.58000
1787524200,0.58000
1787525100,0.58000
1787526000,0.15000
1787526900,0.15000
1787527800,0.15000
1787528700,0.15000
1787529600,0.15000
1787530500,0.15000
1787531400,0.15000
1787532300,0.15000
1787533200,0.15000
1787534100,0.15000
1787535000,0.15000
1787535900,0.15000
1787536800,0.15000
1787537700,0.15000
1787538600,0.15000
1787539500,0.15000
1787540400,0.15000
1787541300,0.15000
1787542200,0.15000
1787543100,0.15000
1787544000,0.15000
1787544900,0.15000
1787545800,0.15000
1787546700,0.15000
1787547600,0.15000
1787548500,0.15000
1787549400,0.15000
1787550300,0.15000
1787551200,0.15000
1787552100,0.15000
1787553000,0.15000
1787553900,0.15000
1787554800,0.15000
1787555700,0.15000
1787556600,0.15000
1787557500,0.15000
1787558400,0.15000
1787559300,0.15000
1787560200,0.15000
1787561100,0.15000
1787562000,0.15000
1787562900,0.15000
1787563800,0.15000
1787564700,0.15000
1787565600,0.15000
1787566500,0.15000
1787567400,0.15000
1787568300,0.15000
1787569200,0.15000
1787570100,0.15000
1787571000,0.15000
1787571900,0.15000
1787572800,0.15000
1787573700,0.15000
1787574600,0.15000
1787575500,0.15000
1787576400,0.15000
1787577300,0.15000
1787578200,0.15000
1787579100,0.15000
1787580000,0.15000
1787580900,0.15000
1787581800,0.15000
1787582700,0.15000
1787583600,0.15000
1787584500,0.15000
1787585400,0.15000
1787586300,0.15000
1787587200,0.15000
1787588100,0.15000
1787589000,0.15000
1787589900,0.15000
1787590800,0.15000
1787591700,0.15000
1787592600,0.15000
1787593500,0.15000
1787594400,0.15000
1787595300,0.15000
1787596200,0.15000
1787597100,0.15000
1787598000,0.15000
1787598900,0.15000
1787599800,0.15000
1787600700,0.15000
1787601600,0.19000
1787602500,0.28000
1787603400,0.28000
1787604300,0.28000
1787608800,0.28000
1787609700,0.28000
1787610600,0.28000
1787611500,0.28000
1787612400,0.15000
1787613300,0.15000
1787614200,0.15000
1787615100,0.15000
1787616000,0.15000
1787616900,0.15000
1787617800,0.15000
1787618700,0.15000
1787619600,0.15000
1787620500,0.15000
1787621400,0.15000
1787622300,0.15000
1787623200,0.15000
1787624100,0.15000
1787625000,0.15000
1787625900,0.15000
1787626800,0.15000
1787627700,0.15000
1787628600,0.15000
1787629500,0.15000
1787630400,0.15000
1787631300,0.15000
1787632200,0.15000
1787633100,0.15000
1787634000,0.15000
1787634900,0.15000
1787635800,0.15000
1787636700,0.15000
1787637600,0.15000
1787638500,0.15000
1787639400,0.15000
1787640300,0.15000
1787641200,0.15000
1787642100,0.15000
1787643000,0.15000
1787643900,0.15000
1787644800,0.15000
1787645700,0.15000
1787646600,0.15000
1787647500,0.15000
1787648400,0.15000
1787649300,0.15000
1787650200,0.15000
1787651100,0.15000
1787652000,0.15000
1787652900,0.15000
1787653800,0.15000
1787654700,0.15000
1787655600,0.15000
1787656500,0.15000
1787657400,0.15000
1787658300,0.15000
1787659200,0.15000
1787660100,0.15000
1787661000,0.15000
1787661900,0.15000
1787662800,0.15000
1787663700,0.15000
1787664600,0.15000
1787665500,0.15000
1787666400,0.15000
1787667300,0.15000
1787668200,0.15000
1787669100,0.15000
1787670000,0.15000
1787670900,0.15000
1787671800,0.15000
1787672700,0.15000
1787673600,0.15000
1787674500,0.15000
1787675400,0.15000
1787676300,0.15000
1787677200,0.15000
1787678100,0.15000
1787679000,0.15000
1787679900,0.15000
1787680800,0.15000
1787681700,0.15000
1787682600,0.15000
1787683500,0.15000
1787684400,0.15000
1787685300,0.15000
1787686200,0.15000
1787687100,0.15000
1787688000,0.15000
1787688900,0.28000
1787689800,0.28000
1787690700,0.28000
1787695200,0.28000
1787696100,0.28000
1787697000,0.28000
1787697900,0.28000
1787698800,0.15000
1787699700,0.15000
1787700600,0.15000
1787701500,0.15000
1787702400,0.15000
1787703300,0.15000
1787704200,0.15000
1787705100,0.15000
1787706000,0.15000
1787706900,0.15000
1787707800,0.15000
1787708700,0.15000
1787709600,0.15000
1787710500,0.15000
1787711400,0.15000
1787712300,0.15000
1787713200,0.15000
1787714100,0.15000
1787715000,0.15000
1787715900,0.15000
1787716800,0.15000
1787717700,0.15000
1787718600,0.15000
1787719500,0.15000
1787720400,0.15000
1787721300,0.15000
1787722200,0.15000
1787723100,0.15000
1787724000,0.15000
1787724900,0.15000
1787725800,0.15000
1787726700,0.15000
1787727600,0.15000
1787728500,0.15000
1787729400,0.15000
1787730300,0.15000
1787731200,0.15000
1787732100,0.15000
1787733000,0.15000
1787733900,0.15000
1787734800,0.15000
1787735700,0.15000
1787736600,0.15000
1787737500,0.15000
1787738400,0.15000
1787739300,0.15000
1787740200,0.15000
1787741100,0.15000
1787742000,0.15000
1787742900,0.15000
1787743800,0.15000
1787744700,0.15000
1787745600,0.15000
1787746500,0.15000
1787747400,0.15000
1787748300,0.15000
1787749200,0.15000
1787750100,0.15000
1787751000,0.15000
1787751900,0.15000
1787752800,0.15000
1787753700,0.15000
1787754600,0.15000
1787755500,0.15000
1787756400,0.15000
1787757300,0.15000
1787758200,0.15000
1787759100,0.15000
1787760000,0.15000
1787760900,0.15000
1787761800,0.15000
1787762700,0.15000
1787763600,0.15000
1787764500,0.15000
1787765400,0.15000
1787766300,0.15000
1787767200,0.15000
1787768100,0.15000
1787769000,0.15000
1787769900,0.15000
1787770800,0.15000
1787771700,0.15000
1787772600,0.15000
1787773500,0.15000
1787774400,0.23000
1787775300,0.28000
1787776200,0.28000
1787777100,0.28000
1787781600,0.40000
1787782500,0.28000
1787783400,0.28000
1787784300,0.28000
1787785200,0.15000
1787786100,0.15000
1787787000,0.15000
1787787900,0.15000
1787788800,0.15000
1787789700,0.15000
1787790600,0.15000
1787791500,0.15000
1787792400,0.15000
1787793300,0.15000
1787794200,0.15000
1787795100,0.15000
1787796000,0.15000
1787796900,0.15000
1787797800,0.15000
1787798700,0.15000
1787799600,0.15000
1787800500,0.15000
1787801400,0.15000
1787802300,0.15000
1787803200,0.15000
1787804100,0.15000
1787805000,0.15000
1787805900,0.15000
1787806800,0.15000
1787807700,0.15000
1787808600,0.15000
1787809500,0.15000
1787810400,0.15000
1787811300,0.15000
1787812200,0.15000
1787813100,0.15000
1787814000,0.15000
1787814900,0.15000
1787815800,0.15000
1787816700,0.15000
1787817600,0.15000
1787818500,0.15000
1787819400,0.15000
1787820300,0.15000
1787821200,0.15000
1787822100,0.15000
1787823000,0.15000
1787823900,0.15000
1787824800,0.15000
1787825700,0.15000
1787826600,0.15000
1787827500,0.15000
1787828400,0.15000
1787829300,0.15000
1787830200,0.15000
1787831100,0.15000
1787832000,0.15000
1787832900,0.15000
1787833800,0.15000
1787834700,0.15000
1787835600,0.15000
1787836500,0.15000
1787837400,0.15000
1787838300,0.15000
1787839200,0.15000
1787840100,0.15000
1787841000,0.15000
1787841900,0.15000
1787842800,0.15000
1787843700,0.15000
1787844600,0.15000
1787845500,0.15000
1787846400,0.15000
1787847300,0.15000
1787848200,0.15000
1787849100,0.15000
1787850000,0.15000
1787850900,0.15000
1787851800,0.15000
1787852700,0.15000
1787853600,0.15000
1787854500,0.15000
1787855400,0.15000
1787856300,0.15000
1787857200,0.15000
1787858100,0.15000
1787859000,0.15000
1787859900,0.15000
1787860800,0.15000
1787861700,0.28000
1787862600,0.28000
1787863500,0.28000
1787868000,0.28000
1787868900,0.28000
1787869800,0.28000
1787870700,0.29000
1787871600,0.15000
1787872500,0.15000
1787873400,0.15000
1787874300,0.15000
1787875200,0.15000
1787876100,0.15000
1787877000,0.15000
1787877900,0.15000
1787878800,0.15000
1787879700,0.15000
1787880600,0.15000
1787881500,0.15000
1787882400,0.15000
1787883300,0.15000
1787884200,0.15000
1787885100,0.15000
1787886000,0.15000
1787886900,0.15000
1787887800,0.15000
1787888700,0.15000
1787889600,0.15000
1787890500,0.15000
1787891400,0.15000
1787892300,0.15000
1787893200,0.15000
1787894100,0.15000
1787895000,0.15000
1787895900,0.15000
1787896800,0.15000
1787897700,0.15000
1787898600,0.15000
1787899500,0.15000
1787900400,0.15000
1787901300,0.15000
1787902200,0.15000
1787903100,0.15000
1787904000,0.15000
1787904900,0.15000
1787905800,0.15000
1787906700,0.15000
1787907600,0.15000
1787908500,0.15000
1787909400,0.15000
1787910300,0.15000
1787911200,0.15000
1787912100,0.15000
1787913000,0.15000
1787913900,0.15000
1787914800,0.15000
1787915700,0.15000
1787916600,0.15000
1787917500,0.15000
1787918400,0.15000
1787919300,0.15000
1787920200,0.15000
1787921100,0.15000
1787922000,0.15000
1787922900,0.15000
1787923800,0.15000
1787924700,0.15000
1787925600,0.15000
1787926500,0.15000
1787927400,0.15000
1787928300,0.15000
1787929200,0.15000
1787930100,0.15000
1787931000,0.15000
1787931900,0.15000
1787932800,0.15000
1787933700,0.15000
1787934600,0.15000
1787935500,0.15000
1787936400,0.15000
1787937300,0.15000
1787938200,0.15000
1787939100,0.15000
1787940000,0.15000
1787940900,0.15000
1787941800,0.15000
1787942700,0.15000
1787943600,0.15000
1787944500,0.15000
1787945400,0.15000
1787946300,0.15000
1787947200,0.15000
1787948100,0.15000
1787949000,0.19000
1788127200,0.58000
1788128100,0.58000
1788129000,0.58000
1788129900,0.58000
1788130800,0.15000
1788131700,0.15000
1788132600,0.15000
1788133500,0.15000
1788134400,0.15000
1788135300,0.15000
1788136200,0.15000
1788137100,0.15000
1788138000,0.15000
1788138900,0.15000
1788139800,0.15000
1788140700,0.15000
1788141600,0.15000
1788142500,0.15000
1788143400,0.15000
1788144300,0.15000
1788145200,0.15000
1788146100,0.15000
1788147000,0.15000
1788147900,0.15000
1788148800,0.15000
1788149700,0.15000
1788150600,0.15000
1788151500,0.15000
1788152400,0.15000
1788153300,0.15000
1788154200,0.15000
1788155100,0.15000
1788156000,0.15000
1788156900,0.15000
1788157800,0.15000
1788158700,0.15000
1788159600,0.15000
1788160500,0.15000
1788161400,0.15000
1788162300,0.15000
1788163200,0.15000
1788164100,0.15000
1788165000,0.15000
1788165900,0.15000
1788166800,0.15000
1788167700,0.15000
1788168600,0.15000
1788169500,0.15000
1788170400,0.15000
1788171300,0.15000
1788172200,0.15000
1788173100,0.15000
1788174000,0.15000
1788174900,0.15000
1788175800,0.15000
1788176700,0.15000
1788177600,0.15000
1788178500,0.15000
1788179400,0.15000
1788180300,0.15000
1788181200,0.15000
1788182100,0.15000
1788183000,0.15000
1788183900,0.15000
1788184800,0.15000
1788185700,0.15000
1788186600,0.15000
1788187500,0.15000
1788188400,0.15000
1788189300,0.15000
1788190200,0.15000
1788191100,0.15000
1788192000,0.15000
1788192900,0.15000
1788193800,0.15000
1788194700,0.15000
1788195600,0.15000
1788196500,0.15000
1788197400,0.15000
1788198300,0.15000
1788199200,0.15000
1788200100,0.15000
1788201000,0.15000
1788201900,0.15000
1788202800,0.15000
1788203700,0.15000
1788204600,0.15000
1788205500,0.15000
1788206400,0.15000
1788207300,0.28000
1788208200,0.28000
1788209100,0.28000
1788213600,0.28000
1788214500,0.28000
1788215400,0.28000
1788216300,0.28000
1788217200,0.15000
1788218100,0.15000
1788219000,0.15000
1788219900,0.15000
1788220800,0.15000
1788221700,0.15000
1788222600,0.15000
1788223500,0.15000
1788224400,0.15000
1788225300,0.15000
1788226200,0.15000
1788227100,0.15000
1788228000,0.15000
1788228900,0.15000
1788229800,0.15000
1788230700,0.15000
1788231600,0.15000
1788232500,0.15000
1788233400,0.15000
1788234300,0.15000
1788235200,0.15000
1788236100,0.15000
1788237000,0.15000
1788237900,0.15000
1788238800,0.15000
1788239700,0.15000
1788240600,0.15000
1788241500,0.15000
1788242400,0.15000
1788243300,0.15000
1788244200,0.15000
1788245100,0.15000
1788246000,0.15000
1788246900,0.15000
1788247800,0.15000
1788248700,0.15000
1788249600,0.15000
1788250500,0.15000
1788251400,0.15000
1788252300,0.15000
1788253200,0.15000
1788254100,0.15000
1788255000,0.15000
1788255900,0.15000
1788256800,0.15000
1788257700,0.15000
1788258600,0.15000
1788259500,0.15000
1788260400,0.15000
1788261300,0.15000
1788262200,0.15000
1788263100,0.15000
1788264000,0.15000
1788264900,0.15000
1788265800,0.15000
1788266700,0.15000
1788267600,0.15000
1788268500,0.15000
1788269400,0.15000
1788270300,0.15000
1788271200,0.15000
1788272100,0.15000
1788273000,0.15000
1788273900,0.15000
1788274800,0.15000
1788275700,0.15000
1788276600,0.15000
1788277500,0.15000
1788278400,0.15000
1788279300,0.15000
1788280200,0.15000
1788281100,0.15000
1788282000,0.15000
1788282900,0.15000
1788283800,0.15000
1788284700,0.15000
1788285600,0.15000
1788286500,0.15000
1788287400,0.15000
1788288300,0.15000
1788289200,0.15000
1788290100,0.15000
1788291000,0.15000
1788291900,0.15000
1788292800,0.25000
1788293700,0.28000
1788294600,0.28000
1788295500,0.28000
1788300000,0.28000
1788300900,0.28000
1788301800,0.28000
1788302700,0.28000
1788303600,0.15000
1788304500,0.15000
1788305400,0.15000
1788306300,0.15000
1788307200,0.15000
1788308100,0.15000
1788309000,0.15000
1788309900,0.15000
1788310800,0.15000
1788311700,0.15000
1788312600,0.15000
1788313500,0.15000
1788314400,0.15000
1788315300,0.15000
1788316200,0.15000
1788317100,0.15000
1788318000,0.15000
1788318900,0.15000
1788319800,0.15000
1788320700,0.15000
1788321600,0.15000
1788322500,0.15000
1788323400,0.15000
1788324300,0.15000
1788325200,0.15000
1788326100,0.15000
1788327000,0.15000
1788327900,0.15000
1788328800,0.15000
1788329700,0.15000
1788330600,0.15000
1788331500,0.15000
1788332400,0.15000
1788333300,0.15000
1788334200,0.15000
1788335100,0.15000
1788336000,0.15000
1788336900,0.15000
1788337800,0.15000
1788338700,0.15000
1788339600,0.15000
1788340500,0.15000
1788341400,0.15000
1788342300,0.15000
1788343200,0.15000
1788344100,0.15000
1788345000,0.15000
1788345900,0.15000
1788346800,0.15000
1788347700,0.15000
1788348600,0.15000
1788349500,0.15000
1788350400,0.15000
1788351300,0.15000
1788352200,0.15000
1788353100,0.15000
1788354000,0.15000
1788354900,0.15000
1788355800,0.15000
1788356700,0.15000
1788357600,0.15000
1788358500,0.15000
1788359400,0.15000
1788360300,0.15000
1788361200,0.15000
1788362100,0.15000
1788363000,0.15000
1788363900,0.15000
1788364800,0.15000
1788365700,0.15000
1788366600,0.15000
1788367500,0.15000
1788368400,0.15000
1788369300,0.15000
1788370200,0.15000
1788371100,0.15000
1788372000,0.15000
1788372900,0.15000
1788373800,0.15000
1788374700,0.15000
1788375600,0.15000
1788376500,0.15000
1788377400,0.15000
1788378300,0.15000
1788379200,0.17000
1788380100,0.28000
1788381000,0.28000
1788381900,0.28000
1788386400,0.28000
1788387300,0.28000
1788388200,0.28000
1788389100,0.32000
1788390000,0.15000
1788390900,0.15000
1788391800,0.15000
1788392700,0.15000
1788393600,0.15000
1788394500,0.15000
1788395400,0.15000
1788396300,0.15000
1788397200,0.15000
1788398100,0.15000
1788399000,0.15000
1788399900,0.15000
1788400800,0.15000
1788401700,0.15000
1788402600,0.15000
1788403500,0.15000
1788404400,0.15000
1788405300,0.15000
1788406200,0.15000
1788407100,0.15000
1788408000,0.15000
1788408900,0.15000
1788409800,0.15000
1788410700,0.15000
1788411600,0.15000
1788412500,0.15000
1788413400,0.15000
1788414300,0.15000
1788415200,0.15000
1788416100,0.15000
1788417000,0.15000
1788417900,0.15000
1788418800,0.15000
1788419700,0.15000
1788420600,0.15000
1788421500,0.15000
1788422400,0.15000
1788423300,0.15000
1788424200,0.15000
1788425100,0.15000
1788426000,0.15000
1788426900,0.15000
1788427800,0.15000
1788428700,0.15000
1788429600,0.15000
1788430500,0.15000
1788431400,0.15000
1788432300,0.15000
1788433200,0.15000
1788434100,0.15000
1788435000,0.15000
1788435900,0.15000
1788436800,0.15000
1788437700,0.15000
1788438600,0.15000
1788439500,0.15000
1788440400,0.15000
1788441300,0.15000
1788442200,0.15000
1788443100,0.15000
1788444000,0.15000
1788444900,0.15000
1788445800,0.15000
1788446700,0.15000
1788447600,0.15000
1788448500,0.15000
1788449400,0.15000
1788450300,0.15000
1788451200,0.15000
1788452100,0.15000
1788453000,0.15000
1788453900,0.15000
1788454800,0.15000
1788455700,0.15000
1788456600,0.15000
1788457500,0.15000
1788458400,0.15000
1788459300,0.15000
1788460200,0.15000
1788461100,0.15000
1788462000,0.15000
1788462900,0.15000
1788463800,0.15000
1788464700,0.15000
1788465600,0.17000
1788466500,0.28000
1788467400,0.28000
1788468300,0.28000
1788472800,0.28000
1788473700,0.28000
1788474600,0.28000
1788475500,0.28000
1788476400,0.15000
1788477300,0.15000
1788478200,0.15000
1788479100,0.15000
1788480000,0.15000
1788480900,0.15000
1788481800,0.15000
1788482700,0.15000
1788483600,0.15000
1788484500,0.15000
1788485400,0.15000
1788486300,0.15000
1788487200,0.15000
1788488100,0.15000
1788489000,0.15000
1788489900,0.15000
1788490800,0.15000
1788491700,0.15000
1788492600,0.15000
1788493500,0.15000
1788494400,0.15000
1788495300,0.15000
1788496200,0.15000
1788497100,0.15000
1788498000,0.15000
1788498900,0.15000
1788499800,0.15000
1788500700,0.15000
1788501600,0.15000
1788502500,0.15000
1788503400,0.15000
1788504300,0.15000
1788505200,0.15000
1788506100,0.15000
1788507000,0.15000
1788507900,0.15000
1788508800,0.15000
1788509700,0.15000
1788510600,0.15000
1788511500,0.15000
1788512400,0.15000
1788513300,0.15000
1788514200,0.15000
1788515100,0.15000
1788516000,0.15000
1788516900,0.15000
1788517800,0.15000
1788518700,0.15000
1788519600,0.15000
1788520500,0.15000
1788521400,0.15000
1788522300,0.15000
1788523200,0.15000
1788524100,0.15000
1788525000,0.50000
1788525900,0.50000
1788526800,0.50000
1788527700,0.50000
1788528600,0.50000
1788529500,0.50000
1788530400,0.15000
1788531300,0.15000
1788532200,0.15000
1788533100,0.15000
1788534000,0.15000
1788534900,0.15000
1788535800,0.15000
1788536700,0.15000
1788537600,0.15000
1788538500,0.15000
1788539400,0.15000
1788540300,0.15000
1788541200,0.15000
1788542100,0.15000
1788543000,0.15000
1788543900,0.15000
1788544800,0.15000
1788545700,0.15000
1788546600,0.15000
1788547500,0.15000
1788548400,0.15000
1788549300,0.15000
1788550200,0.15000
1788551100,0.15000
1788552000,0.15000
1788552900,0.16000
1788553800,0.30000
1788732000,0.58000
1788732900,0.58000
1788733800,0.58000
1788734700,0.58000
1788735600,0.15000
1788736500,0.15000
1788737400,0.15000
1788738300,0.15000
1788739200,0.15000
1788740100,0.15000
1788741000,0.15000
1788741900,0.15000
1788742800,0.15000
1788743700,0.15000
1788744600,0.15000
1788745500,0.15000
1788746400,0.15000
1788747300,0.15000
1788748200,0.15000
1788749100,0.15000
1788750000,0.15000
1788750900,0.15000
1788751800,0.15000
1788752700,0.15000
1788753600,0.15000
1788754500,0.15000
1788755400,0.15000
1788756300,0.15000
1788757200,0.15000
1788758100,0.15000
1788759000,0.15000
1788759900,0.15000
1788760800,0.15000
1788761700,0.15000
1788762600,0.15000
1788763500,0.15000
1788764400,0.15000
1788765300,0.15000
1788766200,0.15000
1788767100,0.15000
1788768000,0.15000
1788768900,0.15000
1788769800,0.15000
1788770700,0.15000
1788771600,0.15000
1788772500,0.15000
1788773400,0.15000
1788774300,0.15000
1788775200,0.15000
1788776100,0.15000
1788777000,0.15000
1788777900,0.15000
1788778800,0.15000
1788779700,0.15000
1788780600,0.15000
1788781500,0.15000
1788782400,0.15000
1788783300,0.15000
1788784200,0.15000
1788785100,0.15000
1788786000,0.15000
1788786900,0.15000
1788787800,0.15000
1788788700,0.15000
1788789600,0.15000
1788790500,0.15000
1788791400,0.15000
1788792300,0.15000
1788793200,0.15000
1788794100,0.15000
1788795000,0.15000
1788795900,0.15000
1788796800,0.15000
1788797700,0.15000
1788798600,0.15000
1788799500,0.15000
1788800400,0.15000
1788801300,0.15000
1788802200,0.15000
1788803100,0.15000
1788804000,0.15000
1788804900,0.15000
1788825600,0.15000
1788826500,0.15000
1788827400,0.15000
1788828300,0.15000
1788829200,0.15000
1788830100,0.15000
1788831000,0.15000
1788831900,0.15000
1788832800,0.15000
1788833700,0.15000
1788834600,0.15000
1788835500,0.15000
1788836400,0.15000
1788837300,0.15000
1788838200,0.15000
1788839100,0.15000
1788840000,0.15000
1788840900,0.15000
1788841800,0.15000
1788842700,0.15000
1788843600,0.15000
1788844500,0.15000
1788845400,0.15000
1788846300,0.15000
1788847200,0.15000
1788848100,0.15000
1788849000,0.15000
1788849900,0.15000
1788850800,0.15000
1788851700,0.15000
1788852600,0.15000
1788853500,0.15000
1788854400,0.15000
1788855300,0.15000
1788856200,0.15000
1788857100,0.15000
1788858000,0.15000
1788858900,0.15000
1788859800,0.15000
1788860700,0.15000
1788861600,0.15000
1788862500,0.15000
1788863400,0.15000
1788864300,0.15000
1788865200,0.15000
1788866100,0.15000
1788867000,0.15000
1788867900,0.15000
1788868800,0.15000
1788869700,0.15000
1788870600,0.15000
1788871500,0.15000
1788872400,0.15000
1788873300,0.15000
1788874200,0.15000
1788875100,0.15000
1788876000,0.15000
1788876900,0.15000
1788877800,0.15000
1788878700,0.15000
1788879600,0.15000
1788880500,0.15000
1788881400,0.15000
1788882300,0.15000
1788883200,0.15000
1788884100,0.15000
1788885000,0.15000
1788885900,0.15000
1788886800,0.15000
1788887700,0.15000
1788888600,0.15000
1788889500,0.15000
1788890400,0.15000
1788891300,0.15000
1788892200,0.15000
1788893100,0.15000
1788894000,0.15000
1788894900,0.15000
1788895800,0.15000
1788896700,0.15000
1788897600,0.15000
1788898500,0.28000
1788899400,0.28000
1788900300,0.28000
1788904800,0.28000
1788905700,0.28000
1788906600,0.28000
1788907500,0.28000
1788908400,0.15000
1788909300,0.15000
1788910200,0.15000
1788911100,0.15000
1788912000,0.15000
1788912900,0.15000
1788913800,0.15000
1788914700,0.15000
1788915600,0.15000
1788916500,0.15000
1788917400,0.15000
1788918300,0.15000
1788919200,0.15000
1788920100,0.15000
1788921000,0.15000
1788921900,0.15000
1788922800,0.15000
1788923700,0.15000
1788924600,0.15000
1788925500,0.15000
1788926400,0.15000
1788927300,0.15000
1788928200,0.15000
1788929100,0.15000
1788930000,0.15000
1788930900,0.15000
1788931800,0.15000
1788932700,0.15000
1788933600,0.15000
1788934500,0.15000
1788935400,0.15000
1788936300,0.15000
1788937200,0.15000
1788938100,0.15000
1788939000,0.15000
1788939900,0.15000
1788940800,0.15000
1788941700,0.15000
1788942600,0.15000
1788943500,0.15000
1788944400,0.15000
1788945300,0.15000
1788946200,0.15000
1788947100,0.15000
1788948000,0.15000
1788948900,0.15000
1788949800,0.15000
1788950700,0.15000
1788951600,0.15000
1788952500,0.15000
1788953400,0.15000
1788954300,0.15000
1788955200,0.15000
1788956100,0.15000
1788957000,0.15000
1788957900,0.15000
1788958800,0.15000
1788959700,0.15000
1788960600,0.15000
1788961500,0.15000
1788962400,0.15000
1788963300,0.15000
1788964200,0.15000
1788965100,0.15000
1788966000,0.15000
1788966900,0.15000
1788967800,0.15000
1788968700,0.15000
1788969600,0.15000
1788970500,0.15000
1788971400,0.15000
1788972300,0.15000
1788973200,0.15000
1788974100,0.15000
1788975000,0.15000
1788975900,0.15000
1788976800,0.15000
1788977700,0.15000
1788978600,0.15000
1788979500,0.15000
1788980400,0.15000
1788981300,0.15000
1788982200,0.15000
1788983100,0.15000
1788984000,0.15000
1788984900,0.28000
1788985800,0.28000
1788986700,0.28000
1788991200,0.28000
1788992100,0.28000
1788993000,0.28000
1788993900,0.28000
1788994800,0.15000
1788995700,0.15000
1788996600,0.15000
1788997500,0.15000
1788998400,0.15000
1788999300,0.15000
1789000200,0.15000
1789001100,0.15000
1789002000,0.15000
1789002900,0.15000
1789003800,0.15000
1789004700,0.15000
1789005600,0.15000
1789006500,0.15000
1789007400,0.15000
1789008300,0.15000
1789009200,0.15000
1789010100,0.15000
1789011000,0.15000
1789011900,0.15000
1789012800,0.15000
1789013700,0.15000
1789014600,0.15000
1789015500,0.15000
1789016400,0.15000
1789017300,0.15000
1789018200,0.15000
1789019100,0.15000
1789020000,0.15000
1789020900,0.15000
1789021800,0.15000
1789022700,0.15000
1789023600,0.15000
1789024500,0.15000
1789025400,0.15000
1789026300,0.15000
1789027200,0.15000
1789028100,0.15000
1789029000,0.15000
1789029900,0.15000
1789030800,0.15000
1789031700,0.15000
1789032600,0.15000
1789033500,0.15000
1789034400,0.15000
1789035300,0.15000
1789036200,0.15000
1789037100,0.15000
1789038000,0.15000
1789038900,0.15000
1789039800,0.15000
1789040700,0.15000
1789041600,0.15000
1789042500,0.15000
1789043400,0.15000
1789044300,0.15000
1789045200,0.15000
1789046100,0.15000
1789047000,0.15000
1789047900,0.15000
1789048800,0.15000
1789049700,0.15000
1789050600,0.15000
1789051500,0.15000
1789052400,0.15000
1789053300,0.15000
1789054200,0.15000
1789055100,0.15000
1789056000,0.15000
1789056900,0.15000
1789057800,0.15000
1789058700,0.15000
1789059600,0.15000
1789060500,0.15000
1789061400,0.15000
1789062300,0.15000
1789063200,0.15000
1789064100,0.15000
1789065000,0.15000
1789065900,0.15000
1789066800,0.15000
1789067700,0.15000
1789068600,0.15000
1789069500,0.15000
1789070400,0.19000
1789071300,0.28000
1789072200,0.28000
1789073100,0.28000
1789077600,0.28000
1789078500,0.28000
1789079400,0.28000
1789080300,0.28000
1789081200,0.15000
1789082100,0.15000
1789083000,0.15000
1789083900,0.15000
1789084800,0.15000
1789085700,0.15000
1789086600,0.15000
1789087500,0.15000
1789088400,0.15000
1789089300,0.15000
1789090200,0.15000
1789091100,0.15000
1789092000,0.15000
1789092900,0.15000
1789093800,0.15000
1789094700,0.15000
1789095600,0.15000
1789096500,0.15000
1789097400,0.15000
1789098300,0.15000
1789099200,0.15000
1789100100,0.15000
1789101000,0.15000
1789101900,0.15000
1789102800,0.15000
1789103700,0.15000
1789104600,0.15000
1789105500,0.15000
1789106400,0.15000
1789107300,0.15000
1789108200,0.15000
1789109100,0.15000
1789110000,0.15000
1789110900,0.15000
1789111800,0.15000
1789112700,0.15000
1789113600,0.15000
1789114500,0.15000
1789115400,0.15000
1789116300,0.15000
1789117200,0.15000
1789118100,0.15000
1789119000,0.15000
1789119900,0.15000
1789120800,0.15000
1789121700,0.15000
1789122600,0.15000
1789123500,0.15000
1789124400,0.15000
1789125300,0.15000
1789126200,0.15000
1789127100,0.15000
1789128000,0.15000
1789128900,0.15000
1789129800,0.50000
1789130700,0.50000
1789131600,0.15000
1789132500,0.15000
1789133400,0.15000
1789134300,0.15000
1789135200,0.15000
1789136100,0.15000
1789137000,0.15000
1789137900,0.15000
1789138800,0.15000
1789139700,0.15000
1789140600,0.15000
1789141500,0.15000
1789142400,0.15000
1789143300,0.15000
1789144200,0.15000
1789145100,0.15000
1789146000,0.15000
1789146900,0.15000
1789147800,0.15000
1789148700,0.15000
1789149600,0.15000
1789150500,0.15000
1789151400,0.15000
1789152300,0.15000
1789153200,0.15000
1789154100,0.15000
1789155000,0.15000
1789155900,0.15000
1789156800,0.15000
1789157700,0.15000
1789158600,0.28000
1789336800,0.58000
1789337700,0.58000
1789338600,0.58000
1789339500,0.58000
1789340400,0.15000
1789341300,0.15000
1789342200,0.15000
1789343100,0.15000
1789344000,0.15000
1789344900,0.15000
1789345800,0.15000
1789346700,0.15000
1789347600,0.15000
1789348500,0.15000
1789349400,0.15000
1789350300,0.15000
1789351200,0.15000
1789352100,0.15000
1789353000,0.15000
1789353900,0.15000
1789354800,0.15000
1789355700,0.15000
1789356600,0.15000
1789357500,0.15000
1789358400,0.15000
1789359300,0.15000
1789360200,0.15000
1789361100,0.15000
1789362000,0.15000
1789362900,0.15000
1789363800,0.15000
1789364700,0.15000
1789365600,0.15000
1789366500,0.15000
1789367400,0.15000
1789368300,0.15000
1789369200,0.15000
1789370100,0.15000
1789371000,0.15000
1789371900,0.15000
1789372800,0.15000
1789373700,0.15000
1789374600,0.15000
1789375500,0.15000
1789376400,0.15000
1789377300,0.15000
1789378200,0.15000
1789379100,0.15000
1789380000,0.15000
1789380900,0.15000
1789381800,0.15000
1789382700,0.15000
1789383600,0.15000
1789384500,0.15000
1789385400,0.15000
1789386300,0.15000
1789387200,0.15000
1789388100,0.15000
1789389000,0.15000
1789389900,0.15000
1789390800,0.15000
1789391700,0.15000
1789392600,0.15000
1789393500,0.15000
1789394400,0.15000
1789395300,0.15000
1789396200,0.15000
1789397100,0.15000
1789398000,0.15000
1789398900,0.15000
1789399800,0.15000
1789400700,0.15000
1789401600,0.15000
1789402500,0.15000
1789403400,0.15000
1789404300,0.15000
1789405200,0.15000
1789406100,0.15000
1789407000,0.15000
1789407900,0.15000
1789408800,0.15000
1789409700,0.15000
1789410600,0.15000
1789411500,0.15000
1789412400,0.15000
1789413300,0.15000
1789414200,0.15000
1789415100,0.15000
1789416000,0.20000
1789416900,0.28000
1789417800,0.28000
1789418700,0.28000
1789423200,0.28000
1789424100,0.28000
1789425000,0.28000
1789425900,0.28000
1789426800,0.15000
1789427700,0.15000
1789428600,0.15000
1789429500,0.15000
1789430400,0.15000
1789431300,0.15000
1789432200,0.15000
1789433100,0.15000
1789434000,0.15000
1789434900,0.15000
1789435800,0.15000
1789436700,0.15000
1789437600,0.15000
1789438500,0.15000
1789439400,0.15000
1789440300,0.15000
1789441200,0.15000
1789442100,0.15000
1789443000,0.15000
1789443900,0.15000
1789444800,0.15000
1789445700,0.15000
1789446600,0.15000
1789447500,0.15000
1789448400,0.15000
1789449300,0.15000
1789450200,0.15000
1789451100,0.15000
1789452000,0.15000
1789452900,0.15000
1789453800,0.15000
1789454700,0.15000
1789455600,0.15000
1789456500,0.15000
1789457400,0.15000
1789458300,0.15000
1789459200,0.15000
1789460100,0.15000
1789461000,0.15000
1789461900,0.15000
1789462800,0.15000
1789463700,0.15000
1789464600,0.15000
1789465500,0.15000
1789466400,0.15000
1789467300,0.15000
1789468200,0.15000
1789469100,0.15000
1789470000,0.15000
1789470900,0.15000
1789471800,0.15000
1789472700,0.15000
1789473600,0.15000
1789474500,0.15000
1789475400,0.15000
1789476300,0.15000
1789477200,0.15000
1789478100,0.15000
1789479000,0.15000
1789479900,0.15000
1789480800,0.15000
1789481700,0.15000
1789482600,0.15000
1789483500,0.15000
1789484400,0.15000
1789485300,0.15000
1789486200,0.15000
1789487100,0.15000
1789488000,0.15000
1789488900,0.15000
1789489800,0.15000
1789490700,0.15000
1789491600,0.15000
1789492500,0.15000
1789493400,0.15000
1789494300,0.15000
1789495200,0.15000
1789496100,0.15000
1789497000,0.15000
1789497900,0.15000
1789498800,0.15000
1789499700,0.15000
1789500600,0.15000
1789501500,0.15000
1789502400,0.15000
1789503300,0.28000
1789504200,0.28000
1789505100,0.28000
1789509600,0.28000
1789510500,0.28000
1789511400,0.28000
1789512300,0.28000
1789513200,0.15000
1789514100,0.15000
1789515000,0.15000
1789515900,0.15000
1789516800,0.15000
1789517700,0.15000
1789518600,0.15000
1789519500,0.15000
1789520400,0.15000
1789521300,0.15000
1789522200,0.15000
1789523100,0.15000
1789524000,0.15000
1789524900,0.15000
1789525800,0.15000
1789526700,0.15000
1789527600,0.15000
1789528500,0.15000
1789529400,0.15000
1789530300,0.15000
1789531200,0.15000
1789532100,0.15000
1789533000,0.15000
1789533900,0.15000
1789534800,0.15000
1789535700,0.15000
1789536600,0.15000
1789537500,0.15000
1789538400,0.15000
1789539300,0.15000
1789540200,0.15000
1789541100,0.15000
1789542000,0.15000
1789542900,0.15000
1789543800,0.15000
1789544700,0.15000
1789545600,0.15000
1789546500,0.15000
1789547400,0.15000
1789548300,0.15000
1789549200,0.15000
1789550100,0.15000
1789551000,0.15000
1789551900,0.15000
1789552800,0.15000
1789553700,0.15000
1789554600,0.15000
1789555500,0.15000
1789556400,0.15000
1789557300,0.15000
1789558200,0.15000
1789559100,0.15000
1789560000,0.15000
1789560900,0.15000
1789561800,0.15000
1789562700,0.15000
1789563600,0.15000
1789564500,0.15000
1789565400,0.15000
1789566300,0.15000
1789567200,0.15000
1789568100,0.15000
1789569000,0.15000
1789569900,0.15000
1789570800,0.15000
1789571700,0.15000
1789572600,0.15000
1789573500,0.15000
1789574400,0.15000
1789575300,0.15000
1789576200,0.15000
1789577100,0.15000
1789578000,0.15000
1789578900,0.15000
1789579800,0.15000
1789580700,0.15000
1789581600,0.50000
1789582500,0.50000
1789583400,0.50000
1789584300,0.50000
1789585200,0.15000
1789586100,0.15000
1789587000,0.15000
1789587900,0.15000
1789588800,0.15000
1789589700,0.28000
1789590600,0.28000
1789591500,0.28000
